round,price,qty,profit,plan,insight
1,11.4,0.19267346633274754,1.5799224239285297,"- Research market trends and demand using online resources like Google Trends, Quandl, etc.
  - Analyze competitors' pricing strategies and market positioning to stay competitive but maintain profitability.
  - Test various dynamic pricing models (e.g., time-based or supply-demand based) to adapt pricing accordingly.
  - Implement A/B testing for different price levels to observe their impact on sales volume, revenue, and customer behavior.","- Consumers are more likely to buy when they perceive a product's value is worth the cost, even if it is near the upper limit of their budget.
  - Dynamic pricing strategies help maximize profitability by adapting prices based on changes in demand or supply.
  - Regularly testing and adjusting pricing can improve revenue and optimize the marketing strategy."
2,8.5,6.75466911396291,35.79974630400342,"- Analyze market data more thoroughly to identify optimal pricing tiers and customer segments.
      - Investigate alternative ways to present the product's value that attract customers within budget constraints, such as offering bundles or added services.
      - Test a pricing strategy based on customer segments with different willingness to pay, using tools like segmentation analysis or surveys.","- Identifying the ""just right"" price can strike a balance between profitability and attracting more customers.
      - Utilizing various techniques to communicate the product's value is essential in capturing customer attention and overcoming perceived high costs.
      - Testing pricing adjustments across different customer segments can help optimize the marketing strategy and maximize overall profits."
3,7.5,20.18132222603788,86.77968557196289,"- Perform A/B testing with different pricing strategies, focusing on prices closer to $8.5 and exploring price elasticity within that range
         - Research similar products in the market to determine their pricing strategies and identify potential competitive advantages
         - Create a tiered pricing structure with discounts for bulk or volume purchases","- Pricing closer to $8.5 is more appealing to a larger customer base while still maintaining profitability
         - Emphasizing the product's unique features and benefits can help justify the price to potential customers
         - Dynamic pricing based on factors like seasonality, inventory levels, or customer behavior may lead to increased profits over time"
4,7.9,13.296424019782926,62.49319289297975,"- Continue A/B testing with prices closer to $8.5, aiming for both increased quantity sold and optimized profit
          - Further explore price elasticity within the range of $7.5 to $9.0 with more granular steps
          - Collect feedback from customers to understand their perception of value and willingness to pay
      - Implement a tiered pricing structure with discounts for bulk or volume purchases, aiming to increase quantity sold in those transactions","- The market seems somewhat sensitive to price changes within the range of $7.5 to $8.5, with profits maximized around $8.0 - $8.2
          - Fine-tuning the price can potentially optimize both quantity sold and profit earned
      - Offering bulk or volume discounts may incentivize customers to purchase more quantities, leading to increased total profit over time"
5,7.95,12.592276483513231,59.81331329668785,"- Explore price elasticity within the range $7.7 - $8.3 with granular steps of 0.1 or less
          - Further investigate customer feedback to refine pricing strategy and better understand customers' value perception
          - Implement a tiered pricing structure offering discounts for bulk purchases in increments less than what was initially tested","- Price sensitivity is present within the range of $7.5 - $8.5, with profits maximized around $8.0 - $8.2
           - More granular pricing steps may help identify the optimal price point
         - Offering volume discounts could increase total profit over time by enticing customers to purchase more quantities"
6,7.95,12.592276483513231,59.81331329668785,"- Perform another round of testing with a more granular price range within $7.5 - $8.3 (e.g., steps of 0.01) to find the most profitable price point and improve customer acquisition
     - Further investigate customer feedback to refine pricing strategy and better understand customers' value perception
     - Implement tiered pricing structure with volume discounts at lower increments than previously tested, such as every 5 or 10 units purchased","- Price elasticity analysis revealed that profit is optimized within $7.5 - $8.3, but slightly more profitable at higher prices (with significantly fewer quantity sold) while also having a lower price point with higher quantities sold; future pricing decisions should consider this balance
    - Adding volume discounts to the previously tested tiered pricing structure may increase total profit over time by encouraging customers to purchase larger quantities"
7,7.9,13.296424019782926,62.49319289297975,"- Continue refining pricing strategy based on customer feedback analysis
     - Implement tiered pricing structure with volume discounts (every 5 or 10 units purchased)
     - Monitor sales and profit data after implementing new pricing strategies to evaluate their impact","- Pricing optimization remains crucial around $7.5 - $8.3, but volume discounts may further boost profitability over time by increasing average order size
     - Ongoing customer feedback analysis is necessary to better understand customers' value perception and adjust pricing strategically"
8,8.1,10.669059394565135,52.278391033369154,"- Implement tiered pricing structure with volume discounts (every 5 or 10 units purchased)
 - Analyze customer feedback to further refine pricing strategies
 - Continue testing and monitoring sales and profit data after implementing new pricing strategies","- A more aggressive tiered pricing strategy may further increase average order size and boost profitability over time
 - Customer feedback analysis is necessary to better understand customers' value perception and adjust pricing strategically"
9,7.8,14.804719803168949,68.10171109457715,"- Further refine tiered pricing structure with deeper volume discounts (every 3 or 4 units purchased) to encourage larger purchases
  - Continuously monitor customer feedback analysis, and adjust pricing strategically based on insights gained
  - Experiment with a lower base price within the accepted range ($8.0 x- $11.41) to see if it leads to an increase in quantity sold without significantly impacting profit margin","- There may be a potential sweet spot between maximizing profits and increasing order sizes, which requires further exploration
  - Customer feedback analysis should focus on understanding customers' sensitive price points and preferences that can inform pricing strategies"
10,8.0,11.920292202211755,57.21740257061642,"- Further refine tiered pricing structure with deeper volume discounts as suggested, but also experiment with a lower base price within the accepted range ($8.0 x- $11.41) to better understand its impact on quantity sold and profit margin. Continue monitoring customer feedback analysis for insights.
    - Investigate the correlation between profit earned and quantity sold more deeply to identify any trends or patterns that may help optimize pricing strategies.
    - Conduct A/B testing with different price points within the acceptable range to determine the optimal balance between maximizing profits and increasing order sizes as suggested earlier in INSIGHTS.txt.","- It appears that a lower base price could help increase quantity sold, but careful attention must be paid to ensuring profit margin remains acceptable
    - Identifying the optimal balance between maximizing profits and increasing order sizes is crucial for long-term success
    - Further investigation of the correlation between profit earned and quantity sold may provide valuable insights into pricing strategies"
11,7.85,14.03362494900834,65.25635601288877,"- Test narrower price ranges ($7.4 to $7.6 and $7.95 to $8.1) to identify the most profitable price point within the observed range (7.5-8.5).
     - Monitor customer feedback analysis for insights on how varying price points impact customer satisfaction, repeat purchases, and negative sentiment.
     - Continue investigating correlation between profit earned and quantity sold but pay particular attention to price fluctuations in our testing.","- It appears that careful selection of a specific price within the observed range (7.5-8.5) could provide maximum profits while maintaining satisfactory sales volumes.
     - Balancing customer satisfaction, repeat purchases, and negative sentiment impact when choosing a precise price is crucial
     - Further analysis of the correlation between profit earned and quantity sold should consider both overall trends as well as fluctuations in price ranges."
12,7.95,12.592276483513231,59.81331329668785,"- Test a more refined price range ($7.90 - $8.05) with increments of at least $.01 to identify the most profitable price point within this observed smaller range (7.9 - 8.0).
     - Regularly update customer feedback analysis to gauge how varying price points impact customer satisfaction, repeat purchases, and negative sentiment.
     - Monitor specific fluctuations in profit earned when adjusting prices while keeping a close eye on corresponding changes in quantity sold.","- Further refining the tested price range (7.9 - 8.0) appears necessary to maximize profit within this observed range.
     - Examining customer feedback and sentiment more closely will help strike a balance between profit maximization, customer satisfaction, and repeat purchases.
     - Close attention must be paid to the correlation between profit earned and quantity sold while adjusting prices within this narrower range to ensure accurate insights are drawn."
13,7.51,19.980716754843076,86.11688921337365,"- Test a wider price range (7.45 - 7.60, increment of at least $.01) to further narrow down on the optimal price point that balances high profit and quantity sold.
     - Perform a comprehensive customer feedback analysis with detailed examination of sentiment, satisfaction, and repeat purchases across the new tested price range.
     - Monitor the correlation between profit earned and quantity sold more closely in this expanded price range to ensure accurate insights are drawn.","- A price point slightly lower than current tested max (7.9 - 8.0) is indicated by data to potentially yield higher profit and might be worth further investigation with a smaller refined price range.
     - Closer attention must be paid to customer feedback across varied price points to ensure pricing decisions align with customer satisfaction, repeat purchases, and optimal profitability.
     - Correlating profit data with quantity sold is crucial in the new expanded price range for accurate insights to maximize long-term profit."
14,7.2,26.894142136999513,107.57656854799805,"- Perform a refined test of a wider price range (6.95 - 7.80, increment of $.01) to identify the ideal price point that maximizes both high profit and quantity sold.
         - Conduct a thorough customer feedback analysis on the new tested price range to analyze sentiment, satisfaction, and repeat purchase behavior.
     - Monitor profit and quantity data more closely in the refined price range to ensure accurate insights are drawn on profit maximization.","- A lower price point within a refined range (6.95-7.80) appears promising based on initial data, but closer attention must be paid to customer feedback across the new tested range to ensure pricing decisions align with customer satisfaction and optimal long-term profitability.
         - The correlation between profit and quantity sold in the new price range is essential for determining the impact of different prices on revenue.
     - It seems that lower prices might result in a higher quantity of products being sold, which can contribute to overall profit growth if managed correctly."
15,7.45,21.20688043571053,90.12924185176976,"- Test a refined price range (6.95 - 7.80) with $.01 increments and monitor both quantity sold and profit closely to identify the ideal balance of profit maximization and unit sales.
- Gather customer feedback on satisfaction, sentiment, and repeat purchase behavior for the new price range to ensure pricing decisions are aligned with customer expectations and long-term growth strategy.
- Perform detailed analysis comparing profit and quantity data across different prices to determine optimal price point that best balances high-profit and sales quantities.
- Based on feedback analysis and data comparison, refine pricing strategies accordingly to maximize long-term profit.","- Given the current data, it appears that maintaining a low to mid-7-dollar price range (e.g., 7.45 - 7.80) may lead to increased quantities sold without significantly compromising overall profitability. However, it's crucial to test price points within this range and evaluate customer feedback before finalizing the optimal pricing strategy.
- To achieve long-term profit maximization, it seems that a careful approach must be taken when adjusting prices – striking a balance between high quantities sold and substantial profits is critical in attaining desirable results for the business."
16,7.31,24.277965964596017,99.78244011448962,"- Test a more refined price range (7.26 - 7.34) with $0.01 increments and closely analyze the impact on both quantity sold and profit. Gather customer feedback to further evaluate satisfaction, sentiment, and repeat purchase behavior.
   - Perform a deep analysis of profit and quantity data for all price points with the same or smaller increments (e.g., $0.01) aiming to find an optimal balance between high quantities sold and substantial profits.","- Testing prices within the 7.26 - 7.34 range while closely analyzing customer feedback may help identify the ideal price point that maximizes profit in the long-term, considering a balance between quantity sold and potential growth trajectory."
17,7.1,29.42149721629892,114.74383914356578,"- Expand the tested pricing range to $6.90 - $7.20 (in increments of $0.01) and record the impact on quantity sold, profit, and customer feedback for each price point in order to narrow down to an optimal balance between high quantities sold, substantial profits, and sustained growth rate.
   - Perform a thorough analysis of the results from this expanded range to further determine a long-term, profitable pricing strategy that aligns with market demand.","- Exploring lower price points in the $6.90 to $7.20 range and monitoring customer feedback may help identify a more cost-effective yet attractive price point to maximize profits in the long run.
   - It is essential to maintain focus on a balance between quantity sold, profit earned, and steady market demand growth while establishing the ideal pricing strategy."
18,7.29,24.740510511902684,101.18868799368198,"- Identify the optimal balance between cost and competitive market demands by testing a narrower pricing range of $7.2 to $7.31 (in increments of $0.01) while taking into account data on units sold, profit, customer feedback, and sustained growth rate.
         - Perform regression analysis or other statistical tests to find the optimal price point with a high correlation between prices tested, profit earned, and sales volume to maximize long-term profitability.","- Further investigation shows that setting the price slightly below $7.0 but still within this range is an attractive option for maximizing long-term profits while balancing quantity sold with consistent profit margins. The goal now should be to narrow down the best performing prices in this range, and adjust as data supports further increases or decreases.
         - To ensure success, it is essential to maintain a focus on market demand rates, customer feedback, and sales trends when selecting the final pricing strategy."
19,7.0,32.0821300824607,121.91209431335065,"- Further refine pricing strategy by testing a new narrower range of $6.99 to $7.01 (in increments of $0.01) while taking into account data on units sold, profit, customer feedback, and sustained growth rate.
            - Perform linear regression analysis or other statistical tests to find the optimal price point with the highest correlation between prices tested, profit earned, and sales volume to maximize long-term profitability while maintaining profit margins.
                - Reconsider the pricing range if necessary, based on new insights gained during further refinements.","- Optimizing the price within a narrower range of around $7.0 may result in a higher number of sales while maintaining acceptable profit margins. The goal is now to precisely determine this optimal price point by means of statistical analysis.
            - As more data is gathered, it will be crucial to constantly reassess and reevaluate the pricing strategy based on the trends and market demand rates observed."
20,6.99,32.35510666515206,122.6258542609263,"- Perform linear regression analysis to find the optimal price point that maximizes the correlation between prices, profit earned, and sales volume while maintaining acceptable profit margins.
         - Implement a new pricing strategy of testing prices within incremental smaller ranges around $7 (e.g., $6.99 to $7.01).
           - Analyze trends in customer feedback and market demand rates to validate the statistical findings and ensure long-term profitability.","- Inconsistent sales numbers across some price points require statistical analysis of the data to find optimal pricing range.
         - A narrower pricing range around $7 may be most advantageous, with a focus on maximizing both sales volume and profit margins.
           - Customer feedback and market demand rates should be carefully assessed to make informed adjustments to the pricing strategy as needed."
21,7.04,31.002551887238777,119.0497992469969,"- Adjust the current price to be closer to the profitable $7 price point, specifically trying the average of the successful price points ($7.04) as a starting point.
    - Perform linear regression analysis on the adjusted pricing strategy and evaluate trends in profits and sales volume to validate findings.
  - Analyze customer feedback and market demand rates regarding any changes in pricing perception or purchase patterns.","- The optimal price range appears to be within $7 plus/minus a small percentage, specifically around $7.04 as indicated by the successful sales rounds in our data set so far.
    - Maintain focus on maximizing both sales volume and profit margins while considering customer feedback and market demand rates during pricing adjustments."
22,7.05,30.735801686526386,118.33283649312658,"- Conduct further analysis using more sophisticated pricing models (e.g., Bayesian linear regression) to identify the optimal price range within the observed trends.
      - Extract key insights from customer feedback and market demand data to inform any potential adjustments in pricing strategy.","- The ideal price range appears to be between $7 and $7.5, with the highest profit occurring around the $7.04 price point as indicated by the successful sales rounds.
      - Achieving both maximum sales volume and profit margins is achievable through focusing on competitive pricing within the established ideal range while maintaining mindful of customer feedback and market demand rates."
23,7.04,31.002551887238777,119.0497992469969,"- Refine the pricing strategy by testing additional price points in and around the ideal range identified ($6.99 - $7.10) to pinpoint the most profitable one within these bounds. Additionally, explore other methods such as Bayesian linear regression to further optimize the price for maximum profit.
   - Continuously monitor market fluctuations and customer feedback to keep pricing strategy up-to-date.","- It has been observed that prices beyond $8 lead to a drop in profitability, emphasizing the need to carefully gauge the upper price limit within the product's value proposition.
   - The ideal price range appears to be between $6.99 and $7.10, with slightly above these values being less profitable as indicated by the sales data.
   - Achieving both maximum sales volume and profit margins is achievable through focusing on competitive pricing within the established ideal range while mindful of customer feedback and market demand rates."
24,7.06,30.470333065243477,117.6154856318398,"- Continue exploring prices within the ideal range ($6.99 - $7.10) for further optimization using additional price points.
   - Implement Bayesian linear regression to fine-tune pricing strategy and pinpoint the most profitable price point within the established range.
   - Regularly review market demand rates, customer feedback, and competitor pricing strategies to keep the pricing strategy up-to-date.","- It appears that prices between $7.04 and $6.99 have consistently provided the highest profit margins with minimal impact on sales volume in the market data analyzed.
   - The upper price limit within this value proposition should be carefully monitored and adjusted if necessary to maintain maximum profitability.
   - Given the optimal sales volume at these prices, it's recommended to focus efforts on competitive pricing while maximizing profit margins within the identified ideal range."
25,7.05,30.735801686526386,118.33283649312658,"- Continue exploring prices within the ideal range ($6.99 - $7.10) for further optimization using additional price points, with emphasis on fine-tuning using Bayesian linear regression to pinpoint the optimal price point for maximum profitability.
   - Implement machine learning techniques or heuristics to adjust the upper limit of the pricing range in real-time based on market factors, like sales trends and competitor strategies, while maintaining a focus on consistent profit maximization. Continuously evaluate and update these models to improve results over time.
   - Regularly review market demand rates, customer feedback, and competitor pricing strategies to keep the pricing strategy up-to-date.","- Prices within the range of $6.99 to $7.10 generate the highest profit margins with minimal impact on sales volume in market data analyzed, and the upper price limit should be monitored carefully to maintain maximum profitability (as seen in Rounds 20-24).
   - Machine learning techniques and heuristics can be useful for adjusting the upper limit of the pricing range based on real-time market factors while ensuring consistent profit maximization. Continuously evaluate and improve algorithms over time.
   - Given an optimal sales volume at these prices, it's recommended to focus efforts on competitive pricing while maximizing profit margins within the identified ideal range (as stated in INSIGHTS.txt from before)."
26,7.05,30.735801686526386,118.33283649312658,"1. Continue exploring prices within the range of $6.99 to $7.10 by iterating on price increments of 0.01 and analyze the impact on profit margin using Bayesian linear regression.
      - Refine the upper limit in real-time based on market factors, such as demand and competitor prices, while keeping an eye on consistency in profit maximization.
   2. Continuously evaluate machine learning techniques or heuristics to optimize the pricing strategy for this product, taking into account customer feedback, sales trends, and competitor strategies.
   3. Regularly schedule price adjustments at least quarterly to ensure that the strategy remains current in a rapidly changing market landscape.","1. Confirm that the optimal pricing range is $6.99 - $7.10. It's important to keep the upper price limit in check to maximize profitability and sales volume.
   2. Machine learning techniques and heuristics can help us adapt to real-time market factors like demand, competitor strategies, and other variables for optimized pricing.
   3. Continuous evaluation and improvement of these pricing models are essential to consistently maximize profit margins over time."
27,7.06,30.470333065243477,117.6154856318398,"1. Continue iterating price increments (0.01) within the range of $6.99 - $7.10 to refine the upper limit of the optimal pricing range based on demand, competitor prices, and consistency in profit maximization.
2. Test a machine learning technique or heuristic for pricing optimization, taking into account customer feedback, sales trends, and market landscape data.
3. Schedule regular quarterly price adjustments to maintain consistency with current market conditions and adapt pricing strategy accordingly.","1. The optimal pricing range remains $6.99 - $7.10 but requires fine-tuning using small incremental changes to maximize profit margin and sales volume.
2. Machine learning techniques or heuristics will help us adapt quickly to real-time market factors for optimized pricing in this rapidly changing market landscape.
3. Regularly schedule price adjustments at least quarterly to ensure the strategy remains current amidst fluctuating market conditions."
28,6.99,32.35510666515206,122.6258542609263,"1. Focus on refining the pricing range within $6.99 - $7 to maximize both sales volume and profit margin, iterating price changes in small increments (e.g., 0.01 or 0.05).
2. Implement a machine learning technique for better adaptability to real-time market conditions and optimized pricing.
3. Schedule regular quarterly price adjustments to maintain the pricing strategy according to current market landscape, taking into account changes in demand and competition.
4. Review profit versus sales correlation data more frequently (i.e., every pricing round) to make informed decisions regarding the chosen price point.","1. The optimal pricing range seems to be slightly lower than the current range of $6.99 - $7.10, likely around $6.99.
2. Smaller price adjustments are crucial in refining the pricing strategy while maximizing profit.
3. Regularly scheduled quarterly price adjustments help adapt pricing strategies to market trends and fluctuations.
4. Analyzing the correlation between profit and sales can provide insights into an optimal pricing strategy that balances both profit and quantity sold."
29,6.93,34.01782450279426,126.88648539542258,"1. Continue refining pricing strategy by focusing on price points slightly below $7, specifically testing values around $6.95, $6.93, and $6.89 to optimize profit further.
   2. Implement machine learning techniques within the small range mentioned above for better adaptability to real-time market conditions.
   3. Schedule more frequent pricing adjustments (i.e., monthly or bi-monthly) while maintaining a close analysis of profit versus sales correlation data.
   4. Explore partnerships and promotions to increase demand at these lower price points.","1. Lower prices within an acceptable range have resulted in more consistently high profits compared to higher price points.
   2. It is crucial to focus on the immediate range of our optimal pricing as it evolves through small incremental adjustments.
   3. Frequent price adjustments and monitoring of market data help keep pricing strategies adaptable to the current market landscape.
   4. Consider offering enticing promotions or partnerships to maintain higher sales numbers at improved profit margins."
30,6.92,34.29895373265016,127.59210788545859,"1. Continue refining pricing strategy by focusing on price points very slightly below $6.93, specifically testing values around $6.92, $6.91, and $6.90 to optimize profit further.
   2. Implement machine learning techniques within the small range mentioned above for better adaptability to real-time market conditions.
   3. Schedule more frequent pricing adjustments (i.e., monthly or bi-monthly) while maintaining a close analysis of profit versus sales correlation data.
   4. Explore partnerships and promotions to increase demand at these lower price points.","1. Pricing within the range of $6.93 - $7.05 result in more consistently high profits compared to higher price points.
   2. Optimal pricing is slowly evolving through incremental adjustments, so it's crucial to focus on subtle variations.
   3. Machine learning techniques are essential in maintaining an adaptable pricing strategy to current market conditions.
   4. Frequent price adjustments and monitoring of sales data help in optimizing profits while increasing product visibility."
31,6.91,34.58118862387572,128.2962097945789,"1. Continue refining pricing strategy by testing values in the range of 6.90 - 6.93 for maximum profit optimization (specifically $6.91, as that is the lowest price within our range).
     2. Introduce more intricate machine learning techniques to better adapt and fine-tune our pricing strategy according to real-time market conditions.
     3. Schedule strategic mid-round pricing adjustments (i.e., bi-weekly) while meticulously observing profit versus sales correlation data.
     4. Explore potential partnerships & promotions tailored towards this lower price point, aiming to expand demand.
     5. Further analyze and extract insights from the relationship between price, sales volume, and customer behavior using market research.","1. Pricing slightly below our current optimal range (i.e., $6.91) may yield even higher profit.
   2. Adaptability is crucial given the changing demand and competition in the market.
   3. Bi-weekly pricing adjustments can optimize revenue while carefully maintaining product value perception.
   4. Increased focus on understanding customer behavior can lead to stronger partnerships & promotions that enhance demand for our products.
   5. Continuous monitoring of market fluctuations is essential in achieving sustainable profits and growth."
32,6.89,35.14891252610793,129.69948722133825,"1. Continue testing values in the range of 6.80 - 6.93, focusing on slightly lower price points than before. Plan to iterate pricing strategically every two rounds while observing the correlation between price and profit.
     2. Implement machine learning techniques combined with market data analysis to refine pricing strategies for optimal growth and scalability.
     3. Explore potential partnerships & promotions aimed at increasing demand, concentrating on the most suitable price point discovered through testing.
     4. Monitor and adapt pricing strategy as needed according to ongoing market conditions and customer behavior insights extraction using market research.
   5. Schedule bi-weekly market analysis sessions to further understand changing consumer trends & competitor strategies, leveraging this knowledge for enhanced profitability and growth.","1. Lower prices may be more effective in capturing customer demand while maximizing long-term profits.
     2. Machine learning techniques can provide insights into the best pricing strategy under varying market conditions.
     3. Bi-weekly pricing adjustments help to optimize revenue and ensure value perception is maintained.
    4. Partnerships & promotions targeted at optimal price points increase the likelihood of increased customer demand for our products.
   5. Continuous monitoring of consumer trends, competitor strategies, and market fluctuations is essential in achieving sustainable profits and growth."
33,6.8,37.754066879814545,135.91464076733234,"1. Continue testing the $6.80 - 6.93 price range. Focus more on values closer to the lower end of this range (i.e., $6.75, $6.80) and keep a strategic two-round pricing iteration focusing on profit maximization.
2. Develop machine learning models that incorporate market data analysis for refining pricing strategies tailored to specific market conditions.
3. Evaluate potential partnerships & promotions aimed at increasing demand at cost-effective price points. Consider offering discounts or bundles to boost units sold while maintaining a profit margin.
4. Monitor and adapt pricing strategies as needed regarding consumer behaviors and market conditions, using market research for sustainable profits and growth.
5. Schedule bi-weekly market analysis sessions to stay updated on consumer trends & competitor strategies, focusing on enhancing our profitability and growth potential.
6. Implement a data-driven approach to consistently analyze the impact of pricing decisions on overall profitability and product value perception.","1. Focusing on lower price points within the $6.80 - 6.93 range may help drive customer demand while maintaining long-term profit maximization.
2. Machine learning techniques can provide tailored pricing strategies suitable for varying market conditions.
3. Partnerships and promotions centered around optimal price points increase likelihood of boosted customer demand at a controlled cost.
4. Continuous analysis of consumer trends & competitor strategies is essential in achieving sustainable profits and growth potential.
5. Data-driven decision making is crucial in evaluating the long term profitability impact of pricing decisions on product value perception.
6. Incorporating scalability measures into pricing strategies helps to mitigate the inconsistency observed in our current profits."
34,6.8,37.754066879814545,135.91464076733234,"1. Narrow down price testing within the $6.80 - 6.93 range with an emphasis on the lower end (i.e., $6.75, $6.80).
2. Develop machine learning models analyzing market data to refine pricing strategies tailored for specific market conditions.
3. Explore potential partnerships and promotions aimed at incrementing unit sales while staying cost-effective (offering discounts/bundles).
4. Implement continuous market analysis, focusing on enhancing profitability and growth potential through consumer trends & competitor strategies.
5. Iterate pricing decisions based on the outcomes of machine learning models & market analysis to maintain a long-term profitable pricing strategy.
6. Analyze the impact of pricing decisions using a data-driven approach for consistent evaluation of overall product value perception.
7. Continuously monitor and adapt pricing strategies in response to consumer behaviors and market conditions to ensure profit maximization across varying situations.","1. Precise adjustments within the $6.80 - 6.93 range help drive customer demand while maintaining long-term profitability.
2. Implementing machine learning techniques can result in adaptive pricing strategies suitable for varying market conditions.
3. Partnerships and promotions centered around optimal price points increase likelihood of boosted customer demand at a controlled cost.
4. Continuous, strategic analysis of consumer trends and competitor strategies aids in achieving sustainable profits and growth potential.
5. Data-driven insights are crucial for evaluating pricing decisions' impact on both profitability and product value perception.
6. Adjusting pricing decisions according to market conditions based on research helps maintain a balance between customer demand and long-term profit maximization.
7. Scalability measures should be considered while refining pricing strategies to mitigate inconsistencies in profits over time."
35,6.8,37.754066879814545,135.91464076733234,"1. Continue refining pricing strategy by incrementally testing various points within the established range ($6.80 - 6.93).
       2. Prioritize lower price points (i.e., $6.75, $6.80) at each test for the time being to drive customer demand.
       3. Accelerate development of machine learning models to enhance understanding and forecasting of market fluctuations for informed pricing decisions.
       4. Establish a monitoring system to observe competitor strategies & consumer trends, making real-time adjustments as needed.
       5. Explore partnership opportunities with potential suppliers or complementary businesses to increase reach and lower production costs.
       6. Analyze the outcome of each pricing decision using a comprehensive data-driven approach for ongoing improvement and optimization.","1. Fine-tuning within the $6.80 - 6.93 range has shown promising results in driving customer demand, while maintaining long-term profitability.
       2. Implement quicker adaptation of machine learning techniques and robust market analysis tools to improve pricing strategies in a rapidly changing environment.
       3. Establishing strategic partnerships to reduce costs could result in increased affordability for customers and better long-term financial stability.
       4. Regular examination of competitor strategies & consumer trends provides essential insights needed for consistent adjustments in response to market shifts.
       5. The use of a comprehensive data-driven approach enables accurate evaluation of decision outcomes and allows for rapid optimization of pricing strategies."
36,6.75,39.23368301671084,139.27957470932347,"1. Continue testing and refining pricing strategy by incrementally lowering prices within our established range ($6.75 - 6.93).
       2. Regularly reassess the impact of each pricing decision on customer demand and long-term profitability.
       3. Increase the frequency of machine learning model updates to improve forecasting of market fluctuations in a rapidly changing environment.
       4. Establish a more dynamic monitoring system for real-time adjustments when detecting shifts among competitor strategies and consumer trends.
       5. Evaluate potential opportunities with strategic partnerships to reduce production costs and expand our customer base.
       6. Analyze the outcome of each pricing decision using a comprehensive data-driven approach for ongoing improvement and optimization, considering both short-term demand gains and long-term profit maximization.","1. Implementing lower price points has shown the potential to drive customer demand significantly, while ensuring profitability over multiple rounds is essential.
       2. Enhanced market analysis tools will improve the ability to adapt pricing strategies in response to market fluctuations and changes in consumer trends.
       3. Strategic partnerships may lower production costs, increase our reach, and provide additional benefits such as increased brand visibility and customer loyalty."
37,6.75,39.23368301671084,139.27957470932347,"1. Continue to test pricing strategy by incrementally lowering prices within the established range of $6.75 - 6.93, focusing on exploring the lowest viable price within this window that still ensures profitability in multiple rounds.
       2. Analyze the impact of price reductions on customer demand and long-term profitability quarterly.
       3. Regularly reassess the influence of our market position, pricing strategy, and competitor trends to ensure optimal pricing decisions.
       4. Accelerate machine learning model updates and integration with monitoring systems for real-time responses to fluctuating market conditions.
       5. Increase focus on leveraging strategic partnerships to explore lower production costs while expanding our consumer base.
       6. Implement an iterative process of pricing optimization, considering both the short-term customer demand gains and long-term profit maximization at each stage.","1. Exploring lower price points within the existing range ($6.75 - 6.93) could potentially drive substantial customer demand while maintaining a decent level of profitability in multiple rounds.
       2. Dynamic market analysis, monitoring systems, and real-time adjustments are essential for staying competitive in a rapidly evolving market landscape.
       3. Effective partnerships with strategic allies may lead to lower production costs and broader market reach for increased brand visibility."
38,6.75,39.23368301671084,139.27957470932347,"1. Continue to test pricing strategy by incrementally lowering prices within the established range of $6.75 - 6.93, focusing on finding the lowest viable price that still provides profitability in multiple rounds.
       2. Increase frequency of quarterly analysis on the impact of price reductions on customer demand and long-term profitability.
       3. Regularly reassess market position, pricing strategy and competitor trends for optimal decision-making on pricing changes.","1. Lowering prices within the current range could further boost customer demand while maintaining a decent level of profitability in multiple rounds.
       2. Regular analysis and monitoring of market conditions are critical to ensuring long-term competitiveness."
39,6.5,46.87906266262438,154.70090678666043,"1. Continue testing pricing strategy by incrementally reducing price within the range of $6.75 - 6.50 while monitoring customer demand and long-term profitability in multiple rounds.
       2. Increase frequency of biweekly analysis on the impact of price reductions on customer demand and long-term profitability.
       3. Regularly reassess market position, pricing strategy, and competitor trends for optimal decision-making on pricing changes every two rounds.","1. Lowering prices within the current range has potential to further boost customer demand while still providing a satisfactory level of profitability in multiple rounds.
       2. Closer monitoring of market conditions is critical for maintaining long-term competitiveness and fine-tuning pricing decisions."
40,6.49,47.19046255916132,155.25662181964074,"1. Continue testing pricing strategy by incrementally reducing price within the range of $6.50 - 6.49 in the next round, while closely monitoring customer demand, profit, and market position.
       2. Increase frequency of weekly analysis on the impact of price reductions on customer demand and long-term profitability.
       3. Conduct a thorough competitive analysis to understand the optimal pricing range for remaining competitive.
       4. Implement data-driven strategies to adjust pricing based on customer segmentation, seasonality, and other relevant factors.","1. Tightened monitoring of profit margins and customer demand is crucial when making pricing decisions, as even small reductions in price may result in substantial increases in profitability over time.
       2. Market trends and competitor analysis play a significant role in optimal decision-making on pricing changes.
       3. Data-driven strategies should be employed to make informed pricing decisions tailored to relevant factors such as customer segmentation, seasonality, and local market conditions."
41,6.48,47.50208125210602,155.80682650690775,"1. Continue reducing the product price while maintaining control below $11.41
   - Test multiple price points incrementally (0.01)
   - Analyze customer demand, profit, and market position at each iteration
2. Conduct a competitive analysis to investigate optimal pricing ranges and positioning against competitors
3. Divide customers into segments based on demographics, preferences, and purchasing behaviors for targeted pricing strategies
4. Utilize data-driven strategies to incorporate seasonality factors and local market conditions in pricing decisions
5. Implement frequent re-evaluations of pricing strategy (weekly)
6. Analyze the results obtained in this round and adjust strategy plans if required","1. Price sensitivity analysis indicates that reducing prices can significantly increase profitability
2. A combination of price flexibility, customer insights, competitor analysis, and data-driven strategies enables optimal pricing decision making
3. Regular re-evaluation and adaption to market conditions is essential for long-term success in implementing pricing strategies successfully"
42,6.805,37.60730236671305,135.57432503200053,"1. Continue testing price points around $6.80 with more granularity (e.g., 0.005 increment) to better pinpoint optimal pricing range
      - Analyze customer demand, profit, and market position at each iteration
   2. Conduct a competitive analysis to determine how the target price compares within the market and identify optimal pricing ranges and positioning against competitors
       - Adjust the target price as necessary based on competitor analysis findings
   3. Utilize customer segmentation for targeted pricing strategies, focusing specifically on demographics, preferences, and purchasing behaviors
      - Analyze the success of this approach in increasing profitability while still maintaining control below $11.41
   4. Incorporate data-driven strategies that account for seasonality factors and local market conditions
       - Adjust prices accordingly to remain competitive and maximize profits over time
   5. Continue weekly re-evaluations of pricing strategy and adjust as necessary based on observed patterns and emerging insights
   6. Analyze the results obtained in the round and adjust strategy accordingly if required","1. Price sensitivity analysis indicates that prices around $6.80 result in the highest profitability, with a lower price ceiling at $6.48 being necessary to drive demand while still generating significant profit margins; however, further experimentation is required for greater precision
   2. A combination of flexible pricing, customer insights, competitor analysis, and data-driven strategies ensures optimal pricing decision-making by allowing for adaptability and responsiveness to market conditions
   3. Consistent re-evaluation and adaptation to local market factors, such as competition and customer preferences, are crucial for long-term success in implementing effective pricing strategies"
43,6.78,38.34334954786808,137.26919138136773,"- Continue experimenting with price points around $6.80, testing for further granularity (e.g., 0.01 or 0.02). Analyze customer demand, profit, and market position at each iteration to determine optimal pricing range.
        - Conduct a competitive analysis to better understand the market and identify competitive pricing ranges and positioning.
       - Utilize customer segmentation for targeted pricing strategies, focusing specifically on demographics, preferences, and purchasing behaviors to increase profits while staying within the identified ceiling of $11.41.
      - Incorporate data-driven strategies that account for local market conditions, seasonality factors, and other relevant variables to ensure long-term success in achieving maximum profitability.","- Prices around $6.80 result in the highest profitability while driving enough demand within a reasonable price ceiling of $11.41. Additional experimentation is required to pinpoint the optimal price point with greater precision.
        - Flexible pricing combined with customer insights, competitor analysis, and data-driven strategies offers an effective approach for making informed pricing decisions in response to market conditions.
      - Adaptability and responsiveness to local market factors such as competition and customer preferences are crucial for long-term success in implementing successful pricing strategies."
44,6.795,37.901056222813935,136.2542971210161,"- Further granularize experimentation with prices ranging from $6.70 to $6.90, testing for sub-granularities (e.g., 0.001) to find the ideal pricing point that maximizes profit while maintaining sufficient demand and market position.
      - Examine customer segmentation data to implement targeted pricing strategies based on demographics, preferences, and purchasing behaviors to drive increased profits.
     - Continue monitoring competitive analysis to identify any shifting market trends or competitor movements, adapting pricing accordingly for a long-term successful strategy.","- Current data suggests that prices in the range of $6.70 to $6.90 may be profitable but additional testing is needed to find the most optimal price point among these variants.
     - Finding the right balance between profit maximization and customer demand can prove challenging, requiring a diligent approach for pricing optimization.
    - Customer segmentation combined with competitive analysis will provide the insights necessary for making informed decisions that increase profit while staying within the established ceiling of $11.41."
45,6.79,38.048268035291564,136.5932822466967,"- Expand experimentation by adding finer-grained pricing variants within the current range of $6.70 to $6.93 to locate the most profitable price point accurately, adjusting in 0.01 increments if necessary.
        - Utilize customer segmentation data to create targeted pricing strategies for demographic groups that exhibit a strong market affinity or responsiveness.
      - Examine competitor movements and adapt pricing accordingly, capitalizing on any market opportunities by offering competitive prices without diminishing profit margins.","- Small variances in pricing have significant effects on profit gains, suggesting the need for further granularity in pricing experimentation for maximum profit optimization.
     - Customer segmentation and competitor analysis are essential components of a long-term successful pricing strategy that drives increased profits while staying within the established ceiling of $11.41."
46,6.805,37.60730236671305,135.57432503200053,"- Continue testing pricing variants in 0.01 increments around $6.8, focusing primarily within the range of $6.79 - $6.82, while monitoring profitability and sales trends closely.
      - Utilize customer segmentation data to identify demographic groups that exhibit strong market affinity or responsiveness and create targeted pricing strategies for increased effectiveness.
    - Keep a close eye on competitor movements, implementing dynamic pricing adjustments as needed to maintain favorable market positioning without sacrificing profit margins.","- The current testing results suggest that small variations in pricing have considerable effects on profit gains, indicating the need for further precision in pricing experimentation for maximum optimization of profits.
     - Customer segmentation, competitive analysis, and dynamic pricing strategies are all key components to a successful long-term pricing strategy that ensures increased profits while staying within the established price ceiling of $11.41."
47,6.799,37.78344683732667,135.98262516753869,"- Optimize pricing strategy around $6.8 by focusing on testing a combination of 0.001 increments, while continuously monitoring sales trends and profitability for fine-tuning.
   - Utilize competitive data to make decisions about dynamic price changes, aiming at maintaining favorable market position without compromising profit margins.","- Further precision in pricing experimentation is critical, as small pricing variations can greatly impact profit gains.
   - Price adjustments must be closely linked to sales trends and profitability metrics, ensuring that strategic decisions are based on accurate measurements of the success of different price points."
48,6.81,37.4607650279449,135.23336175088107,"- Implement price testing strategy by using 0.01 increments around the optimal price of $6.8 focusing on fine-tuning, while monitoring sales trends and profitability.
    - Continuously analyze competitive data to optimize dynamic pricing adjustments without compromising market position and profit margins.","- Precision in price testing is crucial as small changes can greatly impact profits.
    - Price adjustments must be based on sales trends, profitability metrics with a focus on customer demand to ensure strategic decisions are backed by accurate measurements."
49,6.81,37.4607650279449,135.23336175088107,"- Continue testing fine-tuning around the optimal price range of $6.79 to $6.81 with 0.01 increments. Monitor sales trends and profitability closely to ensure we catch small changes that impact profits.
      - Perform periodic competitive analysis to identify potential opportunities for dynamic pricing adjustments while maintaining market position and profit margins.","- Adjusting price as little as 0.01 can have a substantial impact on profit.
      - Sales trends and profitability metrics should drive decisions regarding price adjustments when considering customer demand."
50,6.78,38.34334954786808,137.26919138136773,"- Continue testing fine-tuning around the optimal price range of $6.78 to $6.79 with 0.01 increments. Monitor sales trends and profitability closely to ensure we catch small changes that impact profits.
      - Investigate dynamic pricing adjustments in response to customer demand patterns, looking for small changes that may consistently boost profits.
      - Perform periodic competitive analysis to identify potential opportunities for dynamic pricing adjustments while maintaining market position and profit margins.","- Adjusting price as little as 0.01 can have a substantial impact on profit, but this should be considered in the context of overall demand trends and shifts in customer buying patterns.
      - Sales trends and profitability metrics should drive decisions regarding price adjustments when considering customer demand and competitive factors.
      - Explore dynamic pricing strategies that can adapt to changes or anomalies in demand while maintaining a balance between profits and market position."
51,6.79,38.048268035291564,136.5932822466967,"- Continue testing fine-tuning around the optimal price range of $6.78 to $6.79 with 0.01 increments, monitoring sales trends and profitability closely for small yet impactful changes.
- Investigate dynamic pricing strategies in response to customer demand patterns, ensuring the potential incremental profits justify the implementation complexity.
- Periodically perform competitive analysis to identify opportunities for fine-tuning price adjustments while maintaining market position and profit margins.","- Be cautious of assuming that a high quantity sold corresponds always to optimal profitability; instead, also consider overall profit metrics when making pricing decisions.
- Dynamic pricing may be a viable strategy but could have associated complexity during implementation; ensure benefits justify the potential challenges with dynamic pricing.
- Be mindful of small pricing adjustments, as even minute changes in price can substantially impact overall profits."
52,6.79,38.048268035291564,136.5932822466967,"- Continue testing fine-tuning the optimal price range of $6.78 to $6.79 with 0.01 increments, closely monitoring sales trends and profitability.
   - Investigate dynamic pricing strategies in response to customer demand patterns while ensuring potential incremental profits justify implementation complexity.
   - Consider analyzing historical data for identifying long-term pricing trends and adjust pricing accordingly.
   - Explore options for periodic competitive analysis to identify opportunities for fine-tuning price adjustments while maintaining market position and profit margins.","- Be aware of the potential impact of small pricing adjustments on overall profits as they can be significant.
   - Dynamic pricing may offer the advantage of increased sales volume during peak demand periods, but complexity may be required during implementation.
   - Maintain careful monitoring of long-term pricing trends to ensure pricing remains competitive while maximizing profitability."
53,6.79,38.048268035291564,136.5932822466967,"- Continue testing price range of $6.78 - $6.79 with 0.01 increments and closely monitor sales trends while paying close attention to profitability in both the short-term (rounds) and long-term (multiple rounds).
     - Collect data on customer demand patterns and market trends to implement dynamic pricing strategies systematically for increased profits.
     - Examine periodic competitive analysis to identify opportunities for fine-tuning price adjustments while maintaining market position and profit margins.","- Be aware of the potential impact of small-pricing adjustments on both profit per round as well as long-term pricing trends and sales volume.
     - Determine an optimal balance between achieving higher sales volumes (which may provide short-term profits) with maximizing overall profit by strategically analyzing various factors such as customer demand patterns, competitive analysis, and dynamic pricing options."
54,6.78,38.34334954786808,137.26919138136773,"- Maintain the current price range of $6.78 to $6.79 while testing an increment of 0.1 (e.g., 6.78, 6.79, 6.80) to gauge potential customer reactions and monitor profit trends in the short-term.
     - Continue investigating customer demand patterns by analyzing purchasing behavior at various price levels across multiple rounds, with a focus on understanding the optimal balance between sales volume and per-unit profit margins.
     - Gather comprehensive market data to identify any emerging opportunities for fine-tuning pricing strategies while staying competitive within the market and maintaining profitable profit margins.","- Consider potential fluctuations in demand at different price points, with some customers preferring lower prices even if it means a lower sales volume per round (e.g., selling 38.05 units of $6.79 versus selling fewer units at higher prices such as $7.95).
     - Ensure long-term sustainability by considering the impact of pricing decisions on overall profitability in various scenarios (e.g., assessing both short- and long-term profit potential based on different pricing strategies)."
55,6.78,38.34334954786808,137.26919138136773,"- Continue testing changes within the range of $6.78 - $6.79 to optimize both sales volume and profit margins while closely monitoring customer reactions and profit trends in the short-term.
     - Analyze purchasing behavior at more price points throughout different rounds, focusing on identifying the optimal balance between these two important factors for long-term success.
     - Collect comprehensive market data on competitor pricing strategies to identify potential opportunities for fine-tuning pricing decisions while remaining competitive and profitable.","- Low prices (around $6.78) appear to boost sales volume with consistent profit margins, but there may be room for minor adjustments within that range to further optimize profits.
     - It is essential to consider the impact of pricing decisions on overall long-term profitability in various scenarios and maintain a competitive position in the market.
     - Carefully analyze emerging trends in customer demand at different price points to strike an optimal balance between sales volume and per-unit profit margins."
56,6.78,38.34334954786808,137.26919138136773,"- Continue testing changes within the range of $6.78 - $6.79 to optimize both sales volume and profit margins, while expanding the analysis of purchasing behavior at multiple price points in a varied sequence (around $6.75, $6.76, $6.77, etc.)
     - Analyze customer reactions and profit trends using this new pricing approach with an emphasis on recognizing possible opportunities to maximize long-term profitability and overall market positioning.
     - Gather comprehensive market data not just on competitor pricing strategies, but also their pricing models and how those strategies affect profit margins and sales volume in the intended market segment.","- The current pricing strategy around $6.78 maintains a balance between sales volume and per-unit profit margins, with potential room for minor adjustments to fine-tune profits further within that range or adjacent values.
     - It is critical to consider the impact of pricing decisions on overall long-term profitability in various scenarios while maintaining a competitive position in the market.
     - Carefully analyze customer demand at different price points, using insights gained to strike the optimal balance between sales volume and per-unit profit margins for long-term success."
57,6.79,38.048268035291564,136.5932822466967,"- Continue testing changes within the range of $6.78 - $6.79 to optimize both sales volume and profit margins, while investigating the potential opportunities and effects of slightly higher pricing (up to $6.85) in specific scenarios.
     - Collect more granular market data on competitor pricing strategies and analyze how changes in price might impact sales volume and profitability, with an emphasis on maximizing long-term profitability and overall market positioning.
     - Monitor customer reactions and purchasing behavior at different price points to gain valuable insights regarding price elasticity and make necessary adjustments to the pricing strategy accordingly.","- The current pricing strategy around $6.78 shows potential gains within that range or adjacent values, with room for some optimizations in per-unit profit margins through careful analysis of market dynamics and customer preferences at various price points.
     - To achieve long-term success, it's crucial to account for the interaction between sales volume and profitability in the chosen pricing strategy while maintaining a competitive position within the intended market segment.
     - Precise monitoring of customer demand is essential to strike an optimal balance between sales volume and per-unit profit margins that align with long-term goals."
58,6.79,38.048268035291564,136.5932822466967,"- Evaluate competitor pricing strategies and perform detailed analysis on potential changes in price, focusing on profitability and market positioning.
      - Implement strategic A/B testing, varying prices within the range of $6.78 - $6.79 while closely monitoring customer reactions, sales volume, and overall profit margins to find optimal balance.
      - Examine the impact of pricing changes on short-term and long-term profitability, with a critical emphasis on scalable growth strategies.","- The current price range ($6.78 - $6.79) shows stability in sales volume and profitability; however, precise analysis of competitor pricing strategies is necessary to guarantee long-term success.
      - Careful monitoring of customer demand at various price points will enable a more informed decision-making process regarding price elasticity and optimizing the pricing strategy as needed.
      - To achieve ongoing growth, it's crucial to strike an optimal balance between sales volume and per-unit profit margins, considering long-term goals and market dynamics during the chosen pricing strategy."
59,6.48,47.50208125210602,155.80682650690775,"- Analyze direct competitors' pricing strategies and identify market trends across multiple price points.
        - Launch a tiered pricing A/B test, by changing prices between $6.48 and $6.79 while observing overall profit margins, customer reactions, sales volume, and market dynamics for informed optimization decisions.
        - Evaluate the impact of price changes on long-term scalability and growth in partnership with short-term performance indicators.","- The optimal balance lies within the range of $6.48 - $6.79, where profits are relatively higher compared to current pricing.
        - Precise analysis of competitor pricing is necessary in order to maintain profitable market positioning and adapt strategies accordingly.
        - Monitoring demand at various price points enables informed decisions regarding price elasticity and long-term profit optimization."
60,6.48,47.50208125210602,155.80682650690775,"- Test a tiered pricing A/B test between the range of $6.48 to $6.79 for an optimal balance, ensuring to monitor profit margins, market dynamics, sales volume, and customer reactions.
      - Evaluate competitor pricing strategies in light of the data provided, and make adjustments accordingly.","- The price range between $6.48 - $6.79 appears to yield higher profits compared to current pricing.
      - Direct analysis of competitor pricing is crucial to maintain competitive market positioning while allowing room for strategy adaptations."
61,6.52,46.25701546562508,153.57329134587525,"1- Conduct a tiered pricing A/B test between $6.48 to $6.79 to identify an optimal balance of profit and sales volume, while monitoring market dynamics and customer reactions continuously.
     2- Evaluate competitor pricing strategies to maintain competitive positioning and adapt strategies accordingly.
     3- Set up a monthly review process to reassess and adjust prices as needed based on market trends and performance in sales volume, market share, and profit margins.","- A slight increase in pricing within the $6.5 range can potentially lead to higher sales volume while still maintaining strong profits compared to other price points.
     - Regularly reviewing competitor pricing strategies will help maintain a competitive market position and allow for necessary strategy adaptations."
62,6.54,45.63613127629214,152.42467846281573,"1- Continue to test a tiered pricing A/B test between $6.49 to $6.59 in the short term to identify the optimal price point that balances sales volume and profit maximization.
   2- In the long run, set up a regular review process to assess and adjust prices monthly based on market trends, performance insights from the A/B test, and competitor pricing strategies.
   3- Continuously monitor customer reactions through feedback forms or surveys to analyze preferences regarding these price points and fine-tune our pricing strategy accordingly.","- Pricing within the $6.5 range can lead to better profit maximization due to a balance between sales volume and profit margins. However, further testing is required to identify a more specific sweet spot within that range.
   - Regular A/B testing, competitive analysis, and customer reaction monitoring are crucial components of an effective pricing strategy to maintain long-term profitability."
63,6.52,46.25701546562508,153.57329134587525,"1- Continue A/B testing with prices ranging between $6.48 - $6.59 to find the optimal price point within the $6.5 range that maximizes profits.
    2- In the long run, set up a regular review process (e.g., bi-weekly) to assess and adjust prices based on market trends, performance insights from the A/B test, and competitor pricing strategies.
    3- Continuously monitor customer reactions through feedback forms or surveys to analyze preferences regarding these price points and fine-tune our pricing strategy accordingly.
    4- Implement data analysis tools to identify patterns and make better pricing decisions with minimal effort.","- A balanced approach that focuses on both sales volume and profit maximization within the $6.5 price range will lead to more success.
   - Frequent A/B testing, market analysis, customer feedback, and data-driven pricing decisions are crucial components of an effective pricing strategy to maintain long-term profitability.
   - Continuous monitoring of competitors' pricing strategies is essential to staying competitive in the marketplace."
64,6.52,46.25701546562508,153.57329134587525,"1- Continue A/B testing with prices ranging between $6.48 - $6.59 and evaluate the optimal price point within this range that achieves maximum profitability.
          2- Regularly (e.g., bi-weekly) review market trends, performance insights from the ongoing A/B test, and competitor pricing strategies to fine-tune the pricing strategy.
          3- Implement data analysis tools for better pricing decisions with minimal effort based on patterns identified in the data.
              4- Continuously monitor customer feedback forms or surveys to gauge preferences on these price points. Review this qualitative data when making pricing decisions.","- In the short term, maintain prices within the $6.48 - $6.59 range as it generates profitable results.
        - In the long run, consider implementing a dynamic pricing strategy based on market trends, customer preferences, and competitor offerings to maximize profits further."
65,6.48,47.50208125210602,155.80682650690775,"1- Continue A/B testing around the optimal price points between $6.48 and $6.59 to refine the most profitable pricing strategy within this range (consider testing round numbers as they might be more appealing to customers).
          2- Introduce data analysis tools to better evaluate trends, patterns, and insights from the A/B test and market data.
          3- Review the current A/B test bi-weekly or more frequently if data becomes available, focusing on both quantitative and qualitative insights (e.g., customer feedback) when making pricing decisions.
          4- Conduct research to gauge competitor pricing strategies and adapt the chosen price appropriately to stay competitive in the market while maximizing profits.","- The $6.48 - $6.59 pricing range generates profitable results in the short term, but further optimization is necessary to maximize profits over time.
        - Using data analysis tools can provide valuable insights for better pricing decisions while minimizing effort.
+++++++++++++++++++++"
66,6.51,46.567905633069564,154.13976764546024,"1- Increase the number of testing iterations to identify more precisely the optimal pricing point within the $6.48 - $6.59 range by using round numbers (e.g., 6.40, 6.45, 6.50, etc.).
          2- Use data analysis tools to better analyze and visualize trends found in price data, as well as to identify any patterns that may influence customer behavior.
          3- Monitor the competitor landscape for pricing changes and adjust pricing accordingly to remain competitive while maximizing profits (e.g., lowering prices during a competitor's offer or raising prices when competitors' offers decrease).","- The profitable range of $6.48 - $6.59 should be refined further to narrow in on the exact optimal price point within this range, as differences in profit within this range are negligible.
          - Competitor analysis is crucial in making pricing decisions, as adjusting prices based on competitor movements can help remain competitive without sacrificing profits."
67,6.49,47.19046255916132,155.25662181964074,"1- Test an extended range of prices within $6.48 - $6.59 to narrow in on the optimal price point that maximizes profits while keeping quantities stable (e.g., test 6.45, 6.50, and round numbers thereafter).
        2- Utilize data visualization tools for a more accurate analysis of the trend in selling prices and customer behavior over time.
         3- Continuously track competitors' changes in pricing and make necessary adjustments to remain competitive while maximizing profits.","- Increased focus on identifying the price point within $6.48 - $6.59 that best maximizes profit while maintaining quantity sold stability.
          - A slight reduction in price can lead to both increased quantities sold and overall increased profit margin.
          - Keep observing and analyzing competitor's movements for continued pricing updates if necessary to remain competitive."
68,6.5,46.87906266262438,154.70090678666043,"1- Continuously test narrower price points within the optimal range found ($6.48 - $6.59) to find the exact price point that maximizes profits while maintaining a stable quantity sold (e.g., 6.50, 6.52, and round numbers thereafter).
   2- Utilize data visualization tools for even more accurate analysis of trending in selling prices and customer behavior over time.
   3- Track competitors changes in pricing for necessary updates on a continuous basis to remain competitive while maximizing profits.","- The range 6.48 - 6.59 is important, focusing specifically within this range will help in finding the optimal price point that best maximizes profit and maintain quantity sold stability.
  - When trying to optimize profit earnings, a slight reduction in price could potentially lead to both increased quantities sold and an overall larger profit margin.
  - It's essential to keep observing competitor movements for future pricing updates if necessary to remain competitive in the market."
69,6.5,46.87906266262438,154.70090678666043,"1- Continuously test more narrow and precise price points within the optimal range (e.g., 6.50, 6.51, and round numbers thereafter) using data visualization tools to accurately analyze trends in selling prices and customer behavior over time.
     2- Track competitors changes in pricing for further updates if deemed necessary to remain competitive while maintaining profit maximization.","- As data becomes more granular, it is important to carefully weigh the potential benefits of reduced quantities sold (and resulting profits) when considering a higher price point.
    - It may be beneficial to gradually test lowering prices while observing any changes in response from customers before making larger adjustments."
70,6.5,46.87906266262438,154.70090678666043,"1- Continuously perform data analysis testing more granular price points within the ideal range (e.g., 6.49, 6.50) using visualization tools to closely observe trends in selling prices and customer behavior over time.
     2- Track competitors' changes in pricing for further updates if essential to stay competitive while maximizing profit.
     3- Observe the impact of minor price fluctuations on sales volume and customer response to identify optimal pricing within the tested range.","- It is crucial to balance potential decreased quantities sold with increasing prices when striving for profit maximization to ensure that profit earned per unit does not fall below the optimum target amount.
      - Incremental, iterative price adjustments are recommended for accurately gauging customer response and identifying optimal pricing within the profitable range before further major changes are made.
      - Careful analysis of competitor pricing may be necessary to maintain a competitive edge without sacrificing profit maximization objectives."
71,6.495,47.03473375524919,154.9794477235461,"1- Continuously analyze pricing strategies within the range of 6.48 to 6.50, using granular price points (e.g., 6.49, 6.495) for a more nuanced understanding of optimal pricing within the profitable range.
     2- Track competitor's changes in pricing while maintaining profitability and staying competitive.
     3- Analyze seasonal trends and adjust pricing strategies accordingly to optimize long-term profitability.","- A narrow price range exists for maximum profit, and it is essential to identify the most profitable points with precision (i.e., 6.48-6.50) while monitoring customer response to incremental adjustments.
      - Maintaining a constant eye on competitors' pricing can help ensure a pricing strategy that maximizes revenue without significantly sacrificing units sold.
      - Optimizing profitability is essential, but it must be approached in conjunction with understanding market conditions and customer preferences for long-term success."
72,6.5,46.87906266262438,154.70090678666043,"1a- Continuously analyze pricing strategies within the range of 6.48 - 6.50, using granular price points (e.g., 6.49, 6.5) for a more nuanced understanding of optimal pricing within the profitable range throughout different seasons and market conditions.
    1b- Introduce occasional tests of higher prices to monitor customer response in case of shifts in market sensitivity or competitor's actions.
    2- Revisit insights from previous rounds and adjust plans accordingly, taking into account factors like seasonality and changes in demand.","The data indicates that staying within the price range of $11.41 maximizes both quantity sold and profit. However, it is important to consider customer behavior and perceived value when determining pricing strategies. Frequent testing will help to ensure prices remain competitive and reflect current market conditions."
73,6.4925,47.11259113138708,155.11820630009194,"1a- Continue testing various granular price points within the range of $6.48 - $6.50, focusing on specific incremental price variations (e.g., 6.4925, 6.5075) to obtain a more nuanced understanding of optimal pricing throughout different seasons and market conditions.
        1b- Maintain occasional higher price tests to monitor market sensitivity shifts or competitor actions.
        2- Regularly reassess insights from previous rounds and adjust plans based on trends, seasonality, changes in demand, and customer behavior.",Pricing at the limit of $11.41 consistently results in nearly no sales. The sweet spot lies within a slightly lower range close to but not exceeding this price. Fine-grained pricing adjustments within the range have a considerable effect on profit. Frequent analysis of data is crucial to stay competitive and maximize profits.
74,6.495,47.03473375524919,154.9794477235461,"1a- Continue testing specific incremental price variations around $6.50 (e.g., 6.4925, 6.5075) to obtain a more nuanced understanding of optimal pricing throughout different seasons and market conditions. Repeat this process regularly with fresh data analysis.
         1b- Occasionally test higher price points to assess market elasticity for long-term profitability. Keep track of competitor actions closely, and adjust strategy as needed.",A lower price does not always lead to increased sales quantity – finding the optimal pricing balance is crucial for maximizing profits. It's essential to monitor market conditions and respond accordingly.
75,6.49,47.19046255916132,155.25662181964074,"2a) Continue testing incremental price variations around $6.5 in smaller increments (e.g., 6.495, 6.5075) to identify the most profitable price point within this range. Regularly review and adjust based on seasonal fluctuations and market conditions.
    2b) Conduct more frequent price A/B testing at lower prices closer to $6.48 to evaluate potential further profitability improvements when approaching the cost limit.
    2c) Monitor competitor pricing strategies to stay competitive and capitalize on emerging trends or opportunities.","- Profit maximization is achievable with a price point around $6.50, but further optimizations can be found by testing smaller increments within that range.
   - The market limit of $11.41 restricts possible profit growth with current pricing, leaving room for further research into potential product improvements or expansion to capture higher margins.
   - Regular seasonal and market condition-based adjustments are necessary to ensure optimal pricing for maximum profitability.
   - Monitoring competitor strategies can help find new opportunities to improve profitability or gain competitive advantage."
76,6.5,46.87906266262438,154.70090678666043,"Continue testing price points in the range of $6.48 - $6.52 to find the optimal pricing for maximizing profit and volume. Investigate possible ways to reduce production costs or increase sales with incentives like discounts, bundles, etc.",Price points above $7.0 lead to a decrease in quantity sold and lower overall profit. It is crucial to find the sweet spot within the $6.48 - $6.52 range while also considering ways to improve sales volume or reduce production costs. Keep monitoring price elasticity of demand and adjust pricing accordingly.
77,6.49,47.19046255916132,155.25662181964074,"Continue to test price points within the $6.48 - $6.52 range with a focus on fine-tuning the price to maximize profit while maintaining high sales volume. Conduct further research to identify factors that impact customer buying behavior and adjust pricing strategy accordingly.
   Explore the possibility of offering volume discounts or bundling products for increased sales during off-peak periods.","Prices above $7 significantly decrease both sales volume and profit, while prices under $6.52 maintain a steady range of profit and increase sales volume. It appears that the optimal pricing point falls between $6.48 and $6.52 to maximize profits within the given constraint of not exceeding $11.4 (the maximum tested price).
   Customers seem to be more sensitive to small price differences near the $7 mark, as prices above this level lead to a substantial decrease in both sales volume and profit. This indicates that prices should be kept as close to $6.50 as possible while maintaining a high enough profit margin."
78,7.25,25.68319913875188,104.01695651194511,Investigate potential strategies to offer volume discounts or tiered pricing structures that balance price reduction with increasing unit sales. Test the effects of different price points within the $7.0 - $7.5 range on customer buying decisions.,"When prices fall into the range of $7.0 to $7.5, there is an increased purchasing interest from customers due to perceived value and affordability. Exploring more pricing models like tiered structure or volume discounts could maximize profit potential based on these insights."
79,6.5,46.87906266262438,154.70090678666043,"- Further explore pricing between $6.45 and $6.55 to determine the optimal price in this range.
   - Study price sensitivity to identify which price point maximizes profits within the range of $6.45 - $6.55.
   - Analyze the impact of marketing efforts on sales at different price points for future reference.","- Prices between $6.48 and $6.79 consistently result in a profit that ranges from $150-$160 per round, with minimal impact on the quantity sold.
   - Pricing below $6.45 results in an increase of both units sold and overall profit.
   - Prices above $6.79 are too high as they result in very few or no sales."
80,6.75,39.23368301671084,139.27957470932347,Continue targeting prices within the range of $6.48 - $6.99 to maximize both sales volume and profits. Consider testing the boundaries of this range to see if there is room for incremental growth or risk mitigation.,"Prices significantly above $7 seem to result in limited sales, while prices below $6 result in even lower sales. The optimal range appears to be between $6.48 and $6.99. Keep monitoring the performance of these prices to identify patterns or adjustments that may be necessary."
81,6.75,39.23368301671084,139.27957470932347,Test different prices within the $6.50 - $7.00 range to determine the optimal price point that balances volume and profit. Continuously monitor sales data and adjust pricing accordingly.,"Our current pricing strategy might be too high, leading to low volumes. By testing prices within a narrower range, we can potentially increase unit sold while still maintaining a reasonable profit margin."
82,6.75,39.23368301671084,139.27957470932347,"Repeat tests within the $6.50 - $7.00 range, varying price incrementally, and analyze the impact on sales volume and profit. Continue monitoring market trends, customer preferences, and competitor actions to inform pricing decisions.","Price sensitivity is high among customers for this product; a small change in price can have a significant effect on sales and profits. Optimizing the pricing strategy is crucial to achieving growth objectives and maximizing returns. Adopting a flexible, data-driven approach that allows for quick adjustments will be essential to effectively responding to changes in market conditions."
83,6.95,33.458944125318595,125.47104046994474,"Test pricing strategies in the range of 6.7 to 7.3 and evaluate how each price impacts overall sales and revenue. Additionally, analyze the effect of offering discounts or promotions at various price points on volume sold.",The sensitivity of customers to price changes can have a significant impact on both sales volume and profitability. It's essential to find a pricing strategy that balances these two factors to maximize overall revenue. Testing different prices and promotional strategies will help determine the optimal price point for this product.
84,6.9,34.86451353339457,128.99870007355992,"In future pricing rounds, we should test a range of prices between 6.6 and 7.2 to find the optimal balance between maximizing quantity sold and maintaining a reasonable profit margin. We should also consider bundling or offering incentives when pricing certain ranges to increase the perceived value and encourage sales.","The customer's willingness to pay appears to decrease significantly once the price reaches 7.31, which suggests that a ceiling for this product may exist around 7.2. Additionally, it is important to remember that customers are likely sensitive to fluctuations in price and may decide not to purchase at all if the price increases too steeply (as seen when the price was increased from 6.9 to 7.06)."
85,7.25,25.68319913875188,104.01695651194511,Experiment with a range of prices between 6.5 and 7.5 to find the optimal price that delivers maximum profit while maintaining reasonable quantities sold. Consider A/B testing different pricing strategies and evaluating their impact on sales and profits.,"Consumers are more likely to purchase at lower prices, suggesting a price-sensitive market. High prices above 8.0 lead to significant decreases in quantity sold, potentially due to cost outweighing perceived benefits or competition from other offerings."
86,6.5,46.87906266262438,154.70090678666043,"For future pricing strategies, we should focus on finding the optimal balance between price and quantity sold to ensure both maximum profit and customer satisfaction. This could be achieved through various tactics such as competitive pricing analysis, regular market research, and testing different price points. Additionally, consider offering discounts or promotions during periods of slower sales to boost quantity without significantly impacting profit per unit.","Customers are likely budget-conscious and may be deterred by high prices. Lower pricing seems to increase the likelihood of a sale while still providing decent profits. However, it is essential to ensure that any price adjustments do not undermine the perceived value of our product in the marketplace. Constant monitoring of competitor pricing and customer feedback will help guide future pricing decisions."
87,6.5,46.87906266262438,154.70090678666043,"Strategy 1: Experiment with lowering the product's price temporarily to generate increased sales and greater market exposure in a competitive landscape, while monitoring any impact on overall profitability.

   Strategy 2: Perform customer surveys and gather feedback to better understand buying behavior and optimal pricing levels based on factors such as perceived value, price sensitivity, and competitors' offerings.","To achieve a balance between maximizing sales and profitability, it is essential to consider market trends, customer demands, competitor prices, and overall revenue objectives in pricing decisions. Adjusting the price point dynamically and monitoring the impact on sales volume can lead to an optimized pricing strategy that benefits both the company and the customers."
88,7.45,21.20688043571053,90.12924185176976,"- Continue adjusting the price in small increments to find an optimal balance between profit and sales.
- Analyze the effect of different pricing strategies, such as dynamic pricing based on market conditions or competitor analysis.
- Investigate whether bundling products at a discounted rate could help increase overall revenue.","- Lower prices tend to result in more sales but lower profits per unit.
- There appears to be a ceiling effect on profit with higher price points, as the maximum profit was achieved at $8.0 (Round 10).
- The balance between maximizing profit and increasing sales is crucial for overall revenue growth."
89,6.95,33.458944125318595,125.47104046994474,"I propose conducting further tests with different prices in the range of 6-8 to identify the ideal price that maximizes both quantity sold and profit. Additionally, investigate potential customer segments sensitive to price variations and their response to pricing strategies.","The observations from this analysis show a strong sensitivity among customers towards price changes. Optimizing the price may lead to substantial increases in quantity sold without compromising profits. Furthermore, it seems crucial to gather more data on consumer behavior to identify potential price elasticities and price sensitivity within different segments of our target audience."
90,6.95,33.458944125318595,125.47104046994474,"Continue monitoring market trends and adjust pricing strategy accordingly, aiming for a price that maximizes both profit and volume. Consider focusing on expanding the customer base by exploring targeted promotions or discounts. Maintain a balance between immediate profits and long-term growth.","Price volatility impacts sales significantly; lower prices lead to more units sold, while higher prices yield higher individual profit margins. A compromise needs to be found based on overall strategic goals. Sales volume is essential, as it contributes to long-term growth and market share. Focusing solely on immediate profits may limit potential for expansion over time."
91,7.5,20.18132222603788,86.77968557196289,"Focus on maintaining a competitive pricing strategy that reflects market demand for the product while striving for a reasonable profit margin. Continuously monitor sales volumes and adjust pricing as necessary, taking into account any changes in cost or competition.","The product has shown varying demand levels based on price points, with noticeable sales increases when priced between $7.4 and $7.6. However, maintaining a high profit margin necessitates finding the right balance between pricing competitively and ensuring the profitability of the company itself. Monitoring market trends and keeping tabs on potential competition will be key in setting an ideal price for maximum sales volumes while still preserving profit margins. It seems that the sweet spot lies between $7.4 and $7.6, but it's important to be adaptable and make adjustments when needed based on further market data."
92,6.75,39.23368301671084,139.27957470932347,"Maintain a strategic approach to pricing by analyzing the impact of different prices on sales volume. A price range of 6.75-8 can be considered for the short term as it has demonstrated both decent sales while still maintaining profitability. Longer-term plans could include experimenting with slight adjustments, observing their impact on sales volume and profitability before settling on a new pricing strategy.","Low prices can result in more frequent sales but may not be sustainable if they jeopardize profitability. The sweet spot seems to be near 6.75-8, where a decent volume of sales is achieved while still maintaining profitability. Careful observation of price adjustments and their impact on sales volume and profitability is essential for long-term pricing stability."
93,7.95,12.592276483513231,59.81331329668785,"- Continue observing pricing trends and adjust accordingly to maximize sales.
   - Consider introducing a more gradual price reduction strategy in future rounds.
   - Analyze trends between price reductions and increased demand (e.g., Round 72, Round 82) to refine the approach moving forward.","- Consumers respond positively to lower prices; setting the price closer to the perceived “value” of the product appears to encourage higher sales volumes.
   - Price changes should be considered carefully, as increasing the price too quickly may discourage customers from purchasing (ex. Round 65 to Round 66).
   - Sometimes, a slight increase in price can have an immediate positive effect on demand when positioned correctly (e.g., Round 38, Round 40) or after lower prices have built demand for the product."
94,6.5,46.87906266262438,154.70090678666043,"In future pricing rounds, consider testing lower prices and observe their impact on quantity sold. Monitor consumer reactions to see if there is a correlation between price reduction and increased sales. Maintain careful records of both price and quantity data.","Consumers appear sensitive to price changes, with a noticeable decrease in sales when prices are set higher than $8. However, the relationship between price and sales seems to be complex, as reductions below certain thresholds do not always cause immediate increases in sales. Further exploration of consumer behavior may provide insights into why this is happening and how best to capitalize on it. Additionally, keep a close eye on possible shifts in market patterns or competitor responses that might affect our strategy going forward."
95,7.45,21.20688043571053,90.12924185176976,"The pricing strategy should aim to find the optimal price range where demand is high. This appears to be between 6 and 9 dollars. We can further experiment with minor adjustments within this range to identify the exact optimal price. Further, we need to closely monitor market trends and competitor pricing.","- The product demand increases significantly around the 7-dollar mark and experiences a sharp decline when moving below that threshold or beyond 9 dollars.
    - It is important to keep an eye on market trends, as well as competitor pricing, to make informed decisions about our product's price.
    - A more aggressive pricing strategy may be worth considering, as there appears to be significant demand at lower prices compared to the initial high prices."
96,7.0,32.0821300824607,121.91209431335065,"The goal is to identify the optimal pricing strategy for this product. To achieve this, we will continue monitoring the trend in both price and quantity sold. Additionally, we should consider the potential impact on profits caused by changes in demand at different price points.","It appears that there is a sweet spot around $7 in terms of pricing where the volume of units sold increases significantly. However, further research might be necessary to determine whether maintaining such a low price could sacrifice profit margins due to potential decreased product quality or increased operational costs. Additionally, understanding the reasons for fluctuations in demand at specific prices could provide valuable insights into customer preferences and help inform future pricing decisions."
97,7.3,24.508501313237172,100.4848553842724,Maintain price within the range of $7.0 to $7.5 to maximize sales volume and profits. Regularly monitor market demand and supply to adjust pricing strategy accordingly.,"Pricing strategy plays a crucial role in determining sales volume, as evidenced by the significant increase in sales when the price was lowered to $7.5. Continually monitoring market conditions and readjusting prices will help optimize profits."
98,7.5,20.18132222603788,86.77968557196289,"* Continue monitoring sales at various price points to identify optimal pricing strategy for maximizing profit.
   * Consider decreasing the price slightly (e.g., from $8 to around $7.5) to test if there is an increase in unit sales without significantly affecting profits.
   * Conduct market research to understand what factors affect customer's perception of value related to this product and how it may impact their willingness to purchase.","* Customers are sensitive to price changes, especially within the range of $6 - $10, as sales fluctuate significantly.
   * There appears to be a 'sweet spot' in pricing between $7 and $8 where profits remain consistent while units sold increase compared to higher prices.
   * Further research is required to understand why customers reduce their purchases when the price goes above $10, such as perceived value or competition."
99,7.15,28.14056074291438,111.15521493451182,"Analyze sales data in depth and apply statistical analysis techniques to identify patterns, trends, and optimal pricing points. Continuously monitor market conditions and competitors' strategies to adjust prices accordingly and maintain competitive advantage.","Demand seems to be sensitive to price changes; optimal pricing appears to lie between $7.0 - $7.2. Price fluctuations appear to impact demand significantly, suggesting the need for dynamic pricing strategies. Market conditions should be closely monitored to capitalize on opportunities and maintain competitiveness. Competitor actions may also influence pricing decisions due to competition's impact on market dynamics."
100,7.5,20.18132222603788,86.77968557196289,"Maintain a price range between $7 - $8, as this appears to balance between profitability and sales volume. Continuously monitor the market dynamics and be ready to adjust the pricing strategy if necessary.","Lowering the price increases sales volume; however, it is important to ensure that the selling price remains profitable. Monitoring the market trends closely will help in making informed pricing decisions. The data also suggests a trend of cyclic peaks and troughs in terms of price and sales volume, which must be taken into account when setting prices."
101,7.5,20.18132222603788,86.77968557196289,"Continue monitoring the relationship between price and sales quantity, aiming to find the optimal balance between high prices and sufficient sales volume. Consider testing slightly lower prices in later pricing rounds to see if it can lead to increased sales without significantly decreasing profits.","It has been observed that higher prices may lead to reduced sales volume, but they also result in more profit per sale. However, it's important to find the optimal balance between high prices and sufficient sales volume. Lower prices might be worth considering in future pricing rounds to boost sales without significantly decreasing profits."
102,6.5,46.87906266262438,154.70090678666043,"For future pricing rounds, it would be wise to continue monitoring the trend towards lower prices and adjust accordingly if necessary to maintain market competitiveness. It is crucial to keep an eye on both price and quantity to ensure profits stay high.","The data suggests that a price range of around $6.48 - $7.95 works well in driving sufficient profit and maintaining market competitiveness. It is advised to continue monitoring and adjust pricing accordingly based on the quantities sold, as prices closer to the lower range have yielded relatively higher profits. Additionally, be mindful of trends towards specific price points being successfully marketed, such as $6.5 (rounds 35-40)."
103,6.48,47.50208125210602,155.80682650690775,"We should consider lowering the price to encourage higher sales volumes. However, we should also examine market trends and competitor pricing to prevent our product's perceived value from decreasing too much.","- Low prices generate more sales and higher overall profit (as exemplified by rounds 10-25).
- Middle price ranges (7.5-7.8) result in lower sales volumes.
- Higher prices might lead to a decrease in perceived value and total units sold."
104,7.3,24.508501313237172,100.4848553842724,"In the immediate future, consider experimenting strategically with price points around the 7 dollar range, as this seems to be an attractive zone in terms of quantity sold and potential profit. Keep a close eye on this trend while exploring slight variations to gauge the optimal price point.","Pricing strategies need to be flexible to capitalize on the observed demand elasticity. It appears that consumers are more likely to purchase when prices fall between 6-8 dollars, but it's essential to monitor this trend closely as factors such as competitor pricing and market trends may influence our profitability."
105,6.5,46.87906266262438,154.70090678666043,"Consider testing a lower pricing strategy again, similar or slightly above the lowest price point observed ($6.48). This could potentially maximize sales while reducing overhead costs if lower prices lead to increased demand without significant increases in production cost. It would be important to monitor market trends and competitor strategies closely during this time.","Lower pricing seems to attract more customers, although there is a potential trade-off between price and profit margins. Increasing the price does not necessarily lead to an equal increase in sales; however, it may be important to maintain or slightly exceed the competitive market price to avoid being undercut by competitors. Monitoring market trends can help inform decisions about which pricing strategy to pursue and when to adjust prices accordingly."
106,7.05,30.735801686526386,118.33283649312658,Maintain close attention on the relationship between price and sales volume. Continue observing fluctuating prices and their effects.,"Lower prices tend to result in a higher number of units sold compared to higher prices, even though profit per unit may be lower."
107,6.95,33.458944125318595,125.47104046994474,Maintain price points around 7 or lower if possible. Monitor trend and adjust accordingly. Keep an eye on the competition and market conditions to ensure optimal pricing.,"Lower prices seem to correspond with higher sales and profits. However, it's essential to maintain a competitive edge while staying aware of market fluctuations and competitor actions. Monitor and adapt pricing accordingly to maximize profitability."
108,7.5,20.18132222603788,86.77968557196289,Consider testing prices within the 7-8 dollar range to determine the optimal selling point. Explore advertising strategies and promotional offers within this price range to increase sales volume while maintaining profit levels.,"The data reveals a strong correlation between price and profits, but not always a direct one. Lowering prices can sometimes lead to increased sales volumes without a proportional decrease in profit earned. It's essential to strike a balance between price, profit, and units sold when making pricing decisions."
109,7.0,32.0821300824607,121.91209431335065,"To maintain or increase sales volume, it is essential to monitor the price closely and adjust it based on customer response. Regular monitoring of competitor prices should also be considered to remain competitive. Additionally, implementing a promo code or discount scheme could help boost sales temporarily if our product is priced higher than competitors.","The fluctuating price does not seem to have a significant impact on the overall profit earned. However, it is important to note that the maximum profit was achieved when the price was set at $7.51 in round 13, despite having fewer products sold compared to lower-priced rounds. This indicates that a moderate price increase might be beneficial for increasing profits if justified by reasonable improvements in product quality or unique features added to the offering."
110,6.47,47.81389460283988,156.3514353512864,"Consider keeping the price within the range of 6.48 to 7.05, as this seems to maximize profits in the early rounds. Also, explore pricing strategies that take advantage of the increased demand and profitability in the latter rounds (rounds 25-39), without sacrificing profits from earlier rounds.",It's important to be aware of consumer behavior during these price fluctuations and adjust pricing strategy accordingly. The data suggests that there is more demand at lower prices and an opportunity to increase profit margins in the later pricing rounds. Keep monitoring price elasticity and overall market trends to ensure optimal pricing decisions.
111,7.2,26.894142136999513,107.57656854799805,"Based on the current trends, I recommend continuing to adjust prices slightly upwards towards the higher sweet spot of $7.20 while keeping an eye out for any changes in demand at different price points.","The overall trend demonstrates that customers are generally willing to pay more for the product, but a careful balance between price and volume is important. It appears there is some resistance to prices around $7.05, $7.10, and $7.30, suggesting potential adjustments or promotions below these thresholds may help drive sales volumes up."
112,6.95,33.458944125318595,125.47104046994474,"- Continue monitoring sales data to identify an optimal range of prices for maximum profits.
  - Consider offering discounts or promotions at certain thresholds to encourage higher sales volume, especially if it leads to positive customer feedback and increased brand recognition.","- Lowering the price slightly might lead to a significant increase in unit sales, thus boosting overall profits. However, it is important to strike a balance between profit per unit and total sales volume.
  - Regularly analyzing pricing trends and making timely adjustments can help maximize profits by leveraging consumer demand dynamics."
113,6.8,37.754066879814545,135.91464076733234,"- Continue to monitor consumer demand and adjust pricing strategies accordingly.
   - Experiment with a price point between $6.5-$7.0 to find the most profitable sweet spot.
   - Offer promotions or discounts on units that are not selling quickly to maintain inventory freshness.","- Consumer demand plays a significant role in the profitability of the product, as seen by the fluctuations in profit at certain price points.
   - A higher price does not always result in higher profitability – finding the optimal balance between price and demand is crucial.
   - Maintaining a balanced inventory is important for ensuring a steady cash flow and to keep up with consumer demand."
114,7.0,32.0821300824607,121.91209431335065,"As we approach new pricing rounds, it is important to take into account the observed patterns in our data. Notice that higher prices can yield a higher profit, but it may affect the number of units sold significantly. We should consider balancing price and quantity to maximize revenue. A strategy involving gradual increases in the price could potentially be effective.","Throughout these pricing rounds, we learned that setting a very low price might not result in high sales or profit. However, finding the right balance between price and quantity can help maximize revenue. It's also important to note that prices as high as $7.45 have been tried with some success, but further observation and analysis is necessary before making any decisive conclusions about optimal pricing."
115,6.49,47.19046255916132,155.25662181964074,"Maintain a flexible pricing strategy, adjusting it based on the response of the market to our product. Consider implementing regular price changes within a reasonable range to encourage customer purchases while maximizing profit.",Higher prices may not always lead to higher sales quantities. Adjusting the price downward when necessary could potentially increase sales and maintain a steady revenue stream. Keep a close watch on market trends and competitor pricing for reference.
116,6.5,46.87906266262438,154.70090678666043,Maintain price around $6.5 to maximize sales while minimizing the cost impact on consumers. Regularly analyze market trends and competitor pricing strategies to determine if adjustments are necessary.,"Lowering the product price to $6.5 led to an increase in sales, suggesting that many consumers were unwilling or unable to purchase at a higher price point. However, it's important to remember that excessive pricing decreases can lead to profit margin concerns. Additionally, conducting market research on consumer perceptions of value and monitoring competitor pricing strategies is crucial for maintaining long-term success in the marketplace."
117,7.05,30.735801686526386,118.33283649312658,"To optimize our pricing strategy, it would be beneficial to monitor market conditions closely and adjust the price accordingly. We should consider lowering the price when demand is high and competition is low, and raising it when demand decreases or competitors introduce similar products. Additionally, we might want to explore offering small quantity discounts to encourage larger volume purchases.","Based on previous rounds, it appears that our pricing strategy has some room for improvement. Lowering the price slightly can result in increased quantities sold, despite bringing down revenue per unit. However, maintaining a higher average price might still be beneficial over the long term due to increased profits associated with higher units sold. In future pricing rounds, we should continue to experiment with different pricing strategies and monitor their impact on demand and profitability."
118,6.5,46.87906266262438,154.70090678666043,"Maintain a broad range of prices to appeal to the diverse market demands. Pay attention to the sales trends and adjust product offerings accordingly, leaning towards lower price points for higher sales quantities. Monitor the number of units sold at each incremental increase in price and make adjustments based on the resultant sales volume.","Analyze the correlation between price and sales volume to identify any patterns or trends in customer behavior. Consider potential causes such as market demand, competitive offerings, and seasonality. Take into account the impact of fluctuations in sales volume and adjust pricing strategy to optimize revenue while maintaining inventory levels."
119,7.0,32.0821300824607,121.91209431335065,"Future pricing rounds should examine the pattern formed by the price changes and aim to capitalize on the higher selling prices, while also considering potential fluctuations that may occur during the decline phase.","It is essential to monitor market trends closely; taking note of how competing products are priced will provide valuable information in setting pricing strategy. Additionally, it would be helpful to investigate the underlying causes of these price changes to better understand customer behavior and preferences."
120,6.92,34.29895373265016,127.59210788545859,"In order to maximize profits, it seems necessary to find the optimal balance between price and quantity sold by experimenting with different price points over time. If we notice that demand increases significantly at lower prices while maintaining or even slightly increasing overall profit, we may want to consider permanently reducing the price.","A key insight is how sensitive consumer demand can be to price changes in our product range. Lowering the price resulted in a higher number of sales and eventual profit, but it's essential to ensure that profit margins remain comfortable even at lower prices. Additionally, we should monitor the market to understand whether competitors may follow suit with similar pricing strategies in order to maintain competitiveness in the market."
121,6.45,48.438008427698435,157.4235273900199,"-Analyze competitor pricing strategies
   -Explore market segmentation opportunities to target price-sensitive customers
   -Implement promos or discounts at strategic price points (below $6.48) to drive high sales volume","-Price point of $6.75 has a significant impact on sales but requires a lower sales volume to meet profit goals
   -Prices above $7.00 significantly decrease sales volume
   -Promotions or discounts can help drive higher sales volumes at strategic price points"
122,6.51,46.567905633069564,154.13976764546024,"- Monitor the effects of small price changes on quantity sold and profit earned.
   - Explore pricing strategies that aim to maximize profit while maintaining a competitive market presence.
   - Investigate ways to analyze customer buying patterns and adjust pricing accordingly.","- Increasing the price above 7.05 results in a significant drop in quantity sold, suggesting this might be the maximum price point that customers are willing to pay before significantly reducing their purchases.
   - Lowering the price below 6.48 does not appear to have the desired effect on increased sales, as there is little difference in the number of units sold at these price points.
   - It seems advantageous to consider offering discounts or promotions around Round 30 when prices are higher, in an attempt to entice potential customers and increase sales volume."
123,6.81,37.4607650279449,135.23336175088107,Continue monitoring the relationship between price and quantity sold. Consider lowering the price slightly for the next round to encourage higher sales and maintain a competitive market position.,"Lower prices seem to lead to increased sales, but it's important to prevent underselling by taking into account production costs and market demand. The trend of higher sales on even-numbered rounds may suggest that the current customer base is more active during those times, but further data analysis would be necessary to confirm this hypothesis."
124,6.52,46.25701546562508,153.57329134587525,"Aim to keep prices above $6.50 while closely monitoring market fluctuations. If selling quantity drops below 37 items, consider temporarily lowering price in order to maintain sales momentum.","Observed a general decline in profits after the initial surge at higher prices. Attempting to stabilize profit by keeping prices near $6.50, while being mindful of fluctuations and adjusting accordingly. Continue monitoring customer buying behavior and market trends to optimize pricing strategy further."
125,6.78,38.34334954786808,137.26919138136773,Maintain current product price in the range of $6.70 to $6.80 to encourage adequate volume sales and maximize total revenue generated. Continuously monitor market conditions and adjust pricing strategy accordingly.,Higher prices may lead to lower volume sales; aim for a pricing sweet spot around the current price of $6.75. Regularly reevaluate the impact of pricing on revenue generation and adapt as needed.
126,7.0,32.0821300824607,121.91209431335065,"- Study customer sensitivity to price by adjusting it slightly up and down from current price points
   - Monitor sales quantity and profit earned to determine optimal pricing strategy for maximum profits
   - Keep an eye on the price points that result in lower sales or profits for potential opportunities to increase revenue","- Customers show a sensitivity to price with sales quantity and profit fluctuating depending on price changes
   - Lower prices within the observed range could potentially lead to increased overall profit due to higher sales quantities
   - There are specific price points (6.99, 7.06, 6.89) that significantly affect sales and profits; it may be beneficial to assess the impact of adjusting these prices slightly up or down"
127,6.5,46.87906266262438,154.70090678666043,Maintain a careful watch on the market trends and customer reactions during the pricing adjustments. Analyze the sales figures post each price change and make necessary modifications based on the insights gained.,"It is important to consider both the short-term and long-term effects of each price adjustment on sales quantities. Short-term reactions might influence immediate sales, but longer-term trends could indicate changing customer preferences or market conditions."
128,6.75,39.23368301671084,139.27957470932347,"""Evaluate the impact of pricing on weekly sales and adjust prices based on previous round's performance to optimize revenue.""","""Increasing price does not always lead to an increase in total revenue. Consider market trends, customer perception, and competitive landscape before making any changes."""
129,6.48,47.50208125210602,155.80682650690775,Continue monitoring sales and adjust price slightly downward to promote increased unit sales. Consider introducing targeted promotions during periods of reduced unit sales to stimulate interest and encourage more purchases.,"Price sensitivity has been observed as a significant factor affecting sales volume. Lower prices drive increased unit sales, while higher prices may discourage consumers from purchasing. Continue to analyze price trends and their impact on overall profitability. Marketing efforts should focus on increasing consumer awareness and interest in the product during slow periods of sales."
130,6.48,47.50208125210602,155.80682650690775,"- Maintain our current pricing strategy but with a slight adjustment to account for the slight drop in demand we saw in certain rounds.
   - Continuously monitor and observe customer response to the product at different price points.
   - Revisit the pricing strategy every 10 rounds to make data-driven decisions.","- Customers are generally willing to pay around 6.5, but higher prices may result in lower sales.
   - There is a correlation between price and quantity sold, suggesting that lowering the price may increase demand.
   - While maintaining our current pricing strategy may be profitable, there might be untapped revenue potential if we optimize for a larger market segment."
131,6.5,46.87906266262438,154.70090678666043,"Maintain current pricing trend while monitoring for potential opportunities to slightly reduce the price to increase sales volume and profits. Keep a close eye on significant changes that may influence the market demand, such as competitor actions, seasonal factors, or news events related to this product category.","The data suggests that maintaining consistent pricing can be effective in driving consistent sales and profits, but there is a possibility of increasing sales volume through minor price reductions. However, it's crucial to analyze carefully any potential market factors that may impact pricing decisions, as sudden price increases without corresponding demand can reduce overall profitability. The information on this dataset provides valuable insights into the dynamics of the given product in this specific market and time frame. It is important to monitor changes and adapt pricing strategies accordingly to maximize profits while also maintaining a competitive edge."
132,6.5,46.87906266262438,154.70090678666043,"Keep an eye on the competitors' prices and adjust ours accordingly to remain competitive. Considering the steady volume of sales at around 40 units per round, it might be beneficial to find a sweet spot between maintaining profitability and attracting more customers with a slightly lower price.","The relationship between price and quantity sold may not always follow a direct correlation. Though higher prices can generate higher profits on some occasions (e.g., 6.81 with 37 units sold), setting a lower yet competitive price may lead to an increase in sales volume, ultimately resulting in increased overall profits. Monitor this trend closely for consistency and adjust pricing strategy as necessary."
133,6.75,39.23368301671084,139.27957470932347,"- Continue observing the relationship between price and quantity
   - Investigate the reasons behind the notable exception in round 34-41 where demand increases with higher prices
   - Consider implementing a strategy that takes advantage of the apparent response in demand at certain price points","- There is some responsiveness in demand to changes in price, but the relationship appears to be nonlinear and not strictly elastic
   - Demand seems sensitive at specific price points, indicating potential opportunities for strategic pricing
   - It may be beneficial to gather additional data on customer behavior, preferences, and market conditions to better understand this dynamic"
134,6.5,46.87906266262438,154.70090678666043,"- Continue analyzing the data collected so far to ensure thorough understanding of price-demand dynamics and customer behavior.
   - Identify key price points that strike a balance between maximizing profit and ensuring high demand.
   - Consider conducting additional transactions at various price points to further refine our pricing strategy.","- Demand for the product appears to be relatively steady, with some fluctuations indicating potential room for optimization.
   - The relationship between price and demand seems linear but further analysis is needed to confirm this.
   - Understanding buyer preferences and market dynamics will be crucial in developing an effective pricing strategy."
135,6.75,39.23368301671084,139.27957470932347,"- Monitor price fluctuations more closely to identify any underlying patterns or trends.
   - Investigate potential external factors influencing price changes, such as market conditions, promotion activities, or competition.
   - Examine quantities sold in relation to prices and make adjustments accordingly to optimize unit sales.","- It can be difficult to predict the optimal price based solely on supply and demand when other factors, such as marketing efforts or competitor actions, play a significant role. In this situation, it may be useful to consider multiple pricing strategies simultaneously to optimize profits.
   - While quantity sold is often used as a key indicator of demand, care should be taken in situations where external factors can impact the relationship between price and sales volume. This underscores the importance of monitoring multiple factors when making pricing decisions."
136,6.7,40.733340004593025,142.5666900160756,Focus on maintaining a consistent price level around the mid-point of our observed range (approximately $6.7). Monitor the fluctuation in sales volume to determine if this price point provides optimal value to customers while maximizing profit.,"By establishing a consistent price, we aim to create stability and predictability in revenue generation. However, it is crucial to analyze the data further to understand if the current price strategy is cost-effective or if adjustments are necessary for increased success. Additionally, monitoring fluctuations in sales volume may help identify potential seasonal trends or customer demands that could guide future pricing decisions."
137,6.75,39.23368301671084,139.27957470932347,"Maintain a variety of price points to attract both price-sensitive customers seeking lower prices and those who value higher-quality items at a premium. Consider offering some products at multiple price tiers (e.g., a bundled package or a discounted multi-item purchase) to cater to different customer preferences and budgets.","The data shows a trend that suggests customers are more likely to be enticed by lower prices initially but may be willing to pay higher prices for items perceived as of better quality or for those bundled/discounted in packages. It is essential to strike the balance between competitively pricing items to attract customers and ensuring profitability for the business. Additionally, monitoring trends in price changes over a longer period may provide insights into broader market shifts and customer preferences."
138,6.5,46.87906266262438,154.70090678666043,"To optimize profit, it would be beneficial to explore a pricing strategy that keeps the product relatively low-priced yet maintains high demand. Testing various price points in the range of 6.48 - 6.52 could help determine the sweet spot for maximizing sales and profits.","Insights gathered from this analysis reveal that there are significant fluctuations in both selling quantity and profit, despite a relatively stable price range. This suggests maintaining a competitive and reasonable pricing strategy to ensure demand while capitalizing on high-profit opportunities as they arise."
139,6.75,39.23368301671084,139.27957470932347,"* Monitor price oscillation and ensure it doesn't lead to a stagnant market
   * Analyze fluctuations in quantity sold and assess whether they are due to external factors or internal price adjustments
   * Consider implementing dynamic pricing strategies based on time of day or customer preferences","* Prices tend to oscillate between ~6.48 and 6.81, with no clear trend towards higher or lower prices over time
   * Quantity sold remains relatively stable at around 38 units per round
   * Future pricing strategies should account for potential price elasticity of demand and the impact on sales volume"
140,6.79,38.048268035291564,136.5932822466967,"- Maintain current demand levels by monitoring competitor prices closely
   - Implement a pricing strategy that emphasizes numbers ending in ""7"" and ""8,"" as this seems to attract more demand
   - Perform market research to better understand customer behavior patterns regarding price and product preference","- Demand appears to be steady at around 38 units per round, with occasional slight increases or decreases
   - Price points ending in ""7"" and ""8"" have higher demand as compared to other numbers
   - Competitive pricing analysis is crucial to ensure pricing competitiveness in the market
   - Continuous monitoring and adaptation of the pricing strategy based on customer and market behavior will likely lead to improved sales performance"
141,6.78,38.34334954786808,137.26919138136773,"With careful analysis of the historical data, it appears that a stable pricing strategy may be best to maximize profits. Continue observing price trends and adjust strategy as needed based on new data points. Keep in mind the sensitivity of profit margins when adjusting prices.","Price fluctuations have a significant impact on overall profits, suggesting a delicate balance must be maintained between offering an attractive price while maintaining high profits. Monitor the market closely to ensure optimal pricing decisions are made. Additionally, consider experimenting with strategic price reductions or increases to better gauge customer willingness to pay."
142,6.75,39.23368301671084,139.27957470932347,"Continue adjusting the selling price strategically to strike a balance between high quantities and profits, monitoring the impact of each change on sales and revenue. Consider implementing A/B testing or other techniques to determine which price points lead to the most successful outcomes.","The product's sales seem correlated with its pricing — higher prices result in lower quantities sold but often yield a greater profit per sale, while lower prices generally attract more buyers, although profits are smaller per-unit. This suggests that a dynamic pricing strategy targeting both revenue and unit volume may offer the best outcome for this product. Additionally, periodic price adjustments appear effective in maintaining sales momentum and adapting to market demand fluctuations."
143,6.79,38.048268035291564,136.5932822466967,"Maintain a flexible pricing strategy, adjusting prices up or down based on current market conditions. Regularly monitor the impact of price changes on profit and quantity sold to optimize overall earnings. Experiment with prices within the range of 6.48 - 6.81 to identify the most profitable equilibrium point.","Price increases can lead to increased profits, but careful consideration must be given to avoid overshooting the optimal price point and causing a decrease in sales volume. Conversely, slightly lowering the price when necessary can help boost sales, especially during periods of decreased demand or competition."
144,6.75,39.23368301671084,139.27957470932347,Maintain current pricing strategy and continue monitoring its impact on sales quantities and total profits. Consider testing slight increases in the average selling price if a positive trend is observed.,Prices near 6.75 seem to result in moderate-to-high sales quantities. Price fluctuations can significantly affect total profit. Continued monitoring of sales data is essential for optimizing the pricing strategy.
145,6.8,37.754066879814545,135.91464076733234,"For the next pricing round, try to experiment with a slightly higher starting price than 6.79 to see if it results in increased sales. Maintain a close watch on competitor prices, consumer feedback, and market trends to ensure optimal pricing. Consider offering various package deals or coupons for repeat customers to encourage loyal patronage.","- The data shows that a higher starting price does not necessarily result in lower sales, as seen with the peak at 6.79. However, consistently lower prices could negatively impact overall pricing strategy and customer satisfaction.
   - Customer behavior seems to be reactive and varied, making it challenging to establish a clear pattern in purchasing decisions based on price alone. Other factors such as promotions, competitor prices, and customer sentiment should also be considered when determining the optimal sale price.
   - Keep a keen eye on market trends and monitor sales from previous pricing rounds for further insights regarding the perfect balance between maximizing profits and appealing to consumers with affordable yet high-quality offerings."
146,6.6,43.782349911420226,148.85998969882874,"- Analyze fluctuations in price and quantities sold to find patterns or trends that may suggest optimal pricing strategies.
   - Consider A/B testing different pricing strategies in future rounds to assess their impact on sales volume and revenue.
   - Monitor the overall market stability and consider the potential for external factors affecting demand.","- The average number of units sold per round suggests a consistent customer base with fluctuating demand.
   - A sweet spot for pricing may exist near $6.50, which appears to be a relatively high-performing price point given the consistent sales volume.
   - It is important to pay attention to future trends and external market factors that might affect demand and potentially warrant shifts in pricing strategy."
147,6.79,38.048268035291564,136.5932822466967,No plan found.,No insight found.
148,6.5,46.87906266262438,154.70090678666043,"Given the steady trend of the median price around 6.5 and lack of strong response to price reductions, it might be beneficial in the forthcoming rounds to maintain a slightly higher price point. Continuing to analyze the trends in the data may reveal additional insights into potential consumer behavior or market conditions.","- Despite occasional dips in price, there appears to be a general preference for maintaining prices around 6.5, and any lowering of price does not significantly increase quantity sold.
- Further investigation is needed to determine the underlying factors contributing to the fluctuation and stability in this market.
- It would be essential to continue monitoring trends over several more pricing rounds before making significant adjustments to our strategy."
149,6.7,40.733340004593025,142.5666900160756,"```
1. Analyze historical data for trends and patterns to determine an optimal price range.
2. Consider factors like demand, competition, production costs, market conditions when setting a new price.
3. Conduct regular price sensitivity tests to ensure the chosen price is competitive yet profitable.
4. Monitor the impact of any changes in pricing on revenue, profit margins, and overall business performance.
5. Implement strategies to optimize the product’s positioning and market penetration based on pricing decisions.
```","```
1. The current price range appears to be effective in maintaining a consistent demand for the product.
2. Prices in the $6.50-$7.00 range result in profitable sales with little drop-off in quantity sold.
3. There seems to be minimal sensitivity to changes in pricing, as fluctuations do not significantly impact the number of units sold.
4. It may be beneficial to conduct further research to identify any external factors that could contribute to potential price variations or increases/decreases in demand.
5. Regular monitoring and analysis are crucial for maintaining a competitive advantage in the market.
```"
150,6.5,46.87906266262438,154.70090678666043,Maintain a pricing strategy that keeps the price within the range of 6.48 to 6.79. Aim for quantities to consistently sell over 38 units per round by marketing and demand creation initiatives. Continuously monitor profit earned and adjust pricing as needed.,"Increasing the price beyond 6.79 does not seem to lead to increased profits, instead, it reduces the quantity sold. On the other hand, maintaining a consistent price within the range of 6.48 to 6.79 and selling over 38 units per round results in profit margins hovering around 136.59 or 155.81. Aim for a pricing strategy that takes advantage of this relationship between price, quantity sold, and profit earned."
151,6.78,38.34334954786808,137.26919138136773,"In order to maximize profitability, I suggest adjusting the price slightly above $6.5 but taking care not to raise it too high. It might be best to test out a few different price points around the $6.78 and $6.80 range, as this seems to have been profitable in the past.","It appears that maintaining a price slightly above $6.5 results in higher profits than selling at $6.5 itself. However, raising the price too high has a negative impact on profitability. This suggests that there is an optimal price range where profits are maximized."
152,6.5,46.87906266262438,154.70090678666043,"- Keep tracking and analyzing the relationship between price and quantity sold.
   - Test slightly decreasing the price by $0.01 or so, to see if it results in increased sales while maintaining an acceptable profit margin.
   - Monitor market trends and competitor prices, as they may provide insight into ideal pricing strategies.","- Lowering the price can lead to more units sold, but should be done cautiously to avoid eroding profit margins.
   - The ""sweet spot"" with reasonably high sales and acceptable profit seems to be around a price of 6.5.
   - It may also benefit us to monitor the price point where sales start to drop, as it would provide an indicator for raising prices while still maintaining reasonable demand."
153,6.5,46.87906266262438,154.70090678666043,"- Maintain a price range of 6.5 to 6.8 to encourage consistent sales and maintain profit margin.
   - Consider offering limited time promotions or bundle deals to boost sales when overall sales volume has been low in previous rounds.
   - Monitor competitor pricing strategies and adjust accordingly to remain competitive.","- The item seems to have a consistent demand, with small fluctuations over the observed rounds.
   - Higher prices (around 7) could result in lower sales volumes but slightly higher profits if demand remains strong.
   - Lower prices (around 6) can lead to increased sales volumes and potentially maintain similar profit levels as well."
154,6.75,39.23368301671084,139.27957470932347,No plan found.,No insight found.
155,6.5,46.87906266262438,154.70090678666043,"```
Price adjustments should aim for a range between 6.48 and 6.5, considering that these prices result in higher quantity sales. It's essential to strike a balance between profit margins and attracting customers.
```","```
The price of the product seems to have little impact on the number of units sold, as some high prices resulted in fewer sales compared to lower prices. This could indicate that other factors such as competition, advertising, and perceived value may play a significant role in consumer decisions to purchase this product. Additionally, it's worth exploring if offering discounts or promotions at certain price points might help boost sales.
```"
156,6.5,46.87906266262438,154.70090678666043,Maintain a competitive pricing strategy while monitoring market trends. Consider periodically increasing the price to maximize profits but be aware of potential decreases in sales due to increased prices. Monitor competitors' pricing and evaluate potential adjustments accordingly.,"The product appears to be in a highly competitive market with sensitive price points; small price changes can significantly impact profitability. Despite attempts, it cannot be confirmed that higher prices necessarily result in proportionally higher profits compared to lower prices. A more granular analysis of sales data should be performed to identify any pattern between profit and prices. It is essential to maintain a close watch on competitors' pricing strategies for potential adjustments."
157,6.5,46.87906266262438,154.70090678666043,Continue monitoring market trends and adjust prices accordingly to maximize profit while maintaining a competitive edge. It may be beneficial to analyze customer feedback and shopping habits more deeply to determine potential pricing strategies.,"The market appears sensitive to price changes, as shown by the fluctuations in sales volume. Maintaining a consistent, lower price seems to attract more customers. However, occasional price increases can be utilized strategically to recover lost profit or capitalize on increased demand. It is crucial to closely observe competitor pricing and adjust strategies accordingly to remain competitive within the market."
158,6.5,46.87906266262438,154.70090678666043,"1. Analyze the pricing trend over several rounds for better understanding of consumer behavior at different price points.
    2. Investigate how changes in demand and competition may influence the observed trends.
    3. Identify any inconsistencies or outliers in the data that might impact our analysis.","- The product has stable demand, with an average of 47 units per round.
    - The price seems to have an inverse relationship with the quantity sold – higher prices lead to lower quantities and vice versa.
    - Round 1 appears as an outlier, with significantly higher sales at a lower price point compared to other rounds."
159,6.48,47.50208125210602,155.80682650690775,"- Analyze the relationship between price and profit more closely to determine an optimal price range
   - Consider implementing a pricing strategy that strikes a balance between maximizing profit and ensuring sufficient sales volume","- Higher prices lead to lower sales volumes, while lower prices increase total sales but may result in lower profits per item sold
   - Profit per item remains relatively stable around 150-160 when the price is below 7 dollars, but drops significantly above this threshold"
160,6.5,46.87906266262438,154.70090678666043,"- Maintain the current promotion strategy to attract a larger customer base at a lower price point ($6.5)
   - Consider further discounts and promotions during slower sales periods to boost unit sales
   - Invest in marketing efforts targeting customers who are sensitive to price but appreciate value for money","- Customers appear to respond positively to the $6.5 price point due to its perceived value for money
   - There seems to be a limit to how low we can go with the price without sacrificing profit margins
   - A better understanding of customer psychology could help identify ways to entice customers to purchase even at higher prices, such as focusing on quality or unique features"
161,6.5,46.87906266262438,154.70090678666043,"Consider a pricing strategy focusing on mid-range prices between 6.49 and 6.5 while monitoring product demand and profit margins closely. Analyze the impact of these variations on overall inventory turnover, ensuring sufficient stock is available to meet customer needs.","Price sensitivity and consumer behavior may play a significant role in our sales performance. Lower prices seem to drive higher quantities sold but with lower profit margins. Higher prices, despite the fewer number of units sold, can result in substantial profits. Balancing these factors will likely yield the best outcomes for our business goals. A dynamic pricing strategy that adapts to market conditions and fluctuations may help optimize sales as well as profit potential."
162,6.5,46.87906266262438,154.70090678666043,"Identify target market segments and analyze price elasticity to determine optimal pricing strategy
   Investigate alternative marketing strategies to attract potential customers at a lower price point without negatively impacting profit margins
   Assess product differentiation options to create variations with different price points","Lower price points (6.48-6.5) generate a larger volume of sales, but higher price points (7.25-7.95) may discourage some potential customers
   Data suggests the need to find a balance between attracting cost-conscious customers at lower prices and maximizing profit margins at slightly higher price points
   Further research needed to determine if offering differentiated products with varying price points could increase overall revenue without losing existing customers."
163,6.5,46.87906266262438,154.70090678666043,"- Maintain a stable price within the range observed (6.49 to 7.95) to minimize potential drops in demand due to excessive pricing.
- Monitor trends and adjust pricing strategy accordingly, taking into account both the observed increase in prices during certain periods and the consistent sales performance across rounds.
- Maintain a close watch on demand levels, as there appears to be steady demand for the product despite fluctuations in price.","- Stable sales can occur amidst fluctuating prices when demand is robust (approximately 46.88 units per round).
- It might be beneficial to study the market environment over a more extended period to determine if there are periods of higher sensitivity to pricing changes and adjust accordingly.
- The observed bias towards lower prices in the second half of rounds implies that customers may be more willing to purchase at lower prices in later parts of the year, potentially warranting a closer look at annual sales trends."
164,6.5,46.87906266262438,154.70090678666043,"As our analysis reveals that lower pricing might lead to more units sold, we should focus on adjusting our pricing strategy to be more competitive in the lower price ranges (e.g., around 6.5) while ensuring that our product's quality and value proposition can justify such pricing adjustments.","Lower pricing seems to generate more demand, but it is important to balance this increased sales volume with margin requirements to ensure profitability. Additionally, finding the right sweet spot where we can offer competitive prices while maintaining our product's value proposition could help us improve our market share and grow our customer base effectively."
165,6.5,46.87906266262438,154.70090678666043,"* Continue pricing around the successful price point of 6.5, with occasional price adjustments based on demand and available resources.
   * Monitor sales patterns to see if prices ending in .1 or .99 have a positive effect on sales volume consistently.","* Lower price points (e.g. 6.5) have historically resulted in greater sales volume compared to higher price points, even though they result in lower profit margins per sale.
   * Prices ending in .1 and .99 appear to be more attractive to customers as indicated by higher sales volumes at these price points (39.23 instances each).
   * The overall success lies in striking a balance between achieving desired profits while catering to customer affordability and driving sales volume."
166,6.5,46.87906266262438,154.70090678666043,Keep monitoring the effect of different price points on quantity sold. Try to identify an optimal average selling price that balances maximizing total revenue with maintaining a high volume of sales. Consider testing lower price points if the current average price is too high and hindering overall sales.,"The data suggests that there may be a limit to how much customers are willing to pay for this particular product at its current state, with most purchases happening between 6.49 and 7.5. It is essential to carefully consider the tradeoff between quantity sold and total revenue when determining pricing decisions."
167,6.75,39.23368301671084,139.27957470932347,"```
   Maintain steady pricing with minor fluctuations based on overall average pricing trends observed. Monitor sales volume closely to ensure consistent demand is met. Consider implementing slightly more aggressive pricing strategies at intervals to maintain competitiveness and attract new customers.
   ```","```
   Pricing fluctuations between 6.5 and 7.25 yield best outcomes in terms of quantity sold and profit. Keep a close watch on the market trends and be prepared to respond quickly if changes necessitate adjustments in pricing strategy. Continuously analyze consumer behavior for opportunities to identify potential areas where demand can be increased or supply chain optimizations can be implemented.
   ```"
168,6.5,46.87906266262438,154.70090678666043,"Moving forward, consider adjusting the price based on the current round's sales data and the associated price elasticity of demand. A good starting point would be $6.50 with a cautious approach to future increases given the sensitivity shown by consumers to higher prices.","Understanding the price elasticity of demand is crucial when deciding on changes to the product's pricing strategy. In this case, observing how consumers react to different price points can inform decisions related to optimizing profit and maintaining sufficient demand for the product."
169,7.15,28.14056074291438,111.15521493451182,"- Continue increasing the price but cautiously to avoid alienating potential customers due to price sensitivity in this range.
   - Keep an eye on competitors' prices and adjust if necessary.
   - Monitor sales volumes and profit margins closely to gauge the impact of price changes.","- Customers appear comfortable with a higher pricing tier between $6.5 and $7.5, but may be price-sensitive at the extremes (below $6.47 or above $7.95).
   - Monitoring sales volumes is important in understanding how market demand reacts to price changes.
   - Competitor analysis can help inform pricing strategy and ensure remained competitive."
170,6.5,46.87906266262438,154.70090678666043,Maintain a stable price around 6.5 for now to ensure consistent sales and gradually test higher prices to gauge market response.,"The market appears to be more receptive to the current price range of 6.47 - 6.95, with higher prices leading to a decrease in quantity sold. It is important to monitor consumer behavior and adjust pricing accordingly to maximize profits."
171,6.95,33.458944125318595,125.47104046994474,"It would be beneficial to explore prices within the range of 6.47 to 7.2 and investigate if a slightly lower price with better quantities or a slightly higher price with higher profit margins proves to be more optimal. Additionally, consider testing the effects of pricing adjustments on various market segments or subsets when possible.","As the price increases beyond 7.2, the number of units sold seems to decrease rapidly while still maintaining a relatively high profit margin. Conversely, when prices are lowered from 6.47, there is an initial increase in quantity sold but at the expense of decreased profit earned per unit. The sweet spot may be between these two extremes where both quantities sold and profit margins can grow together."
172,7.25,25.68319913875188,104.01695651194511,"To optimize sales, consider pricing the product slightly higher than its current lowest point (6.49) to increase profits, while maintaining a competitive edge. It might also be beneficial to analyze fluctuations in demand and price trends to identify any seasonal or market-related patterns.","There seems to be a positive correlation between price and profit, suggesting that increasing the price slightly could potentially lead to higher profits while maintaining steady sales volumes. It's also worth noting that keeping the product priced competitively appears crucial for continued sales in this market."
173,7.0,32.0821300824607,121.91209431335065,"- Continue monitoring the market dynamics and sales data to better understand the price elasticity of demand for our product.
   - Consider experimenting with a mix of strategic pricing to test the response of the market, balancing between maximizing profit and increasing volume sales.","- Higher prices may not always result in lower quantities sold, as seen in some instances where higher prices led to increased sales. This suggests that price elasticity of demand may vary for our product.
   - Monitoring market dynamics and maintaining flexibility in pricing strategy is essential for maximizing profit opportunities and catering to customer preferences."
174,6.5,46.87906266262438,154.70090678666043,"- Analyze sales data from previous rounds to identify trends and patterns in pricing and demand.
   - Consider implementing a more consistent pricing strategy, focusing on maintaining optimal profit margins while providing competitive value to customers.
   - Implement a monitoring system to track price sensitivity and adjust prices in response to observed changes in demand.","- The item seems to have strong demand at the current price of $6.50.
   - Prices above $7.00 result in dramatic decreases in sales, highlighting price elasticity.
   - Inconsistencies in pricing strategy may be affecting overall profitability and customer perception."
175,6.75,39.23368301671084,139.27957470932347,"- Maintain price fluctuations between $6.47 and $6.95 to optimize sales and profit
    - Observe any changes in demand patterns over time and adjust prices accordingly
    - Monitor competitor pricing strategies to ensure our pricing remains competitive","- Higher prices (above $7) lead to lower demand with a decrease in sales and profit
    - Lower prices (below $6.47) produce increased demand, but may lead to reduced profitability due to lower unit prices
    - The optimal range of price seems to be between $6.47 and $6.95, leading to consistent demand and profits within acceptable ranges"
176,6.5,46.87906266262438,154.70090678666043,"```markdown
- Analyze the effect of price on quantity sold more deeply and find a consistent relationship between them.
- Consider implementing a pricing strategy that maximizes profits without decreasing the number of units sold too much.
- Keep monitoring sales trends over several rounds to ensure accurate prediction of future behavior.
```","```markdown
- High prices result in fewer items being sold, but with higher profit per item; lower prices yield more sales but less profit per item.
- Sale quantity may not be directly proportional to the round number (i.e., Round 100 had a low sale compared to Round 99 despite the round number increment).
```"
177,6.5,46.87906266262438,154.70090678666043,"Maintain a price of 6.5 while monitoring the effects on sales volume closely. If sales volume remains steady or increases, consider gradually increasing the price over time. If sales volume decreases significantly, revert to the current price or lower it slightly in response to market feedback.","Keep a close eye on the influence of price changes on sales volume. Experiment with slight price adjustments and carefully observe the impact on unit sales. Analyze anomalous results, such as the increase in sales observed at higher prices in some instances, to determine their potential causes and implications for future pricing decisions."
178,6.47,47.81389460283988,156.3514353512864,"Based on the data, it might be beneficial to lower prices slightly in the next round in order to increase quantity sold without significantly reducing profit margin. It is crucial to keep an eye on competitor prices and market trends during this process.","Continued observation of pricing dynamics reveals that there are multiple price points that can generate sales but a consistent trend shows that lower prices attract more customers. However, it's essential to maintain profit margins by carefully selecting the optimal price point and monitoring competitor pricing strategies. The data suggests a downward trend in prices over time, which should be taken into consideration when setting our future pricing strategy."
179,6.5,46.87906266262438,154.70090678666043,Maintain a stable price point around $6.5. Keep an eye on customer demand and competitive pricing to see if we can raise the price gradually but consistently without affecting sales quantity or profits.,"Prices between $6.5 and $7.5 produce comparable profits, with potential for higher profits if we strategically choose a price slightly above $6.5 but ensure demand remains consistent. Lower prices increase the item's accessibility to more customers, though it can impact profitability in the long run if sustained over multiple rounds."
180,6.75,39.23368301671084,139.27957470932347,"Maintain a competitive price around the range where we are seeing consistent unit sales (approximately 6.48 to 7.0). Monitor market conditions and customer demand carefully, as it may be beneficial to adjust prices based on fluctuations in either area.","Sustaining a price around the midpoint range seems essential for maintaining consistent unit sales at a reasonable profit level. However, this strategy could risk losing potential customers who might be willing to pay a higher price if they perceive higher value in our product. It's necessary to balance profit and demand by carefully analyzing market trends and customer preferences."
181,6.95,33.458944125318595,125.47104046994474,"- Continue monitoring the relationship between price and quantity sold.
   - Experiment with pricing strategies to find the optimal price point balance between high sales volume and high profits.
   - Implement a strategy that may involve temporarily reducing prices to increase quantity sold, followed by raising prices again to maintain profitability.","- higher prices leads to lower quantities sold but higher profit margins
   - Lowering the price can help drive sales volume but it also decreases profit per item
   - Finding the optimal balance between price and quantity sold could maximize overall profitability"
182,6.95,33.458944125318595,125.47104046994474,"Continue monitoring the market, adjust pricing strategy based on daily trends and competitor movement. Keep a close eye on profits per unit as well as total profits from each transaction. Consider implementing promotions to increase demand at certain price points, or raising prices when there is low supply from competitors.","The data shows that profitability and quantity sold are both optimized between 6.5-7.0. Lowering the price has a higher risk of lower overall profits due to a larger number of units needed to turn a profit, while raising the price risks loss of potential customers and a decrease in total sales, which can still lead to a lower overall profit. It is crucial to keep track of market trends and competitor prices when making pricing decisions to maximize efficiency."
183,6.95,33.458944125318595,125.47104046994474,Keep monitoring consumer response to various price points. Continuously adjust pricing strategy based on observed demand trends and perceived changes in market conditions. Consider introducing occasional promotional offers to boost sales when necessary.,"Consumers appear to be somewhat price-sensitive, but willing to pay a higher price if they perceive good value. The seller should aim for a pricing sweet spot that maximizes profits while maintaining customer satisfaction and loyalty. Frequent price adjustments may help optimize this balance over time."
184,6.5,46.87906266262438,154.70090678666043,"Maintain a competitive pricing strategy within the range of 6.5 - 7.0, as this seems to maximize profit while maintaining reasonable demand. Keep tracking the number of units sold at each price point, and consider adjusting based on patterns observed.","It appears that a competitive pricing strategy in the range of 6.5 - 7.0 is most profitable for this product, with around 47 units being an approximate optimal quantity for sales. However, it is crucial to monitor sales data closely, as fluctuations can impact profitability and demand. Lower prices may increase demand but require consistent monitoring to optimize profits, while higher prices may result in fewer sales but maintain a better profit margin per unit sold. Additionally, understanding the impact of price on market positioning could help make more informed decisions regarding pricing strategy."
185,6.85,36.29692055196172,132.48376001466025,"- Analyze market demand at different price points to identify an optimal pricing strategy
   - Consider factors such as production costs and profit margins when setting a final price
   - Monitor sales data regularly to adjust the price as needed to maximize profits","- The current price of 7.0 has a moderate average quantity sold of around 32 units and a profit of approximately 121.91
   - Increasing the price above 7.0 leads to a decrease in quantity sold and a reduction in profits
   - Lowering the price below 6.5 increases the quantity sold slightly but overall profit also increases significantly"
186,6.5,46.87906266262438,154.70090678666043,"Adjust pricing dynamically based on market response, aiming to maintain a balance between maximizing sales and profits.",Higher prices do not necessarily lead to higher profit in the short term. Sales volume also plays a crucial role in overall profitability.
187,7.5,20.18132222603788,86.77968557196289,"Maintain an adaptive pricing strategy with small incremental changes to price based on past performance in order to optimally balance profits and demand.
   Continuously analyze the relationship between price and quantity sold for each round, looking for patterns or trends that could inform pricing decisions going forward.","Observations show that a higher price doesn't always equate to more units sold; in some cases, lowering the price slightly can result in increased demand and overall profitability.
   The data suggests that there may be ""sweet spots"" for certain price ranges in terms of the number of units sold, indicating potential pricing opportunities.
   The adaptive pricing strategy seems to have been effective in some instances but could be improved by more targeted analysis focusing on identifying factors contributing to changes in demand and profitability."
188,6.95,33.458944125318595,125.47104046994474,Evaluate the impact of subtle price changes within the range of 6.48 - 7.3 on unit sales and overall profits. Consider testing different pricing tiers with small increments to identify the optimal balance between profitability and volume. Monitor demand fluctuations closely to adapt strategies as needed.,"Consumers are sensitive to price changes, particularly in the aforementioned price range. Small adjustments can have significant impacts on both profits and unit sales. The product appears to be most profitable when priced between 6.48 and 7.3. Further research is needed to determine if there exists an optimal pricing strategy that maximizes the balance between profitability and volume."
189,6.5,46.87906266262438,154.70090678666043,Optimize pricing strategy to balance quantity sold and profit margins by monitoring demand patterns throughout each round. Periodically test lower prices while maintaining minimum desired profit margin. Analyze the impact of price changes on demand to determine the optimal pricing approach.,"- Higher prices tend to result in fewer items sold but possibly higher profit margins (e.g., rounds 100, 108)
- Lowering the price can sometimes increase sales and maintain or even raise overall profit (e.g., round 114 compared to round 106)
- Demand for the item doesn't seem constant across all rounds, with higher demand on certain rounds despite similar pricing (e.g., rounds 92 compared to round 97)
- Monitoring price trends and evaluating their impact on quantity sold can support an effective pricing strategy."
190,7.2,26.894142136999513,107.57656854799805,It would be beneficial to analyze trend lines and patterns in both price and quantity sold data as well as look into the market conditions during these pricing rounds to gain insights on what affects the demand for this product. It might also be useful to conduct customer surveys to understand price sensitivity and optimal pricing levels.,"- Lower prices overall may yield higher quantity sold but at a potentially lower profit margin
- There are specific price points (eg. 7.0, 7.5) that have had significant impact on demand in the past
- Further research is needed to fully understand how market conditions and customer preferences play into pricing decisions for this product"
191,6.48,47.50208125210602,155.80682650690775,"Strategize pricing by focusing on maintaining a middle ground between profit per unit and total volume sold. Keep observing trends and adjust prices accordingly, taking into account the tradeoff between immediate profit and cumulative revenue.","Fluctuating price and quantity relationships indicate sensitivity to pricing changes. The sweet spot for profitable unit sales appears to be around 6.48-6.5. However, it's essential to consider the impact of lower prices on long-term profitability from increased volume. Balancing short-term and long-term revenue goals is critical in pricing strategy."
192,6.45,48.438008427698435,157.4235273900199,"- Consider lowering the price back to $6.45 - $6.48 to boost sales.
   - Experiment with various promotions or discounts to attract more customers.
   - Research potential demographics that might be more interested in this product at a slightly higher price point and target marketing efforts towards them.","- Lower prices generate higher quantities sold.
   - Attempts to raise the price have been unsuccessful so far.
   - A price between $6.45 and $6.48 appears to be profitable and optimal.
   - In-depth analysis of customer demographics might help increase sales at a slightly higher price point.
   - There is a need for targeted marketing to specific segments of the population that are more likely to buy the product."
193,6.5,46.87906266262438,154.70090678666043,"Experiment with various pricing strategies at different price points, focusing primarily on maximizing overall profit while balancing sales volume. Continue monitoring the market trends and buyer behavior to further refine pricing decisions.","Aggressive pricing strategies (like lowering prices significantly) may not always lead to increased sales or profit, as they may signal lower product quality or higher competition. However, occasionally lowering the price can result in increased profits, particularly if demand is high and competition is low at that specific price point."
194,6.95,33.458944125318595,125.47104046994474,"In order to optimize sales, I suggest maintaining the price in the lower range (between 6.45-6.95), which seems to generate the highest volume of sales. Frequent monitoring of sales data is essential, as trends may change over time.","The current pricing strategy seems effective with a focus on higher unit sales rather than maximizing profit per unit. However, it is crucial to remain flexible and adapt the pricing strategy based on market trends and consumer behavior. Furthermore, understanding the factors that influence pricing and demand will further inform strategic decisions, such as promotions or discounts during slow periods."
195,6.48,47.50208125210602,155.80682650690775,"Based on the data we have observed, it seems that our audience reacts favorably to prices around the 6.5 range. However, it's worth experimenting with slightly lower prices as well (such as 6.47 and 6.48) due to the strong sales seen in these instances. It would also be beneficial to avoid rapid price increases as they seem to have a negative impact on sales quantity.","Pricing plays a crucial role in determining sales quantity, with prices between 6.45 and 6.95 resulting in relatively high sales. Sudden price increases can negatively impact the number of units sold. Insights obtained through tracking the product pricing history may guide future pricing strategies."
196,7.15,28.14056074291438,111.15521493451182,"* Monitor market demand and adjust pricing accordingly. Increase prices where possible without significantly impacting sales volumes.
  * Continuously analyze the relationship between price and quantity sold to optimize pricing strategy.
  * Explore the potential of differentiating the product offering, perhaps by adding new features or improving existing ones, to justify marginally higher prices.","* The market appears to accept prices in the range of $6.92 - $7.15 with relatively consistent sales volumes and profit margins.
   * Higher pricing can lead to lower sales volumes, but still generate significant profits (e.g., $7.50 with 20.18 units sold generates an 86.78 profit per round).
   * Lower prices may stimulate demand but could also potentially erode the perceived value of the product if not managed carefully.
   * Monitoring competitor pricing and market trends is essential for developing an effective pricing strategy."
197,6.48,47.50208125210602,155.80682650690775,"```
Implement a dynamic pricing strategy by monitoring market trends, competitor’s pricing, and demand fluctuations to adjust product price accordingly. This strategy can help maximize profitability while maintaining a competitive position in the market. Additionally, consider offering promotional discounts during periods of low demand to boost sales and generate customer loyalty.
```","```
A dynamic pricing strategy has shown promising results in terms of adapting to market conditions and maintaining a competitive edge. Seasonal trends have also been identified, indicating increased demand around Round 100 which can be capitalized through promotional activities or strategic planning. Competitor analysis is crucial to stay informed about industry changes and adjust pricing accordingly.
```"
198,5.5,75.49149868676282,173.63044697955448,"Continue monitoring price and quantity sold data to identify trends and potential patterns in the relationship between price and sales. Consider conducting further analysis, such as regression or correlation analysis, to determine if there is a statistically significant relationship. If a pattern is identified, use that information to inform future pricing decisions to optimize sales and profits.","The data suggests that higher prices result in fewer units sold but larger individual profit per unit sold for this product. It's unclear if there is a specific 'optimal' price point, as the relationship between price and sales appears to be complex and non-linear. Furthermore, the analysis of 100 rounds only provides a snapshot and may not reflect longerterm trends or customer behavior."
199,6.45,48.438008427698435,157.4235273900199,"Investigate the effect of setting a dynamic pricing strategy based on demand and competitor analysis. Experiment with adjusting the product's price every few rounds to maximize profits, taking into account both the quantity sold and the profit earned per round. Monitor customer feedback and loyalty metrics to ensure that the changing price does not negatively impact long-term customers or brand image.","Lower prices can lead to increased sales and higher overall profits in some cases, but it's important to consider factors such as perceived value and customer loyalty. Dynamic pricing may prove effective in maximizing profits, but careful attention must be paid to the potential impact on brand image and long-term customers. To gain a deeper understanding of these trends, further research into demand analysis, competitive pricing strategies, and feedback from customers is recommended."
200,7.0,32.0821300824607,121.91209431335065,"Let's continue to experiment with higher prices to maximize profit, but also consider testing lower price points if demand continues to drop or stagnate. Additionally, monitor trends in both price and quantity sold over multiple pricing rounds for effective strategy development.","- Higher prices appear to result in less quantity sold but may also yield a higher profit per unit
   - The market might be more resistant to lower prices if the average price is relatively high
   - It is crucial to monitor overall demand trends and adjust strategies accordingly"
201,6.95,33.458944125318595,125.47104046994474,"To optimize pricing strategy, I suggest conducting a root cause analysis on periods when increased prices led to increased sales as well as instances when it resulted in lower sales. By identifying common characteristics among these price adjustments, we can develop a more comprehensive understanding of what factors contribute to a higher demand for our product and leverage this information going forward to maximize profits without compromising overall sales volume.","Based on the data analysis, it appears that there is no linear relationship between price increases and proportional sales growth. Instead, there are instances where moderate price increases have resulted in significant sales growth. This suggests that customers may perceive a higher value associated with certain price points or believe the product offers better quality at these prices. Moreover, it seems that there may be an optimal pricing range that maximizes profit while maintaining reasonable sales volume. It will be essential to explore this insight further and validate with additional data to refine our pricing strategy going forward."
202,6.47,47.81389460283988,156.3514353512864,"- Experiment with different price points within the range of 6.05-7.5 to find the optimal balance between profit margins and quantities sold.
   - Consider offering discounts or promotions during slow sales periods to increase quantities without affecting profit margins.","- Lower prices tend to lead to higher quantities sold but lower profit margins.
   - Higher prices lead to lower quantities sold, but the profit per unit is larger.
   - Balancing price and quantity is essential in optimizing overall profits.
   - Finding a sweet spot within the range of 6.05-7.5 could maximize both unit sales and overall profits."
203,6.95,33.458944125318595,125.47104046994474,"In order to maximize profits, it seems that offering prices around $7.00 would provide a reasonable balance between price and quantity sold. However, considering that lower prices can lead to higher quantities being sold, we might experiment with reducing the price slightly to test how much more of the product could be sold.","It appears that price flexibility helps drive sales; however, there are noticeable differences in the quantity sold when adjusting prices between $6.45 and $7.50. Additionally, it's important to note that lower prices don't always lead to increased quantities; other factors, such as the product's demand and appeal during a particular round, may influence the sales volume. This highlights the importance of balancing price and profitability when trying to optimize sales."
204,6.5,46.87906266262438,154.70090678666043,"- Maintain the current price ($6.5) as it results in a high quantity being sold.
   - Monitor any trends in sales as we approach lower prices to determine if there's an optimal minimum acceptable price point that would increase profitability without sacrificing a significant number of sales.","- Customers are sensitive to relatively small changes in pricing, with noticeable fluctuations in quantity sold based on price adjustments.
   - Prices closer to $6.5 result in higher quantities being sold.
   - There appears to be a 'cliff' effect where prices above $7 results in significantly lower sales figures."
205,6.75,39.23368301671084,139.27957470932347,"- Analyze customers' reactions to smaller and gradual price changes instead of larger jumps.
   - Monitor the impact of price changes on overall sales volume and revenue generated.
   - Consider setting up tiered pricing or introducing promotional deals at certain price points for increased customer engagement.","- Smaller and gradual price changes might lead to more consistent sales.
   - Customers might be sensitive to larger price fluctuations, potentially deterring some from making a purchase."
206,6.85,36.29692055196172,132.48376001466025,"To capitalize on this trend, we might aim to slightly increase our prices to maintain profits and encourage brand value alignment with the premium prices observed in successful rounds. However, it's essential to remember that striking a balance between price and sales is crucial, as too high pricing can lead to reduced demand.","The findings indicate an apparent consumer preference for middle-to-lower price ranges while still achieving decent profit margins. It suggests that our target demographic may appreciate affordability without sacrificing the quality and value associated with our brand. To ensure long-term growth, it is crucial to continue monitoring the effect of pricing adjustments on demand and adapt accordingly."
207,6.5,46.87906266262438,154.70090678666043,"- Monitor the relationship between price and quantity sold more closely to find a sweet spot where profit is maximized while minimizing fluctuations in weekly sales.
   - Experiment pricing strategies, such as offering periodic discounts, freebies with purchases, or bundling multiple products to increase sales and customer retention.
   - Regularly analyze competitor prices and adjust if necessary, ensuring our pricing remains competitive but also maintains a certain level of premium value.","- Consumers seem sensitive to price changes as higher priced items might result in fewer sales, although exceptions do occur (e.g., 6.45 and 7.0).
   - Sales remain relatively steady at lower prices compared to the high-priced options, indicating that offering competitive pricing may help sustain demand for our product.
   - Consider exploring alternative promotions or packaging strategies to entice customers and boost sales while maintaining profit margins."
208,6.75,39.23368301671084,139.27957470932347,"- Continue observing and monitoring the sales data to identify patterns in consumer behavior and market trends.
   - Consider implementing strategies that take advantage of the observed decrease in average price over the first 78 rounds, while being mindful not to undercut the competition.
   - Assess whether the increase in average price from round 78 to round 150 provides an opportunity for higher profit margins or could be a reflection of increased production costs.
   - Analyze factors that may have caused the fluctuations in average price after round 150 and adjust pricing strategies accordingly.","- Lowering prices initially seems to result in increased sales, but it's essential to maintain a competitive selling point to avoid undercutting competitors.
   - Market trends suggest that consumers might be more responsive to lower-priced items during the first 78 rounds, highlighting the need for dynamic pricing strategies over time.
   - It is evident that there can be multiple factors influencing price fluctuations such as supply and demand, seasonal variations, and competitor actions.
   - Monitor longer term trends and adjust pricing strategies accordingly to take advantage of potential opportunities for increased profit margins."
209,6.5,46.87906266262438,154.70090678666043,"- Continue monitoring price-quantity relationships to find optimal pricing strategy for maximizing profits while keeping the product appealing to consumers.
  - Experiment with price drops in future pricing rounds to analyze the impact on sales and profitability.
  - Keep a close eye on competitors' pricing strategies and adjust accordingly.","- There seems to be a sweet spot around 6.5 for profitability, as there are multiple instances where prices in this range resulted in reasonable quantities sold at profitable levels. This may serve as a good starting point for future pricing decisions.
  - It is also worth noting that higher prices do not necessarily lead to increased sales, with the highest price having some of the lowest quantities sold.
  - Consumers appear to be sensitive to price changes, as fluctuations in price can have significant impacts on sale volumes."
210,6.7,40.733340004593025,142.5666900160756,"- Continue adjusting the pricing strategy based on expected demand and profitability.
   - Monitor market trends and competitor moves to ensure competitive advantage.
   - Investigate potential new markets and distribution channels for expansion.","- Optimal pricing appears to be between 6.48 and 7.2, with a steady demand around these prices. Lower prices may result in higher sales volume but lower profit per item, while higher prices may result in lower sales volume but higher profit per item.
   - It seems that setting the price slightly above the average (around 6.7) may lead to a balance between increased profit and maintaining competitive prices.
   - Keep tracking the market trends and competitor moves to ensure our pricing strategy remains competitive while maximizing profits."
211,6.5,46.87906266262438,154.70090678666043,"To maintain stable sales while optimizing revenue, consider further analyzing the data to determine if there is a specific pattern or trend in consumer behavior at various price points. This analysis could potentially reveal a 'sweet spot' where daily sales are maximized while also ensuring decent profit margins.","The $6.5 price point seems to be a consistent choice for consumers, though this is not without occasional fluctuations in sales quantity and revenue. It would be valuable to investigate if there are any specific factors causing these inconsistencies (e.g., seasonality, promotions, etc.)"
212,6.4,50.0,160.0,"- Continue to sell the product at slightly lower prices than the current average ($6.45) to test if demand will continue to increase and if further price reduction can increase overall sales volume.
   - Monitor sales closely during this round to see if the adjusted pricing strategy is effective, and make adjustments as necessary based on observed outcomes.
   - If the lower pricing results in increased sales volume without significantly decreasing profit margin, then consider maintaining the lower pricing going forward.","- There seems to be strong demand for the product at approximately $6.50 per unit. It has been selling well and consistent quantities have been sold at this price point throughout the given data.
   - If prices are increased beyond $6.50, sales volume tends to decrease significantly, illustrating that there is a market ceiling for this product if priced too highly.
   - A floor seems to be present at around 32 units per round, indicating a consistent baseline number of units that will always sell, regardless of price point. This may be due to the market characteristics or steady demand from loyal customers."
213,6.92,34.29895373265016,127.59210788545859,"Moving forward, we should maintain our focus on maximizing profits while considering the potential demand for our product at different price points. To do this effectively, we may want to experiment with various pricing strategies, such as dynamic pricing or tiered pricing, and analyze their impact on revenue and units sold. It would be useful to monitor pricing trends over time and make adjustments as necessary to optimize sales andprofitability.","This data shows that there is a clear relationship between the price of our product and both the quantity sold per round and the profit earned. It seems that as we increase the price, we tend to see a decrease in total units sold but an increase in overall profit. Additionally, it appears that some prices may work particularly well for us based on previous occurrences in the data (e.g., at around 6.5 or 7.0). Overall, this analysis suggests that our pricing strategy should focus on striking a balance between maximizing profits and ensuring enough units are sold to meet demand."
214,6.75,39.23368301671084,139.27957470932347,"- Monitor current pricing and make adjustments when necessary to maximize both profit and quantity sold.
   - Conduct further analysis to identify consistent patterns in price-quantity relationships.
   - Test different pricing strategies to understand the impact on both sales and profitability.
   - Regularly analyze competitor pricing and incorporate any useful insights into our own pricing approach.","- Price points closer to $7 seem to result in lower quantities but higher profits, while prices near $6 lead to increased sales volume while maintaining profitability.
   - It appears that prices under $6 may bring an increase in quantity sold, but at the cost of significant decreases in profit margin.
   - A more strategic approach to pricing, taking into account both price and predicted profit margin, should be considered for greater long-term success."
215,6.5,46.87906266262438,154.70090678666043,Maintain a close watch on sales trends and customer responses when considering any future price adjustments. Be mindful of frequent minor fluctuations in pricing as it may indicate instability or oversensitivity to market conditions. Keep an eye out for any noticeable patterns or irregularities that could potentially lead to profitable opportunities.,"In order to maximize profits, a flexible and adaptive pricing strategy may be beneficial in this market. Identifying the specific factors driving the product's demand and the target customer segments will help inform targeted price adjustments. Additionally, tracking sales trends over extended periods of time can provide insights into longer-term price sensitivity among customers."
216,6.75,39.23368301671084,139.27957470932347,"- Analyze sales data to determine the optimal pricing strategy that balances profit and quantity sold effectively.
   - Use pricing strategies such as dynamic pricing, price skimming, or penetration pricing if necessary to adapt to market conditions.
   - Monitor competitors' prices and adjust own pricing accordingly to maintain a competitive advantage.","- In general, selling at higher prices results in more profit but lower sales quantity, while selling at lower prices increases sales quantity but decreases profit.
   - There seems to be an optimal price range between 6.5 and 7.0 that balances both high profit and relatively higher sales quantity.
   - Sales data should be analyzed over longer periods of time to draw definitive conclusions about pricing strategies."
217,6.51,46.567905633069564,154.13976764546024,"- Consider lowering prices slightly to stimulate increased sales, especially if current pricing is near or above $7.0
   - Monitor closely the effect of changes in pricing on overall revenue and profitability.","- While there doesn't seem to be a clear pattern in the relationship between price and quantity sold, lower prices in certain situations can result in an increase in units sold but may not always lead to greater overall sales or profit if the difference in revenue per unit is insufficient to offset the volume increase.
   - When pricing near $7.0, it's important to note a decrease in the quantity sold, which may negatively impact total revenue and profitability."
218,6.51,46.567905633069564,154.13976764546024,"Experiment with lowering the price by a small margin while maintaining an eye on profitability and sales volume. Monitor the impact of this change over multiple rounds, as quick adjustments may be necessary to optimize outcomes.","Maintaining our product at a slightly higher price range (e.g., $6.5 - $7.0) results in a steady stream of sales. Further exploration of lower price points and their effects on sales volume and profitability is advised to determine the optimal pricing strategy."
219,6.5,46.87906266262438,154.70090678666043,Maintain the price around 6.5 to keep it competitive within the market range while optimizing profits. Continuously monitor the impact of price changes on the quantity sold and adjust pricing strategy as necessary. Consider offering occasional promotions or discounts to boost demand during slow periods.,"There is evidence of a correlation between price and demand, with higher prices leading to lower quantities sold and lower prices resulting in higher quantities sold. To maximize profits, it will be essential to find the optimal balance between cost and customer demand. Additionally, offering promotions or discounts during slow periods may help boost sales without compromising profit margins significantly."
220,6.5,46.87906266262438,154.70090678666043,Continue monitoring the trend of the price and profits. Consider adapting the pricing strategy based on whether the current downward trend persists or if there are signs of an upward trend. Keep a close eye on competitor prices to ensure our product remains competitive.,"The dataset suggests that the profit earned is directly related to the price set for the product. It also shows that smaller fluctuations in price can have significant effects on profit. There appears to be a slightly decreasing trend over time, which should be monitored closely."
221,6.5,46.87906266262438,154.70090678666043,Maintain the current pricing strategy of setting prices around the 6.5 range due to consistent sales and high quantities. Monitor fluctuations in demand closely to determine if adjustments are necessary to maximize profits. Continually analyze competitor pricing trends to remain competitive.,"The 6.5 price point has been consistently successful, with strong sales and decent profit margins. It is essential to remain mindful of competitor pricing strategies and adjust prices if necessary to stay competitive in the market. Keep track of trends in customer demand and be prepared to adjust prices according to changes over time."
222,6.75,39.23368301671084,139.27957470932347,"- Analyze data to identify any patterns or tendencies in customer buying behavior and adjust pricing accordingly to maximize profit.
   - Maintain a consistent image while providing value to customers by justifying price changes through perceived quality, promotions, or market positioning.
   - Monitor fluctuations in supply and demand to adjust pricing strategically to capitalize on surplus or increased demand.","- Customer buying behavior seems to respond to slight changes in price, but the response varies between small and large quantities. More research is needed to determine whether offering bulk discounts could be a successful strategy.
   - Maintaining a consistent image is crucial when adjusting prices, as it helps to keep customers trust and loyalty while also allowing for profitable pricing adjustments.
   - Pricing strategies appear less effective during periods of stagnation in demand or supply, suggesting that external factors may play a significant role in the success of these strategies."
223,6.5,46.87906266262438,154.70090678666043,"- Monitor price sensitivity more carefully to identify potential pricing sweet spots that maximize both profit and volume
   - Consider implementing a dynamic pricing strategy that adjusts prices based on demand patterns
   - Implement a regular review of competitor pricing strategies to stay abreast of market fluctuations","- A higher price does not always necessarily lead to increased profit if the volume of units sold decreases significantly
   - Price increases can have a negative impact on sales, even temporarily
   - It may be beneficial to consider a more flexible pricing strategy to maximize sales potential and capture shifts in consumer demand"
224,6.5,46.87906266262438,154.70090678666043,Maintain a steady price point of 6.5 and observe consistent sales performance with minimal adjustments due to strong demand at this price point. Continuously monitor customer feedback and market trends for potential opportunities to optimize pricing strategy or introduce new offerings.,"The current pricing strategy appears to be effective, as demonstrated by consistent sales performance. The stability of the sales volume suggests a strong customer preference for this price point. Keep tracking market trends and gather feedback from customers to ensure continuous improvement and potential expansion towards new products or services."
225,6.5,46.87906266262438,154.70090678666043,"In future pricing rounds, focus on maintaining a competitive price while taking into account the fluctuating market trends observed in the data. Keep tabs on the effects of price changes on revenue and sales figures. Consider implementing targeted promotions during periods of decreased prices to increase demand.","Price fluctuations have an impact on sales volume, with higher prices resulting in fewer sales but a higher overall revenue, and lower prices leading to increased sales but a lower total revenue. It appears that the price elasticity of demand may not be very high during these pricing rounds. There is a need to monitor market trends and adjust prices accordingly while balancing revenue and sales objectives."
226,6.5,46.87906266262438,154.70090678666043,"1. Evaluate pricing strategies by testing different price points in response to changes in demand factors or promotion events.
     2. Monitor and analyze the relationship between price and quantity sold to optimize revenue while maintaining profit goals.
     3. Analyze seasonal trends in sales data for potential opportunities to adjust prices accordingly.
     4. Utilize market research to gauge consumer perception of our product's value at various pricing levels.","- The current price level appears to be reasonable and maintain a consistent profit, but there may be opportunities for increased sales volume by lowering prices slightly without significantly impacting the overall profit margin.
     - A clear relationship between price and quantity sold suggests that a tiered pricing strategy or promotional events based on adjusted prices could have potential for increased revenue.
     - It is important to closely monitor seasonal trends and consumer behavior in response to our product, as these insights may lead to targeted adjustments in pricing strategies."
227,6.5,46.87906266262438,154.70090678666043,"- Examine historical pricing data to identify patterns and trends to help inform future pricing decisions.
   - Research current market conditions, demand, and competitor pricing strategies to determine optimal price points.
   - Implement A/B testing or other experimental pricing methods to optimize profitability.","- Despite not having a clear understanding of the pricing dynamics in this 150-round series, I observed that the product consistently earned a profit, possibly due to strong demand at the given price point.
   - It would be beneficial to investigate if market conditions, competitor behavior, or demand changes occurred within these rounds, as these factors may have influenced sales and profits over time.
   - Analyzing pricing trends using statistical methods, such as regression analysis, could help determine whether this consistency in profitability is likely to continue in the future."
228,6.5,46.87906266262438,154.70090678666043,"Consider setting a pricing strategy that aims to maintain a consistent profit margin while keeping the sales volume relatively stable. To achieve this goal, we may want to study the fluctuations in profit earned when changing the price slightly (e.g., raising the price by a small amount) and choosing the price point that maximizes our profit within a reasonable range.","So far, it seems that a somewhat stable price between 6.5 to 6.8 provides a relatively consistent sales volume that leads to reasonably high profits. While some rounds may show slightly lower profit compared to others in the same price range, maintaining this pricing strategy would likely provide a steady revenue stream for our product. Keep monitoring the data to make any necessary adjustments based on market trends and demand changes over time."
229,6.5,46.87906266262438,154.70090678666043,"It would be beneficial to maintain a steady price of 6.5 for periods with consistent sales to ensure a high throughput. Whenever possible, test slightly increasing the price up to 6.7 or so while closely monitoring sales trends, as this might result in greater profits when demand remains strong.","The given data suggests that there is a steady demand for this product, with customers purchasing approximately 46.88 units at a time. Pricing flexibility may be necessary to capitalize on periods of stronger overall sales. It's essential to continually analyze trends and adjust prices accordingly, aiming for the highest profit while maintaining an appealing price point for consumers."
230,6.75,39.23368301671084,139.27957470932347,"- Maintain a steady price between 6.5 and 6.75 to encourage sales volume.
   - Increase the price when inventory levels are high or demand appears to be decreasing.
   - Monitor the profit earned and aim to maximize profits while considering market demand and competition.","- Prices within the 6.5-7.2 range seem to produce a steady stream of sales, although slightly adjusting the price above or below this range does not appear to have significant impact on the quantity sold.
   - When pricing increases to around 6.8 and upwards, demand noticeably decreases. However, there is still potential for profits to remain high due to a smaller quantity of items being sold at a higher price point.
   - There seems to be a consistent profit margin when maintaining the price between 6.5 and 6.75, as seen in numerous rounds where pricing remains within this range. Aiming to maintain this profit level is essential for business viability."
231,6.75,39.23368301671084,139.27957470932347,"- Maintain price within the range of 6.5 to 7.0 with a slight consideration given to fluctuation based on competition and market trends.
   - Monitor quarterly fluctuations in sales volume and adjust pricing accordingly.
   - Regularly analyze customer purchase patterns and feedback to further optimize pricing strategy.","- The pricing rounds show a consistent profit margin, indicating that the current pricing structure is profitable.
   - A slight price increase can potentially generate additional revenue while not significantly impacting sales volume or customer satisfaction.
   - It's essential to continue monitoring both competitors' pricing strategies and internal sales data for potential opportunities to refine our pricing model further."
232,6.5,46.87906266262438,154.70090678666043,"Given the consistent level of demand, there seems to be no immediate need to adjust the price. Continue with the current pricing strategy while monitoring market conditions and customer feedback for potential changes.","The data show that the price range between 6.5 and 6.8 has been effective in maintaining demand at a consistent level of 46.88 units. However, it is important to continue monitoring market conditions and customer feedback for potential adjustments."
233,6.75,39.23368301671084,139.27957470932347,"Maintain a balance between high price points and sales quantities, aiming for steady profits while keeping an eye on the competition. Adjust prices as necessary based on market response.","Higher prices tend to result in fewer sales but still maintain profitability. There may be untapped demand at lower price points, so finding a balance between profit and sales is essential. Keeping an eye on competitor pricing strategies and adjusting accordingly can help achieve this balance."
234,6.7,40.733340004593025,142.5666900160756,Continue monitoring pricing and sales data to identify any trends or patterns that might indicate an optimal pricing strategy. Consider testing price increases and decreases within a reasonable range to optimize profitability while maintaining consumer demand.,"It's challenging to determine the best course of action with limited historical data and no clear trend in pricing adjustments. However, it appears that maintaining the current pricing might sustain demand levels, but small price adjustments could potentially maximize profitability. Further research is needed to verify this assumption."
235,6.5,46.87906266262438,154.70090678666043,"Consider expanding production capacity to allow for a greater volume of sales. Assess the financial feasibility of such an expansion and potential returns on investment. If feasible, plan a phased approach towards capacity expansion over the next 1-2 years.","Current pricing strategy appears to have limited profitability due to sales volume nearly reaching production limit. There is significant demand at the price of 6.5 dollars per unit, but potential profit maximization can be achieved by identifying optimal pricing and capacity levels considering costs, feasible return on investment for any necessary expansions, and market trends."
236,6.5,46.87906266262438,154.70090678666043,"To increase profit while maintaining a high volume of sales, consider keeping the price in the range of 6.5 or 6.75 as it has proven consistently profitable in this analysis of 200 rounds. Keep an eye on slight changes to these prices and their impact on profits, but be cautious not to increase the price too much above these thresholds.","By maintaining a fixed price within the range of 6.5 or 6.75, it seems that volume of sales stays relatively high and profit remains consistent at approximately 154.7 per unit sold. Adjusting the price slightly above these values could potentially lead to decreased profits due to reduced sales volume, although further testing would be required to verify this hypothesis."
237,6.5,46.87906266262438,154.70090678666043,"To maintain sales at a steady pace, consider holding the price around $6.50. The data suggests this is a price point that customers are comfortable with and are likely to continue purchasing at this rate.","Customers seem to be willing to purchase in relatively high quantities when the product is priced at around $6.50. However, deviations from this price point appear to have minimal impact on the overall sales volume. It may be beneficial to monitor fluctuations in price and adjust as needed to maintain a stable sales amount."
238,6.75,39.23368301671084,139.27957470932347,"Based on the current trend and stable sales at $6.50, it may be useful to re-evaluate pricing when there is sufficient data to determine if increasing the price could still maintain steady sales while maximizing profits. Additionally, monitoring the demand response to possible price fluctuations over several rounds could provide valuable insights for decision making.","The item appears to have a consistent demand with over 46 units sold in each round. Additionally, the profit earned is generally positive, though it fluctuates slightly between rounds. Price increases may help maximize profits, but care must be taken as not to price too high and lose potential customers."
239,6.7,40.733340004593025,142.5666900160756,Optimize pricing strategy to test a range of prices (6.5 - 7) with a focus on identifying the price point that maximizes profit while maintaining sufficient volume. Monitor trends in quantity sold over time and adjust pricing accordingly.,"Initial observations suggest that a higher price (e.g., 6.7, 6.8) may lead to lower sales but higher profits than at the current base price of 6.5. Further analysis is needed to determine the optimal balance between profit and volume. Continue monitoring trends in consumer behavior with respect to price and quantity sold."
240,6.5,46.87906266262438,154.70090678666043,"```
   Strategy 1 (Basic): Maintain the price until it plateaus, then analyze sales data to identify optimal increase levels that maximize profit while maintaining an acceptable quantity sold. This basic strategy can be employed when the market has little fluctuation in competitive offerings.

   Strategy 2 (Aggressive): In situations where there is little or no competition in the marketplace, set a high initial price, then gradually adjust it upwards to maximize profits within an acceptable range of quantity sold. This strategy can yield considerable profit but requires careful consideration of market conditions and competitor responses.

   Strategy 3 (Conservative): Implement small and gradual increases in price during periods of consistent demand or when the market is stable. The goal with this strategy is to avoid drastically reducing your target customer base while generating steady profits.

   Strategy 4 (Competitive): Monitor competitor price changes to maximize profit by adjusting prices accordingly, taking advantage of opportunities in more dynamic markets where competition exists.

   ```","```
   Insight 1: When implementing Strategy 2 (Aggressive), it is essential to carefully analyze the competitive landscape and market conditions, as overshooting the optimal price point can lead to substantial decreases in quantity sold and reduced profitability.

   Insight 2: In instances where there are multiple factors that influence customer demand, such as socioeconomic factors or seasonal changes, Strategy 3 (Conservative) may provide a more stable approach for optimizing both price and profits.

   Insight 3: Strategy 1 (Basic) appears to be a reliable strategy when market conditions are relatively static and customer responsiveness is predictable. However, careful monitoring is needed to ensure that minor variations in the market do not result in suboptimal pricing.

   Insight 4: Markets with stiff competition demand frequent price changes to stay competitive (Strategy 4). Monitoring competitor price adjustments may provide crucial information on potential opportunities for profit maximization."
241,6.5,46.87906266262438,154.70090678666043,"Continue monitoring sales volume and adjusting price based on the observed response of consumers. Keep in mind the potential for high price elasticity and consider investigating other factors (e.g., competition, market trends) that might influence demand.","Preliminary analysis suggests a possible relationship between price changes and sales volume. Specifically, there appears to be increased sensitivity to price increases compared to price decreases. This finding underscores the need to carefully consider price adjustments and the potential impact on demand. Future research will explore this observation in more detail, as understanding the factors driving consumer response to pricing changes can help inform strategic decision-making."
242,6.75,39.23368301671084,139.27957470932347,"To determine the optimal price, I'd recommend running regression analysis on this data to identify any meaningful correlation between price and sales quantities. Additionally, consider examining the periods of higher volume sales (for example, around round 150) to see if there are particular patterns or factors that may be driving increased demand at those times.","It seems that a moderate increase in price leads to a slight boost in sales, but a large increase appears to have the opposite effect. This suggests that pricing the product slightly above its mean could help maximize overall sales while maintaining high profit margins. Furthermore, it's worth studying the periods of increased demand and seeing if commonalities can be found to repeat that success."
243,6.5,46.87906266262438,154.70090678666043,"- Continue monitoring and recording the sales data to establish a clearer trend on whether any slight variations from $6.50 impact overall profit more than maintaining a stable price point of $6.50.
   - Consider testing slightly lower prices to determine if minor discounts result in increased volume sales without significantly reducing overall revenue.
   - Prepare a marketing campaign to create buzz and encourage consumers to purchase the product, potentially driving up quantity sold regardless of the price point.","- The current pricing strategy appears to be profitable, but there's room for exploration in finding an optimal pricing sweet spot that balances volume sales with overall revenue.
   - It is crucial to analyze any changes in sales trend whenever the price deviates significantly from $6.50 or when external factors, such as marketing campaigns or promotions, may impact sales volume and average selling price.
   - It would be interesting to conduct customer surveys to better understand consumer preferences around pricing and potential incentives for a higher quantity purchase (e.g., bulk discounts)."
244,6.63,42.861601832306775,147.01529428481223,"Continue testing prices on either side of the current average (i.e., increasing or decreasing slightly) and observe the impact on sales. Keep monitoring trends for potential shifts in optimal pricing. Ensure that there is always a balance between profit margins and customer demand.","Pricing between 6.48 and 7.25 appears to have a significant effect on the number of items sold, with higher prices resulting in fewer sales. There seems to be an optimal price that increases both profit margins and customer demand. It's important to closely monitor trends for potential shifts in pricing and adjust accordingly to maximize revenue."
245,7.0,32.0821300824607,121.91209431335065,"The goal for pricing should be to find a balance between maximizing profits and maintaining consistent sales volume. This can be achieved by testing different pricing strategies, such as occasional price increases during periods of high demand or temporary discounts to spur sales during slow periods. It is also important to keep an eye on the competition and adjust pricing accordingly.","The data suggests that a slight increase in the product's price can lead to higher profit margins, as long as the changes are not so drastic as to deter potential customers. This indicates that there may be room for increasing the price of the product without significantly impacting sales volume. Additionally, the relatively constant sales volume during periods of both increased and decreased pricing suggests that the overall market demand for the product remains strong regardless of price fluctuations."
246,6.7,40.733340004593025,142.5666900160756,It would be beneficial to explore different pricing tiers to maximize profit by adjusting the selling price based on consumer behavior and market trends. Consider testing a higher price point within reasonable limits to assess its impact on sales and profitability.,"By analyzing the provided data, it appears that our current pricing strategy is focused solely on maintaining profitability while maximizing sales. This narrow focus may be limiting potential profits, as adjusting the price slightly higher could lead to increased earnings without significant harm to sales volume. Further investigation into various pricing tiers and consumer behavior is encouraged to optimize this strategy."
247,6.5,46.87906266262438,154.70090678666043,"To maximize profit, we should continue to monitor market trends and adjust pricing accordingly, while maintaining high-quality customer support to encourage repeat business and positive word-of-mouth marketing. We should also consider introducing promotions or bundles to drive sales during periods of lower demand.","The data suggests that our customers are price-sensitive, yet value quality service. This indicates that we should continue to invest in customer support while being careful with pricing adjustments to avoid alienating customers who may perceive a price hike as bad value. Additionally, it's essential to consider factors such as supply costs and market competition when setting prices to ensure profitability without compromising competitiveness in the marketplace."
248,6.5,46.87906266262438,154.70090678666043,"- Maintain the current production rate and continue selling at the current price point of 6.5. This appears to ensure consistent demand while maximizing profit.
   - Review competition pricing strategies and adjust accordingly, if necessary, to maintain competitiveness in the market.
   - Monitor customer feedback for any signs of dissatisfaction or room for improvement in product quality and adjust strategy as needed to maintain or increase customer loyalty.","- The optimal price point for this product falls between 6.5 and 7, with profits being highest at the lower end of that range (the current selling price). While increasing the price can lead to slightly higher individual sale revenues, this will decrease total profit due to lower sales volume.
   - Given the consistent demand, it is important to continuously evaluate market dynamics, paying attention to both price and quality changes among competitors to remain competitive.
   - Engage in regular customer feedback sessions to retain existing consumers and identify potential areas for improvement or expansion of the product line. This includes tracking overall satisfaction levels and monitoring any trends that may surface over time."
249,6.5,46.87906266262438,154.70090678666043,"In future pricing rounds, consider maintaining a price closer to 6.5 while monitoring sales and profit trends. During times when profit per unit is higher than average, consider raising the price temporarily to maximize overall profit.","This product appears to have a profit sensitivity elasticity that leans towards demand, meaning that lowering the price leads to increased sales volume but decreased profit per unit and vice versa. It is important to balance the need for higher sales with the desire for maximum profit. Additionally, observe that there seems to be a pricing pattern of periodic adjustments around the 6.5 mark, which may indicate a psychologically preferred price point for consumers."
250,6.5,46.87906266262438,154.70090678666043,"Let's continue monitoring prices around the current average (6.5) and look for trends that may suggest when it's more beneficial to raise or lower the price. Additionally, we could consider testing a slightly higher price with lower quantities to see if consumers are willing to pay more for limited stock.","The product seems to have a consistent demand at current volumes but may be able to achieve higher profits through pricing optimization. It would be beneficial to analyze the impact of adjusting the price on customer behavior, as well as potential changes in overall volume sales."
251,6.5,46.87906266262438,154.70090678666043,"Keep tracking inventory to ensure we don't run out, as sales are generally consistent. Continue monitoring price fluctuations to capitalize on any slight variations in demand that might offer an opportunity for increased profitability.","The current market appears stable, but there is room for minor adjustments in pricing strategy to squeeze more profit per unit sold—potentially around the existing mean price or slightly above it based on slightly higher demand at those prices in previous rounds. It's crucial to monitor inventory levels and adjust prices accordingly to maintain a consistent supply without oversaturating the market."
252,6.5,46.87906266262438,154.70090678666043,"Let's aim to maintain a similar price range around 6.5 - 7.0 in order to achieve both reasonable sales volume and profit margins. We can consider occasional price adjustments, but be mindful not to deviate too far from this range to avoid affecting the overall sales volume significantly.","It seems that a sweet spot with good profitability exists around 6.5 - 7.0, but volume is slightly higher at the lower end of that range. We should also keep in mind that prices too high (like 7.25) result in less overall sales despite having a higher individual profit per unit. Additionally, maintaining consistent pricing may help attract a loyal customer base over time."
253,6.5,46.87906266262438,154.70090678666043,"- Maintain the current price of 6.5 until further analysis suggests otherwise
   - Monitor daily sales data to ensure optimal pricing
   - Conduct market research to determine potential demand at alternative prices","- Pricing at or around 6.5 results in the maximum quantity of items sold
   - There is less demand for the product when the price increases or decreases significantly from 6.5
   - Sales data suggests a downward trend in quantity over time which may require a closer look into market dynamics and competition"
254,6.48,47.50208125210602,155.80682650690775,"Maintain current pricing strategy with a slight downward adjustment for the next round to see how it affects overall profit and total quantity sold. Monitor changes in both variables closely. If neither quantity nor profit improves, reconsider the pricing strategy by raising or lowering the price depending on the observed trends.","The current pricing strategy appears to have a moderate impact on both the quantity sold and overall profit. It's crucial to monitor fluctuations in these variables over time to optimize revenue. A more dynamic pricing approach may be necessary to adapt to market conditions more effectively, maximizing profits while maintaining consistent sales volume."
255,6.5,46.87906266262438,154.70090678666043,No plan found.,No insight found.
256,6.5,46.87906266262438,154.70090678666043,"To optimize our pricing strategy, we should carefully consider the impact of price fluctuations on sales quantity. While lowering the price can potentially increase sales (as seen when the price drops from 7.15 to 6.5), it can also affect profit margins. Therefore, it might be beneficial to experiment with different price points around this range to identify the optimal balance between sales quantity and profit margin.","It appears that our product is popular at certain price points, such as 6.95. Moreover, it seems that keeping the price stable for several rounds can lead to consistent sales. Further analysis could help determine whether there is a correlation between consistent pricing and increased customer trust or market presence. Additionally, the data suggests that a higher price (in some instances, as much as doubling the lowest price) does not necessarily translate into proportional increases in sales. Overall, it seems that pricing should be carefully considered to strike the right balance between promoting sales quantity and maintaining profit margins."
257,6.48,47.50208125210602,155.80682650690775,"- Analyze the trends in prices and profits to determine the optimal price point
   - Identify periods of high demand and adjust pricing accordingly
   - Consider the impact of competitor action on pricing decisions
   - Study the correlation between prices, sales quantities, and profits","- Initial pricing at 7.0 resulted in a significant number of sales (32.08) but had relatively low profit compared to later pricing rounds.
   - Pricing around the 6.45-6.95 range generates more consistent profits and maintains demand, even if the number of units sold is lower than at higher prices.
   - Periods of higher prices (e.g., 7.15, 7.25) seem to be met with less demand but may have short-term benefits in terms of increased sales volume or awareness."
258,6.75,39.23368301671084,139.27957470932347,"- Continue to monitor sales and customer feedback in order to make data-driven price adjustments.
   - Implement a more sophisticated algorithm for dynamically adjusting the product's price based on factors like competitor pricing, production costs, and seasonality.
   - Regularly review historical pricing data to identify patterns and insights that can help inform future pricing decisions.","- Lower prices tend to lead to increased sales volume unless the product is perceived as overly cheap, implying a demand for this product at various price points. This could be further exploited by continuing to dynamically adjust the price in response to market conditions.
   - It appears that customers have a strong preference for this product when priced between 6.5 and 7.0, as these prices were most consistently associated with higher sales volumes.
   - The high initial price of 7.0 may have deterred some potential customers who were looking for a more affordable option, but the lowering of the price to 5.5 helped increase accessibility to a wider customer base. This suggests that pricing the product competitively from the outset might have yielded better, more consistent sales over time."
259,6.5,46.87906266262438,154.70090678666043,Continue monitoring sales and profit trends at various pricing points. Identify any consistent patterns or trends that indicate an optimal price range. Adjust prices accordingly to increase profits while maintaining a reasonable quantity of goods sold.,"The data provided indicates a need for further observation and analysis to determine the optimal selling price. It appears that higher prices do not necessarily result in lower sales quantities, but profits can be significantly impacted by minor changes in price. Monitor trends over several rounds of pricing and adjust accordingly based on profit consistency and sales quantity."
260,6.5,46.87906266262438,154.70090678666043,Continue pricing at 6.5 with occasional slight price reductions if sales start to slow down. Monitor sales closely and assess competitor pricing strategies to ensure competitiveness.,Maintaining a price of 6.5 leads to consistent sales without excess inventory. Price drops may result in increased sales but could also signal a need for closer monitoring of the market.
261,6.5,46.87906266262438,154.70090678666043,"Based on the observed patterns, it seems that our pricing strategy should oscillate between increasing and decreasing price levels. This could be accomplished by setting a higher price point (above $6.5) when inventory is plentiful, then gradually reducing the price to stimulate sales as inventory begins to dwindle. It would also be beneficial to monitor sales and profits at each price point and adjust accordingly.","The data suggests that this product or service has a sweet spot in terms of pricing, with prices around $6.5 yielding the most profit on average. However, it's also worth noting that a higher initial price ($7.0) generated the maximum profit even though fewer units were sold, indicating potential opportunity costs associated with maintaining a lower price point for extended periods. Additionally, sales seem to decline rapidly when prices reach $7.25 or higher, suggesting that potential customers may find those prices unattractive. It would be wise to balance inventory levels and profit margins carefully in order to optimize sales at the optimal pricing point, while minimizing price increases too much and causing a drop-off in demand."
262,6.5,46.87906266262438,154.70090678666043,"- Maintain the current price of 6.5
   - Monitor the market closely for any significant trends or changes and adjust pricing strategy accordingly
   - Consider increasing the volume by expanding marketing efforts and product placement in more locations
   - Potentially investigate production cost reductions to increase profit margin","- Maintaining a price point around 6.5 seems to yield consistent profits with reasonable sales volumes
   - Lower prices seem to result in higher profits due to larger sales volumes but may not be sustainable long-term
   - Higher prices above 7.0 see reduced sales volume and should be approached cautiously"
263,6.5,46.87906266262438,154.70090678666043,Let's analyze sales trends and consumer behavior to determine the optimal pricing strategy. We should also consider introducing discounts or promotions to boost sales during periods of low demand.,"Our product's price seems sensitive to changes, with increases in price leading to a decrease in units sold. Analyzing historical data could give us insights into consumer sensitivity and help us find the most profitable pricing strategy that balances profit maximization and maintaining demand."
264,6.5,46.87906266262438,154.70090678666043,Analyze the correlation between price and quantity using regression analysis to identify the optimal pricing strategy considering the oscillating nature of the data seen across several rounds. Explore the impact of promotions or discounts on demand as well as the role of seasonality in determining price fluctuations.,"The cyclical nature of price and quantity indicates a need for a flexible pricing strategy that considers historical patterns of both variables. Additionally, it is important to investigate if pricing drops serve as an effective means to stimulate short-term demand or if they could potentially have longer-lasting negative effects on perceived product value. Lastly, examine the potential role of competition, consumer preferences, and market trends in shaping price and quantity dynamics over time."
265,6.5,46.87906266262438,154.70090678666043,"Based on the observations, I recommend trying to find the optimal balance between high sales volume and profit margins by maintaining a pricing strategy that targets the mid-range (e.g., between 6.45 and 6.95). This approach should help capture a larger customer base while maximizing profits in the long run.","Price elasticity can be seen in this dataset, as changes in price tend to influence sales volume proportionally. However, it's important to consider profit margins when adjusting prices. Additionally, there seems to be no definitive 'best' pricing strategy, as factors beyond just the price itself (such as product features, advertising efforts, or competition) could also play a significant role in sales performance."
266,6.95,33.458944125318595,125.47104046994474,"- Analyze the relationship between price and quantity sold per transaction.
   - Investigate the pattern or trend in the fluctuation of prices over time.
   - Identify any pricing strategies that may be effective based on the data.","- The price seems to have a significant impact on the quantity sold, with lower prices resulting in higher quantities sold. However, there appears to be a minimum price below which it's challenging to sell the item (around 6.45 or lower, as seen in rounds 192-197).
   - The data suggests that the optimal price range for significant sales is around 6.5 to 6.95, with a peak at 6.95 (rounds 170, 171, and 180). This indicates that raising the price slightly above this optimum may result in fewer sales, while decreasing it below this range could lead to insufficient revenue due to lower quantity sold per transaction.
   - The sequence shows a tendency for repeating some prices (e.g., 6.95) and seems to be cyclical, with certain price points recurring after multiple rounds. This could suggest the presence of pricing strategies based on market conditions or sales targets. However, further investigation is required to confirm this hypothesis."
267,6.75,39.23368301671084,139.27957470932347,"- Maintain the current price range, with slight adjustments towards the optimal price range (6.45-6.95) to encourage more sales and maintain profit margin.
   - Monitor the market trends carefully to ensure our pricing remains competitive.
   - Consider introducing promotions or discounts during periods of lower demand to clear excess inventory.","- There appears to be a correlation between price and quantity sold, with higher prices leading to less sales but potentially higher profit per sale. Optimal pricing seems to exist around 6.75 where a significant number of units are sold.
   - It is important to strike a balance between profit margin and sales volume, as the former without sufficient sales could lead to financial loss.
   - Market trends should be observed closely to adjust pricing effectively in response to changes in demand or competitor strategies."
268,6.63,42.861601832306775,147.01529428481223,No plan found.,No insight found.
269,6.75,39.23368301671084,139.27957470932347,"```markdown
Pricing Strategy: Dynamic pricing based on market response
Observed Effective Pricing Range: Price above 6.5 with some flexibility depending on competition and demand
Quantity Adjustment Strategy: Increase quantity sold as price decreases, but be cautious not to undermine profit
Key Performance Indicator (KPI): A combination of Quantity Sold and Profit Margins
```","```markdown
Insights:
- Our product appears to have a relatively elastic demand, with significant changes in both quantity sold and profit margins based on price adjustments
- It's essential to strike a balance between maximizing sales volume (quantity) and preserving profit margins
- The sweet spot for pricing seems to be in the range of 6.5 or higher, but flexibility is important as the competitive landscape may require pricing adjustments
```"
270,6.75,39.23368301671084,139.27957470932347,"Continue analyzing the pricing strategy by testing slightly decreased and increased prices to refine our understanding of the optimal price point for the product. Track the associated changes in profit margins and sales volumes, ensuring that we maintain a balance between maximizing profits while keeping sufficient sales volume levels.","Price plays a significant role in shaping both sales volume and profit margins; however, striking the right balance between the two is crucial to long-term success. It's essential to continually monitor pricing trends to find the optimal price point that maximizes profits while maintaining a steady sales volume for our product. Further research may involve investigating factors such as market demand, competitor pricing strategies, and costs of production to further inform pricing decisions."
271,6.5,46.87906266262438,154.70090678666043,"(1) Maintain a competitive pricing strategy while being mindful of the overall trend towards lower prices leading to increased sales quantities.
   (2) Monitor the market closely for any changes in consumer behavior or competitor pricing strategies.
   (3) Continue to analyze the data for possible correlations and patterns that might provide insights into optimal pricing.","(1) A price drop may attract more customers, but it could also indicate a ceiling for this product's highest selling price.
   (2) The data suggests that maintaining a competitive pricing strategy is crucial to increasing sales quantities.
   (3) Continued monitoring of market conditions and changes in consumer behavior is necessary to navigate the competitive landscape effectively."
272,6.5,46.87906266262438,154.70090678666043,Monitor the impact of changing prices on both the demand and revenue. Explore pricing strategies that take advantage of apparent price sensitivity but also aim to maximize profits over the long term.,"Price elasticity may be a meaningful factor in this case, as lowering the price can result in an increase in quantity demanded (e.g., from 32.08 units at 7.0 to 47.81 units at 6.47), which, when executed strategically, could lead to higher overall revenue. However, the optimal pricing strategy may not be simply to decrease prices whenever possible, as lower prices can also impact profit margins."
273,6.5,46.87906266262438,154.70090678666043,"To optimize pricing, we should continue to monitor the fluctuations in price and quantity sold. It would be beneficial to investigate external factors that may impact demand and adjust the pricing strategy accordingly. Furthermore, we could consider offering flexible discounts or promotions during certain periods to increase sales volume.","The varying demand across different price points suggests an elastic pricing model could be employed, where the price is adjusted based on estimated changes in quantity demanded. Additionally, it's essential to consider competitive pricing within the market and any unique selling points that we can leverage to remain competitively priced yet maximize profits."
274,6.5,46.87906266262438,154.70090678666043,"- Analyze the relationship between price and quantity sold in each pricing round.
   - Identify patterns or trends that may provide insight into optimal price point(s) for maximizing profit.
   - Test various price points to see how they influence sales and overall profits.
   - Consider offering discounts or promotions at strategic times to boost sales and expand the customer base.","- A higher price does not always guarantee greater profits due to lower quantities sold (e.g., Round 187).
   - Lower prices can lead to increased sales but may impact profit margins negatively, depending on the price reduction and quantity sold (e.g., Round 202).
   - The price seems to have a significant influence on customer behavior as lower prices attract more customers (e.g., Round 198 vs. Round 202).
   - It is crucial to find the optimal price balance between maximizing sales and profits for overall success."
275,6.5,46.87906266262438,154.70090678666043,"* Continue to monitor price and quantity data to further understand the relationship between the two variables
   * Explore potential reasons for deviations from expected trends (such as temporary price reductions)
   * Investigate possible external factors that may be influencing consumer behavior","* Increasing the price of the item beyond a certain point may result in decreased sales and profit
   * Consumers appear to respond positively to temporary reductions in price, suggesting that marketing promotions could drive sales at strategically chosen times
   * A more comprehensive analysis of external factors affecting consumer behavior is needed to optimize pricing strategy"
276,6.5,46.87906266262438,154.70090678666043,Keep monitoring the relationship between price and quantity sold to find an optimal balance. Consider testing slightly lower prices to see if we can increase sales without sacrificing profit too much.,"It is worth noting that while there are fluctuations in both price and quantity, certain price points seem to work better than others (6.48 - 6.95). Additionally, there does not appear to be a clear correlation between specific pricing rounds and sales success."
277,6.95,33.458944125318595,125.47104046994474,"- Examine market data from competitors to better understand pricing trends
   - Conduct customer surveys to gauge perception of product value at different price points
   - Monitor sales figures closely to identify patterns in pricing and quantity sold","- Price sensitivity seems to exist among customers, but some buyers are willing to pay more for perceived high-value products
   - Higher prices coincide with smaller quantities sold; adjustments may be needed to optimize revenue
   - Important to maintain awareness of market fluctuations and adjust pricing as necessary to remain competitive"
278,6.5,46.87906266262438,154.70090678666043,"Continue adjusting the price slightly downwards to increase sales volume, but be mindful of maintaining profit margins and avoiding oversaturation of the market. Keep a close eye on the sales data during this phase to identify trends or anomalies that may require adjustments.","Reducing the price seems to have a positive impact on sales volume, but it is crucial to monitor the customer base and competition carefully to ensure the long-term health of the product's market position. The data does not seem to indicate any clear pattern that could lead to significantly improving profits beyond maintaining or slightly increasing volume at current pricing levels."
279,6.9,34.86451353339457,128.99870007355992,"- Continue testing prices within the range of 5.50 and 7.20
   - Monitor demand response to determine optimal price for consistent sales volume and high overall revenue","- Highest profit per unit was earned at a price of 1.00 above the minimum average selling price (75.49 units sold at a 173.63 profit)
   - Lowering the price just below the average minimum price (at 5.50) results in fairly consistent sales volume and high overall revenue due to large volume of units sold
   - It may be beneficial to test prices within this range further while monitoring demand response for optimal pricing strategy"
280,6.5,46.87906266262438,154.70090678666043,"Maintain an average price close to the current one (6.62) while exploring slight decreases or increases, depending on how the competition is behaving in the market. Monitor the impact on both quantity sold and profit per unit.","Lower prices drive higher sales volumes but cause a drop in profit per unit; conversely, increasing the price leads to lower quantities sold, resulting in higher profits per unit. However, it is essential to consider competition when making pricing decisions."
281,6.7,40.733340004593025,142.5666900160756,"To maximize profits, it appears that we should aim to set a price slightly above the 6.5 range without going too high and decreasing sales quantities significantly. It would be beneficial to analyze this trend further by using a statistical method or machine learning model to predict the optimal selling price based on historical data and market demand.","Historical data shows that when prices are set around 6.5, there is a good balance between profit per unit and total quantity sold. It seems that customers are willing to pay this price range, but going higher results in diminishing returns due to lower sales quantities. Additionally, it may be advantageous to look into potential seasonal trends or other market factors that could affect demand and justify slightly adjusting the selling price accordingly."
282,6.48,47.50208125210602,155.80682650690775,"This section should include any upcoming plans or strategies based on the observed data. For example, if there is a clear trend of higher profits at certain price points, the plan could revolve around focusing more on those areas in future pricing decisions. Additionally, consider adding contingencies for unforeseen circumstances, such as competitor pricing actions or market fluctuations.","This section should summarize observations and insights gained from examining the data provided. Some insights could include:
   - Higher profit margins occur at certain price points in this dataset, e.g., 6.48, 6.5, and 7.0.
   - The seller has achieved relatively consistent profits across many different selling prices.
   - Lower quantities are sold at higher price points, but the profit margin remains similar to that of lower-priced items with higher sales volume (e.g., comparing rounds of 6.95 versus 5.5).
   - There seems to be a limit on how low prices can be set without adversely affecting profits."
283,6.5,46.87906266262438,154.70090678666043,"Moving forward, I suggest continuing to adjust prices to find an optimal price point that balances cost and demand. The observations made so far indicate that a lower price may lead to higher total revenue, but this strategy can result in profit losses if the unit cost per item is not carefully managed. It would be helpful to keep track of changes in both price and the corresponding costs for producing each item throughout this process.","From the data provided, it appears that consumers are responsive to price changes, with higher prices leading to fewer items sold (and lower total revenue) in many cases. This could be indicative of a market with less price elasticity, where customers may have formed brand loyalties or are cost-conscious when making purchasing decisions. It is also possible that the data reflects a more general trend towards consumers valuing quality or brand reputation over price alone. As the pricing strategy evolves, it will be essential to continue monitoring any changes in consumer behavior and adapt accordingly."
284,6.48,47.50208125210602,155.80682650690775,"In order to optimize this product's pricing strategy, we should analyze the relationship between price and quantity sold. Additionally, it would be beneficial to understand why certain prices resulted in fewer sales and whether there are any external factors influencing these results.","The data seems chaotic without a clear pattern, making it difficult to establish a reliable pricing model. However, it appears that lowering the price might lead to an increase in sales, as prices below 7.0 tend to sell more units than those higher than 7.0. More analysis is needed to confirm this trend."
285,6.95,33.458944125318595,125.47104046994474,Continue monitoring price fluctuations and attempt to find trends or patterns that may indicate optimal pricing strategies. Analyze historical sales data at different price points to determine the sweet spot where profitability and demand meet. Conduct A/B testing with different pricing tiers if possible.,"The dataset reveals some fluctuations in demand and profitability corresponding to price changes, suggesting that lower prices might result in higher volume sales but potentially lower profits, while higher prices may lead to fewer sales but potentially higher profits per sale. It would be beneficial to explore additional factors, such as marketing efforts or competitive landscape, that could influence consumer behavior."
286,6.51,46.567905633069564,154.13976764546024,"- Continue to adjust pricing strategies within the range of 6.5 - 7.0 to maximize both sales and profit.
   - Monitor volume of units sold and adjust pricing accordingly to optimize for profit while maintaining a consistent level of demand.
   - If necessary, conduct market research to better understand consumer preferences and pricing sensitivity in this product category.","- Consumers are willing to purchase the product at a wider range of prices, although higher prices result in less volume sold.
   - Higher profit is achievable by optimizing both price and volume; finding the perfect balance may involve fine-tuning pricing strategies over time.
   - Market research could provide valuable insights into consumer expectations and preferences for this product, potentially helping to refine pricing decisions and maximize overall sales."
287,6.48,47.50208125210602,155.80682650690775,Maintain a consistent range between 6.45 and 7.2 for pricing. Monitor sales closely for any unusual trends or patterns. Investigate potential market factors contributing to the demand fluctuations.,"Sales volume appears more stable than price adjustments, with 46-50 units sold in most rounds. Lower prices tend to result in higher salesvolume (see Round 198). It is essential to maintain a close watch on market factors that might impact demand trends. Continue studying the relationship between pricing and sales volume for additional insights."
288,7.15,28.14056074291438,111.15521493451182,"To maximize profit, it might be beneficial to periodically increase prices, especially when current sales are high (as seen in Rounds 195, 197, and 198) but avoid raising the price too much as it seems to decrease sales significantly (e.g., Round 213). Additionally, consider lowering the price temporarily to boost overall sales as shown in Rounds 189 and 190.","Experimenting with varying prices and observing their impact on both profit earned and quantity sold can lead to better pricing strategies. It is important to observe trends in price vs. sales and adjust accordingly, as seen in the fluctuations of prices between Rounds 200-212. Monitoring past insights can help inform future decisions and optimize overall profits."
289,6.95,33.458944125318595,125.47104046994474,Maintain the current price range between 6 and 7 due to its positive impact on profit-taking into account past sensitivity to pricing variations. Continuously monitor sales and adjust prices accordingly while focusing on striking a balance that encourages high quantities sold without compromising profits too much.,"It has been observed that the product's price plays a crucial role in sales volume, with some sensitivity to even minor changes. Lowering the price slightly within the current range of 6 and 7 generally results in higher quantities sold while maintaining reasonable profits. Conversely, raising prices above ~6.95 or below ~5.5 could lead to decreased sales volumes and lower profitability. Keep these findings in mind when setting future pricing strategies."
290,6.5,46.87906266262438,154.70090678666043,"Maintain the current pricing strategy of approximately 6.5 to capitalize on high demand and relatively stable profit, while minimizing the impact of reduced sales volume at higher prices and increased competition at lower prices.","Pricing between 6.5 and 7 works best in terms of a balance between maximum profit per unit and overall total profit. Lower pricing strategies such as 5.5 may result in increased sales volume but decreased profit per unit, while higher pricing strategies may yield higher profit per unit but result in lower total sales. Additional research is needed to identify market trends and potential opportunities for growth within the current pricing range of around 6.5."
291,6.5,46.87906266262438,154.70090678666043,"- Continue to monitor changes in price and quantity sold closely.
   - Identify patterns or trends in the data and adjust pricing strategy as necessary based on these findings.
   - Consider other factors that may impact sales, such as marketing efforts or changes in the market.","- Pricing volatility can be an effective tactic to attract customers during periods of low competition.
   - Frequent adjustments to price may help to maximize overall profitability over time by optimizing sales in each round.
   - There appears to be a ceiling and floor for the acceptable price range, so prices that fall outside this range may not be successful."
292,6.45,48.438008427698435,157.4235273900199,"- Continue monitoring sales at various price points to identify optimal pricing strategies.
   - Consider testing a lower price point to increase overall unit sales and maintain or slightly increase profits.
   - Analyze the relationship between price and customer demand to refine pricing strategies.","- Lower prices seem to drive higher volumes of sales, but with decreased profit margins per unit sold.
   - High prices result in fewer total sales, yet can still be profitable given the higher profit margin per unit.
   - It appears that a delicate balance must be struck between maximizing volume and maximizing profit to achieve long-term success."
293,6.52,46.25701546562508,153.57329134587525,"Keep track of the price trends over longer periods, considering factors such as overall market conditions and customer demand patterns. Adjust prices strategically based on fluctuations in quantity sold and the competitive landscape to maximize profitability without alienating customers through excessive price increases.","Monitoring the price dynamics can provide valuable insights into how changes in product pricing impact sales volume. Keep an eye on consumer response to different price points, as it can help gauge the optimum price that strikes a balance between maximizing profit and maintaining customer satisfaction."
294,6.5,46.87906266262438,154.70090678666043,"The optimal selling range appears to be around the current price of 6.5, which has led to consistent unit sales and reasonable profit margins. To improve profits, we should explore increasing prices slightly while closely monitoring changes in demand and adjusting accordingly based on market dynamics.","The insights gathered from this extensive data analysis indicate that consumers react positively when the price drops below 6.75. However, it seems that there is profit to be made in higher-priced points if unit sales are unaffected or only minimally decreased, suggesting a potential pricing strategy of balancing lower prices for increased volume with higher prices for higher profit margins."
295,6.4,50.0,160.0,"Price optimization is key for this product. To increase sales, the price should continue to be lowered from the current average of 6.51 until it hits around 6.4 or lower. It would also be beneficial to take advantage of the previous low-price success at 5.5 and consider offering that price on special occasions or as an introductory price.","- Demand for the product is higher at lower price points.
   - Prices between 6.4 - 6.5 result in a good quantity sold.
   - Repeat customers might be sensitive to changes in prices as there were two instances where the same price of 6.95 was tried, and almost identical quantities were sold.
   - It may be worth experimenting with occasionally offering discounts or special promotions at a lower price point like 5.5 in order to drive sales."
296,6.5,46.87906266262438,154.70090678666043,Continue to maintain an average selling price close to 6.5 dollars to maximize profit while accommodating fluctuations in demand to ensure smooth sales. Explore options for temporary price adjustments during periods of high consumer interest or low competitor pricing to capitalize on market opportunities.,"Adjusting the selling price above and below the average can impact both profits and quantities sold. Lowering prices temporarily may lead to increased sales, but lower profit per unit; while higher prices may result in decreased sales but higher profit per unit. It is essential to strike a balance between meeting market demand at various price points, maximizing overall profit, and appealing to budget-conscious consumers."
297,6.75,39.23368301671084,139.27957470932347,"- Continue monitoring the performance at the current price and adjust slightly if necessary to optimize for both profit and sales volume
   - Keep a close eye on any emerging trends, such as changes in customer behavior or market conditions that may influence price sensitivity
   - Regularly review historical data and analyze performance over different pricing ranges to identify optimal price points","- Historical pricing data can provide insights into both short-term and long-term trends in demand and profitability
   - A balanced approach should be taken when adjusting prices, considering both sales volume and profit margins
   - It can be beneficial to analyze performance over various price ranges to establish a comprehensive understanding of customer behavior and market conditions. This knowledge will inform future pricing strategies."
298,6.5,46.87906266262438,154.70090678666043,Maintain the current pricing strategy as it seems to be moderately successful in moving units while generating a profit. Monitor the sales data more closely in future pricing rounds to determine if it is best to increase or decrease the price based on fluctuations in quantity sold. Continue to monitor competitors' prices for potential adjustments.,"Price increases may not necessarily lead to increased sales, as the data indicates that when the price was increased to 7.0, there was no significant increase in quantity sold compared to instances where the price was significantly lower. It appears that keeping a moderate price (around 6.5) allows for more consistent sales within the established range of quantities sold. Monitor and analyze the data more closely to ensure continued success."
299,6.5,46.87906266262438,154.70090678666043,Maintain a lower price range (below 7) with small adjustments to attract more customers during periods of low demand. Keep watching for changes in the cycle pattern of quantity sold and adjust pricing accordingly to maximize returns without over-saturating the market or causing price drops.,"Aggressive pricing strategies do not seem to have a lasting positive impact on sales volume, as the data shows that high prices are likely to discourage customers and drive down sales, while lower prices result in increased sales volume. Price sensitivity appears to be relatively high for this product, as even small changes can significantly impact the number of units sold."
300,6.5,46.87906266262438,154.70090678666043,"Based on the current trend, it might be beneficial to stick with a slightly lower price point (closer to 6.5) to increase quantity sold while maintaining profitability. It would also be advisable to keep an eye on pricing trends above and below our selected range to ensure we are not leaving potential profits on the table.","By analyzing the data, it becomes evident that pricing plays a crucial role in determining the quantity of goods sold. It is essential to be flexible with prices in order to adapt to market demands while balancing profitability. Additionally, maintaining consistent observation of price trends and competitor activity may provide valuable insights for future pricing decisions."
