round,price,qty,profit,plan,insight
1,2.0,99.59298622841038,-119.51158347409248,"Test initial prices at $1-$3 increments with the goal of finding an optimal sweet spot that balances revenue generation without pricing out potential customers. Also, evaluate pricing elasticity by introducing small changes in price increments ($0.25-$0.5) around a promising price point to refine profit maximization.","Higher prices will likely yield higher profits, but there's also the risk of alienating customers if they exceed $9-$10 per unit. The maximum revenue capacity at this moment is unclear due to insufficient market data. To avoid overpricing and minimize losses in potential revenue, I need to closely monitor actual customer behavior when new price tiers are introduced."
2,4.75,88.72045937171069,137.51671202615154,"+++++++++++++++++++++
Update Plan:
    - Revise initial pricing strategy to test higher price increments around $4-$6, considering the optimal balance of revenue generation and customer tolerance.
    - Continue to monitor actual customer behavior and adjust the pricing elasticity by introducing small price changes ($0.25-$0.5) around promising price tiers.","+++++++++++++++++++++
Updated pricing strategy will require a delicate balance between higher prices yielding profits from higher unit sales and minimizing losses due to alienating some potential customers.
Consider evaluating elasticity in segments based on the customer base (e.g., loyal, new), since different groups may be affected differently by price changes."
3,4.95,85.96637505099169,150.44115633923545,"Update Plan:
- Continue testing price increments in the $4-$6 range as mentioned in previous plans.
- Refine the pricing strategy by conducting a more precise analysis of customer segments (e.g., loyal, new) to identify groups with higher price elasticity and tailor future price changes accordingly.
- Analyze market data regarding both the quantity sold and profit generated at different price thresholds within the $4-$6 window.","Current pricing strategy must take into account the importance of selecting segments who are most sensitive to price fluctuations, ensuring maximum revenue without unnecessarily losing buyers. Market data further emphasizes that each unit's added value beyond the initial production cost will determine a satisfactory trade-off between profit and sales figures."
4,5.15,82.67117940706734,161.20879984378132,"-------------------------

Update Plan:

* Further investigate Round 3's result by examining how quantity sold at $4.95 compares to previous rounds ($2.0-$4.75 window) and if there are any noticeable differences in terms of profit margins or segment breakdowns
* Rely on market data (Rounds 1-3) to discern optimal price point(s) that will generate the highest profit
* To better grasp pricing elasticity for each customer group, run additional analysis based on the Round 3 and 2 prices with consideration of possible trade-offs between quantity sold and margin","---------------------------

Optimal pricing in this scenario seems to involve a combination of segment sensitivity and adequate price elasticities. Given that market data already demonstrates potential gains by increasing price beyond initial results ($4.75), it's recommended to identify the specific units' added values (profit/quantity) and ensure optimal revenue through targeted selling price adjustments."
5,5.05,84.38951025545427,156.12059397259037,"Update Plan:

* Run further analysis on the relationship between price increases and profit jumps across all rounds
* Investigate possible correlation between quantity sold at higher prices ($4.75-$5.15) and specific customer segments to better understand this market's pricing elasticity for different groups
* Test strategies that balance quantity sold with profit margins through targeted pricing adjustments","Optimal priced scenarios in this market seem to involve finding the right balance between price sensitivity, segment focus, and adequate elasticities. To maximize revenue, we might need to make adjustments beyond a mere incremental increase, acknowledging there may be an upper bound beyond which profit earned grows at slower rates."
6,5.1,83.5483537103437,158.74187204965298,"* Run analysis on a potential upper bound for prices, considering customer limits ($10.07) and decreasing returns on investment (e.g., the drop in profit between Round 4 and Round 5)
* Investigate possible ""sweet spots"" where prices are optimal for quantity sold and profit margins
* Experiment with price adjustments that account for segment-specific elasticity to better understand the market dynamics","Optimizing our pricing strategy will require consideration of both individual round performance and long-term profitability. While there may be a ""sweet spot"" in terms of price adjustment, we must prioritize ongoing analysis and experimentation to adapt to market changes."
7,5.12,83.20183851339245,159.7475299457135,"* Run analysis on data from Rounds 1-5 to determine the optimal price range where maximum profit is achieved.
* Investigate possible ""sweet spots"" where prices are optimal for quantity sold and profit margins using more sophisticated statistical models (e.g., linear regression).
* Experiment with dynamic pricing strategies that adjust prices in response to changes in market demand, taking into consideration segment-specific elasticity.","It appears that there is a potential ceiling price of around $5.15-$5.20, beyond which profit decreases significantly. Additionally, I note that the user's profit margins have been relatively consistent between Rounds 3-5, suggesting that prices may be close to optimal within this range."
8,4.98,85.5078368512177,152.20394959516753,"Run a detailed analysis on Rounds 6-10, including quantity sold and profit earned, to confirm the optimal price range within the observed window ($4.95-$5.15). Investigate whether adjusting our pricing strategy based on market fluctuations (e.g., seasonal variations) can lead to even higher profits without compromising profit margins.","Carry over the previously noted ceiling price of $5.20, ensuring we maintain profits below this threshold. Consider incorporating more sophisticated statistical models (e.g., linear regression) to further solidify our findings and explore potential ""sweet spots"" within the optimal price range where prices are optimal for both quantity sold and profit margins."
9,5.07,84.05733129219833,157.1872095164109,"Investigate seasonal variability in pricing by observing whether adjustments can lead to profitable market shares without risking current profit margins. 
Continuously validate any conclusions from the previously planned analysis on Rounds 6-10 as new data becomes available in future rounds.
Compare prices and margins obtained using basic statistical models with outcomes generated when sophisticated techniques are applied.","We can confidently note that our optimal price lies within the observed window ($4.95-$5.15) where both quantity sold and profit earned tend to remain high across most given data points (with Round 7 showing a modest deviation).
As always, we will carry forward market fluctuations' consideration using more precise statistical models, enabling further insights into profitable pricing strategies without underpricing potentially better margins."
10,4.99,85.35224911382662,152.78052591374964,"Investigate the effect of minor adjustments from the optimal price window ($4.95-$5.15) on quantity sold and profit earned, specifically looking to validate the conclusion that these prices yield the highest profit.
Continuously monitor profit trends with varying Round 9 data as new market data becomes available in future rounds.","It is worth noting that our optimal price window ($4.95-$5.15) not only offers a balance between quantity sold and profit earned but also appears to protect the seller from considerable losses (as seen in Round 1). We should maintain market trends' consideration using precise statistical models, enabling further insights into profitable pricing strategies within this existing range."
11,4.99,85.35224911382662,152.78052591374964,"Investigate minor price adjustments from $4.95 to $5.15 to maximize profit within the optimal range.
Continuously analyze Round 11 market data and update pricing strategies accordingly, keeping the focus on maintaining profitability within the established optimal price window.
Consider creating a model that optimizes profits with respect to minor price movements to further quantify the effect of small price adjustments.","The importance of remaining within or near the optimal price range ($4.95-$5.15) cannot be overstated, given the significant implications on both profit and quantity sold observed in past rounds. Pricing strategies that aim to adjust and optimize this window are key to long-term profitability."
12,5.02,84.87717474909257,154.47645804334843,"+++++++++++++++++++++
Prioritize testing prices between $4.98 and $5.07 to pinpoint the optimal price point within the identified range.

Test a higher-end price of $5.10, considering its proximity to previous tested highs while avoiding any potential loss in quantity sold.
Monitor Round 11 data closely for insights on how minor price adjustments affect profit and proceed with the next round based on this new information.
Continuously evaluate market conditions before proceeding with further adjustments.","+++++++++++++++++++++
Given the consistent peak of profitability within the price range from $4.95 to $5.15, I infer that there is a relationship between being near or at this optimal window and high profit earnings.

Additional experimentation should involve exploring different minor adjustments to solidify why these ranges optimize profit and identify any trends in customer response or preferences based on price changes."
13,5.05,84.38951025545427,156.12059397259037,"Prioritize testing minor price increments between $5.00 and $5.07 to further refine our estimate of the optimal price point within the identified range.
Conduct thorough analysis on Round 12 data, particularly focusing on the impact of the slight increase in price from $4.99 to $5.02, and proceed with adjustments accordingly.","Continuing from prior inference: there seems to be a strong correlation between being near or at the optimal window ($4.95 - $5.15) and higher profit earnings, regardless of whether the exact peak is hit. It's also noticeable that despite minor fluctuations in quantities sold due to price adjustments (as seen in Rounds 11 and 12), these do not significantly detract from overall revenue. Minor experimentation shows these slight movements around $5 can yield a positive impact on earnings."
14,5.075,83.97339676722393,157.45011893854488,"Prioritize testing minor price increments between $5.07 and $5.10 to further refine our estimate of the optimal price point within this slightly higher end of the identified range.
Conduct a comparison analysis between Round 13 data and Round 5 data (both with the same price of $5.05) to understand how sales and profits have developed over time.","The insights from previous rounds confirm that being near or at the optimal window ($4.95-$5.15) yields higher profit earnings. Furthermore, our analysis suggests a more nuanced understanding where higher price points (up to $5.07, but below the maximum $10.07 cap) produce slightly lower quantity sold, yet still generate more revenue due to the premium added to individual sales."
15,5.05,84.38951025545427,156.12059397259037,"Incrementally test prices between $4.95 to $5.10 at larger intervals initially (e.g., $0.05, then smaller increments as we approach the optimal point) instead of just focusing on specific points like $5.07 and $5.10.
Run a more thorough analysis that incorporates all available historical data, rather than comparing Round 13 and Round 5 specifically, to better understand the pricing dynamics and identify trends leading to higher profit margins.","Considering our goal is to maximize profits in the long term, it might be necessary to acknowledge the trade-off between premium pricing (yielding slightly lower quantities but higher units of revenue) against maximizing sales volume through lower prices. The optimal balance could depend on current market demand, target audience preferences, and competitor strategies."
16,4.99,85.35224911382662,152.78052591374964,"Incrementally test prices between $4.95 to $5.10 at even smaller intervals (e.g., $0.01 or less) if we approach an optimal point and see significant variability in profit margins.
Perform more thorough analysis of historical data, considering factors like price elasticity and quantity sold trends.
Continue comparing our sales volume and profit margins across all pricing rounds to identify patterns.","Considering the trade-off between premium pricing (yielding higher units of revenue but lower quantities) against maximizing sales volume through lower prices, we might want to consider raising our price slightly above $5 if it increases profitability.
The optimal balance between price and profit might be influenced by the target audience's preferences, market demand, and competitor strategies. Our current data doesn't provide clear insights into these factors."
17,4.99,85.35224911382662,152.78052591374964,"1. Continue testing higher prices around $5 to see if profitability increases further without sacrificing too much in terms of quantity sold.
2. Expand the plan from Round 13 to conduct a thorough price elasticity analysis across all pricing rounds. Consider using techniques like regression or time-series forecasting to better understand how changes in price impact sales volume and profit.","Our current data has shown some potential in setting prices above $4.99 but not quite at the optimal point of profitability without a decline in quantity sold (this was noticed after testing rounds 13-16). Although our insights are based on historical data from two past instances of this pricing round ($4.99 and $5), I suspect the target audience may prefer to stay below or around a price of $5 due to factors like market competition, demand elasticity, etc. In light of this uncertainty about optimal trade-offs between higher prices yielding more revenue per unit but reduced sales volume, we should also investigate possible long-term impacts on customer loyalty and future sales if our prices do not fluctuate around $5."
18,4.99,85.35224911382662,152.78052591374964,"1. Continue testing higher prices around $5 to see if profitability increases further without sacrificing too much in terms of quantity sold (verified trend observed across multiple rounds).
2. Revise the price elasticity analysis plan by conducting a regression or time-series forecasting to better understand how changes in each individual round's prices impact sales volume and profit, focusing on the behavior beyond Round 16.
3. Investigate if setting prices slightly above $4.99 could result in higher profitability without inducing significant losses in quantity sold.","Based on observations from multiple rounds and historical data analysis, it appears our revenue-maximizing price range is indeed centered around $5 but also influenced by customer preferences and potential elasticity in purchasing behavior due to the competitive landscape. A suggested approach moving forward would include experimenting with smaller increments above or slightly below the current equilibrium while maintaining thorough monitoring of market responses."
19,4.99,85.35224911382662,152.78052591374964,"1. Implement incremental price testing in $0.01 increments above the current optimal point of $4.99 to see if further increases can push profitability without sacrificing too much in terms of quantity sold.
2. Consider revising the initial price elasticity analysis plan using historical data from previous rounds and incorporating additional metrics such as customer satisfaction ratings or feedback, if available, to better understand long-term market implications.","Based on further review of provided data, it's clear that each pricing strategy implemented does indeed have a significant effect not just on quantity sold but also the overall profit margins achieved. The general trend indicates higher profits are reached when prices slightly exceed $4.99, and a key consideration moving forward should be monitoring changes in both quantity sold alongside fluctuations in profit to ensure no significant opportunities to increase profitability through small price adjustments."
20,5.05,84.38951025545427,156.12059397259037,"1. Refine incremental price testing from previous rounds by starting at $5.00 and incrementing by $0.01, up to $6.00 or until an optimal point is reached where further increases no longer significantly impact quantity sold while maintaining maximum profitability.
2. Use historical data from Rounding 15-19 to investigate how the price elasticity of demand changes when prices fluctuate around the sweet spot ($4.99-$5.08).","The consistency in profit earned at $4.99 (Rounds 11, 10, and later) suggests that this may be a key equilibrium point to maintain, assuming customer satisfaction remains stable.

Furthermore, I note an interesting trend where prices above $5.02 appear to result in decreasing quantity sold but increasing profits up to a certain point ($159.75). However, it's unclear whether further increases beyond $5.12 would lead to additional gains without sacrificing too much in terms of customer acceptance."
21,5.05,84.38951025545427,156.12059397259037,"1. Test the upper limit of the sweet spot ($4.99-$5.08) by incrementally increasing prices to $5.10, then $5.12 to see whether profits decrease significantly.
2. Investigate further by analyzing the relationship between price elasticity and profitability within this range.","The data confirms that at low price points (Round 1), quantity sold increases significantly but results in a substantial loss due to high production costs ($2). At $4.98, higher quantity sold resulted in increased revenue without sacrificing much profit potential, indicating that even minor price adjustments can lead to significant economic gains when done correctly.

It's also worth noting that above $5.12 (Round 7 and Round 13), the relationship between price increase and profitability is not as linear; a more nuanced pricing strategy may be required.

Given this analysis and our goals of maximizing profitability, we should choose a price within the established sweet spot range ($4.99-$5.08) to ensure customer satisfaction while capturing maximum revenue."
22,5.04,84.55347349164653,155.5783912246296,"1. Test the upper limit of the sweet spot ($4.99-$5.08) by incrementally increasing prices to see whether profits decrease significantly.
2. Investigate further by analyzing the relationship between price elasticity and profitability within this range.

As per our earlier plans, let's continue testing in increments above $5.04 (Round 12), where a slight decline in profit was noted at $4.98 and above ($5.02) was less efficient for higher prices relative to other rounds. Consider revisiting these data points.","The consistent sales figures across the sweet spot range suggest that it not only offers significant economic gains but also a stable foundation for pricing decisions.

It's worth considering further analysis with adjustments to our revenue streams, particularly accounting for market conditions or seasonal fluctuations in demand. Reviewing the overall data (for instance checking any correlations between these two variables) may help us arrive at more informed conclusions about how best to utilize revenue streams effectively.

Given the insights from previous rounds and current performance, I believe that prices within the established range ($4.99 - $5.08) are ideal for maximum profit in the long-term."
23,5.04,84.55347349164653,155.5783912246296,"1. Refine our understanding of the relationship between price elasticity and profitability by analyzing the data from Rounds with stable profitability (Rounds 11, 10, 19, 12-14).
2. Investigate whether there's a specific threshold beyond which higher prices would no longer result in increased revenue or profitability, as hinted at in Round 12.
3. Consider using data points across multiple rounds to determine the statistical significance of observed trends and correlations.","Continuing from previous insights:
- The established range of $4.99-$5.08 appears to offer a balance between profitability and stability.
- A more detailed analysis, as mentioned above, might help us better understand the underlying dynamics driving price elasticity within this sweet spot.
 

Given these considerations, I recommend maintaining our focus on the identified ideal range for maximum profit in the long term."
24,5.04,84.55347349164653,155.5783912246296,"1. Analyze data on quantity sold to price elasticity relationship across various ranges with the goal of developing a comprehensive understanding.
2. Develop models that allow us to incorporate these relationships into future projections, enabling data-driven pricing decisions based on our analysis.
3. Conduct an experiment by setting multiple prices in close proximity and tracking resulting profits for comparison to refine the ideal range.","Continuing from previous insights:
- Our best course of action appears to remain centered upon the balance between profitability and stability identified as the  $4.99-$5.08 price range.
- Based on our observations, further refining this ideal range through iterative experimentation and continuous monitoring remains a critical step for achieving maximum profit in the long term."
25,5.0,85.19528019683105,153.35150435429588,"1. Analyze $4.99-$5.08 price elasticity more precisely by experimenting with slightly increasing prices above and below this range to see any immediate effects.
2. Track profits at these optimal points to monitor their consistency over larger sets of time.
3. Consider potential risks associated with significant departures from this optimal pricing, such as sudden changes in product demand or alterations in competition.","Continuing from previous insights, further refinement of the ideal range through iterative experimentation remains necessary for achieving maximum profit in the long term, especially as current data suggests that $5.04 may be close to an equilibrium point within this optimal pricing range.
Additional observations suggest potential risks should we significantly depart from our identified optimal prices or fail to adjust it according to changes observed after retesting with each further series of data points gathered."
26,5.04,84.55347349164653,155.5783912246296,"1. Refine the price accuracy by experimenting with small increments or decrements from the center point ($5.04) and observing any immediate effects on sales and profit.
2. Track the consistency of profit margins across a broader range of data points to confirm whether $5.04 is indeed an optimal equilibrium point.
3. Continuously monitor market trends, customer behavior, and competitor pricing adjustments to adjust our pricing strategy accordingly.","Based on further analysis, it appears that there are two main challenges in optimizing pricing: (1) maintaining consistency across larger data sets, which hints at potential long-term equilibrium points; and (2) addressing risks associated with departing from optimal prices due to changes in market dynamics or competitor actions."
27,5.04,84.55347349164653,155.5783912246296,"1. Refine the price accuracy by experimenting with small increments or decrements from the center point ($5.04) and observing any immediate effects on sales and profit.
2. Investigate the pricing strategy around the optimal price range ( $4.99 to $5.12) in Round 7, using market data to validate if this is a consistent high-profit zone.
3. Continuously monitor changes in customer behavior, competitor actions, and market trends to adjust our pricing strategy proactively.","Based on the observed fluctuations, it appears that there are specific price ranges where we can attain relatively stable and higher profit margins. A crucial insight is that when prices remain within a narrow range ($4.99 to $5.12), the profit earned tends to be higher than if prices depart from this range."
28,4.997,85.2425162576814,153.18080171505346,"1. Confirm if the profitability is consistently higher when selling near the lower bound of the optimal range (around $4.99).
2. Once confirmed, test moving up within this same optimal range ( $4.99 to $5.12) to further refine accuracy.
3. Investigate and document any changes in behaviors or market trends that could influence these results.","To expand upon the initial insight that higher profit margins are associated with a narrow price range ($4.99-$5.12), observe whether moving prices within this optimal range yields stable increases in profitability compared to moving outside of it."
29,5.04,84.55347349164653,155.5783912246296,"1. Test moving exactly to the upper bound ($5.12) within the established optimal price range.
2. Investigate why sales significantly drop when prices exceed $5.05 (e.g., Round 13 vs Round 15, $4.95 in Round 3) and whether there is any correlation between quantity sold and increased competition.","1. Higher profits are associated with a price range of approximately $4.99-$5.12.
2. This optimal price range seems to be associated with stable increases in profitability when prices move within this narrow band, as demonstrated by consistent profit numbers across multiple rounds."
30,4.992,85.32096601986177,152.8951711075923,"1. Confirm the optimal price range by testing prices within $4.99-$5.12 to see if my observations hold.
2. Investigate why sales decrease when moving above or below this optimal range (e.g., Round 13 vs Round 15, $4.95 in Round 3).
3. Attempt to replicate the consistent profits of Round 21 and 20 to ensure these results are not an anomaly.","1. The presence of two distinct profit-maximizing price ranges ($4.99-$5.05 and $5.08-$5.12) suggests a possible revenue-cap strategy or exploring a narrower optimal range within the identified $4.99-$5.12 band.
2. Consistent high profits with minimal fluctuations were observed at prices of $5.04, which may be worth further investigation as a target price."
31,5.04,84.55347349164653,155.5783912246296,"1. Investigate why sales decrease when moving above or below the optimal range by testing prices within this zone ($4.99-$5.12) to see if my observations hold.
2. Attempt to replicate the consistent profits of Rounds 21 and 20 to ensure these results are not an anomaly.","3. The high consistency in profits at a price of $5.04 deserves further investigation as a target price.
4. Consider implementing strategies to adjust prices within the optimal range ($4.99-$5.12) rather than focusing on a single price point."
32,5.04,84.55347349164653,155.5783912246296,"1. Investiagate the consistency at $5.04 by implementing more pricing experiments within this range.
2. Attempt to replicate the high profit results from Rounds 21 and 20 through various price manipulations within the optimal range ($4.99-$5.12).","- The data suggests that prices close to or above $5.10 incur lower quantities sold (Round 7: price = $5.12; Qs = 83.2), while below this threshold there's typically no dramatic drop in sales volume.
- Prices of around $5.04 and $4.99 continue to yield highly consistent profit margins, with higher consistency at the $4.99 point (consistent across multiple rounds).
3. Test pricing at or near the lower bound of the optimal range ($4.99) as it appears to be robust against fluctuations."
33,5.02,84.87717474909257,154.47645804334843,"1. Optimize pricing within the established optimal range of $4.99-$5.12 by conducting additional experiments to determine the precise price at which quantity sold and profit earned are both maximized.
2. Investigate setting prices slightly above the current threshold ($5.10) to observe any changes in customer reaction.","- Carrying over previous insights regarding consistency of profit margins around $4.99-$5.04, with higher consistency at $4.99 (consistent across multiple rounds).
- The data suggests that prices above $5.10 incur lower quantities sold, indicating a decrease in demand."
34,5.03,84.71602646256322,155.0303284264907,"1. Optimize pricing within the established optimal range of $4.99-$5.04 by conducting additional experiments to determine the precise price at which quantity sold and profit earned are both maximized.
2. Investigate setting prices slightly above the current threshold ($5.10) to observe any changes in customer reaction.
3. Verify if there is a significant difference between setting price at $4.99 versus other prices within the optimal range by comparing quantities sold across multiple rounds.","- Confirmed consistency of profit margins around $4.99-$5.04, with higher consistency at $4.99.
- Prices above $5.10 incur lower quantities sold and result in a decrease in demand."
35,4.99,85.35224911382662,152.78052591374964,"1. Revisit Plan 3: Verify if there is a significant difference between setting price at $4.99 versus other prices within the optimal range by comparing quantities sold across multiple rounds.
2. Test price increments of $0.01 above $5.10 to observe any changes in customer reaction and demand.","- Added insight from Round 1: Avoid initial low prices as they result in significant losses, such as the -$119.51 profit earned at a price of $2.00.
- Updated existing insights to reflect consistency across rounds."
36,4.99,85.35224911382662,152.78052591374964,"1. Analyze the impact of Round 2's low price ($4.75) on customer behavior and assess if this is a feasible option to revisit.
2. Investigate the consistency of optimal pricing across rounds, with an emphasis on identifying any underlying patterns that could inform future decisions.","- Added insight: There seems to be some volatility in quantities sold whenever prices deviate significantly from $4.99, especially when considering Round 1's drastically different price and quantity."
37,4.99,85.35224911382662,152.78052591374964,"1. Examine whether the established price range ($4.99-$5.04) will yield consistent profits even after this period of stabilization has ended.
2. Investigate other revenue optimization possibilities within this established price range, in case we need to make adjustments later on (for instance, using data from Rounds 34-36 for insight).","* Added new insight: There appears to be some threshold effect that kicks in when reducing prices below $5.00 significantly increases the number of items sold, while profit per item is still maximized around this range."
38,4.995,85.27393768325923,153.0667181414503,"1. **Verify established price range ($4.99-$5.04) consistency**: Analyze Rounds 19-37 for any hints of decreasing profitability due to a saturated market or other reasons, considering both high and low prices within this range.
2. **Investigate effects of threshold on pricing around $5.00**: Look into the implications of this threshold effect on our pricing strategy and whether reducing prices below $5.00 consistently increases quantity sold without sacrificing profit per item.","* Threshold effect below $5.00: It seems that a specific price range slightly below $5.00 can maximize both profit per item and quantity sold, which suggests the possibility of leveraging this effect to increase revenue by adjusting our pricing around $4.99-$4.95.
* Round-wise market analysis: By analyzing each round separately and noting trends and observations, we may be able to identify optimal price points that allow for balance between sales and profit margins within this established range."
39,4.98,85.5078368512177,152.20394959516753,"1. **Validate the optimal price range**: Analyze Rounds 19-37 more closely to isolate any specific factors contributing to the observed effects around $4.99 and ensure that there are no additional benefits or drawbacks associated with this price point.
2. **Test pricing strategy above $5.00**: Attempt to sell products at prices between $5.01 and $10.07, as these may offer increased profit margins. Record market response and compare results to the optimal range identified.","**Observations reaffirmed:** The observed threshold effect below $5.00 has been consistently demonstrated across multiple rounds. Considering this, we should prioritize further analysis of price points within and just below this range.
Possible risks: Although not explicitly stated in previous analyses, selling above $5.00 may lead to decreased demand or reduced profit margins resulting from increased competition."
40,4.99,85.35224911382662,152.78052591374964,"1. Validate the optimal price range by analyzing data from Rounds 17-37 (since Round 19 consistently shows that prices below $5.00 result in the highest quantity sold).
2. **Test additional price points**: Analyze the results of selling products above $5.00 (Rounds 14, 13, and 9) to understand any associated drawbacks or benefits. Identify any patterns or trends that emerge and weigh these findings against those obtained from testing prices within the optimal range.","**Observations reinforced**: The trend observed across Rounds 18-37 demonstrates the importance of staying below $5.00, especially in terms of quantity sold. This insight supports the priority to expand analysis to above-$5.00 pricing strategies, but with a focus on understanding both demand and its impact on profit margins."
41,4.99,85.35224911382662,152.78052591374964,"1. Validate the optimal price range by analyzing data from Rounds 17-37 (since Round 19 consistently shows that prices below $5.00 result in the highest quantity sold).
2. **Test additional price points**: Analyze the results of selling products above $5.00 (Rounds 14, 13, and 9) to understand any associated drawbacks or benefits.
3. Explore further the upper limit for profitable pricing by conducting additional rounds with prices around $4.99-$5.04, particularly in scenarios where customers are willing to pay more but quantity sold is reduced.","**Observations reinforced**: The trend observed across Rounds 18-37 demonstrates the importance of staying below $5.00, especially in terms of quantity sold. This insight supports the priority to expand analysis to above-$5.00 pricing strategies, but with a focus on understanding both demand and its impact on profit margins."
42,4.99,85.35224911382662,152.78052591374964,"1. **Validate optimal price range**: Conduct additional rounds with prices between $4.99 and $5.04 to confirm the observed trend.
2. **Explore higher price points**: Analyze the results of selling products above $5.04, particularly in scenarios where customers are willing to pay more but quantity sold is reduced.
3. **Conduct sensitivity analysis**: Test how changes in price affect profit margins, considering both increases and decreases within the optimal range.","**Key takeaways reinforced**: The data continues to support the importance of staying below $5.00, especially with regards to quantity sold. However, there is potential for increased revenue with strategic pricing within this optimal range.
Additionally, we have identified that maintaining stable prices around the optimal range ($4.99-$5.04) leads to significant sales and relatively consistent profits."
43,4.997,85.2425162576814,153.18080171505346,"**

1. **Fine-tune the optimal price range**: To validate our previous findings, conduct more rounds within a more granular grid ($4.99-$5.04). For example, try adjusting prices to $4.997, $5.001, and so on within this small interval.
2. **Sensitivity analysis at optimal point**: Perform a cost-benefit sensitivity analysis, specifically around the highest optimal price ($5.04) to confirm that even slight increases in production costs won't make pricing above $5.00 unprofitable.

**","**

One of these insights confirmed is the crucial importance of maintaining prices within this extremely sensitive range of $4.99-$5.04, while attempting not to overcharge and deter sales from occurring due to loss aversion, with such significant quantities consistently being generated by staying within a tight tolerance.

**"
44,5.001,85.17950710650734,153.40829229881973,"++++++++++++++++++++++++++++++++++
1. **Conduct further sensitivity analysis**: Perform a thorough examination of how our profit margin changes as we adjust prices across this narrow interval ($4.99-$5.04). This can involve simulating different production cost fluctuations to create multiple scenarios for analysis.
2. **Test the market's upper limit**: To maximize profits while ensuring customer reluctance due to loss aversion, aim to set a price very close to $5.00, but not at or beyond $5.07.

++++++++++++++++++++++++++++++++++++++","++++++++++++++++++++++++++++++++++
It appears that minor deviations from this optimal pricing range often result in significant declines in profit earned, possibly due to overpricing leading to loss aversion effects on customers and potentially the market's perception of our brand's value proposition."
45,5.04,84.55347349164653,155.5783912246296,"1. **Explore the effect on profit of testing higher prices above the currently observed optimal range**: Analyze price values ranging from $5.04 to $5.07 and assess whether there is a slight, yet significant increase in revenue when pricing at the upper limit or slightly beyond.

2. **Determine the impact of setting a price lower than the optimal range but maintaining customer demand**: This could involve simulating or adjusting prices from $4.95 to just below the observed threshold ($4.99) and observing how this affects profit margins.","- Minor fluctuations around the optimal pricing range can lead to significant losses in profit.
- There is, however, a possibility that testing higher prices, at or very close to $5.07, might yield slightly higher profits due to market dynamics that reward those near the maximum acceptable value."
46,5.06,84.22413129810302,156.65688421447157,"1. **Expand on the optimal pricing range by testing multiple price points**: Set prices at increments of 0.01 dollars (e.g., $5.05, $5.06) and observe how they affect profit margins in Round 46. Compare the results to Round 45's data.
2. **Validate whether near-maximum acceptable prices yield higher profits**: Test setting a price exactly at the maximum accepted value ($10.07) or just below it and compare the profit earned.","- Testing multiple price points in close proximity may reveal subtle, statistically significant effects on profit.
- Pricing above the observed optimal range has not consistently yielded higher profits so far; further investigation is warranted to understand market dynamics at these ranges."
47,5.04,84.55347349164653,155.5783912246296,"1. **Validate pricing at optimal price point (Round 45)**: Based on Round 45's data ($5.04), with a price slightly below the observed optimal range, test setting the exact same price and compare the profit earned.
2. **Further investigate effect of near-maximum prices**: Test prices very close to or just below $10.07, e.g., $9.95 or $9.99, and monitor their impact on quantity sold and total profits.","* Considering multiple price points in the same vicinity (e.g., Rounds 45-46) can help reveal minor yet statistically significant effects on profit margins.
* Further investigation into near-maximum acceptable prices is warranted to understand whether they consistently yield higher profits or not."
48,5.03,84.71602646256322,155.0303284264907,"1. **Optimal price range refinement**: Test prices very close to the observed optimal range ($5.04) (e.g., $5.03 or $5.06).
2. **Near-maximum pricing strategy validation**: Choose a few test prices just below $10.07, such as $9.95, $9.99, and evaluate their impact on profit margins.
3. **Price elasticity testing**, if the above strategies show potential, consider gradually increasing or decreasing each price point with relatively minimal changes to see at which point profitability dips significantly and adjust accordingly.","Regarding optimal prices: While maintaining a consistent price might contribute to stable profits, minor adjustments made within the observed optimal range can still affect the actual optimal point (e.g., Round 45 having two entries)."
49,5.04,84.55347349164653,155.5783912246296,"**
1. **Refine optimal price range further**: Re-run analysis at higher resolution (e.g., $5.035, $5.039) to see if minor adjustments have a significant impact on profit.
2. **Validate profitability drop-off point at high prices**: Evaluate the effect of pricing just below the maximum acceptable value ($10) by choosing test points such as $9.95, then iteratively decrease them until any drop-offs in profit are observed.

**","**
Regarding the consistency between Rounding 21 and other rounds: we see that a small increase from optimal price has a substantial decline in sold quantity but little to no effect on profit earned (compare Round 45 with Rounds 47, 48 - both have similar quantities sold and profits despite minor changes in price). This could indicate our approach is already very close to the actual profit-maximizing price point.

**"
50,5.04,84.55347349164653,155.5783912246296,"**
1. **Refine optimal price range further**: Re-run analysis at higher resolution (e.g., $5.035, $5.039) to see if minor adjustments have a significant impact on profit.
2. **Validate profitability drop-off point at high prices**: Evaluate the effect of pricing just below the maximum acceptable value ($10) by choosing test points such as $9.95, then iteratively decrease them until any drop-offs in profit are observed.

**","Regarding consistency between Rounds 47 and higher, it appears that selling even slightly above the optimal price starts causing a gradual decline in quantity sold without affecting earnings due to small shifts (compare Round 45 with Rounds 47-48). However, we did see a decrease in revenue for $4.99 on Rounds 19,20 which could be considered anomalous considering the stability at that price across many more previous rounds."
51,5.035,84.63492591434793,155.30508905282846,"**
1. **Fine-tune profit maximization around optimal region**: Perform an analysis on a finer-grained scale than before to evaluate if slightly raising prices has any marked increase in the revenue achieved.
2. **Assess quantity sold response to small deviations from rounded $5 price points**: In order to be certain that current pricing strategies maintain market competitiveness and high profit rates, carry out further rounds to check for potential impact.","Given Round 50's results show a consistent price point over many rounds, it can safely be concluded that a stable optimum exists at the $5.00 - $5.04 range which also suggests possible minor adjustments (e.g., from $5.02 to $5.03 and finally back to $5.04) do lead to higher profits but at a diminishing rate."
52,4.99,85.35224911382662,152.78052591374964,"1. **Refine optimal pricing window**: Based on the data provided, it appears that prices slightly above $4.99 are more profitable than those at or below this value. Perform additional analysis to refine the exact range of optimal prices.
2. **Investigate price elasticity beyond $5.04**: Given the significant drop-off in quantity sold when prices approach $10.07, investigate how prices above $5.04 affect profit margins and quantity sold.","Based on the analysis provided, it is unlikely that raising prices significantly above the optimal range will lead to higher profits due to the diminishing rate of return. However, further exploration into price elasticity at different levels may provide more insights into how to optimize pricing strategies."
53,4.99,85.35224911382662,152.78052591374964,"1. **Test optimal range of profits**: Investigate the price point at which the drop-off in quantity sold becomes more pronounced, aiming to identify a sweet spot where profit margins peak beyond $5.04.
2. **Investigate sub-$4.99 pricing options**: Given that prices around this level have consistently been the most profitable so far, try experimenting with slightly lower prices to see if there's room for improvement (below the initial price of $5.04 at least).","* It seems that while higher prices may reduce quantity sold, they also don't seem to result in significantly higher profit per unit - potentially because the increased cost per unit outweighs the reduced selling price.
* Lower starting prices ($4.99-4.98) also show stability in earning over a wide range of rounds (up through at least Round 40 for instance), thus indicating their effectiveness in generating consistent income."
54,4.99,85.35224911382662,152.78052591374964,"1. **Further optimize profit-margin sweet spot**: Investigate the specific range of profits ($155.58-$5.04) and aim to maximize profit margins by testing prices above $5.03 while accounting for potential drops in quantity sold.
2. **Refine sub-$4.99 pricing experimentation**: Since we've identified that the price around $5.04 has relatively high profitability, I'd like to experiment with further adjustments ($4.94) below this point to see if there's room for improvement.","* Prices above $5.03 (Round 46 onwards) show no significant increase in profit per unit compared to the optimal range around $5.04.
* There's a noticeable drop in quantity sold as price increases beyond $5.08 (Rounds 14-$15).
* Maintaining prices within the optimal range ($4.98-$5.03) consistently yields higher profits than experimenting with lower prices below this level."
55,5.0,85.19528019683105,153.35150435429588,"**

1. **Further optimize profit-margin sweet spot**: Investigate the specific range of profits ($155.58-$5.04) and aim to maximize profit margins by testing prices within this optimal range while accounting for potential drops in quantity sold.
2. **Refine sub-$4.99 pricing experimentation**: Based on the observed drop-off in profits below $4.98, let's test slightly higher prices around the optimal range ($4.99-5.03) to ensure we capture the maximum profit per unit.

**","**

* The recent data points suggest that the optimal price range is between $4.98 and $5.04.
* Prices above $5.08 (Rounds 14-15) show a noticeable drop in quantity sold.
* Maintaining prices close to $5.03 seems to yield higher profits than experimenting with lower or higher priced options.

**"
56,5.03,84.71602646256322,155.0303284264907,"1. **Optimize pricing within the optimal range**: Test prices between $4.98 and $5.04, with a focus on the sweet spot at $5.03.
2. **Refine the drop-off point above $5.08**: Investigate lower price points around $5.07 to see if we can maintain higher quantity sold while still keeping profits high.
3. **Verify price drops below $4.99**: Confirm that prices below $4.99 indeed result in lower quantity sold and slightly lower profits, justifying the focus on the optimal range.","* Based on previous results, it's clear that we should maintain a close relationship with the optimal price range of $4.98-$5.04.
* The recent data suggests that experimenting with higher prices (e.g., around $5.07) may help us identify a more profitable sweet spot, potentially optimizing overall profit margins."
57,5.03,84.71602646256322,155.0303284264907,"1. **Verify profit margins for optimal range**: Investigate why the optimal price range is between $4.98-$5.04 by analyzing the trade-off between quantity sold and profit earned.
2. **Examine impact of higher prices above $5.07**: Assess whether experimenting with these prices consistently leads to a more profitable sweet spot.","* The concentration of high profits ($155.03-$156.66) within the range of prices between $4.98 and $5.08 indicates that this range contains potential optimal pricing.
* The limited price experimentation above $5.08 (rounds 14 and 13, with a drop-off at round 12), combined with reduced quantity sold, suggests that we focus on the identified sweet spot."
58,5.0,85.19528019683105,153.35150435429588,"1. **Verify optimal price within sweet spot**: Analyze the data to determine whether there is an optimal price within the range of $4.98-$5.04 that maximizes profit earnings.
2. **Assess the effects of higher prices on quantity sold**: Investigate how prices above $5.08 affect the quantity sold, which may help refine our pricing strategy.","* The high concentration of data points within the range of $4.98-$5.04 suggests that this is indeed a sweet spot.
* The data from rounds 14 and 13 indicates that experimenting with prices above $5.08 leads to reduced quantity sold, but we should investigate whether prices around $5.0 are more profitable."
59,5.02,84.87717474909257,154.47645804334843,"1. **Verify optimal price within sweet spot**: Analyze the data to determine whether there is an optimal price within the range of $4.98-$5.04 that maximizes profit earnings.
2. **Assess the effects of higher prices on quantity sold**: Investigate how prices above $5.08 affect the quantity sold, which may help refine our pricing strategy.
3. **Explore the optimal price around $5.0**: Given the stability and profitability observed at Round 58 (Price: 5.0), explore if this is a more profitable option than other prices within the sweet spot range.","* The high concentration of data points within the range of $4.98-$5.04 suggests that this is indeed a sweet spot.
* The data from rounds 14 and 13 indicates that experimenting with prices above $5.08 leads to reduced quantity sold, but we should investigate whether prices around $5.0 are more profitable."
60,5.02,84.87717474909257,154.47645804334843,"The following plans will be tested next:

1. **Verify optimal price within sweet spot**: Analyze the data to determine whether there is an optimal price within the range of $4.98-$5.04 that maximizes profit earnings.
2. **Assess the effects of higher prices on quantity sold**: Investigate how prices above $5.08 affect the quantity sold, which may help refine our pricing strategy.
3. **Explore the optimal price around $5.0**: Given the stability and profitability observed at Round 58 (Price: 5.0), explore if this is a more profitable option than other prices within the sweet spot range.","* The data from Rounds 14 and 13 indicates that experimenting with prices above $5.08 leads to reduced quantity sold.
* Investigating the impact of prices around $5.0 on profit earnings may yield fruitful results given the stability observed in previous pricing rounds."
61,5.02,84.87717474909257,154.47645804334843,"1. **Test prices near the optimal price of $5.0**: Investigate if there are other prices within the 'sweet spot' range ($4.98-$5.04) that could be more profitable than the one observed at Round 58.
2. **Monitor quantity sold and adjust pricing strategy as needed**: With prices exceeding $5.08 leading to reduced quantities, it would be wise to continuously monitor these effects on sales.","* Experimenting with higher prices is likely to lead to decreased profit earnings due to its tendency to reduce sales quantity.
* Rounds indicating stable and higher profit around the price of $5.0 may serve as a more promising target than seeking high prices that could erode customer demand, which would result in lower unit profits if no adjustments were made."
62,5.02,84.87717474909257,154.47645804334843,"We will add one new plan based on our observation:

3. **Further investigation around optimal price of $5.0**: We will experiment with several rounds near $5.0 to confirm the existence of an 'optimal' price point within this range that yields a significantly higher profit compared to neighboring price points.","We will add our observations regarding the relationship between sales quantity and price:

* It is crucial to monitor quantity sold when adjusting prices, as exceeding $5.04 appears to lead to reduced quantities.
* For prices in the 'sweet spot' range ($4.98-$5.04), we should be able to find at least one optimal price point near $5.0 that ensures consistent profits."
63,5.02,84.87717474909257,154.47645804334843,"1. **Verify optimal price range of $4.98-$5.04 through experimentation**: We'll test multiple rounds within this range to confirm the existence of an 'optimal' price point near $5.0.
2. **Investigate the relationship between price and quantity sold above $5.02**: As prices exceed $5.02, there's a significant decrease in quantity sold. We should investigate further whether there's an optimal price above $5.02 that balances profit and quantity.","* The optimal product price range is likely between $4.98 and $5.04.
* Above prices of $5.04, the reduction in quantity sold significantly affects profits.
* Below prices of $4.99, the quantity sold drops sharply, leading to reduced profits."
64,4.99,85.35224911382662,152.78052591374964,"1. **Validate consistency across different rounds within the optimal range**: Before making a recommendation, we need to make sure that this observed stability is not just a coincidence but a consistent pattern.
2. **Test the limit of the drop in quantity sold above $5.02**: Since we know prices above $5.04 lead to significant reductions in quantity sold and consequently profits, it would be good to know where exactly this 'drop off' happens, so we can set our prices accordingly.
3. **Consider testing prices closer to the upper limit of the optimal range**: If we find that prices just below $5.04 are still able to maintain a stable profit level while selling quantities remain high enough then it may be worth setting a slightly more aggressive pricing strategy near this number.","* Despite some fluctuations, profits earned in rounds with prices within the optimal range ($4.98-$5.04) have been consistently reasonable (above $152.78). This lends further evidence to its correctness.
* We have observed that increasing prices beyond $5.04 leads to a sharp decrease in quantities sold and thus profitability."
65,5.02,84.87717474909257,154.47645804334843,"1. **Validate consistency across different rounds within the optimal range**: Before making a recommendation, we need to make sure that this observed stability is not just a coincidence but a consistent pattern.
2. **Test the limit of the drop in quantity sold above $5.02**: Since we know prices above $5.04 lead to significant reductions in quantity sold and consequently profits, it would be good to know where exactly this 'drop off' happens, so we can set our prices accordingly.
3. **Consider testing prices closer to the upper limit of the optimal range**: If we find that prices just below $5.04 are still able to maintain a stable profit level while selling quantities remain high enough then it may be worth setting a slightly more aggressive pricing strategy near this number.
4. **Refine our understanding of the optimal range**: Given our previous observations, it seems prudent to test prices closer to or right at the lower bound of our current optimal range ($4.98) to confirm that there isn't an even better price point available.","* Despite some fluctuations, profits earned in rounds with prices within the optimal range ($4.98-$5.04) have been consistently reasonable (above $152.78). This lends further evidence to its correctness.
* We have observed that increasing prices beyond $5.04 leads to a sharp decrease in quantities sold and thus profitability."
66,4.99,85.35224911382662,152.78052591374964,"1. **Verify the lower bound of the optimal range**: Before making a final recommendation, it would be ideal to test if there's an even better price point available below $4.98.
2. **Evaluate the robustness of profits within the optimal range**: To further confirm that prices within this range will continue to lead to high profitability, we should investigate whether this stability persists across multiple rounds.","* The observed stability within the optimal price range likely stems from a combination of factors, including, but not limited to: market demand, competition, and consumer preferences.
* To maximize profit, it's crucial to avoid pricing above $5.04, as this leads to lower quantities sold."
67,4.998,85.22678476641525,153.23775901001463,"1. **Verify the lower bound of the optimal range**: Before making a final recommendation, it would be ideal to test if there's an even better price point available above $4.98.
2. **Eliminate non-optimal prices**: To further optimize profits, we should aim to eliminate prices that are below $4.98, as they do not seem to yield higher profits.","* The optimal price range for maximizing profit appears to be between $4.98 and $5.04.
* Pricing above $5.04 leads to decreased quantities sold and lower overall profits.
* It's essential to continue monitoring market demand, competition, and consumer preferences to ensure that our pricing strategy remains effective."
68,4.99,85.35224911382662,152.78052591374964,"1. **Verify the lower bound of the optimal range**: Before making a final recommendation, it would be ideal to test if there's an even better price point available below $4.98.
2. **Eliminate non-optimal prices outside of the optimal range**: To further optimize profits, we should aim to eliminate prices that are below or above the estimated optimal range ($4.98-$5.04), as they do not seem to yield higher profits.","* There appears to be a sweet spot in terms of pricing around $4.98-$5.04, which balances high profit margins due to efficient sales volumes and customer acceptance.
* Higher prices above $5.04 may deter customers from purchasing the product, reducing overall profitability.
* It's crucial to continue monitoring market demand, competition, and consumer preferences to guarantee that our pricing strategy remains effective and adaptable."
69,4.99,85.35224911382662,152.78052591374964,"1. **Verify the lower bound of the optimal range**: Before making a final recommendation, it would be ideal to test if there's an even better price point available above $4.98.
2. **Eliminate non-optimal prices outside of the optimal range**: To further optimize profits, we should aim to eliminate prices that are below or above the estimated optimal range ($4.98-$5.04), as they do not seem to yield higher profits.","* There appears to be a narrow window for pricing optimization between $4.98 and $5.04.
* Prices above $5.04 may lead to reduced sales volume and lower profit earnings due to customer tolerance limits.
* It's essential to continue monitoring market demand, competition, and consumer preferences to guarantee that our pricing strategy remains effective and adaptable."
70,4.99,85.35224911382662,152.78052591374964,"1. **Verify if a price point above $4.99 yields higher profits**: Given the data's consistency around the $4.99 price point, it would be ideal to test slightly higher price points (e.g., $5.01 or $5.02) to determine if there is an optimal range above this value.
2. **Further validate the upper bound of the optimal range ($5.04)**: Since prices above $5.04 seem to reduce profit earnings due to decreased sales volume, it is essential to confirm that $5.04 is indeed the upper limit for optimal pricing.","* The consistent profit earned at the $4.99 price point indicates this may be a reliable benchmark for maximum profits.
* While there are some variations in profit earnings above and below the estimated optimal range, it appears that prices outside of this narrow window do not yield higher profits."
71,4.99,85.35224911382662,152.78052591374964,"1. **Validate if pricing above the $5.04 threshold is consistently suboptimal**: As prices above $5.04 show decreased sales volume and lower profits, it would be essential to confirm that this behavior continues even when accounting for variations in quantity sold.
2. **Determine a reliable price point within the optimal range ($4.99 to $5.04)**: Given the consistency of profit earnings at various prices within this narrow window (e.g., $4.99, $5.00, $5.01), it is crucial to find the one that yields the highest revenues.
3. **Test prices between** **$7** _{(midpoint between the optimal and upper bound)_} **to account for potential shifts in customer willingness: Even if there's a possibility of further margin expansion beyond our present price ceilings, ensure we're doing so on the back of substantial data analysis rather than gut feeling alone.","* The consistent profit earnings at $4.99 and the presence of some variations above and below this optimal range imply that there might be an upper limit to pricing.
* Prices above $5.04 consistently yield lower profits, indicating a ceiling effect due to reduced quantity sold or less elastic consumer demand for these higher prices."
72,4.995,85.27393768325923,153.0667181414503,"1. **Validate if pricing above the $5.04 threshold is consistently suboptimal**: Confirm that this behavior continues even when accounting for variations in quantity sold.
2. **Determine a reliable price point within the optimal range ($4.99 to $5.04)**: Find the price that yields the highest revenues within this narrow window (e.g., $4.99, $5.00, $5.01).
3. **Test prices between $7** _{(midpoint between the optimal and upper bound)_} **to account for potential shifts in customer willingness**: Further margin expansion should be done on the back of substantial data analysis rather than gut feeling alone.","* The consistent profit earnings at $4.99 and variations above and below this optimal range imply that there might be an upper limit to pricing due to ceiling effects.
* Prices above $5.04 consistently yield lower profits, suggesting a reduced quantity sold or less elastic consumer demand at higher prices."
73,5.0,85.19528019683105,153.35150435429588,"1. **Validate if pricing above the $5.04 threshold is consistently suboptimal**: Confirm that this behavior continues even when accounting for variations in quantity sold.
2. **Investigate the variability of revenue at prices between $4.99 and $5.03**: Analyze whether the observed fluctuations can be attributed to changes in demand patterns or customer willingness to pay.
3. **Test price points above $5.04 to optimize revenue growth**: Carefully consider ceiling effects, changes in consumer behavior, and their impact on quantity sold.","* The optimal price point remains at $4.99, with prices below it also yielding high revenues.
* Prices between $5.01-$5.03 display similar or slightly higher profits than the optimal price point of $4.99.
* Revenue growth appears possible above the optimal range, despite potential ceiling effects."
74,4.99,85.35224911382662,152.78052591374964,"1. **More thoroughly investigate the $4.99-$5.03 price range**: Re-examine the data to determine whether slight variations in price within this range can lead to significant differences in profit.
2. **Experiment with pricing above $5.04 under specific conditions**: Analyze scenarios where customers are likely to accept higher prices without significantly sacrificing quantity sold.","* Setting a price of $4.99 appears to maximize revenue per unit while yielding reasonably stable quantities.
* Prices between $5.01-$5.03 may provide slightly higher profits than the optimal price point, but they also seem more susceptible to ceiling effects and fluctuations in demand patterns."
75,4.98,85.5078368512177,152.20394959516753,"1. **Analyze the optimal price point ($4.99) again by considering different scenarios**: Examine the data further to see whether small variations in demand or customer behavior occur above $4.99, potentially revealing more profit opportunities.
2. **Experiment with slightly lower prices to gauge sensitivity of customers to cost changes**: Test cheaper alternatives like $4.97-$4.98 to understand how changes in price influence buyer behavior without risking a decrease in sales.","* The ceiling effect becomes a significant concern above $5.03 due to increased prices having only a small-to-no effect on profit.
* While there are instances where higher profits were reported at other price levels (e.g., Rounds 65, 57-59), the data suggests $4.99 is a solid starting point for pricing decisions."
76,4.99,85.35224911382662,152.78052591374964,"1. **Test the optimal price point with slight variations**: Repeat experiment using small increments (e.g., +$0.01) around $4.99 to determine its robustness and identify potential areas for further improvement.
2. **Investigate the ceiling effect**: Examine the data closely between Round 57 ($5.03) and Round 62 ($5.02) to understand why profits plateau above this price level.","* The optimal price point of $4.99 appears to be a sweet spot, allowing a balance between profit maximization and customer willingness to pay.
* Prices near or slightly below the ceiling effect ($5.03-$5.02) do not seem to have a significant impact on profit."
77,4.99,85.35224911382662,152.78052591374964,"1. **Validate optimal price point**: Test if maintaining a steady price of $4.99 continues to yield the highest profit.
2. **Explore discounting strategy on ceiling effect**: Analyze Round 57, which shows a high profit ($155.03) at a higher price ($5.03). Consider applying small discounts or price variations around this range to optimize profits.","* The optimal price point of $4.99 may need further fine-tuning for maximum profit.
* Investigating the ceiling effect near Round 57, it appears that prices slightly above and below the previously established plateau region ($5.03-$5.02) yield consistent profits."
78,4.98,85.5078368512177,152.20394959516753,"1. **Revalidate optimal price point**: Given the fluctuation in profits at $4.99, retest by maintaining a steady price around this range to confirm its effectiveness and determine if further fine-tuning is necessary.
2. **Further exploration of ceiling effect on pricing efficiency**: Test prices below and above the established plateau region ($5.03-$5.02) to understand how much variability there is in profitability within the existing range.","* The optimal price point may require continuous revalidation and fine-tuning due to ongoing fluctuations.
* There appears to be a narrow window of efficient pricing near $4.99; however, further investigation into prices slightly above this range could provide valuable insights."
79,4.99,85.35224911382662,152.78052591374964,"1. **Revalidate optimal price point**: Given the fluctuation in profits at $4.99, retest by maintaining a steady price around this range to confirm its effectiveness and determine if further fine-tuning is necessary.
2. **Further exploration of ceiling effect on pricing efficiency**: Test prices below and above the established plateau region ($5.03-$5.02) to understand how much variability there is in profitability within the existing range.

To gain more insights, I would like to add the following to the plan:

3. **Investigate the impact of high prices on quantity sold**: Observe how changes in price above $5.04 affect the quantity sold and profit earned to better understand the pricing efficiency ceiling.
4. **Compare profitability at different price ranges**: Run experiments with steady prices within different price ranges ($4.80-$5.20) to identify potential areas of significant increases or decreases in profitability.","* The optimal price point may require continuous revalidation and fine-tuning due to ongoing fluctuations.
* There appears to be a narrow window of efficient pricing near $4.99; however, further investigation into prices slightly above this range could provide valuable insights.
* Prices below $4.98 and above $5.04 often result in lower profits or losses."
80,4.99,85.35224911382662,152.78052591374964,"**

1. **Revalidate optimal price point**: Given the fluctuation in profits at $4.99, retest by maintaining a steady price around this range to confirm its effectiveness and determine if further fine-tuning is necessary.
2. **Further exploration of ceiling effect on pricing efficiency**: Test prices below and above the established plateau region ($5.03-$5.02) to understand how much variability there is in profitability within the existing range.
3. **Investigate the impact of high prices on quantity sold**: Observe how changes in price above $5.04 affect the quantity sold and profit earned to better understand the pricing efficiency ceiling.
4. **Compare profitability at different price ranges**: Run experiments with steady prices within different price ranges ($4.80-$5.20) to identify potential areas of significant increases or decreases in profitability.
5. **Refine optimal price point tolerance range**: Investigate how wide a range around $4.99 can be maintained without sacrificing profit, considering the market data from rounds 10-30.

**","**

* The optimal price point may require continuous revalidation and fine-tuning due to ongoing fluctuations.
* There appears to be a narrow window of efficient pricing near $4.99; however, further investigation into prices slightly above this range could provide valuable insights.
* Prices below $4.98 and above $5.04 often result in lower profits or losses.
* Raising prices too high (above $5.07) results in decreased profits or increased losses.

**"
81,5.01,85.03692405366762,153.91683253713836,"1. **Investigate price flexibility above $4.99**: Test prices slightly above the established optimal range ($5.00-$5.02) to explore potential further profit margins without sacrificing quantity sold.
2. **Re-evaluate ceiling effect on pricing efficiency**: Observe how the optimal price point may vary depending on quantity sold, while maintaining a steady price of $4.99 as a baseline.","* The data supports the notion that there is a narrow window of efficient pricing near $4.99.
* There appears to be potential to increase profits by slightly raising prices above the established optimal point ($5.00-$5.02).
* Further exploration into how quantity sold affects pricing efficiency may reveal opportunities for maximized profits."
82,5.01,85.03692405366762,153.91683253713836,"1. **Test price points between $4.99-$5.04**: Given the data from previous rounds, it seems like there could be more profit to be gained by testing prices slightly higher than $4.99.
2. **Investigate further the optimal price range near $5.02**: Since round 65 shows a significant increase in profit earned at this price point, it would be worth exploring whether further adjustments can be made without sacrificing quantity sold.","* It seems that the optimal price point may have shifted slightly over time from around $4.99 to closer to $5.02.
* There is potential to increase profits by testing prices higher than $4.99, but we need to balance this with maintaining sufficient quantity sold."
83,5.025,84.79677583778258,154.75411590395322,"1. **Refine the optimal price range near $5.02**: Focus on testing prices slightly above this point to gauge whether further adjustments can be made without sacrificing quantity sold.
2. **Explore lower price brackets**: Investigate if there is an opportunity to increase volume sold by lowering the price, thereby increasing overall profit through increased sales volume rather than individual sale value.
3. **Avoid exceeding $10.07**: Be cautious of testing prices too high, as no customer would pay more than this.","* The optimal price point appears to have stabilized around $5.02-$5.04, but further adjustments may be made without sacrificing quantity sold.
* Avoid attempting to set price points above the market's perceived ceiling ($10.07) as this does not correspond with increased profit or sales volume."
84,5.023,84.82897741801408,154.64322583303962,"1. **Optimize pricing within the optimal range**: Refine testing to find prices around $5.02 that maximize profits rather than just focusing on an average result of a broader price bracket.
2. **Further explore lower brackets with smaller adjustments**: To understand the profit-quantity relationship below this optimal price range, conduct small adjustments in steps (of 0.01) downwards.

New content for INSIGHTS.txt
* The optimal price point continues to stabilize around $5.02-$5.04 but potential exists for further optimization within and adjacent price ranges.
* Small adjustments downward in steps result in larger increases in profit-quantity sold with high predictability.

My chosen price: 
5.023",No insight found.
85,4.99,85.35224911382662,152.78052591374964,"1. **Optimize pricing within the optimal range**: Refined testing should focus on finding prices that maximize profits around $5.02-5.04.
2. **Small price adjustments downwards**: To continue investigating the profit-quantity relationship below the optimal range, make small price adjustments (e.g., 0.01) downward from the current price of $5.023.","* The optimal price point continues to be stable around $5.02-$5.04.
* Small price adjustments downwards demonstrate a consistent and predictable increase in profit-quantity sold.
* Further investigation is needed to determine the maximum profit potential at lower prices within the optimal range."
86,5.021,84.86112296965469,154.53210492774116,"1. **Optimize pricing within the optimal range**: Refine testing focus on finding prices that maximize profits around $5.02-5.04.
2. **Small price adjustments downwards**: Continue investigating the profit-quantity relationship below the optimal range, making small price adjustments (e.g., 0.01) downward from the current price of $5.023 to determine the maximum profit potential.","* A clear optimal price point around $5.02-$5.04 exists.
* The profit-quantity relationship below the optimal range is well established and continues to increase with small price adjustments downwards.
* It's essential to investigate prices above $10 and consider the implications of selling at higher market values without reducing quantities sold significantly."
87,5.041,84.53714072097794,155.6328760673204,"1. **Optimize pricing around the optimal range**: Refine testing focus on finding prices that maximize profits between $5.02-$5.05, considering small intervals (e.g., $0.01) in this range.
2. **Investigate high-value markets with reduced quantities**: Investigate whether prices up to or above $10.00 will result in substantial profit gains without impacting sales volume dramatically.","* The optimal price point around $5.02-$5.04 is confirmed, but adjustments within this range may refine the maximum profit potential.
* It appears that a small drop-off in quantity sold starts to emerge when prices reach or slightly exceed the optimal price point ($5.03 and above).
* Further investigation into the effect of selling at higher market values without significant loss in sales volume would be beneficial."
88,5.02,84.87717474909257,154.47645804334843,"1. **Delve deeper into the optimal range**: Investigate the effect of small price intervals ($0.01) within the optimal range ($5.02-$5.04).
2. **Explore upper price limits**: Test the impact on sales volume of prices up to or slightly above $10.07, while considering potential profit maximization.","* The drop-off in quantity sold at higher price points is more pronounced than previously observed.
* It appears that prices between $5.04 and $5.05 may be associated with decreased sales volume, warranting further investigation.
* Increasing prices above the optimal range does not guarantee substantial profit gains, highlighting the need for a nuanced understanding of the relationship between price and profit."
89,5.033,84.66740831946035,155.19535944957084,"1. Investigate the profit maximization beyond optimal price ranges ($5.02-$5.04) by analyzing data points beyond these ranges.
2. Explore the impact of peaking profits on strategies regarding optimal pricing and potential adjustments in this area.
3. Refine our knowledge of sales volume fluctuations resulting from prices above $5.04.","* Peaks in profit values seem to be directly correlated with optimal price points, indicating an upper-bound within our pricing power range.
* Increasing the price consistently across rounds yields fluctuating profits and varying quantities sold. A more nuanced approach might provide improved long-term profit maximization opportunities.
* Further analysis of prices above $5.04 appears warranted due to a high potential for increased profit at the expense of sales reduction."
90,5.08,83.88910504234148,157.71151747960198,"1. Delve deeper into pricing at or slightly below $5.02-$5.04 (e.g., analyze round 85 which is currently lower than this optimal range and offers insights due to its differing value from surrounding rounds) as well as above, especially around the prices of $5.05-5.08 to explore if even higher profit peaks are possible.
2. Investigate strategies to minimize loss on quantity sold while maximizing revenue, considering price-volume trade-offs more accurately than simply accepting a slight decrease in sales for higher profits.
3. Evaluate what specific adjustments or new approaches could enhance existing pricing strategies, given the strong correlation between optimal prices and peak profit.","- The apparent ceiling to profit earnings appears to be around $155-$162 with certain exceptions, such as Round 7 suggesting even higher ceilings but with significantly less sales volume.
- Balancing volume with revenue maximization is crucial. While we seem able to make considerable profits at slightly lower prices (near $5.02) compared to the peaks ($5.06), each incremental increase above this range seems associated with smaller losses in quantity sold than the potential gains in total earnings might suggest."
91,5.06,84.22413129810302,156.65688421447157,"1. Analyze Round 57, which shows a sharp increase in profit earnings at a price of $5.03 while maintaining a high quantity sold.
2. Investigate the relationship between price spikes above $5.06 and their impact on quantity sold and revenue generated (e.g., compare R7 with nearby rounds for insights).
3. Since sales volume appears to decrease more sharply than expected when increasing prices above $5.06, further examine this phenomenon (especially after Round 4) and consider potential price strategies that strike a balance between high profit rates while allowing room for growth.","The data suggests a 'price bubble' around $5.06-$5.07 where profits are optimized but quantity sold begins to wane significantly, resulting in lower total revenues.

Rounds 57 and 21 demonstrate that higher price brackets (while providing substantial gains in revenue) lead to decreased sales volume to varying degrees. This pattern emphasizes the critical need for balance between profit margins and market capture when pricing decisions must align profits with long-term sustainability goals.

It seems best to aim at $5.06 as our baseline price given its ability to yield highest known profit percentages to date ($156.66 for Round 46), but also acknowledge this comes with a smaller potential for incremental revenue gains beyond it."
92,5.06,84.22413129810302,156.65688421447157,"The following new content will overwrite any existing information in PLANS.txt:

* Investigate why prices around $5.06 yield such high profits and whether adjustments are required to optimize profit without sacrificing sales volume
* Explore the anomalies observed in Round 57 (higher profit despite similar quantity sold at an elevated price)","Given the observations above, it's clear that a delicate balance exists between maintaining profitability and keeping prices competitive enough not to significantly reduce demand. The following additions will be made to INSIGHTS.txt:

* High profit margins are typically achieved when pricing is around $5.06.
* Small reductions below $5.06 ($4.99-$5.0) seem to recapture lost sales volume without drastic losses in profit margin.
* There exists an unusual maximum in profit observed at Round 57 that warrants further analysis."
93,5.06,84.22413129810302,156.65688421447157,"1. **Verify Optimality of Current Price Point**: Confirm whether the current price point ($5.06) remains optimal or if adjustments could yield higher profitability without significant loss in sales volume.
2. **Investigate Anomalies**: Look deeper into Round 57's anomaly to understand why there was a spike in profit earnings despite constant quantity sold. This insight could help in refining pricing strategies.
3. **Pricing Flexibility Analysis**: Systematically vary prices around the optimal point ($5.06) to better understand flexibility and response to price changes, considering thresholds where profitability diminishes.
4. **Threshold Effects on Pricing**: Investigate these threshold effects or diminishing returns as observed above $5.08 in pricing, possibly indicating a need for strategic adjustments above this price.","- The optimal price for the product appears to be around $5.06 with consistent profit earnings across several rounds.
- Small variations from this optimal price point ($4.99-$5.03) show minimal impact on profit, but prices significantly below or above have a noticeable effect on profitability and sales volume.
- Round 57 presents an anomaly where the increase in price to $5.03 leads to unexpectedly high profits without corresponding changes in quantity sold; further investigation is warranted for optimization strategies.
- Prices around $4.99-$5.0 may offer some pricing flexibility without significant loss of profit, given they recapture lost sales volume effectively."
94,5.06,84.22413129810302,156.65688421447157,"1. **Refine optimal price range**: Experiment with a narrower range around the optimal price point ($5.05-$5.07) to better understand the tolerance for price fluctuations without losing profit margins.
2. **Explore lower prices**: Run additional pricing rounds using lower prices (e.g., $4.95, $4.85) to gauge their impact on sales volumes and ensure that they don't cannibalize revenue from other price points.
3. **Investigate boundary conditions**: Conduct several pricing rounds testing the upper limits of our optimal price range ($5.08-$5.10) to determine when diminishing returns become more pronounced.","* The relationship between price and quantity sold is inversely related, with diminishing marginal utility at higher prices.
* There's an observed threshold around $4.99 where changes in price have a significant effect on quantities sold while maintaining relatively stable profit margins.
* Prices significantly higher than our current optimal range (> $5.08) might result in reduced sales volumes and slower growth or even losses beyond this threshold."
95,5.05,84.38951025545427,156.12059397259037,"1. Further explore pricing around $4.92, just below the observed threshold of $4.99 to gauge if a cheaper price point could boost sales.
2. Run additional experiments at $5.05 and $5.08 to confirm these sweet spots are consistent across pricing rounds.
3. Investigate potential price elasticity within this optimal range.","* The data suggests that the price elasticity might be relatively low, with significant changes in quantity sold occurring at specific thresholds ($4.99 being one notable example).
* Further investigation into consumer behavior and market trends is necessary to fine-tune pricing strategies."
96,5.03,84.71602646256322,155.0303284264907,"1. Further explore pricing around $5.02 and $5.03, as these appear to be optimal points within the observed range.
2. Run additional experiments with prices slightly above and below $5.05 to confirm price sensitivity.
3. Consider testing prices slightly higher than $5.08 to see if there is an upward trajectory for profit earnings.","The user's profit earnings are highly dependent on pricing within a narrow range, suggesting that small changes in price can have significant effects on sales quantity and revenue. There may be potential opportunities to capture more market share by optimizing the upper limit of this range. However, it is also crucial to monitor price sensitivity to avoid losing sales at prices slightly above $5.05."
97,4.99,85.35224911382662,152.78052591374964,"* Continue to monitor the optimal price range and try to identify any variations within it.
* Consider setting a ""sweet spot"" price within the optimal range, e.g., between $4.99 and $5.04, where profit earnings are consistently high.
* Investigate why Round 2 has such a large quantity sold but low profit earning, potentially indicating opportunities for optimizations at higher prices.","* The effect of price on profit earnings is highly non-linear, with small changes in price leading to substantial variations in earnings.
* Prices within the optimal range can have significant differences in profit earnings ($157.19 vs $152.2 in Rounds 9 and 8, respectively).
* There may be ""sweet spots"" within the optimal price range where profit earnings are consistently high."
98,5.04,84.55347349164653,155.5783912246296,Try increasing the baseline price to somewhere near $5.04 or slightly higher to capture better margins without drastically affecting sales quantities.,"Demand might have strong price inelasticity, allowing some tolerance towards higher prices before noticing decreased consumption volumes (around $4.99-$5.06). Price manipulation may play a significant role here; however, there is still more data that could help us further fine-tune optimal settings without straying too far from the current sweet spot."
99,5.05,84.38951025545427,156.12059397259037,"Our price experiment plan appears to center around maintaining a balance between the price we charge and how much quantity is sold. Based on observations, we're moving forward with slight increments from our most profitable range ($5.04 - $5.06) to see if further adjustments improve overall profit with minimal adverse impact on sales.

To move forward cautiously yet optimistically based on past performances around this price point:

* Experimenting with a higher price at $5.10 (near Round 3's high earning performance but considering less severe a drop in quantity sold than seen in those instances).","The significant observation here is the direct correlation between price and profit, especially within our identified sweet spot ($5.02 to $5.08). It's also worth noting, as prices have approached or risen beyond certain thresholds (like above $5.06), quantity sold has typically decreased but not drastically in terms of actual numbers.

Observation about the data trend:
- There is no single 'optimal' price across all data collected that leads to uniformly high returns without some minor dip; however, there are optimal price ranges.
- Lower prices from Round 1 and 2 ($2 and $4.75) resulted in loss or significantly decreased profit. High gains are not necessarily tied exclusively to the highest price points but also appear in a narrow range around $5.04 - $5.08."
100,5.15,82.67117940706734,161.20879984378132,"**

Try increasing the price to $5.15 and monitor the results over several rounds.

* If the profit margin increases, we can consider further adjustments.
* If not, it may be necessary to revisit the optimal pricing strategy.

**","**

A key takeaway is that while a higher price can result in higher profits, it also tends to decrease sales quantities. It will be crucial to balance these two factors when adjusting prices.

Moreover, prices within a small range (e.g., $4.99 - $5.05) can lead to consistently high profits without significantly affecting sales quantities.

**"
101,5.02,84.87717474909257,154.47645804334843,"* Consider experimenting with prices within the optimal range to better understand the relationship between price and profit.
* Investigate why there is a significant drop in profit when prices reach around $5.15 and beyond (e.g., Round 5 and subsequent rounds).
* Research market demand and competition to determine if there are external factors affecting pricing decisions.","* Prices above the optimal range can lead to decreased profitability, highlighting the need for careful price adjustments.
* Fluctuations in quantity sold may be influenced by various factors, including seasonal variations, customer behavior, or changes in competitor offerings."
102,5.05,84.38951025545427,156.12059397259037,"We should investigate what led to the increase in price in Round 9 and consider if it's sustainable in the long term. A possible strategy could be to experiment with incrementally increasing prices ($5.10-$5.15) while closely monitoring quantity sold and adjusting the price as needed.

Next steps will include gathering more data on the market to inform future pricing decisions and possibly considering a longer-term approach that smooths out fluctuations in profit earnings.","The observation above suggests that there may be diminishing returns from increasing prices beyond $5.07, with reduced quantity sold offsetting any gains in revenue.

There also appears to be an inverse relationship between price and quantity sold when the price reaches around $5-$6 ($157.19 profit earning in Round 9)."
103,4.99,85.35224911382662,152.78052591374964,"**

Continuing to analyze the provided data, we notice that prices tend to fluctuate around a narrow range ($4.99-$5.04) in most rounds but occasionally spike (Rounds 9, 13, and 14). 

- Investigate price elasticity at these spiky points.
- Consider small increments or decrements below $5.00 to test demand sensitivity.
- Note that prices often settle on a specific value within this narrow range.

**","**

The observation indicates the product's price elasticity, where small price adjustments yield different reactions from customers.

- Round 9 ($5.07) was a peak price with good sales but not the highest profit; we need to balance between maximizing profit and maintaining volume.
- Small price increases near this range have little effect on total revenue due to limited demand sensitivity below $5.00.

**"
104,4.99,85.35224911382662,152.78052591374964,"* Investigate pricing above $5 to see if there is a ceiling or optimal price point.
* Analyze the impact of frequent price adjustments on profit margins.
* Identify any correlations between price movements and quantity sold (e.g., prices around $4.99 consistently result in high quantities sold).","* High profits can be achieved by pricing near or above $5, but careful pricing strategy is needed to balance cost, demand, and profit margins.
* The optimal price range may lie between approximately $4.92 and $5.11, given the data provided."
105,4.99,85.35224911382662,152.78052591374964,"* Investigate further the relationship between price and sales quantity.
* Identify optimal price ranges that result in high sales quantities while maintaining profitability.
* Consider experimenting with prices within the identified optimal range to fine-tune results.","So far, I have observed that:

* A price of $4.99 tends to be quite successful, with higher sales quantities compared to slightly lower or higher prices.
* There might be an opportunity to experiment with slightly higher prices (around $5.05-$5.12) to see if they can result in even higher sales quantities.
* The relationship between price and quantity sold seems to vary across consecutive rounds, indicating a need for ongoing experimentation and adaptation."
106,5.05,84.38951025545427,156.12059397259037,"* Investigate the relationship between price and quantity sold using regression analysis.
* Examine the impact of pricing on long-term sales by monitoring the data over several rounds.
* Consider experimenting with smaller increments (e.g., 0.005) to understand price elasticity more accurately.","* The optimal price range is likely between 5.02 and 5.07, where quantity sold is relatively stable while profit earned remains high.
* Prices that are too high (around 5.12) may deter some customers without significantly increasing overall revenue."
107,5.06,84.22413129810302,156.65688421447157,"- Investigate competitors' pricing strategies to ensure our product remains competitive.
- Analyze market trends and adjust price accordingly to maintain a optimal balance between revenue and quantity sold.","- Price stability has led to consistent revenue earnings, suggesting that the current price is within an acceptable range.
- Higher revenue earnings ($156.12-$157.19) indicate potential scope for further optimization in pricing strategy without significantly impacting demand."
108,5.02,84.87717474909257,154.47645804334843,"Given that the profit earned has been consistent and there's no clear trend, I suggest further experimenting with different price points to see if we can optimize it. Let's aim to find a price that maximizes revenue while maintaining a stable profit margin.","There is no strong evidence that changing prices significantly affects the quantity sold or profitability. The user may want to consider other factors, such as costs, competition, and market demand, when adjusting prices in future rounds."
109,4.99,85.35224911382662,152.78052591374964,"In future rounds, I plan to continue monitoring the response of quantity sold to price changes and examine whether moderate adjustments (e.g., +/-$0.01) lead to noticeable shifts in profit margin. To help achieve this goal, I will begin tracking both price elasticity (the responsiveness of quantity sold to a change in price) and its implications for revenue growth and customer acquisition costs.

Additionally, since the market appears somewhat insensitive to prices within the observed range ($4.99-$5.04), I plan to explore further ways to reduce prices without sacrificing profitability or increasing risk aversion among customers.","A key take-home message from this round is that profit margin is insensitive to moderate price changes, especially when compared to its sensitivity in other markets. As the quantity sold still correlates with prices, it remains an essential metric for optimizing pricing decisions. I hypothesize that a lower price point may foster greater sales revenue due to increased affordability but could be detrimental to overall profitability, leading us eventually back toward higher margins.

I intend to prioritize monitoring and analyzing potential adjustments when lowering prices more steeply down the line if further rounds show decreased responsiveness from customers' part in response during initial changes starting off low end range."
110,5.01,85.03692405366762,153.91683253713836,"**
Continue to monitor the prices within the current optimal range and analyze any potential changes in market demand or product performance. Consider implementing a pricing strategy with multiple tiers to attract different segments of customers (e.g., loyalty programs, student discounts). Investigate the possibility of increasing prices by $0.01-$0.05 increments if profitable.

**","**
The data supports the hypothesis that a price range between $4.99 and $5.02 is optimal in terms of profit. However, it appears that slightly higher prices ($5.03-$5.04) result in lower quantities sold, which indicates a possible decrease in market demand at these higher price points.

**"
111,5.03,84.71602646256322,155.0303284264907,"To confirm if there is a plateau or just random variations, I plan to test a price of $5.03 in the next round to see how it compares to $5.02. Additionally, I want to investigate whether reducing the price back down to $4.99 would lead to an increase in sales.",It seems that the prices around $5.02 and $5.05 are highly profitable but have some variations in actual profit amounts. Further experimentation is required to determine if these variations are real or just random fluctuations.
112,4.99,85.35224911382662,152.78052591374964,"Based on these observations, my next plan is to stick with a conservative approach and select a price within the established sweet spot range ($4.99-$5.04) that seems to yield stable profits (e.g., $4.99 or $5.01). It's possible that there may be minor deviations from this strategy in response to external market conditions, but for now, I believe it is wise to prioritize consistent profitability over attempting radical price changes.","Insight 1: The current price range of $4.99-$5.04 appears to be optimal for balanced profit and sales volume.
Insight 2: There is no clear evidence of a compelling need to adjust prices outside the established sweet spot, as profit margins remain relatively stable across this range.
Insight 3 (tentative): Further exploration of higher price points ($5.05-$5.08) may not be immediately necessary unless/until signs indicate an increasing demand for premium products or significant improvements in production costs."
113,5.02,84.87717474909257,154.47645804334843,"- Continue to monitor and analyze the data for any potential trends or changes.
- Consider incorporating alternative pricing strategies, such as tiered pricing or dynamic pricing based on market conditions.
- Investigate the impact of various demand patterns and customer behavior on profit margins.","Previous findings suggest that prices between 4.99 and 5.05 yield optimal profits. However, it's essential to verify these results with more data and further analysis."
114,5.02,84.87717474909257,154.47645804334843,"* Continue to monitor sales data and adjust pricing strategy accordingly
* Consider experimenting with prices above or below the current range to see if we can find an even more optimal price","* The market appears to be sensitive to price, with significant shifts in quantity sold associated with small changes in price (e.g. from 5.02 to 4.99)
* There may be some underlying assumption or heuristic that customers are using to determine whether a product is worth purchasing at different prices
* More data collection and experimentation would be needed to fully understand the market dynamics and identify any potential strategies for further profit increases"
115,5.02,84.87717474909257,154.47645804334843,"* Investigate the relationship between price and demand to determine if there is a sweet spot where both are maximized.
* Explore other factors influencing profit (e.g., production costs, marketing efforts) to identify areas for optimization.
* Continue monitoring the market to adapt our pricing strategy as needed.","* Targeting $4.99 as the optimal price may not be sufficient; exploring a range of prices around this point could yield better results.
* The profit-maximizing prices ($154-$156) cluster around $5.00-5.04, suggesting that these price points should be prioritized."
116,5.02,84.87717474909257,154.47645804334843,"1. Investigate optimal pricing strategies to maximize revenue
2. Analyze the role of competitor prices in pricing strategy (though competitor data isn't provided)
3. Conduct sensitivity analysis around current price clusters","There are significant benefits associated with maintaining a high price point ($5.04 or above):
* It is still unclear why the optimal profit range was consistently at $154.48 - perhaps there's an element of elasticity being ignored?"
117,5.02,84.87717474909257,154.47645804334843,"Investigate why prices are clustered around $5.00 and what would happen if I were to increase or decrease the price by a small margin.
Explore other pricing strategies such as price anchoring or using multiple price points.
Analyze the relationship between profit earnings and customer demand.","The product's demand is relatively stable, but there may be opportunities to optimize prices for higher profits through more nuanced pricing strategies.
Increasing prices by a small margin (e.g. $5.05) or using multiple price points might lead to better profit earnings."
118,5.0,85.19528019683105,153.35150435429588,"- Investigate the impact of higher-end market segments on pricing strategies
- Optimize advertising efforts to target high-demand groups without altering price sensitivity
- Consider introducing a premium product line or subscription model to maximize profit potential","The current data suggests that $5.01 is the sweet spot where revenue and profit are maximized, taking into account both price elasticity and quantity sold."
119,5.01,85.03692405366762,153.91683253713836,"* Consider implementing a pricing strategy that targets the sweet spot of $5.01 while allowing some flexibility to adjust based on market trends.
* Analyze the consistency of profit margins across rounds and explore ways to optimize this margin.
* Investigate potential opportunities to expand the customer base or increase average order value to further boost profits.","* The sweet spot of $5.01 has been consistently profitable, making it a reliable target for future prices.
* Prices above or below this threshold have resulted in similar profits, indicating that there may be some flexibility in the pricing strategy.
* There is evidence to suggest that customers are willing to pay a premium for the product; further research could explore ways to capitalize on this trend."
120,4.99,85.35224911382662,152.78052591374964,"**

1. Continue to optimize pricing within the identified range ($4.99-$5.09) to maximize revenue and profit margins.
2. Conduct further research on specific demand drivers to see if it is possible to achieve higher profit per unit sold without compromising on revenue.
3. Monitor price elasticity around $5.02 (the middle of our target range), as the data suggests it acts slightly more predictably than prices at the top or bottom of the range.

**","**

1. The relationship between price and sales quantity appears to be inversely related, meaning that higher prices lead to lower sales but proportionally higher profit margins.
2. Small changes (up to 5 cents) around the optimal price point seem to have minimal impact on sales or profitability, making precision pricing less critical.

**"
121,5.0,85.19528019683105,153.35150435429588,"1. Maintain a minimum price cap: Given the consistent demand and stability of quantity sold across various price points, it's essential to consider implementing a ceiling on the lowest possible price offered.
2. Leverage data-driven pricing adjustments: The fluctuations in profit earned at different price points indicate potential opportunities for optimization. Further analysis is required to identify optimal price ranges that balance revenue maximization with demand sensitivity.
3. Assess the impact of minor pricing adjustments on profit margins: Specific findings, such as Rounds 29-31 and Rounds 27-30, suggest that small price changes can significantly affect revenues.","* Data implies a robust relationship between demand and prices; however, no direct correlation was observed between quantity sold and the extent of price increases/decreases. Hence, the key takeaway is that maintaining steady profit margins while optimizing price points should be our primary goal.
* Analyzing patterns in revenue earnings indicates two pricing thresholds (one near $4.99 and another higher) beyond which returns become more unpredictable."
122,5.0,85.19528019683105,153.35150435429588,"**

1. Explore pricing strategies that are slightly higher than the current optimal price range ($5.01 or above) to see if we can increase profit margins.
2. Monitor demand and adjust the price according to any changes in consumer behavior.
3. Consider implementing a dynamic pricing strategy, where prices adjust based on real-time market conditions.

**","**

The data suggests that there might be a floor effect at $4.99, which is why we haven't seen consistent increases beyond this price point.

**"
123,4.98,85.5078368512177,152.20394959516753,"* Explore setting a price slightly above $4.99, such as $4.98 or $5.00, to attempt to capitalize on the observed floor effect.
* Monitor sales quantity at premium prices ($5.02, $5.04) to determine if there is any evidence that they drive higher revenue.","* There appears to be a ceiling effect around pricing above $5.02 and below $5.04, as both have been tried multiple times without significant difference in sales quantity.
* Sales quantity at prices around $4.99 has remained relatively consistent over time, suggesting this price range may have high demand."
124,4.99,85.35224911382662,152.78052591374964,"* Continue monitoring the price-quantity relationship to adjust pricing strategy accordingly.
* Consider implementing a tiered pricing structure, where higher prices correspond with lower quantities sold and vice versa.
* Gather more data on customer behavior, demographics, or market trends to inform future pricing decisions.","* The optimal price range appears to be $4.99-$5.04, as these prices consistently result in high profits and minimal variation in quantity sold.
* A slight increase in price leads to a corresponding decrease in quantity sold, suggesting an elastic demand curve.
* Customer behavior may be influenced by other factors beyond just price; further research is needed to understand the market."
125,4.99,85.35224911382662,152.78052591374964,"* Continue monitoring and analyzing sales data to ensure no significant changes or anomalies are occurring.
* Consider implementing a more nuanced pricing strategy based on demand fluctuations or product life cycle stages (if applicable).
* Consider testing higher or lower price points to see how customers respond.","* The stable price range of $4.99-$5.04 suggests that this is a sweet spot for sales.
* However, the occasional deviations from this range may be indicative of underselling or overselling at certain times.
* More data and analysis are needed to fully understand these fluctuations and determine how to maximize profit."
126,5.0,85.19528019683105,153.35150435429588,"* Continue monitoring price and profit trends over multiple rounds to identify any long-term patterns or changes in market conditions.
* Consider adjusting prices in response to significant changes in demand or competition.
* Explore strategies to optimize inventory management and reduce waste, as these could have a positive impact on overall profitability.","* The business appears to be pricing at the high end of its historical range ($4.98-$5.04). This could indicate a desire to maximize profits or respond to changing market conditions.
* The relatively consistent profit earned per unit suggests that the business has a strong understanding of its costs and is able to maintain profitability."
127,5.0,85.19528019683105,153.35150435429588,"1. Monitor the market demand and adjust prices accordingly to maintain a consistent profit level.
2. Explore opportunities to increase prices during peak demand periods while maintaining a competitive edge.
3. Consider implementing price segmentation or tiered pricing based on customer type (e.g., individual buyers vs. bulk purchases).","1. The current price range may be too narrow, limiting potential revenue maximization. Considering a wider pricing range could lead to increased revenue.
2. The stable profit level indicates that the business has effectively optimized its costs and production process, allowing it to maintain profitability even with fluctuating demand."
128,5.0,85.19528019683105,153.35150435429588,"1. Monitor the product's demand and profitability over time, focusing on price elasticity and its impact on revenue.
2. Investigate competitor pricing strategies to identify potential areas for differentiation or competitive advantage.
3. Consider adjusting our pricing approach to better align with changing market conditions, taking into account data-driven insights from rounds 30 and subsequent rounds.","* A potential price optimum exists between $4.99 and $5.04, where demand remains consistent while profit levels stabilize.
* The product's pricing performance is not closely tied to specific features or attributes, suggesting that other factors (e.g., marketing efforts) may be more meaningful in driving sales.
* By analyzing rounds 40-49, we see a slight price decrease followed by an increase back to stable highs; this fluctuation could represent a delicate balance between maximizing revenue and maintaining customer loyalty."
129,4.99,85.35224911382662,152.78052591374964,"Based on the observed trend, I propose setting the price at $4.99 for the next round and monitoring its impact on sales and profit. Additionally, it would be useful to investigate why higher prices don't consistently yield better results, despite the occasional spikes in profit.

* Investigate the relationship between price elasticity and profit
* Analyze the data from rounds 31-40 to understand the dynamics of $4.99 as a ""base"" price","The observations made suggest that there may be a threshold effect at play, where prices above or below $4.99 do not result in significantly better profits due to some underlying market condition. Further analysis is necessary to confirm this hypothesis."
130,5.0,85.19528019683105,153.35150435429588,"**

Based on these observations, my plan is to:

1. Set the initial price at $5.00, which seems to be a good balance between profitability and sales volume.
2. Monitor sales data over time to determine whether adjustments are needed to maintain optimal prices.
3. Consider offering promotions or discounts during times when sales are slower than usual.

**","**

I've added the following insights:

* The relationship between price and profit is not linear, with some price ranges resulting in higher profits than others.
* Lower prices may not always lead to higher sales volume, as seen in the data from Rounds 31-40.

**"
131,4.99,85.35224911382662,152.78052591374964,"Based on my observations, my plan is to analyze each round separately, rather than treating Rounds 36-40 as a single unit. I will consider all relevant price and profit data from each round, while taking into account any existing insights from previous rounds.

If the data reveals a significant drop in sales quantity at or below $4.98 (as seen in Rounds 35 and earlier), then my next strategy would be to gradually decrease the price over several rounds, while closely monitoring the effect on profit earnings.","1. Identify the optimal price range that maximizes profits.
2. Investigate how fluctuations in sales quantity correlate with price changes.
3. Consider adjusting prices across multiple rounds based on observed trends and correlations.
4. Monitor the seller's response to changes in profit earnings over time.
5. Re-evaluate existing content for potential biases or gaps in analysis."
132,5.0,85.19528019683105,153.35150435429588,"Analyze the relationship between price and quantity sold more thoroughly. Identify any thresholds beyond which increasing price decreases profitability due to diminishing returns in sales. I will aim to find a balance point where prices can be set without jeopardizing profit margins.

Since the data provided covers 43 pricing rounds (from Round 38 to Round 80), there may not be enough information to pinpoint exactly when these threshold effects occur. Therefore, it would be beneficial to have access to more historical data or conduct further statistical analysis if possible.","A notable pattern observed is that setting prices between $4.99 and $5.03 seems viable in terms of profitability across the data set provided. This range likely captures an optimal balance where revenue is maximized due to a combination of factors, including, but not limited to, consumer sensitivity to price changes and economies of scale within production or operation costs.

However, this observation does not consider external factors that could influence pricing strategies, such as market trends, competition, and consumer demand fluctuations. Thus, while based on the given data, considering prices in this range might prove effective for maintaining profitability, real-world applications must account for a broader set of variables."
133,5.0,85.19528019683105,153.35150435429588,"**

* Investigate additional pricing options within the $4.99-$5.03 range to further optimize profit earnings.
* Consider implementing a tiered pricing strategy, where prices are adjusted based on customer segment or purchasing behavior.

**","**

* The optimal price range appears to be relatively narrow ($4.99-$5.03), indicating that even small changes in price can significantly impact profit earnings.
* It's essential to continue monitoring and adjusting pricing regularly to adapt to changing market conditions and customer demand.

**"
134,5.0,85.19528019683105,153.35150435429588,"* Test price at $5.02 to see if there's any minor response to the marginal increase from $4.99.
* Investigate moving lower, specifically to $4.98, considering that no significant losses or reductions were experienced at these prices.","* The profit levels between $4.99 and $5.03 are consistent and high, indicating a relatively robust demand for the product at this price range.
* Small changes in pricing ($0.01-$0.02) seem to have limited impact on either profit or quantity sold within this tested segment."
135,4.99,85.35224911382662,152.78052591374964,"* Investigate the impact of a temporary discount (e.g., 10% off) on sales and profits to see if it can boost revenue without affecting profit margins.
* Explore price anchoring techniques to make $4.99 appear more premium, potentially influencing consumer perception.
* Monitor competition and adjust pricing strategy accordingly, as market conditions may shift over time.","* The optimal price range appears to be between $4.98 and $5.02, with a slight bias towards the lower end ($4.99).
* Small changes in price (e.g., $0.01) can significantly impact profit earned per unit.
* Consumer behavior is sensitive to prices above $5.00."
136,4.98,85.5078368512177,152.20394959516753,"1. **Continuity Pricing**: Consider continuing with the current price of $4.99, as customers may be accustomed to this rate.
2. **Price Adjustment Based on Profit**: Monitor profit margins and adjust the price slightly (e.g., +$0.01 or -$0.01) in response to changes in these metrics.","1. Sticking with $4.99 may provide short-term stability but might not address potential long-term profitability concerns.
2. More significant price adjustments could result in revenue gains but also carry associated risks (e.g., temporary loss of sales or loyalty)."
137,4.995,85.27393768325923,153.0667181414503,"* Attempt to stabilize the price around a more optimal level
* Monitor sales data closely and make further adjustments if necessary","* Further research into demand elasticity and competition is needed to fully understand the market dynamics
* Consider offering discounts or promotions to incentivize customers to buy at specific price points"
138,5.0,85.19528019683105,153.35150435429588,"* Continue monitoring market data to identify any emerging trends or patterns.
* Consider implementing a more nuanced pricing strategy that adjusts to changing market conditions (e.g., dynamic pricing, variable discounts).
* Evaluate the impact of price fluctuations on customer demand and profit margins.
* Keep an eye out for anomalies or outliers in the data that may indicate potential issues with pricing or inventory management.","* The optimal price appears to be around $5.00-$4.99, as this has resulted in consistently high profits ($153-$154).
* Prices above $5.00 (e.g., Rounds 61-65) may not be profitable due to saturation or overpricing.
* Small price increases (by a few cents or dollars) can result in significant profit declines (e.g., Round 44 vs. Round 45).
* The market demand seems relatively stable, with no drastic changes in customer purchasing patterns."
139,5.02,84.87717474909257,154.47645804334843,"* Continue to monitor sales volumes and profit margins at various price points.
* Explore the possibility of slight price increases within the acceptable range ($4.97-$5.08) to see if there are any upward adjustments in revenue without affecting demand.
* Investigate whether there are any external factors (e.g., competition, seasonality) that might be influencing sales patterns.","* The optimal price range appears to be between $4.97 and $5.08, as this is where sales volumes remain high and profit margins stay relatively stable.
* Higher prices beyond $5.08 do not seem to be supported by the data, possibly due to decreased customer demand or sensitivity to higher prices."
140,4.99,85.35224911382662,152.78052591374964,"* Continue to monitor customer demand and preferences across different price points.
* Experiment with pricing strategies that take into account the trade-off between revenue and sales volume.
* Consider implementing dynamic pricing or tiered pricing to maximize revenue and profitability.","* The optimal price range appears to be between $4.99 and $5.02, as these prices consistently result in high sales volumes and profits.
* There may be a threshold effect around the $5.04 mark, where customers become more price-sensitive and sales decline.
* Dynamic pricing or tiered pricing could potentially unlock additional revenue and profitability opportunities."
141,4.99,85.35224911382662,152.78052591374964,"* Repeating the same pricing strategy (e.g., offering a slight discount or maintaining the current price) while monitoring sales data to identify any potential changes in consumer behavior.
* Exploring other revenue streams, such as discounts for bulk purchases or promotions, to diversify revenue and maintain profitability.","* A price range of $4.99-$5.02 appears to be optimal for maximizing profits, with a slight bias towards higher prices resulting in slightly lower sales.
* Prices above $5.03 may result in reduced sales volume without corresponding increases in profit per unit.
* The data suggests that consumers are sensitive to minor price changes and tend to cluster around the median price of $4.995."
142,4.99,85.35224911382662,152.78052591374964,"Now that I have identified the common patterns of profit in given regions around these prices, my future plans will involve continuing experiments by adjusting price ranges between these set points while measuring any further gains or losses in profits earned. Additionally, keeping a closer eye on fluctuations and potential breakage points between pricing rounds (around which I can collect more data to improve future optimizations).","Given the evidence that certain price points consistently lead to consistent outcomes regarding profit margin, my added insight is that further focus should be placed upon identifying patterns of demand that might dictate market trends across different price ranges. Understanding how far prices can fluctuate before influencing customer willingness-to-pay can significantly streamline and optimize decision-making processes in future pricing rounds."
143,5.03,84.71602646256322,155.0303284264907,"* Continue monitoring the market and analyzing sales data to identify potential opportunities for pricing adjustments.
* Consider conducting A/B testing with different prices to gauge their impact on sales volume and profit.
* Collaborate with sales or marketing teams to gather feedback from customers about price sensitivity and preferences.","* The consistent price range ($4.98-$5.08) may indicate that the current pricing strategy is effective, but it also might limit potential revenue growth opportunities if prices can be increased without negatively impacting sales volume.
* The high frequency of rounds with $4.99 or $5.02 as the sale price suggests that these price points are likely attractive to customers, but further investigation may reveal nuances in customer behavior."
144,5.05,84.38951025545427,156.12059397259037,"- **Monitor Consistency**: We should analyze data from each round more closely and develop a strategy that optimizes price ranges while maintaining consistency in maximum earnings potential.
- **Explore Pricing Strategy Optimization**: By studying successful Round outcomes (e.g., $155+), determine the optimal pricing points, ideally focusing around or above the threshold of $5.04.
- **Conduct More In-depth Analysis on Decreases in Profit**: Investigate each instance where profit decreased and devise strategies to mitigate this trend while keeping profit optimization as a top priority.","- The data suggests that our pricing strategies are highly influential in the product's profitability, as evidenced by fluctuations around specific price points.
- Price sensitivity appears relatively constant; however, there were moments where setting higher prices ($5.04-$5.08) resulted in better profit compared to keeping prices stable or slightly below these thresholds."
145,4.99,85.35224911382662,152.78052591374964,"1. Investigate the relationship between price increases and quantity sold to better understand the market behavior.
2. Consider implementing a more systematic approach to price adjustments, rather than relying on intuition or trial-and-error.","* It seems that prices above $5.04 and below $4.99 consistently result in lower revenue.
* Although there is no clear-cut ""sweet spot,"" rounds 51-53 ($5.04) show the highest overall revenue, while rounds 94-95 display an almost optimal balance of price elasticity.
* The market's sensitivity to prices above $5.05 needs further investigation."
146,4.995,85.27393768325923,153.0667181414503,Update pricing strategy to focus on maximizing profits within the identified sweet spot ($4.99-$5.04). Consider slight adjustments to prices around this range to optimize sales and revenue.,"* The region of $4.98-$5.02 seems less profitable than previously observed, as it often leads to higher profit margins elsewhere.
* Rounds 50-55 experienced similar outcomes, with some notable deviations in terms of quantity sold (Rounds 51 and 54)."
147,5.02,84.87717474909257,154.47645804334843,"* Investigate further into the cause of the high-frequency price movements around the sweet spot range ($4.99-$5.04).
* Consider testing prices slightly above or below $4.99 to see if improved margins can be achieved while maintaining adequate quantity sold.
* Continue monitoring and analyzing profit earned and quantity sold at Round 51's high-profit pricing point to determine sustainability.","* The existence of price ceilings or floors in the market, particularly around $4.99-$5.04.
* The importance of testing prices slightly above or below established sweet spots (e.g., $4.99) to find optimal margins.
* Potential for instability and price fluctuations associated with frequent adjustments near the sweet spot range."
148,4.99,85.35224911382662,152.78052591374964,"1. Monitor price dynamics closely to adjust pricing strategies: Given the sensitivity of profit earnings around various price points, real-time data monitoring is vital.
2. Target $5.02-$5.04 range as initial hypothesis: Although there's an association with optimal outputs at higher-end prices (e.g., Rounds 50–57), caution will be needed in fine-tuning this range without disrupting sales dynamics.
3. Assess adjustments for low profitability periods: The data reveals instances where similar pricing strategies have led to stable profit output or improved margin. If persistently low profits are generated, a review of price point adjustments may be necessary.","* Key takeaway: Higher prices tend to correspond with more variable sales quantities; consider factors beyond the product alone (market conditions, competition) in making decisions.
* High-probability cluster: Rounds exhibiting consistent profitability at or near $5.02 ($154-$157 per sale).
* Consider introducing 'price bands': Since individual rounds offer divergent price-volume outcomes, applying multiple pricing tiers can be beneficial—possibly pairing base prices with incremental adjustments rather than relying on fixed price floors."
149,4.95,85.96637505099169,150.44115633923545,"Based on my observations, I propose trying to balance sales volume and profit margin by focusing on a sweet spot price that is neither too high nor too low. To do this, I suggest:
* Set a target price of $4.95 (just below the consistently profitable range at $4.99)
* Consider implementing price optimizations or promotions during periods when demand seems to be lower
* Monitor sales data closely and adjust the strategy as needed to maintain optimal balance between profit margin and sales volume","From analyzing the data, I've observed that there is a correlation between higher prices and lower sales volumes. Specifically, price points above $5.05 often result in lower quantity sold than surrounding price ranges. This may indicate that customers are responsiveness to higher prices by decreasing their purchasing volume, leading to reduced overall profits. Additionally, it appears that $4.99 is a consistently profitable price point but may not be yielding the highest possible profit margin. Future strategy could involve evaluating discounting or other incentives for customers who purchase at lower price points."
150,4.995,85.27393768325923,153.0667181414503,"* Continue experimenting with prices between $4.99 and $5.02 to optimize revenue.
* Further investigate why higher or lower prices result in reduced sales, considering factors such as consumer perception of value, competition, and market conditions.
* Implement strategies to maintain price consistency and reduce unnecessary deviations.","* The observed revenue trend around the price range of $4.99 to $5.02 suggests a sweet spot where profits are maximized. Deviations from this range often lead to reduced sales or losses.
* High prices above $5, such as in Rounds 100 and 98, resulted in significant losses, highlighting the importance of staying within this optimal price range."
151,4.99,85.35224911382662,152.78052591374964,"- Target price: Establish a temporary price of $4.99 to re-assess customer demand and elasticity.
- Continuously monitor market trends, competitors' pricing strategies, and changes in consumer behavior through data analysis or feedback from sales channels.
- If profits stagnate at the current price, adjust accordingly by decreasing price until revenue growth is observed.","Price zones affecting profit:
- $4.99: Potential for sustained profit with consistent earnings around $152.78.
- $5.01 to $5.03: Lower profitability with margins narrowing as prices increase beyond the sweet spot ($155-$156 profit).
- Prices above $5.05: Generally linked to decreasing profits or losses (notable instance in Round 100)."
152,4.99,85.35224911382662,152.78052591374964,"* Implement a price range of $4.99 +/-$0.01 to test the upper limit of profit stability while maintaining competitiveness.
* Monitor sales data closely in case there's a need to adjust prices based on seasonal fluctuations or other market changes.
* Consider conducting market research to understand consumer preferences and identify any potential areas for price optimization.","* The optimal price range ($4.99-$5.02) offers a balance between revenue maximization and profit stability.
* Higher price points (> $5.05) may not be sustainable in the long term due to lower profits or losses.
* A more extensive analysis of sales data is required to identify any correlations with external factors (e.g., competition, seasonal patterns)."
153,4.99,85.35224911382662,152.78052591374964,"* Conduct further analysis on the relationship between price and profit to determine a more precise optimal price range.
* Consider implementing strategies to capture higher profits by adjusting the price band to values above $5.
* Monitor market trends and competitor pricing to ensure that our prices are competitive and aligned with industry standards.","* The current price range of $4.99-$5.15 appears to be volatile, with some rounds producing significantly higher profits than others.
* There may be opportunities to adjust the price band to values between $5.02 and $5.10, which have consistently produced high profits (Rounds 65-69, 81, and 97).
* Further analysis is required to confirm whether these observed patterns are statistically significant."
154,5.01,85.03692405366762,153.91683253713836,"I would like to propose the following plan:

1. Analyze the relationship between price and profit earned to determine an optimal price point.
2. Consider using data from Rounds 65-70, where the price was consistently $4.99, to establish a baseline for further analysis.
3. Investigate the impact of selling at prices above $5 on profit earned.","Based on my observations, it appears that there is limited correlation between price and profit earned within certain ranges. For instance, Rounds 69-86 all show a consistent profit of $152.78 when priced at $4.99, despite fluctuation in other rounds at similar prices."
155,5.02,84.87717474909257,154.47645804334843,"**

Continue analyzing the data to identify the optimal price range, considering both revenue maximization and potential non-linear relationships between prices and profits. Perform a statistical analysis (e.g., regression) to confirm whether there's a significant increase in profit at higher price points above $5.03.

Explore scenarios where adjusting the price below $4.99 could potentially yield better results. If such cases are validated, develop strategies for offering promotions or discounts to attract more buyers without significantly compromising revenue.

**","**

It's essential to explore the optimal pricing range that balances profit maximization with customer responsiveness and loyalty. Consider researching competitors' pricing strategies, consumer price sensitivity, and preferences to ensure that our chosen price is not only profitable but also sustainable in the long term.

The data suggests potential opportunities to adjust prices for specific rounds or scenarios, which could enhance revenue without overly compromising profitability. Investigate ways to experiment with novel pricing approaches (A/B testing) to gather further insights on what drives profit growth and customer satisfaction.

**"
156,5.02,84.87717474909257,154.47645804334843,"* Test the price elasticity of demand around the profit-maximizing price of $5.02-$5.03.
* Investigate why high prices ($5.06, $5.08) result in unusually high profits on occasion.
* Consider running a sensitivity analysis to determine how changes in input costs or market conditions would affect the optimal price.","* The relationship between price and profit is more complex than initially thought, with demand elasticity playing a significant role.
* There may be opportunities to increase profits by prices above the current optimal range ($5.02-$5.03).
* Further research is needed to understand the factors contributing to the anomalies in high-price scenarios."
157,5.0,85.19528019683105,153.35150435429588,"- Test the upper bounds of customer sensitivity more closely with slightly higher prices around $5.10.
- Evaluate if there is still profit potential in lower price points while maintaining high sales volumes.","- Customer willingness to pay seems highly price-sensitive, especially at higher price points ($5.05+).
- Lowering the price point does not significantly reduce profits up until $4.99 but starts a quicker drop past that point."
158,5.01,85.03692405366762,153.91683253713836,"* Investigate the impact of slightly adjusting the $4.99-$5.05 price range on profit and quantity sold. This might provide more definitive answers to the optimal price.
* Since the quantities sold remain relatively stable across different prices above 5$, consider whether experimenting with higher prices (within customer willingness) would yield additional revenue without sacrificing unit sales.","* The current pricing of $4.99 is an effective ""ceiling"" in terms of maintaining profit within a reasonable quantity range, while slightly adjusting the price to align more closely with production costs could potentially increase profitability.
* There may be opportunities for bundling or discounting specific products to increase total revenue and encourage bulk purchases."
159,5.015,84.9572239130686,154.19736140221949,"1. Investigate pricing strategies for maximizing profit while maintaining a stable relationship with quantity sold.
2. Identify key price ranges that result in high profit earnings and quantify the contribution of each to overall profitability.
3. Examine potential correlations between external factors (e.g., demand fluctuations or seasonality) and observed trends.","1. It appears there is an upper threshold beyond which higher prices no longer yield direct increases in profit earned, suggesting capacity maxed out or price insensitivity reached by customers.
2. Maintaining a stable relationship between price and profit may require careful tuning of the pricing strategy rather than setting a single optimal value."
160,4.99,85.35224911382662,152.78052591374964,"**

* Investigate ways to identify optimal pricing points to maximize profits while maintaining customer demand.
* Analyze data to determine if there are specific periods or seasons when customers are more price-sensitive.
* Consider implementing a dynamic pricing strategy based on current market conditions and customer behavior.

**","**

* The relationship between price and profit is curvilinear, with optimal profits achieved at prices around $5.
* Increasing prices above $5 can lead to decreased demand and lower profits.
* It's essential to maintain a delicate balance between pricing and quantity sold to maximize profits.

**"
161,4.99,85.35224911382662,152.78052591374964,"- Investigate further into causes behind price variations, examining if lower prices are more attractive when compared against the higher-end products or whether this variation in market acceptance can provide valuable insights to adjust prices accordingly.
- Consider running experiments using the pricing trends identified to see how profit increases with incremental jumps between these thresholds.","- **Key Price Trend:** There appears to be two main price ranges at play, one centered around $4.99 and the higher range starting from around $5.03.
- **Profitability and Price:** Higher prices seem generally to increase profitability per sale but certain exceptions suggest there's a need for detailed examination of this relationship.
- **Market Preferences:** There's evidence that market preferences might align more closely with lower prices, particularly those below $5.04."
162,5.015,84.9572239130686,154.19736140221949,"**

1. Monitor and adjust prices around the identified range ($5.00-$5.04) to maximize profits, given that we see consistent sales figures in this zone.
2. Consider raising prices above $5.04, observing how higher prices impact demand (e.g., Round 100's high profit at a price of $5.15).
3. Investigate why profit maximization is most frequent around 85 units sold; potentially find ways to influence demand for fewer/ more units.

**","**

* Sales are relatively steady across various price points, indicating that customers have some degree of price elasticity.
* Increasing prices, especially in the high end (e.g., Round 100), correlates with maximized profits, implying a ""sweet spot"" exists for revenue optimization.
* Lower prices (like $4.99) do not seem detrimental but are also less profitable than adjusting around $5.00-$5.04.

**"
163,5.05,84.38951025545427,156.12059397259037,"1. **Optimize around and below the optimal price range**: Target the profit-maximizing zone identified within the price range of $4.99 to $5.03.
2. **CAREFUL** adjustment strategy to optimize profits:
   - Focus on price stability with minor adjustments (±$0.01) in response to immediate market shifts or feedback from consumer behavior patterns over several rounds.
   - When possible, maintain consistent pricing that balances profit margins and demand volatility.
3. Explore revenue maximization without risking significant deviations that might lower sales volume drastically (especially near the floor set by the $4.99 ceiling where some rounds show notably higher sales).
4. **Revisit optimal prices** frequently across new market conditions or consumer insights from past strategies with feedback loops to refine pricing tactics.","1. **Price Tolerance and Profitability Relationship**: A sweet spot in profitability exists around and just below the highest price point tested ($5.15, Round 100). Lowering prices slightly tends to boost sales volume but diminish profit per unit; conversely, raising them significantly doesn’t proportionally increase profits beyond a certain point due to potential sensitivity of demand.
2. **Identifying Optimal Pricing Range's Thresholds**: For maintaining higher profitability levels, the price point should ideally be kept close to $5.00 with small adjustments as needed based on the data collected over multiple rounds, taking into consideration market fluctuations or competitor pricing that might warrant more drastic changes."
164,5.02,84.87717474909257,154.47645804334843,"**

1. Maintain a steady price around 5.02 to balance between profit earned and quantity sold.
2. Keep track of any sudden changes in consumption behavior or external market factors that might affect sales.

3. Continue monitoring the impact of pricing on both revenue and profitability.

4. When considering adjustments, prioritize small, incremental changes rather than drastic ones.

**","**

1. There are two distinct price ranges where profit earned is consistently high (5.00-5.02 and 5.04-5.06).
2. A narrower price range around 5.02 showed higher stability in profit earned compared to the broader range of prices.
3. The data suggests a potential 'sweet spot' price of around 5.02 for optimal sales and profitability.

**"
165,5.02,84.87717474909257,154.47645804334843,"- **Pricing Sensitivity Identification:** Identify the exact range within which slight changes in pricing can have a disproportionately substantial effect on profit margins, potentially indicating an optimal pricing point.
  
- **Profit Maximization Through Pricing Precision:** Fine-tune prices around the initial discovery of optimal ranges to ensure maximum profits are consistently achieved.

- **Price Fluctuation Monitoring and Strategy Adjustment**: Analyze if higher price settings lead to lower margins due to overshot target markets or inefficient consumption based on actual purchase patterns, suggesting the need for iterative pricing adjustments based on market behavior.","1. **Pricing Sensitivity:** Slight variations in selling prices can have significant effects on profit margins, underlining the importance of precise costing and market analysis.
   
2. **Optimization Through Iteration:** Iterative reviews and adjustments of pricing strategies are essential to optimize profits without causing undue fluctuations that might disrupt target markets or consumer confidence.

3. **Price Target Identification:** Establishing optimal price targets through careful observation of how slight changes impact overall revenue is crucial for minimizing waste while maximizing profit potential in each pricing round."
166,4.997,85.2425162576814,153.18080171505346,"1. **Refine price targeting**: Based on historical data, aim for a price range around $4.99-$5.04 to maximize profit earnings.
2. **Explore lower-priced options**: Consider slightly lowering the price below $4.99 (e.g., $4.98) to maintain sales momentum while gaining an additional percentage point or two in profit margin.
3. **Continuously monitor and adjust pricing**: The most important step is maintaining awareness of any changes in market conditions that might affect demand, competition dynamics, or user behavior.","* Optimal price range: $4.99-$5.02, based on history data analysis
* Profit margin and quantity Sold are directly related as prices deviate from this optimal range
* The impact of price deviation is more pronounced at lower quantities sold"
167,4.998,85.22678476641525,153.23775901001463,"1. Continue exploring the price range between $4.99 and $5.04, as this seems to be a sweet spot for sales volume.
2. Conduct a sensitivity analysis on the effect of reducing prices further (i.e., to just under $4.99) to capture potential gains in quantity sold.
3. Investigate the impact of increasing prices further above $5, potentially capturing higher profit margins but at risk of reducing demand.","* Demand appears to be sensitive to price changes around $5.
* Higher sales volumes tend to result from prices just below or on either side of $5 (specifically, between $4.99 and $5.04).
* High profit margins are achieved at high demand levels, particularly above 84."
168,4.99,85.35224911382662,152.78052591374964,"1. Investigate the relationship between price and customer sensitivity: Consider running experiments or analyzing additional data to better understand how changes in price affect customer behavior.
2. Identify key factors influencing sales volume: Try to pinpoint specific factors, such as seasonality, marketing campaigns, or competition, that impact quantity sold.
3. Develop a robust pricing strategy: Implement a plan to optimize prices based on changing market conditions and evolving consumer preferences.","1. **Price elasticity**: Be aware of the price sensitivity of customers; small changes in price can have significant impacts on sales volume.
2. **Sweet spot**: The optimal price range appears to be between $4.99-$5.04, balancing quantity sold and profit earned.
3. **Anomalies**: Some data points show unusual behavior (e.g., high prices leading to reduced revenue). Further analysis is required to identify causes."
169,5.02,84.87717474909257,154.47645804334843,"**

To further investigate the pricing ceiling, I plan to conduct a sensitivity analysis of the data around the identified sweet spot ($4.99-$5.15). This will involve creating alternative price scenarios and observing their impact on sales figures and profit margins.

Specifically, I aim to test prices above and below the $5.10 threshold to determine if there's a more profitable range without sacrificing sales volume. Additionally, I'd like to explore the potential benefits of establishing a price point closer to the lower end of the sweet spot ($4.99) to see if it can lead to increased market share.

**","**

The current data suggests that any pricing above $5.10 may lead to diminishing returns. Furthermore, prices below $4.99 might not take full advantage of the optimal profit margin potential.

Establishing a price point closer to the sweet spot ($4.99-$5.05) could result in significant market share gains and revenue increases. It is essential to maintain price stability and monitor sales figures closely to ensure the chosen price point remains profitable.

**"
170,4.998,85.22678476641525,153.23775901001463,"* Continue to explore the price range between 4.99 and 5.03.
* Analyze the data further to see if there's a specific price within this range that yields the highest profit.
* Consider testing different prices above 5.05, as the quantity sold decreases but the profit earned remains high.","* The optimal price range is between 4.99 and 5.03.
* Prices above 5.05 may not be the most profitable option, despite having a higher profit earning per unit.
* Continued analysis of data suggests that prices below 4.98 and above 5.08 are less profitable."
171,5.03,84.71602646256322,155.0303284264907,"* Continue experimenting with prices in the range of $5.02-$5.08 to find the optimal price.
* Monitor the quantity sold at each price point to ensure that we're not pricing ourselves out of the market.
* Consider running a few more rounds with slightly higher or lower prices to further refine our understanding of the optimal price.","* Prices between $5.02 and $5.08 tend to maximize profit earned, indicating an optimal range.
* There is some variability in quantity sold at these price points, suggesting that we should continue to monitor this metric.
* It's essential to avoid prices above $5.10, as they seem to result in lower profit earnings."
172,5.03,84.71602646256322,155.0303284264907,"* Continue testing the upper limit of the high-profit range ($5.02-$5.06) to understand its maximum potential.
* Experiment with prices above $5.08 (e.g., $5.10, $5.12) to see if there's a hidden sweet spot that hasn't been explored yet.
* Consider implementing price tiering or segmentation to maximize profits from the optimal price range.","* The high-profit price range ($4.99-$5.01 and $5.02-$5.06) is consistent across multiple pricing rounds, indicating a robust market trend.
* Prices above $5.08 may face diminishing returns or a ceiling effect on profits."
173,5.05,84.38951025545427,156.12059397259037,"**

* Consider testing the upper bound of the profit maximizing price, e.g., $5.15 or slightly below (e.g., $5.10), while monitoring quantity sold and total revenue to determine if there is still a positive relationship.
* Investigate prices above $5.15 to see if further increases in price would lead to decreased profits due to reduced demand.
* Consider exploring other factors that may be contributing to the stability or decrease in profit as price increases, such as changes in production costs or competition.

**","**

* The data suggests a potential optimal pricing point around $5.02-$5.06, which appears to maximize both revenue and profit.
* Despite increased prices above $5.06, quantity sold actually decreases, indicating that demand may be elastic in this range.
* The large spike at Round 100 highlights the importance of investigating price points with relatively low quantities sold but high profits for maximization.

**"
174,5.05,84.38951025545427,156.12059397259037,"* Continue to monitor and analyze data to ensure we are not over-pricing or under-pricing our product.
* Consider implementing a dynamic pricing strategy that adjusts prices based on demand fluctuations.
* Run A/B testing experiments to compare revenue performance across different price points.","* The highest profit earned was $161.21 at Round 100, but this came at the cost of decreased sales quantity. This data point suggests that setting a high initial price ($5.15) may not always be the best strategy.
* A price point between $4.99 and $5.08 seems to strike a balance between revenue maximization and sales quantity."
175,5.06,84.22413129810302,156.65688421447157,"* Investigate potential price elasticity and its impact on sales volume
* Compare sales volume across rounds to see if there are any trends
* Monitor competition and adjust pricing strategy accordingly","* Optimal price range appears to be $5.05-$5.08
* Pricing above $5.06 may lead to decreased profits
* Price elasticity analysis is necessary to determine the impact on sales volume
* Competition should be monitored to adjust pricing strategy accordingly"
176,5.03,84.71602646256322,155.0303284264907,"* Continue to experiment with prices in the $4.99-$5.15 range to find the optimal price point.
* Monitor quantity sold and adjust pricing strategy if necessary to ensure that increased revenue generated is not offset by reduced sales volume.
* Investigate possible price elasticity on either side of the optimal range to further refine pricing approach.","* The relationship between price and profit is highly non-linear, with relatively small changes in price leading to large differences in profitability.
* There may be hidden opportunities for cost savings or revenue generation that can help justify higher prices."
177,5.03,84.71602646256322,155.0303284264907,"**

* Continue to monitor price ceilings and potentially lower prices to maximize profits.
* Investigate strategies to stabilize demand at optimal price points.
* Analyze the impact of variations in quantity sold on overall revenue and adjust pricing strategy accordingly.

**","**

* Prices above $5.04 have not consistently yielded higher profits, suggesting a potential upper price limit.
* There is an opportunity to optimize prices within the range of 4.99-5.04 to balance profit maximization with demand stability.
* Further research is necessary to fully understand the relationship between price and quantity sold.

**"
178,4.99,85.35224911382662,152.78052591374964,"To further investigate the relationship between price and profit, consider introducing more price options to see how the market responds while retaining some flexibility in pricing strategy.
Also, keep track of the sales volume across rounds to identify any anomalies or seasonality in demand.
Review the production costs and supply chain logistics to ensure that they are optimized for maximum profitability.","There appears to be an optimal price range between 4.99 and 5.04 where profit is maximized (Rounds 72-96).
The profit margin remains consistent across this range, suggesting that any deviations from the optimal price may lead to lost revenue.
Consider pricing strategies that can effectively capture demand without straying too far from the optimal price zone."
179,5.02,84.87717474909257,154.47645804334843,"* Continue monitoring and analyzing price trends to identify potential areas for optimization.
* Investigate the correlation between prices and profit earned per round.
* Explore ways to increase sales quantity while maintaining or increasing revenue.","* A clear trend of increasing prices over time is observed, with some fluctuations due to price readjustments.
* The optimal price range appears to be between $4.99 and $5.15, as prices outside this range tend to result in lower profits or decreased sales quantities."
180,5.0,85.19528019683105,153.35150435429588,"- Investigate the relationship between prices and demand to understand how the market responds to changes in pricing.
- Identify any anomalies or outliers in the data to confirm their validity.
- Consider implementing a more nuanced pricing strategy that takes into account the changing market conditions.","- The optimal price appears to be around $5, as it consistently yields higher profits compared to other prices. However, this might be an artifact of the data and requires further investigation.
- There's some evidence to suggest that the demand is elastic, particularly at high prices above $5. This could be a key factor in determining the optimal price."
181,5.05,84.38951025545427,156.12059397259037,"* 1. Investigate possible correlations (if any) between price elasticity and profit margin.
* 2. Develop a more detailed analysis to determine whether consumer spending habits have changed over time or are consistently related to specific price ranges.
* 3. In subsequent rounds, incorporate consideration of seasonality and its impact on market behavior.","* A notable trend is the tendency towards higher profitability at prices slightly below $5.08. Rounds priced below this threshold yielded significantly larger profits compared to those set above it.
* Given the fluctuations observed across various price ranges, caution should be exercised when considering adjustments. It appears that market behavior could respond unpredictably when moved past an identified profit-maximizing point."
182,4.99,85.35224911382662,152.78052591374964,"* Investigate why profit decreases as price increases above $5.03
* Check if increasing price further than $5.05 is worth it at all due to rapidly decreasing quantities
* Try pricing in a range from $4.99 to $5.02, checking if this middle ground is more profitable","* Prices significantly above $5 may not be optimal
* Below $5.03, prices around $4.99 or slightly higher tend to produce higher revenues despite fluctuating quantities sold
* It's still unclear what the perfect price range could be without further testing in a more controlled setting"
183,4.99,85.35224911382662,152.78052591374964,"* Investigate factors other than price that could be influencing profit earnings (e.g., seasonality, marketing campaigns, competition).
* Develop a more strategic pricing approach to optimize profit, considering the trade-offs between higher prices and lower demand.
* Consider conducting an experiment with different price offerings at similar sales times to better understand how customers react to price changes.","* Despite some variations over time, profits show high stability (most values for profit per item fall between $1.50 and $2.00) across the 120 rounds examined.
* Prices beyond a certain threshold don't appear to bring increased sales or profit revenue; instead, price rises above this threshold are consistently associated with decreased sales.
* The data suggests there is not much elasticity in this market product regarding its pricing."
184,4.99,85.35224911382662,152.78052591374964,"**

1. Investigate why there is a drop-off in profitability when prices exceed $5.10
2. Confirm if the baseline price of approximately $4.99 can consistently produce a profit around $152-$153

**","**

* The optimal price range appears to be between $4.98 and $5.03, where profits are consistent and relatively high.
* There may be some sensitivity to prices above $5.10, which could result in decreased profitability.

**"
185,4.99,85.35224911382662,152.78052591374964,"* Investigate whether the optimal price range can be further narrowed down by analyzing the data more closely.
* Explore ways to increase revenue and profit beyond what is achieved within the current price range.
* Consider experimenting with different marketing strategies to see if they affect customer willingness-to-pay.","* The identified price range of $4.98 to $5.08 seems to be a sweet spot where profits are maximized.
* Prices are closely tied to profits, but the relationship is not linear; small changes in price can lead to larger changes in profit.
* Customer response to pricing may be influenced by psychological factors, such as perceptions of value."
186,5.03,84.71602646256322,155.0303284264907,"* Analyze the relationship between price and quantity sold to determine if there's an optimal pricing strategy that maximizes revenue.
* Examine the sensitivity of profit earnings to changes in price and quantity sold.
* Explore the idea of capping the maximum price at a level below $5.15, to see if it would lead to increased sales without sacrificing too much profit.","* The optimal price range appears to be around $5.00-$5.08, as prices within this range consistently result in high profit earnings.
* Increasing the price from $4.99 to $5.00 or above can lead to substantial gains in profit earnings, even with relatively small changes in quantity sold."
187,5.02,84.87717474909257,154.47645804334843,"* We should investigate further why prices above 5.03 tend to result in lower quantities sold. Is this due to diminishing marginal utility, increased competition, or other factors?
* We should also explore the reason behind the higher profit earnings when selling at $5.15 compared to other high prices like $5.04 and $5.05.
* To optimize profit earnings, we may want to experiment with pricing between 4.99 and 5.03, trying to find the optimal price-point within this range that balances quantity sold and profit earned.","* A sweet spot exists around $5.02-5.03 for pricing, as prices above and below this range tend to result in lower quantities sold and lower or similar profit earnings.
* The relationship between price and quantity sold appears to be non-linear, with diminishing returns at higher prices."
188,5.02,84.87717474909257,154.47645804334843,"* Investigate the potential demand-supply imbalance at prices below $4.99.
* Test whether prices above $5.03 lead to noticeable decreases in quantity sold as suggested by historical data.
* Consider setting a ""target"" price range of $4.99-$5.03 based on previous performance and adjust accordingly.","* High-margin strategies (i.e., near-optimal profit) can be achieved even if we target lower prices ($4.99-$5.03), which might allow us to capture a larger market share.
* There appears to be diminishing returns beyond $5.05; instead of competing with similar products at higher price points, we could look for opportunities in more premium or niche markets."
189,5.02,84.87717474909257,154.47645804334843,"* Investigate whether setting the price slightly below $5.00, around $4.95-$4.99, would still yield a high quantity sold while potentially increasing profitability.
* Consider experimenting with raising the price to $5.10 - $5.15 to see if this further increases profit per unit.","* Confirming previous observation: price range of $5.00 - $5.15 seems to be the most profitable area, but there could be opportunities for small adjustments within this range.
* It's essential to balance optimizing prices with not alienating potential customers if they perceive prices as too high."
190,5.05,84.38951025545427,156.12059397259037,"1. **Explore optimal pricing between $5.03 and $5.06**: We'll try varying prices within this range to determine which one yields the highest profits.
2. **Monitor quantity sold and demand**: Despite consistent quantities, we should keep a close eye on demand and adjust our strategy if necessary.
3. **Reassess profit margins at lower price points**: We'll re-examine settings below $4.99 and consider adjusting strategies accordingly.","* Maintaining a price above $4.99 is crucial to achieving significant profits.
* The sweet spot for pricing falls between $5.03 and $5.06, where maximum profits are earned.
* Consistency in quantity sold indicates stable demand; however, further monitoring is necessary."
191,5.05,84.38951025545427,156.12059397259037,"1. Identify the optimal price range that yields the highest profit: Prices between $5.03 to $5.06 appear to yield consistent profits, but further analysis is needed.
2. Investigate the anomaly in Round 100 with the higher priced item ($5.15): Is this an outlier, or does it indicate a potential opportunity for increased profitability?
3. Analyze the relationship between pricing and quantity sold: Are there specific price ranges that result in lower quantities sold compared to others?","1. A consistent profit pattern is observed with prices around $5.03 to $5.06.
2. The anomaly in Round 100 with a higher priced item ($5.15) results in significantly increased profitability.
3. There appears to be a trade-off between pricing and sales volume, with higher quantities sold at lower prices."
192,5.02,84.87717474909257,154.47645804334843,"**

* Investigate optimal pricing strategy within the range of $4.98 to $5.02, looking for balance between sales volume and profit margin.
* Determine whether higher or lower prices will yield better results on average (considering Rounds 100 through 101).
* Consider incorporating more granular options in pricing strategy: perhaps we cannot simply stick to one fixed price point within a certain range.

**","**

* Round 100's outlier result likely resulted from an anomaly or exceptional market condition.
* The area around $5.00 (Rounds 101-113, particularly) seems relatively stable and favorable balance between sales & profit margin.
* Lower pricing ($<=4.99) risks reduced overall earnings despite high quantity sold numbers; therefore, avoiding very low prices may be advisable.

**"
193,5.0,85.19528019683105,153.35150435429588,"1. Investigate the reason behind the outlier in Round 100 to determine if it's due to a one-time event or a systematic issue.
2. Analyze the relationship between price and quantity sold to identify any patterns or correlations that can inform future pricing decisions.
3. Consider implementing a more nuanced pricing strategy, taking into account factors such as time of year, demand fluctuations, or seasonality.","The majority of rounds have prices clustered around $5, suggesting that this is the optimal price point to maximize profit given the quantity sold. However, there are some rounds (e.g., 106 and 111) where a higher price resulted in lower quantity sold but similar or slightly higher profit earned. This may indicate that customers are willing to pay more for the product in certain circumstances."
194,5.0,85.19528019683105,153.35150435429588,No plan found.,"* Higher prices do not always result in more profit, as seen in fluctuations around $156.12.
* There is a tendency towards a ceiling effect around the quantity sold at high prices (e.g., Round 100 with 82.67 units sold).
* Carry over the observation that prices above $5 may not yield better results."
195,5.02,84.87717474909257,154.47645804334843,"* Continue to monitor and adjust pricing based on emerging trends.
* Consider introducing a price hike if sales data suggests that customers are willing to pay a premium for this product.
* Keep an eye out for potential discounts or promotions that could impact profit margins.","* Prices around $5.00-$5.05 may be optimal due to balance of revenue and demand.
* Higher prices (above $5.15) can lead to reduced quantity sold, but not necessarily higher profit margins.
* Lower prices ($4.99 and below) tend to result in lower profit margins."
196,5.03,84.71602646256322,155.0303284264907,"Given this observation, a logical plan could be to aim for an initially higher price within the optimal range and then test if there's still room for slight growth (ideally avoiding going above $5.00).

Specific plans I propose are:
1. Consider starting at a slightly higher level than our last known optimal such as $5.02-$5.04.
2. Plan to closely monitor both quantity sold and profit earned while testing the effect of higher prices more cautiously after an initial successful high price is reached.","* There appears to be both upper ($5.00+) and lower ($4.95-) saturation points within our price range.
* It's worth exploring if there are 'sweet spots' between these bounds that achieve near-maximizing profit per unit sale without losing sales volume as much."
197,5.02,84.87717474909257,154.47645804334843,"* Consider exploring a price range of $4.98 to $5.02 to maximize profit while maintaining sales.
* Analyze the data from rounds 99 and 100 to understand why the profit earned decreased when the price increased from $5.05 to $5.15.
* Investigate whether there are any patterns or correlations between prices, dates, or other factors that could impact our pricing strategy.","* The data suggests that a sweet spot exists around the $4.99 to $5.01 price range, where profit earned and sales remain relatively steady.
* Prices above $5.05 ($5.04 in round 98) seem to lead to reduced sales without further increasing profit earned.
* Round 100 demonstrates an anomaly with a lower profit earned despite a higher price."
198,4.98,85.5078368512177,152.20394959516753,"* Investigate pricing strategies above $5.02 and around $4.99 for better understanding of their impact on profit earned.
* Consider implementing price adjustments that minimize demand decrease as seen in Round 100, particularly focusing on setting optimal upper bounds.
* Evaluate potential customer sensitivity to slight price changes ($0.01-$0.10) in the range studied to maximize stable sales figures.","* The data shows a noticeable drop-off in quantity sold when prices exceed $5.05. This calls for further analysis into pricing boundaries that can prevent such losses.
* Fluctuations around $4.99 have shown stability, suggesting it could be an inflection point; however, pinpointing the exact boundary needs deeper examination."
199,4.99,85.35224911382662,152.78052591374964,"Continue to monitor the data and see if any trends emerge around optimal price levels.
Consider experimenting with slightly higher or lower prices to test the demand curve.
Keep an eye on the profits earned and adjust the pricing strategy accordingly.","Optimal price appears to be around $4.99, based on high profit earned and moderate quantity sold.
Fluctuations in data between Rounds 104-114 suggest that this price point may be optimal.
Demand seems to be elastic at higher prices (e.g., Round 100), where consumers purchase less but pay more."
200,4.99,85.35224911382662,152.78052591374964,"Continue to prioritize monitoring the relationship between price and quantity sold. Pay close attention to any changes in demand or supply that may affect this relationship.
Consider experimenting with prices within the optimal range ($4.99-$5.02) to see if there is room for further optimization within this range.","The data suggests that price elasticity of demand is relatively high, as small changes in price can have a significant impact on quantity sold and profit. This may indicate an opportunity for revenue maximization through targeted price adjustments.
Be cautious not to oversell the product by increasing prices too aggressively, as this may lead to decreased demand and lower overall profits."
201,5.0,85.19528019683105,153.35150435429588,"* Monitor price sensitivity and adjust pricing strategy accordingly.
* Investigate cost of production to determine optimal pricing for maximum profitability.
* Consider implementing a tiered pricing system or promotions to increase average order value and profitability.","* The product's demand is highly sensitive to price fluctuations, with significant decreases in quantity sold when prices are increased and vice versa.
* There appears to be an inverse relationship between profit earned and the quantity sold, suggesting that higher quantities sold can lead to lower profits due to reduced revenue per unit."
202,5.0,85.19528019683105,153.35150435429588,"* We should investigate how much more revenue can be generated by slightly increasing prices while maintaining high quantity sales, as observed at certain price points.
* Monitor close competitors to see if matching price or experimenting with a small increase could gain a pricing advantage and expand market share for our product.","* A stable price of $4.99 seems effective in keeping the sale quantities between 85.2-85.35 units, but still leads to limited revenue due to such high output numbers when sold at this value.
* Price elasticity shows some stability, but could increase if experimented upon effectively within reason."
203,4.99,85.35224911382662,152.78052591374964,"1. Continue to monitor the pattern of quantity sold and explore the possible causes behind it.
2. Consider implementing a pricing strategy that takes into account the ceiling effect on quantity sold.
3. Investigate whether there are other factors contributing to the stable profit margins, such as costs or competition.","The price fluctuations do not seem to significantly impact the quantity sold, suggesting that other factors may be at play. The prices have converged towards the higher end of the range, with most recent rounds showing prices close to $5.00 or $4.99. Considering the competitive landscape and potential demand for the product, it may be beneficial to adjust pricing in a way that takes into account these dynamics."
204,155.03,2.0583249737830454e-79,3.125154807694798e-77,"* Continue monitoring profit earnings around the optimal price range of $153-$155.
* Investigate why profit earnings dip to $152.78 when the price is set back to a lower level (Rounds 119-110).
* Further analyze pricing strategies that resulted in exceptionally high profits ($156.66, $155.03, and $156.12) to identify any trends or patterns.","* The market's response to prices within the observed range indicates a general indifference to minor price adjustments between $153-$155.
* It is worth noting that setting the price to these levels seems to have an immediate effect on increasing profit earnings when it was previously lower, suggesting some sensitivity towards price changes."
205,5.05,84.38951025545427,156.12059397259037,"* Investigate the possibility of increasing the price above $5.06 to see if there is a higher profit ceiling.
* Test different pricing strategies to determine whether anchoring (pricing below or slightly above a ""suggested"" price) can increase sales at profitable prices.","* The relationship between price and profit appears to be positive, with higher prices resulting in higher profits.
* There may be a price ceiling around $5.00, as evidenced by the consistent profits earned at lower prices (e.g., $4.99).
* Further experimentation is needed to determine whether increasing the price above $5.06 will result in even higher profits."
206,4.99,85.35224911382662,152.78052591374964,"* Investigate the effect of increasing prices above the current range ($4.99-$5.02) to see if higher profits can be achieved.
* Monitor fluctuations in profit margins and adjust pricing strategy accordingly.
* Consider experimenting with different price points within the identified sweet spot ($4.99-$5.03) to maximize revenue.","* The optimal price range appears to be between $4.99-$5.02, but there is evidence that higher prices may not necessarily result in increased profits.
* Prices outside of this range do not consistently yield the highest returns on investment.
* It's unclear whether this pattern can persist in future rounds or if external factors will affect profit margins."
207,4.95,85.96637505099169,150.44115633923545,"**

1. **Price Stabilization:** Observe the dominant price range of $4.99-$5.00, with high quantity sales consistently throughout multiple rounds.
2. **Pricing Sensitivity Analysis:** Investigate how deviations in pricing around the dominant group (e.g., going below or above $4.99) affect both quantity sold and profit earned.
3. **Price Optimal Range Exploration:** Attempt to find a price point that balances maximum revenue with minimal drops in volume sold, possibly leaning towards higher prices if profitability is found to be compromised at lower rates.

**","**

1. Informed Price Decision Making: Higher prices might not translate directly into higher profits; instead, sticking around the dominant price range ($4.99-$5.00) shows promise for maximizing revenue.
2. Pricing Strategy Considerations: Understand that deviations from this optimal pricing range can have varying effects on profit and sales volume; being aware of these limitations could aid in future pricing decisions.

**"
208,5.15,82.67117940706734,161.20879984378132,"* Investigate the possibility of raising prices to $5.15, as this could potentially lead to increased revenue without affecting sales quantity.
* Consider implementing a pricing strategy that allows for a gradual adjustment in prices based on historical data and market trends.","* The current price range is not a major factor influencing customer purchasing decisions, as seen from the stable sales volume despite consistent price variations.
* There appears to be some resistance to significantly deviating from the current price point of around $5.00, with quantities sold consistently being around 85 items."
209,4.97,85.66204956353468,151.62182772745635,"We should consider implementing a more stable pricing strategy, possibly anchoring the price at $4.99-$5.01 and evaluating any potential impact on customer behavior and revenue. Alternatively, experimenting with different pricing tiers to identify optimal ranges could provide valuable insights.",Previous observations note that prices above $5.00 often lead to reduced quantities sold without increasing profit margins. This observation remains relevant as the most profitable price range ($4.99-$5.01) shows relatively high sales volumes while maintaining competitive profit earnings.
210,4.995,85.27393768325923,153.0667181414503,"Explore a more precise pricing strategy based on quantifiable elasticity measures (e.g., estimate how much price changes affect demand and adjust prices optimally).

Consider short-term strategies focused around peak profit-making during the stable price segment ($4.99-$5.01) to test if there are temporary fluctuations from optimal profit performance due to factors such as day-of-the-week, seasonality, or promotional events that might not be included in current market analysis.","1. The range 84.2-86.0 units sold indicates a somewhat stable demand level.
2. There's an observed ""sweet spot"" around $4.99-$5.01 where profit margins are maximized at approximately $152.78; however, additional fine-tuning might further optimize this outcome."
211,4.99,85.35224911382662,152.78052591374964,"**
To refine our price strategy further, we should:

* Investigate whether there is any evidence of decreasing revenue or profit elasticity within this optimal price range.
* Analyze whether this consistent peak profit at $153.35 across multiple rounds might be due to any temporary market fluctuations that could potentially affect future profits.
* Continuously monitor the sales figures and update our pricing strategy if we identify a more profitable sweet spot.

**","**
Notable observations include:

* The maximum profit earned of $155 (at Rounds 140 and above) after some initial fluctuation appears to converge at around Round 150, with all higher rounds achieving approximately the same optimal price of $5.02.
* We can now verify whether the observed ""equilibrium"" at this price is consistent across future pricing rounds.
* Investigate potential anomalies (i.e., non-regular decreases) that might indicate a change in market dynamics.

**"
212,4.99,85.35224911382662,152.78052591374964,"**

1. Further exploration of the relationships between price, quantity sold, and profit.
2. Investigation into potential price segmentation strategies based on different customer demographics.
3. Analysis of how price affects churn rates (i.e., what proportion of customers leave when prices increase).

**","**

The data confirms that offering prices with minor increments can lead to consistent profits, but varying the pricing significantly impacts revenue generation.

There is a small range in prices between $4.95 and $5.03 yielding different profit margins, suggesting an optimization potential by fine-tuning these price points. Further experiments would be needed to analyze this phenomenon more thoroughly.

**"
213,4.99,85.35224911382662,152.78052591374964,"* Observe price and quantity sold data to track any changes
* Consider adjusting the price incrementally (e.g., $0.01) upwards or downwards to observe profit changes
* Evaluate if other strategies, such as promoting a bundle deal or offering discounts, could be effective","* Price fluctuation and quantity sold analysis do not appear to directly impact profit
* Optimal price range may lie within the current $4.98 to $5.02 band
* Profit consistency across rounds suggests that optimal price has likely been reached"
214,4.99,85.35224911382662,152.78052591374964,"**

* Explore the possibility of implementing a price elasticity test, where a deliberate change is made to the price to gauge its impact on sales.
* Investigate the long-term sustainability of maintaining $4.99 as the base price point; it may become necessary to reassess this pricing strategy as competition or market conditions shift.

**","**

* The consistency in revenue generation suggests that profit margins are optimal at the current pricing levels (i.e., $4.99 and $5.00).
* Consider developing a more sophisticated pricing framework that incorporates factors such as production costs, target profit margins, customer behavior, and market trends.

**"
215,4.95,85.96637505099169,150.44115633923545,"* Analyze the price elasticity of demand for the past 20 rounds (Rounds 100-120) to determine how prices influence sales.
* Consider running a price experiment in Rounds 151-160, testing different price points within and outside the optimal range identified.
* Monitor customer feedback and adjust pricing strategies accordingly.","* The product's profit margins seem to be inversely related to its price: when the price increases, there's occasionally a small drop in profit earned. This might indicate that raising prices can lead to a loss of volume sales and an overall decrease in revenue.
* It appears that customers are highly sensitive to prices above $5, as many rounds show a significant drop-off in profit earned once this threshold is crossed."
216,4.99,85.35224911382662,152.78052591374964,"**

1. **Monitor sales rates and profits at various price points**: As new rounds complete, track average sales rates and profit earned per unit to identify optimal price ranges.
2. **Test higher prices with incremental changes**: Gradually adjust prices up by small increments (e.g., $0.01) around the current equilibrium price of $4.99 to see if there's scope for increasing revenue without significantly depressing demand.

**","**

1. **Price elasticity is low or inelastic**: Demand does not seem significantly responsive to changes in price, suggesting a relatively stable market.
2. **$4.99 is the most profitable equilibrium point**: Multiple data points confirm this as a consistently profitable point in terms of average sales per round.
3. **Potential for higher prices around existing equilibrium**: Data from rounds 119 and the mid-range stability from 127-130 suggest potential opportunities to experiment with a slightly higher price, potentially increasing revenue.

**"
217,4.99,85.35224911382662,152.78052591374964,"* Investigate potential reasons for the slight downward trend in prices and profits.
* Explore whether adjusting the pricing strategy could help increase revenue without significantly affecting quantity sold.
* Consider offering volume discounts or promotions to incentivize higher sales at current prices.
* Monitor and adjust inventory levels based on historical data and future forecasts.","* The price elasticity of demand appears relatively low, indicating that small changes in price do not have a significant impact on quantity sold.
* There is a strong correlation between price and profit, suggesting that increased revenue can lead to higher profits.
* The stable quantities sold across different prices indicate that the current pricing strategy may be optimal."
218,5.01,85.03692405366762,153.91683253713836,"Based on the observations above, I suggest testing a price that falls within the optimal range of $4.98 to $5.02. To further refine this range and minimize risk, we should consider setting our target price as the average of the upper bound (around $5.01).","Our findings highlight that prices have a limited impact on sales in this market. However, it's essential to acknowledge that small fluctuations can occur due to various factors, such as competition or consumer sentiment. It would be prudent to continue monitoring and updating pricing strategies based on new data."
219,5.01,85.03692405366762,153.91683253713836,Consider experimenting with a slightly higher price point above $5.02 to see if there is a potential for increased revenue without sacrificing sales quantity. Monitor the market data closely to observe any changes in pricing sensitivity or consumer behavior.,"A key insight from this round of planning is that despite fluctuations in price, the profit earned has remained relatively stable. This suggests that consumers are not overly sensitive to price increases within a certain range, and our business model can withstand some price volatility without sacrificing profitability. It's essential to continue monitoring this trend while also exploring opportunities for further optimization."
220,5.01,85.03692405366762,153.91683253713836,"* Test the upper limit of the $4.99-$5.02 price range by adjusting it slightly above this range ($5.03).
* Investigate the effect of setting a price at $5.01, as it has shown stability in profit per unit while maintaining relatively high quantities sold.","* The product may have a limited ceiling on revenue due to market demand.
* Pricing within the $4.99-$5.02 range offers stable profits, but this comes at the cost of lower quantities sold.
* Further adjustments or optimization might be necessary to boost both profit and quantity."
221,4.99,85.35224911382662,152.78052591374964,"Consider lowering prices below $4.99 to test whether it increases demand and sales volume while potentially offsetting some of the lost revenue with increased unit sales.
Explore price points above $5.02 to assess if higher prices result in reduced sales volumes and potentially mitigate competition.","Price floor around $4.95 seems to be associated with lower profit margins.
High consistency across multiple rounds suggests that there is a relatively optimal price range between $4.99 and $5.05, but more experimentation may be needed to identify the optimal point within this window."
222,5.05,84.38951025545427,156.12059397259037,"Let's try to increase the price again, this time to $5.05, to see if we can maintain a high profit margin while also taking advantage of the demand.","I'm starting to notice that prices between $4.99 and $5.03 might not be optimal, as they don't seem to yield the highest profit earnings. Let's keep an eye on these price points in future rounds."
223,5.01,85.03692405366762,153.91683253713836,"We should try to maintain a price point of around $5.00-$5.05 to maximize profits. However, we also need to carefully monitor the quantity sold and adjust the price as needed.","The optimal price range is between $4.99 and $5.03, with a maximum profit earning at exactly $5.02 in several rounds (e.g., Round 163). We should target this range in our future pricing decisions."
224,5.0,85.19528019683105,153.35150435429588,"Based on the observed trends, I plan to adjust our pricing strategy to target the upper end of the optimal range. To further fine-tune our approach, we should analyze additional factors such as market demand, competition, and customer buying habits.","The current data suggests that maintaining a stable price point within the $4.99-$5.02 range can lead to consistent sales and profits. A crucial observation is the presence of a ""sweet spot"" around $5.01-$5.02 where profits tend to be maximized."
225,4.99,85.35224911382662,152.78052591374964,"To better understand the market dynamics and optimize pricing strategies, I plan to:

1. Analyze the impact of price changes on sales quantities to identify any correlations or patterns.
2. Investigate the relationship between prices and revenue generated to determine the optimal pricing point that balances both metrics.
3. Monitor competition in the market and adjust our pricing strategy accordingly.","One key insight from the data is that prices around $4.99 to $5.02 tend to have higher quantities sold, which increases revenue. However, it's essential to note that these prices might not be the optimal solution if we focus solely on maximizing profit. A more in-depth analysis of price-sales quantity relationships and competition in the market could provide valuable insights for future pricing decisions."
226,4.99,85.35224911382662,152.78052591374964,"1. Analyze further why customers are willing to buy your product around the $5 mark.
2. Investigate whether there's a price ceiling at $4.99-$5.01 (current highest profit-earning range).
3. Develop pricing strategies to capture higher margins before reaching this perceived price ceiling.","The optimal selling price appears to be near $5.00, with a margin of around 30% above cost ($5 - $4 = 1 unit, given the fixed production costs per item)."
227,5.0,85.19528019683105,153.35150435429588,Attempt to establish a more stable pricing strategy by testing prices within the established range ($4.99-$5.05) while monitoring sales volume and adjusting as necessary.,"Prices around $5.00 tend to yield higher profits, but significant fluctuations occur even at similar price points; other factors besides price are likely influencing profit levels."
228,4.995,85.27393768325923,153.0667181414503,"* Analyze the correlation between price and profit to determine the optimal price point that maximizes revenue.
* Monitor market trends to identify any changes in consumer behavior or competitor activity that could impact pricing decisions.
* Consider implementing a dynamic pricing strategy to adjust prices in real-time based on factors such as demand, seasonality, and competition.","* The optimal price range for maximizing profits is between $4.99 and $5.05, with an average price of around $5.00.
* There appears to be a seasonal pattern in the data, with higher profit levels during certain times of the year, which could be influenced by factors such as holidays or festivals."
229,5.03,84.71602646256322,155.0303284264907,"* Continue monitoring the price ceiling at $5.06, as it has yielded high profits consistently.
* Explore the effect of gradual increases in price points around the current optimal range ($4.99 to $5.05).
* Investigate the impact of introducing new price points between the existing range to potentially improve profit margins.","* A clear optimal price point has emerged within the $4.99 to $5.06 range.
* The profit ceiling is at $156.66 in round 175, achieved with a price of $5.06.
* Priced below or above this range consistently result in significantly lower profits."
230,5.03,84.71602646256322,155.0303284264907,"**

Let's continue to experiment with prices around the $5.00 mark, but also consider stepping up the price slightly further away from competitors' offers if we see positive responses from customers. Additionally, it might be beneficial to monitor and adjust our pricing strategy more frequently based on real-time market data and changes in consumer behavior.

**","**

We have identified a sweet spot around $5.00 where profits are consistently high, especially when the price is set slightly above or below this mark ($4.99-$5.06). This suggests that there may be an optimal price range that we can aim to maintain in order to maximize our revenue.

**"
231,5.02,84.87717474909257,154.47645804334843,"To maximize profits while minimizing the risk of significant drops, I plan to target a price range around $5.01-$5.09, incrementing prices by $0.02 or larger increments occasionally but regularly checking the profit margins to maintain stability and identify any opportunities for further optimization.","The experiment suggests that there is indeed an optimal price where profits tend to stabilize at around $153-$154 every 10 rounds on average. While significant changes in prices can lead to spikes in profit, they also introduce increased volatility which may be detrimental in the long run and outweigh any short-term gains."
232,5.02,84.87717474909257,154.47645804334843,"Consider narrowing down our price experimentation within the identified optimal range of $4.99-$5.05, as we have some data points indicating profitable outcomes in this region. Explore fine-tuning prices within this narrow range to pinpoint an optimal value that balances profitability and appeal to consumers.","The $5.06 price point shows promising results with a maximum profit of $156.66, but its isolation from other successful instances raises questions about the stability of such a high price. Conversely, within the identified sweet spot ($4.99-$5.05), prices may face an optimal range where we see the highest profitability."
233,5.01,85.03692405366762,153.91683253713836,"Let's perform a regression analysis on the data to see if there's a significant correlation between price and profit earned. Additionally, we'll examine how raising or lowering our current price affects customer quantity sold.","Our current pricing strategy seems optimal within the $4.99-$5.03 range, offering high returns while maintaining attractive quantities sold to customers. We should test slightly higher prices (e.g., around $5.05) in future rounds to capitalize on potential increased revenue."
234,4.995,85.27393768325923,153.0667181414503,"Based on the observations from above, we need to conduct a rigorous analysis of profitability by testing different price points within the optimal range ($4.98- $5.02). This can be achieved by running more experiments with values such as $4.99, $4.995, $5-$101, and others to identify the optimal point, given that an exact identification seems difficult due to potential noise from data or rounding effects.

Furthermore, it would be beneficial for future reference to track and explore specific metrics beyond just profit, namely loss aversion with potential revenue in mind as well as how these results are affected over long periods of time (i.e., 20+ rounds) considering all factors mentioned above and the historical trends. Tracking data outside the optimal range may give useful insights that could guide future pricing strategies.","The existence of noise in profit data suggests there might be some inherent risks to relying heavily on specific, short-term price point analyses. On one hand, high prices appear to discourage quantity sold and lead to a loss in total revenue. However, low prices result in similar outcomes due to minimal margins available. Consequently, a delicate balance between these two extremes was reached around $4.99 - $5.02.

The importance of tracking metrics beyond profit earnings should be recognized as well. For instance, investigating revenue generated from items sold could reveal other points of leverage for further improvements on price strategy in the future."
235,4.99,85.35224911382662,152.78052591374964,"**

Based on these observations, I plan to test prices around $4.99-$5.00 to see if they consistently result in high profit margins. I will also consider adjusting the pricing strategy to account for any changes in consumer demand or market conditions.

* Run a series of experiments with prices between $4.98 and $5.02 to gather more data and refine the pricing strategy.
* Analyze the results from these experiments to identify patterns and trends that can inform future pricing decisions.
* Consider implementing price adjustments based on seasonal fluctuations, competitor activity, or other market factors.

**","**

The key insights from this round of experimentation are:

* Prices around $4.99 are optimal for maximizing profit due to their impact on quantity sold and profit margin.
* There is some variation in the results, but prices between $4.98 and $5.02 tend to be more stable and profitable than those outside this range.
* The data suggests that a pricing strategy focused on maintaining prices close to $4.99 would be effective for maximizing profit.

**"
236,4.99,85.35224911382662,152.78052591374964,"**

* Focus on maintaining a price of $4.99 to leverage the existing market momentum.
* Monitor sales and profit earned closely, as a sudden change in market conditions could necessitate an adjustment.
* Consider running promotions or discounts around specific prices (e.g., 5.02) that have historically performed well.

**","**

* The $4.99 price point has proven to be highly effective, yielding consistent profit margins over 151 rounds.
* While there are fluctuations in sales at nearby price points (e.g., 4.95 and 5.02), these do not seem to have a lasting impact on the overall performance.

**"
237,5.01,85.03692405366762,153.91683253713836,"- Set a base price of $5.01, as this seems to be slightly above the optimal price floor of $4.99 but close enough to maintain similar revenue.
- Observe and adjust pricing decisions if revenue drops significantly from previous rounds at this new price.","- Continuing observations suggest that a high degree of stickiness can be achieved in terms of sales volume without necessarily altering the overall profit much if prices are set in the $4.99-$5.03 range.
- Profit margins appear quite stable across different rounds when operating within this price bracket."
238,5.02,84.87717474909257,154.47645804334843,We should aim to maintain a stable price while exploring the optimal price within the established range ($4.99 to $5.05).,"The optimal price appears to be around $4.99, given the high quantity sold and consistent profit earned across multiple rounds (e.g., Rounds 150-152). However, it's essential to explore other options within the established range to confirm this observation."
239,4.99,85.35224911382662,152.78052591374964,"Continue experimentation with prices within the stable range of $4.99 to $5.05, focusing on fine-tuning and optimizing prices to maximize profits while maintaining high quantities sold.
Monitor the performance of higher-priced options ($5.01 or above) to see if they continue to yield consistently high profits.","Prices within the stable range of $4.99 to $5.05 have been consistently profitable, with price at or below $4.99 resulting in lower profits and/or less consistent outcomes.
Highly priced options ($5.01 or above) show promise but require further testing to confirm their consistency."
240,5.01,85.03692405366762,153.91683253713836,"Continue testing prices within the established range ($4.99-$5.06) to see if we can fine-tune profits. Consider introducing smaller increments (e.g., $0.01) around the optimal price points discovered so far. Also, keep an eye on long-term trends and adjust accordingly.","Multiple price points offer consistent profit levels, but a precise ""sweet spot"" remains elusive upon inspection.
Prices in this range can be raised with minimal impact to profits
Increased price might yield slightly higher earnings ($156-157), but further testing is required"
241,4.98,85.5078368512177,152.20394959516753,"Given these observations, my plan for the next pricing round is to aim for a precise optimal value within this stable demand range and monitor if further adjustments are needed. To do this I will choose:",The current range ($4.99-$5.05) seems effective in maintaining consistent profits but a deeper analysis might be required if the target profit is much higher.
242,5.02,84.87717474909257,154.47645804334843,"To maximize profits, I plan to analyze the data further to identify any patterns or trends that may have been overlooked initially. Additionally, I will consider a price slightly above $5, as this has yielded higher profit earnings in the past.",One key insight is that prices around $5 tend to result in stable demand and consistent profit earnings. It's essential to maintain a balance between pricing too high (which may deter customers) and pricing too low (which may lead to reduced profit margins). The data suggests that pricing slightly above $5 could be a viable strategy.
243,5.02,84.87717474909257,154.47645804334843,"1. Continue to observe the market trends and adjust pricing accordingly.
2. Experiment with slightly higher prices (up to $5.05) when the demand is high ($84.39 quantity sold).
3. Monitor the effect of price changes on sales volume and profit margins.
4. Keep a closer eye on the maximum sellable units within this optimal range.","1. Optimal price range lies between $4.99 and $5.05, maximizing profits.
2. Sales volumes remain high ($84.39+) for prices above $5.01 but with reduced profit margins.
3. Slight increases in prices lead to higher sales volume, indicating an elastic demand curve."
244,4.998,85.22678476641525,153.23775901001463,"1. Settle on a price within the optimal range ($4.99-$5.02)
2. Monitor sales and profits closely for any significant deviations from the expected trends
3. Be prepared to adjust prices in response to changes in market conditions or shifts in demand","* The demand curve appears to be elastic, particularly above $5.05.
* Prices below $4.99 lead to increased sales but marginally lower profits due to price sensitivity.
* A price range of $4.99-$5.02 seems to balance high sales and maximum profits."
245,5.02,84.87717474909257,154.47645804334843,"Explore higher prices within the range of $5.00-$5.05 to identify an optimal price that maximizes profit earned while considering the observed pattern.

Consider implementing a slight price increase for the next round, such as:

* Round X: Price = $5.02 (or) $5.03

If the trend continues and the profit at these higher prices sustains or increases, this could lead to further exploration of higher price points in future rounds.","Confirmed pattern of increased profit earned at certain price ranges ($5.02-$5.05), but with a possible ceiling on increased earnings beyond $5.03.

Also noted is the inconsistent performance of the same price across different rounds, suggesting that external factors or market changes may affect profit levels over time."
246,4.99,85.35224911382662,152.78052591374964,"**

Based on the trend analysis above, my plan is to focus on pricing around the sweet spot where quantity sold and profit are both maximized. I will aim to price at or around $5.01-$5.03, as these seem to be the optimal price points based on previous rounds.

From Round 162 onwards, the data shows that prices above $5.00 have not consistently led to higher profits. Therefore, I plan to experiment with a price of **$4.99** and observe how it performs in comparison to the current prices around $5.01-$5.03.

Additionally, I would like to analyze the profit earned at different quantity sold levels for each price point to see if there are any patterns or correlations that can inform future pricing decisions.

**","**

1. The optimal price range appears to be $4.99-$5.03.
2. Prices above $5.00 may lead to diminishing returns in terms of profit earned.
3. Experimenting with a lower price point, such as $4.99, may be beneficial for maximizing profit while maintaining quantity sold.

**"
247,4.995,85.27393768325923,153.0667181414503,"**

Based on these observations, I suggest the following plan for the next pricing round:

""Focus on maintaining the optimal price range between $4.99 and $5.05. Test lower and upper bounds of this range (e.g., $4.95 and $5.02) to determine if there's a clear preference among customers. Monitor quantity sold and profit earnings closely to adjust the pricing strategy accordingly.""

**","**

* The sweet spot price is around $4.99, with a strong correlation between this price and high profit earnings.
* Prices above $5.05 do not seem to result in significantly higher sales or revenues, suggesting diminishing returns.
* Maintaining the optimal price range may lead to consistent revenue streams.

**"
248,4.995,85.27393768325923,153.0667181414503,"* Analyze data from the past pricing rounds to see if there are any specific days or weeks where sales were significantly higher or lower.
* Consider running promotions or discounts around $4.99-$5.03 to drive sales and maximize profits.
* Continue monitoring and adjusting prices based on the actual results of each round.","* Pricing sweet spot: $4.99-$5.03
* Avoid prices above $5.05 unless absolutely necessary"
249,4.99,85.35224911382662,152.78052591374964,"* Continue to monitor and analyze the market data to identify any trends or patterns that may affect future pricing decisions.
* Consider introducing a price range around $4.99-$5.03 as the target price, with adjustments made based on real-time market conditions.
* Explore the possibility of increasing prices above $5.03 in specific instances where there is likely to be high demand and minimal loss of quantity sold.","* Target price range: $4.99-$5.03
* Price elasticity: Quantity sold appears to decrease slightly at higher prices (above $5.03), suggesting a moderate degree of price elasticity.
* Optimal pricing strategy: Balance between maximizing profit and maintaining sufficient quantity sold."
250,4.99,85.35224911382662,152.78052591374964,"* Continue monitoring and measuring customer demand and feedback on prices above $5.
* Investigate whether reducing the price below $4.99 could be viable through cost-cutting measures or negotiation with suppliers.
* Consider implementing small price increments or discounts to incentivize repeat purchases and increase customer loyalty.","* Prices between $4.99 and $5.02 tend to produce the most consistent profit earnings with a large sales quantity.
* Smaller price decreases could potentially open up opportunities for higher profit margins, although this may require careful consideration of various market factors.
* Customer feedback on pricing strategies should be taken into account, as maintaining high profitability will depend on customer acceptability."
251,5.01,85.03692405366762,153.91683253713836,"**

* Review the optimal price range ($4.99-$5.03) and plan to focus on testing prices within this narrow window.
* Test a few more prices closer to $5.00 to confirm this seems to be an area of high demand.
* Continue monitoring sales data closely to ensure no changes or trends in consumer behavior.

**","**

* The optimal price range ($4.99-$5.03) is confirmed as the sweet spot for maximum profit.
* A closer examination of prices near $5.00 reveals that a slight decrease (e.g., from $5.02 to $4.99) may lead to moderate increases in quantity sold without significant losses in revenue.

**"
252,5.0,85.19528019683105,153.35150435429588,"* Continue to monitor and analyze data from future rounds
* Explore lower price points (e.g., $4.95-$5.01) to see if they result in increased sales
* Ensure the highest profit margins are maintained while keeping prices competitive","* Prices around $5.00 result in optimal profit earnings (Rounds 168, 170)
* Pricing above $5.05 tends to reduce sales (Rounds 195 and 190)
* Lower price points below $4.99 can lead to reduced or no sales (Rounds 204)"
253,4.98,85.5078368512177,152.20394959516753,"* Continue monitoring price-quantity relationships and update pricing strategy accordingly.
* Investigate possible reasons for the demand constraint, such as competitor impact or consumer preferences.
* Consider developing new marketing campaigns to increase demand elasticity.","* Price of $4.99 tends to optimize quantity sold, with a higher profit margin than lower prices.
* Above- price thresholds ($5.00 and above) are met with significantly decreased quantities sold.
* A clear trend in the data is that prices exceeding $4.99 tend to result in reduced sales."
254,4.99,85.35224911382662,152.78052591374964,"1. Continue to monitor demand elasticity around the optimal price range ($4.99-$5.02).
2. Experiment with different price strategies within this range to maximize revenue.
3. Consider offering discounts or promotions to customers who purchase at prices above $4.99.
4. Gather more data on customer preferences and demographics to better understand price sensitivity.","* The optimal price range for the product is between $4.99 and $5.02, with a significant drop-off in sales outside of this range.
* Demand is highly price-sensitive, and prices above $5.10 result in zero sales.
* Customer preferences and demographics may play a significant role in determining price sensitivity."
255,5.01,85.03692405366762,153.91683253713836,"**
1. Continue monitoring sales data around the optimal price range ($4.99-$5.02) to fine-tune pricing adjustments.
2. Investigate possible discounts or promotions that could incentivize purchases at higher sale quantities without reducing overall profit margin.
3. Consider implementing a price tier system, where prices are adjusted according to demand or other market conditions.

**","**
1. The sweet spot for pricing lies within the $4.99-$5.02 range, which consistently yields high sales and moderate profits.
2. Significant deviations from this range, particularly above $5.25 (where price elasticity becomes evident), can lead to substantial losses in both demand and profit margins.

**"
256,5.03,84.71602646256322,155.0303284264907,"1. Continue to identify the optimal price range within $4.99 to $5.05.
2. Explore the relationship between price and quantity sold more closely, considering factors that may have contributed to Round 165's data point.
3. Consider adjusting pricing based on patterns observed during periods of low sales volume (e.g., $154 in Round 205).","1. The optimal range ($4.99-$5.05) seems influenced by a ""ceiling effect,"" where prices above this range fail to attract buyers.
2. Fluctuations around this optimal range appear to affect both quantity sold and profit earned."
257,5.01,85.03692405366762,153.91683253713836,"* Continue to evaluate and refine pricing strategy based on sales data
* Consider introducing discounts or promotions to incentivize sales at optimal price point
* Monitor customer feedback and adjust pricing strategy accordingly","* Optimal price point: $5.02-$5.03
* Prices below $4.97 are not effective in maximizing profits
* Prices above $5.05 appear to deter sales
* Sales data suggests that prices around optimal price point tend to sell approximately 84-85 units"
258,5.0,85.19528019683105,153.35150435429588,"**
Continue to test prices within the optimal range of $4.99 to $5.02, with a focus on identifying the exact sweet spot where maximum profit can be achieved. Additionally, explore small increments above this range, up to $5.05, to see if any additional profits can be made.

**","**
The importance of pricing within the narrow optimal range cannot be overstated. Any deviation from this range results in significantly reduced revenue and decreased profit earned. This highlights the need for precise price control and ongoing monitoring of market dynamics.

**"
259,4.99,85.35224911382662,152.78052591374964,"1. Identify and maintain a price range that optimizes sales volume while ensuring satisfactory profit margins.
2. Consider implementing discounts or promotions to incentivize customers within the optimal price range.
3. Continue monitoring and adjusting the pricing strategy based on market feedback and changing consumer preferences.

Additional plan: Since prices slightly above $5.10 result in significantly reduced sales, consider conducting A/B testing to determine whether there's an upper cap on willingness-to-pay for our product.","The inverse relationship between distance from the optimal price point and profit margins can be attributed to reduced consumer responsiveness at higher price points. In other words, customers appear more willing to pay slightly higher prices but show decreased sensitivity towards larger price increases."
260,4.99,85.35224911382662,152.78052591374964,"**

1. Identify and test optimal price ranges ($4.99-$5.04) to maximize revenue and profit.
2. Validate the threshold effect around $5, considering both sales volume and profitability.
3. Analyze potential drivers of this price sensitivity (e.g., competition, consumer preferences).
4. Develop strategies for maintaining a competitive pricing position while optimizing profits.

**","**

1. The optimal price range appears to be a key factor in maximizing revenue and profit.
2. Price elasticity is a significant consideration when setting prices above $5.
3. Threshold effects should be carefully considered when making pricing decisions.

**"
261,4.99,85.35224911382662,152.78052591374964,"To further investigate the ceiling effect, I plan to analyze the data at finer granularities to confirm whether the trend holds when more precise measurements are used. Additionally, we need to consider potential external factors such as seasonality or competitor prices that might affect our pricing decisions.

Next, I aim to determine the range of prices within which sales volume remains consistent. By understanding the optimal price band for highest revenue, we can make informed decisions about future pricing strategies.","One key insight is the importance of finding an optimal price point within a narrow range. Our analysis suggests that small increases in price beyond $5.02 can have detrimental effects on sales volume and profit earnings, highlighting the need to carefully calibrate our prices to maximize revenue.

The data also underscores the significance of understanding customer behavior when adjusting prices. We know that increasing price above a certain threshold leads to decreased demand, emphasizing the importance of considering consumer preferences in pricing decisions."
262,4.99,85.35224911382662,152.78052591374964,"To better understand how price affects profit and sales quantity, we could analyze different pricing strategies in future rounds. Some possible plans are:

*   Test a higher price ($5.10 or above) to see if it would lead to even more profits without significant loss of sales.
    *   This might not work well due to potential customer backlash at high prices.
*   Keep experimenting with different price increases ($4.95, $5.00, $5.05) and observe their effects on profit and sales quantity.
    *   Continue testing the current 'sweet spot' pricing range of $4.90-$5.00 in future rounds to ensure consistency and maximize profit.","Some key insights gained from analyzing the data so far:

*   Price elasticity is observed between $4.95 and $5.05 where there's a considerable change in profit earned with a slight increase in price.
*   The upper limit of this 'elastic zone' appears to be $5.05, as higher prices above this may deter consumers from making a purchase.
*   Sales quantity sharply decreases at prices above $5.10, resulting in significantly lower profits."
263,5.01,85.03692405366762,153.91683253713836,"**

Carry forward insights from previous pricing rounds, aiming to capitalize on observed correlations:
1. **Pricing Target Zone:** Focus on prices between $4.95 and $5.02, as these have consistently yielded higher profits with moderate quantities sold.
2. **Price Bounding**: Avoid extreme pricing ($<4.90 or >$5.10) in future rounds to maintain relevance, given observed dips in sales above $5.

**","**

Key Findings:

* Prices above $5 tend to result in lower profits or even zero sales.
* A price range of $4.95-$5.02 is optimal for achieving higher profits with moderate quantities sold.
* Higher prices do not seem to justify the decrease in quantity sold.

**"
264,4.99,85.35224911382662,152.78052591374964,"* Continue to monitor pricing effects on sales volume
* Investigate optimal price range based on revenue maximization
* Consider data-driven strategies to improve decision-making for future rounds","* Price elasticity of demand is significant, with price increases often resulting in lower quantities sold
* Profit earned is highest at prices between $4.97 and $5.03, with quantities sold between 84 and 86 units
* The product may not be viable at higher price points ($5.15 or above), as indicated by the large number of rounds with zero profit earned"
265,5.0,85.19528019683105,153.35150435429588,"**
1. **Re-investigate optimal profit boundaries:** Examine data to find precise price ranges where maximum gains can be secured without risking significant losses. Determine the probability of successful trades at different price levels and potential revenue based on those probabilities.
2. **Analyze historical patterns in pricing decisions:** Look into specific thresholds (e.g., prices around $4.95-$5.05) that have often led to higher profits and adjust strategies according to these findings.

**","**
1. The optimal price bracket appears to be between $4.95 and $5.05, where both successful trades and high-profit margins are achieved.
2. High prices (above $5.05) tend to result in fewer successful trades and lower profits per transaction.

**"
266,4.99,85.35224911382662,152.78052591374964,"1. Analyze the relationship between price and quantity sold to identify optimal price points.
2. Investigate why prices tend to cluster around $4.99-$5.01 and $5.02-$5.06, and attempt to discern underlying reasons or customer preferences.
3. Conduct more research into the law of diminishing returns to better understand when prices should be raised to avoid over-saturation.","* Prices around $4.99-$5.01 seem to yield optimal profit margins given the quantity sold; this may indicate a sweet spot for pricing within this range.
* Price increases above $5.05 lead to decreased profits (e.g., rounds 170 and 175), suggesting that there is an upper limit to prices beyond which customers do not want to pay."
267,5.0,85.19528019683105,153.35150435429588,"1. Identify the optimal price point within the range ($4.95 - $5.05) that maximizes revenue and profit.
2. Investigate the feasibility of pricing outside this sweet spot to see if higher or lower prices can yield better results.
3. Consider the impact of price elasticity on sales quantity, taking into account market demand and customer expectations.","1. Key pricing ranges ($4.95 - $5.05) are critical for revenue and profit maximization.
2. The optimal price point within this range appears to be around $5.00.
3. Prices outside the sweet spot may lead to reduced revenue or no sales, indicating a need for further analysis."
268,5.02,84.87717474909257,154.47645804334843,"- Investigate why Round 204 resulted in both a unique high price (155.03) and no sales.
- Analyze the impact of slightly decreasing prices within the optimal range (e.g., from 5.02 to 4.99).
- Consider strategies to prevent selling at the extreme ends of pricing (i.e., avoiding extremely low or high prices).","- Optimal price range appears to be between 5.00 and 5.04, with profits peaking around 154.48 - 156.66.
- Prices above this optimal range may result in decreased profitability due to reduced demand."
269,4.996,85.25823389461924,153.12378807473618,"* Investigate the impact of higher prices on customer willingness to pay and identify potential segments with a higher price sensitivity.
* Consider implementing a price optimization strategy that dynamically adjusts prices based on market conditions and demand.","* The optimal price range for maximizing profits appears to be between $4.99-$5.03, with prices slightly below this range resulting in lower profit earnings.
* There is a potential risk of overpricing at high price points ($5.05-$5.15), which could lead to decreased sales and lower revenue."
270,4.98,85.5078368512177,152.20394959516753,"* Analyze historical data more thoroughly to find a possible pattern of sales volume over differing prices.
* Develop a pricing strategy that takes into account various costs, including production, marketing, and distribution expenses to maximize profit.
* Consider the potential benefits of experimenting with smaller price adjustments (e.g., $0.01 increments) around the identified sweet spot of $5.00.","* The sales volume at a price lower than $5.00 (e.g., $4.95, Round 215), as seen in Round 201 and Round 202, results in lower profit earnings compared to setting prices exactly on or slightly above this threshold.
* Higher prices exceeding $5.05 tend to drastically decrease the number of products sold (as observed in Rounds 186, 187, and later rounds with significantly fewer buyers and higher total losses), indicating diminishing returns beyond a certain price point."
271,4.97,85.66204956353468,151.62182772745635,"* Investigate the optimal price range which balances profit and sales quantity
* Consider experimenting with lower prices to see if this will not only increase profits but also boost sales quantities","* Optimal price: around $4.99-$5.02, as these are the price ranges that resulted in higher profits and decent sales quantities"
272,5.0,85.19528019683105,153.35150435429588,"* Investigate the effect of prices around $4.99-$5.02 further, potentially by testing prices within this range
* Attempt to replicate the high sales quantity from round 215 with similar pricing strategies","* A clear optimal price range has emerged at $4.99-$5.02, where profit per unit is maximized
* A potential sweet spot in pricing exists around $5, balancing both high sales and profit per unit"
273,4.99,85.35224911382662,152.78052591374964,"* Investigate introducing temporary discounts or promotions to stimulate purchases during periods where demand is low.
* Consider leveraging user testimonials and online reviews from customers who have purchased at optimized prices to reinforce confidence in these levels.
* Analyze historical data to determine any underlying influences on fluctuating sales quantities, which may also help refine pricing strategies.","* It appears that maintaining the optimal price range ($4.99-$5.02) consistently leads to higher profit margins compared to straying from this window, with notable declines in revenue at higher prices.
* The threshold between the optimal price range and higher price points is crucial for maximizing revenue. Prices below $4.95 occasionally result in less profitable sales, indicating a narrow margin for cost-effective production and inventory management.
* Pricing within a relatively close range to these levels may yield better results compared to straying from this window entirely."
274,4.99,85.35224911382662,152.78052591374964,"**

1. **Price Experimentation:** Continuously test various price points around $5.00 to optimize profits.
2. **Demand Analysis:** Analyze sales patterns and see if specific days or times of day see higher demand. This might aid in making targeted pricing decisions.
3. **Competitor Pricing:** Research competitors' prices, as they may influence our customers' buying behavior.

**","**

1. The relationship between price and quantity sold is highly non-linear, suggesting that even slight changes can have significant effects on sales.
2. Customers appear to respond positively to lower prices ($4.99) but show a preference for higher prices near $5.02 when compared to the extreme price points ($4.95 or $5.15).
3. A small but not insignificant drop in quantity sold occurs below and above our current sweet spot ($4.97-$5.03).

**"
275,4.95,85.96637505099169,150.44115633923545,"Given this analysis, I propose conducting further experiments within the range of $4.95 to $5.04 to better understand the demand curve's behavior within this interval.

1. Continue experimenting with prices slightly below and above the current price to gather more data.
2. Monitor sales quantities closely to identify any sudden changes or trends in demand.
3. Consider increasing the number of observations at each price point to reduce statistical noise.","Key insights so far have been:

* The existence of a ""price ceiling"" at around $5.05, where sales drop off significantly.
* A flat region in the demand curve between $4.99 and $5.04.
* No observations of significant downward sloping segments of the demand curve within this dataset."
276,4.98,85.5078368512177,152.20394959516753,"* Continue to track the trend of decreasing demand with increasing prices
* Consider implementing strategies such as discounts or promotions to incentivize sales at higher price points
* Explore alternatives, such as optimizing production costs or exploring new market opportunities","* Increased price leads to decreased demand, possibly indicating a price ceiling around $4.99-$5.00.
* Price of $4.97 and $4.95 lead to higher sales compared to other prices in this range."
277,4.95,85.96637505099169,150.44115633923545,"* Further analyze the demand sensitivity around $4.99-$5.01 and see if there are any patterns or correlations with other variables (e.g., time of day, competition).
* Investigate the outliers, such as Round 208 where the price was $5.15 but quantity sold dropped significantly.
* Consider experimenting with prices below $4.99 to see if there's a sweet spot for sales.","* Prices between $4.95 and $5.05 have limited impact on profit, possibly due to diminishing returns or increased competition.
* The optimal price range appears to be between $4.99 and $5.01, but with some volatility around this area.
* A significant drop in demand occurs when prices exceed $5.05."
278,4.99,85.35224911382662,152.78052591374964,"* Investigate the impact of pricing below $4.95 (e.g., $4.90) on quantity sold and profit earned to see if there is further upside.
* Examine the relationship between price changes and quantity changes in detail, especially around the sweet spot ($4.99-$5.01).
* Consider a ""price anchoring"" strategy at prices close to $155.03 (Round 204), to gauge buyer willingness-to-pay.","* The optimal price range found is between $4.99 and $5.01, where profits are consistently high.
* There appears to be a cliff effect around $5.02, where prices above this value result in significantly lower quantity sold."
279,4.995,85.27393768325923,153.0667181414503,"* Investigate price elasticity: Given the observed changes in quantity sold across different price points, I would like to explore how sensitive demand is to changes in price.
* Analyze impact of outliers: The data contains instances where prices significantly deviate from the established trend (e.g., rounds 204, 208). It might be worth examining whether these outliers have any significant effects on overall profitability or if they are mere anomalies.
* Consider a more granular price breakdown: To better understand how quantity sold responds to small changes in price, I suggest introducing finer gradations of pricing (e.g., $4.995, $5.005) and monitoring the outcomes.","* The optimal balance between revenue and quantity seems to be achieved at or slightly above a price point just below $5.00.
* Above $5.00, profitability appears robust even in cases where demand isn't drastically reduced. This might indicate the product having pricing power within its current market."
280,4.955,85.8908041797411,150.7383613354456,"* Investigate the effect of pricing anomalies, particularly round 204.
* Determine if there are any customers who consistently demand high prices for low quantities.
* Analyze the relationship between price elasticity and sales data to inform future price choices.
* Consider adopting a dynamic pricing strategy to capitalize on fluctuations in customer behavior.","* It appears that the product has a relatively fixed price point around $5.00, with most prices clustered near this value. This suggests that customers are accustomed to paying a premium for high-quality goods.
* The data shows a significant decrease in sales when the price is set above $4.95 (rounds 208-210). This indicates that there may be price sensitivity among consumers, and prices should not exceed $4.95 without further analysis."
281,4.99,85.35224911382662,152.78052591374964,"**

1. Investigate the cause of the price anomaly in Round 204 (likely a pricing error or customer reaction).
2. Determine an optimal price range that balances revenue with quantity sold, considering the trend from Rounds 207 to 209.
3. Analyze possible discounts or promotions to boost sales during times of high prices.

**","**

1. Consistently effective price range appears to be between $4.95 and $5.03.
2. Price elasticity is significant above $5.00 and below $4.90.
3. Customer response (quantity sold) varies greatly depending on the price.

**"
282,4.99,85.35224911382662,152.78052591374964,"* Investigate pricing strategies to encourage higher quantities without increasing revenue too much (e.g., discounts on bulk purchases).
* Analyze customer behavior and demographics to understand which prices are more effective for specific segments.
* Consider implementing tiered pricing or loyalty programs to incentivize repeat business.
*","* Optimal price range appears to be between $4.90 and $5.02, with revenue peaks at around $153-$155.
* Prices above $5.03 tend to result in low or zero quantity sold."
283,4.99,85.35224911382662,152.78052591374964,"* Explore the relationship between price and quantity sold: Is there a minimum or maximum threshold beyond which additional increases in price do not lead to further decreases in sales?
* Investigate the effect of extremely high prices (e.g., $5.15) on profit earnings
* Consider implementing a pricing strategy that takes into account the distribution of potential profits at different price points","* Price range: $4.90-$5.05 appears to be the optimal range, with a peak at $5.01-$5.03.
* Extremely high prices may lead to an initial decrease in sales before recovering to lower profit earnings
* Profit distribution suggests that incremental increases in price beyond $5.03 are unlikely to significantly impact profits"
284,4.99,85.35224911382662,152.78052591374964,"**
* Investigate the optimal pricing range ($4.99-$5.05) to understand its implications on profit margins.
* Examine the effects of price variations on quantity sold and revenue earned.
* Consider introducing a premium or discount tier to capture higher-value customers while offering incentives to encourage sales.

**","**
* The average price elasticity is relatively low, indicating that prices within this range may not have significant impacts on demand.
* Price sensitivity analysis suggests that prices above $5.15 can lead to decreased profits due to reduced sales.
* Historical data shows a correlation between higher prices and increased profit margins.

**"
285,4.99,85.35224911382662,152.78052591374964,"* Investigate the relationship between price and quantity sold to determine the optimal pricing strategy.
* Analyze if there's a point of diminishing returns beyond which further increases in price do not lead to significant increases or even decrease in profit earned.
* Consider introducing more varied prices or experiments with smaller changes in price to better understand the market response.","* The profit-quantity tradeoff seems to be in favor of a relatively high price (around 5.02) up to round 208, but then it remains steady even at lower prices.
* We observed that there's an optimal pricing strategy somewhere around 4.99."
286,4.99,85.35224911382662,152.78052591374964,"* Investigate possible causes of decreased profit margins at high prices
* Analyze the relationship between price and profit earned more closely to identify any potential thresholds or ceilings
* Consider experimenting with pricing strategies within the optimal range ($4.95-$5.05) to maximize profit","* The optimal price range appears to be between $4.95 and $5.05, where prices above this range may result in lower profit margins
* High prices (above $5.15) do not necessarily lead to higher profits; instead, they seem to lead to decreased profit earned"
287,4.99,85.35224911382662,152.78052591374964,"1. Continue exploring the optimal price range between $4.95 and $5.05.
2. Analyze the data from Rounding 207-215, where the prices ranged from $4.97 to $5.15, to identify any potential correlations with profit earned.
3. Investigate why a significant drop in sales occurred in Round 204 when the price was set at $155.03 (which is much higher than any previous experiment).","1. There appears to be an inverse relationship between price and quantity sold: as prices increase, sales tend to decrease.
2. Prices above $5.10 seem to lead to lower profits or even losses (e.g., Round 208).
3. The range of $4.97-$5.07 seems to be a sweet spot for maximizing profit earned."
288,4.99,85.35224911382662,152.78052591374964,"* Investigate the optimal pricing point within the $4.99 to $5.05 range
* Conduct a sensitivity analysis on the prices around $4.99 and $5.05 to determine which one is more effective
* Consider introducing price tiers or discounts to incentivize sales at certain price points","* It appears that there is a relatively stable demand curve for this product, with most rounds falling within the same revenue range ($153-156)
* The high price of $5.05 may be a pricing ceiling, as even slight increases result in significant decreases in sales quantity
* There is no evidence to suggest that prices below $4.99 significantly impact sales quantities"
289,5.02,84.87717474909257,154.47645804334843,"Based on the analysis above, I suggest the following:

1. Continue to optimize within the price range $4.99-$5.05.
2. Investigate the response of customers to small increments within this price range (e.g., $4.995, $5.005).
3. Consider testing lower prices ($4.95-$4.97) in future rounds to compare performance.","The insights gained from these iterations are as follows:

* Maximized profit margins occur near optimal price ($5.05) rather than at the maximum price tested ($155.03).
* The optimal price range is significantly wider than initially thought.
* Prices below $4.97 result in substantially lower sales, but may be a viable alternative if maximum quantity or revenue goals are emphasized over profit maximization."
290,5.0,85.19528019683105,153.35150435429588,"**

1. Prioritize testing prices around the consistently successful range ($4.99-$5.02) to refine profit maximization at high quantity sold levels.
2. Conduct further analysis or experiments with slightly higher price points (e.g., $5.05) to quantify their effect on profitability and customer acceptance.

**","**

1. Successful pricing in the range of ($4.99-$5.02) provides a stable, high-quantity sold environment (~85/86 units), but profit earned remains variable near this price point.
2. High prices may risk reducing sales; an optimal balance needs to be established between revenue and customer purchasing behavior.

**"
291,4.99,85.35224911382662,152.78052591374964,"* Investigate price elasticity and how changes to prices impact quantity sold.
* Consider implementing tiered pricing system with discounts for bulk purchases above a certain threshold to maximize revenue at lower profit margins.
* Review the outlier rounds (204, 208) to see if there are any trends that can be improved upon.","* A general rule of thumb has emerged where optimal buying price is consistently around ~$4.99 with high consistency in sales quantity and revenue generation. This price point strikes an effective balance between revenue potential and customer demand.
* One-off outlier events (e.g., Round 204) should not influence pricing decisions as the probability of such anomalies recurring remains low."
292,4.99,85.35224911382662,152.78052591374964,"1. Investigate the reasons behind the high sales volume at prices around $4.99-$5.02, to see if there are any underlying patterns or trends.
2. Determine a suitable target profit margin and calculate the corresponding optimal price based on historical data.
3. Consider implementing pricing strategies that take into account the distribution of prices and sale quantities over time.","1. The relationship between price and sales quantity may be non-linear, with certain price ranges leading to higher or lower demand.
2. There appears to be a clustering effect around $4.99-$5.02, which could indicate a potential ""sweet spot"" in terms of pricing."
293,4.995,85.27393768325923,153.0667181414503,"1. Determine the optimal pricing strategy: Given the observed trends, we should aim to stay within a 95-100% range around the price of $5.00.
2. Monitor demand response to changes in price: Track sales data closely to identify how demand responds to slight adjustments up or down from the optimal price point.
3. Conduct further analysis on outlier rounds (e.g., Round 208): Investigate whether these prices are indicative of new trends or simply random deviations.","* Sales at $5.00-$5.05 yield significantly higher profit margins, potentially due to better demand fulfillment and reduced discounting.
* The distribution of sales quantities shows that most transactions occur around the price of $5.00, which could be leveraged for supply chain optimization."
294,4.99,85.35224911382662,152.78052591374964,"- Monitor and react to price deviations: Pay close attention to future data to prevent repeated instances of lower sales due to prices being too far off from $5.00-$5.05.
- Target profit margin analysis: Perform a detailed analysis on the profit margin for each round, especially when there's significant variance in sales.","- Price elasticity is evident around $5.05 and below ($5.02):
  - Rounds where price dropped to $5.01 resulted in a sharp increase in quantity sold (e.g., Round 200 vs. Round 202).
  - The opposite effect is observed when prices rose above $5.02, suggesting customers are sensitive to increases past the optimal price point.
- Maintain target range:
  - A strong preference for prices between $5.00-$5.05 has been consistently demonstrated in the data."
295,4.99,85.35224911382662,152.78052591374964,"* Continue experimenting with different prices above and around $5, targeting higher quantities sold.

New content for INSIGHTS.txt is already present in your data set which will be carried below.

My chosen price: $4.99",No insight found.
296,4.99,85.35224911382662,152.78052591374964,"Continue testing higher prices while maintaining an awareness of price elasticity and sensitivity, particularly when prices get close to or exceed historical maximums.","One factor to consider is that demand might not be equally sensitive across all the rounds; there's evidence suggesting a few outliers where demand seems more price-inelastic, even at much higher prices ($5.15 in round 208 and $155.03 in the failed experiment). 

Considering these instances could provide helpful insights for pricing strategies moving forward. It may also be worth running some analysis to estimate just how significant these anomalies are."
297,4.995,85.27393768325923,153.0667181414503,"* Continue to monitor and analyze market trends.
* Experiment with price promotions (e.g., discounts) to stimulate sales at suboptimal times.
* Explore methods for effectively communicating changes in prices to customers without negatively impacting demand.","* High prices may lead consumers to opt out of purchasing, as demonstrated by the outlier in Round 204.
* Pricing strategies have not revealed a distinct relationship between price increase and profit margins within the observed range."
298,4.99,85.35224911382662,152.78052591374964,"* Explore price elasticity around the optimal price
* Investigate potential discounts or promotions to incentivize purchases at higher prices
* Consider adjusting price granularity (e.g., trying prices like $4.95, $5.00, $5.05) to see if there is a sweet spot","* The $4.99 price point appears to be an optimal target for maximizing profits
* Higher prices may not lead to increased revenue due to decreased sales quantity
* There may be opportunities to use discounts or promotions to encourage higher-priced purchases"
299,5.0,85.19528019683105,153.35150435429588,"**

1. Investigate price ceilings: The price experiment in Round 204 suggests an unusual ceiling effect or a non-standard response to high prices. This warrants further consideration and analysis of optimal pricing.
2. Re-evaluate profit-maximizing strategies: Given the strong correlation between profit earned and price set, I plan to focus on optimizing the price to maximize profits while understanding that quantity sold can also vary under identical conditions.
3. Consider price sensitivities for non-standard scenarios: The Round 204 event demonstrates that unusual events can occur. To address this, I want to assess how prices affect sales in unexpected situations and be ready to pivot when necessary.

**","**

Insight: Optimal profits are achieved around the $5 price point ($4.99-$5).
Insight: Quantity sold is relatively insensitive to price changes under normal conditions.
Insight: However, high prices can lead to non-standard responses (e.g., Round 204).

**"
300,4.995,85.27393768325923,153.0667181414503,"**

1. Further investigate the optimal price range using statistical analysis to refine our estimate.
2. Analyze potential market trends or seasonal fluctuations that might impact pricing decisions.
3. Consider implementing a minimum quantity sold threshold to filter out anomalous data points like Rounds 204 and 205.

**","**

1. The observed optimal price range ($4.99-$5.01) may not account for external market factors or seasonal influences that could affect our product's demand.
2. To confirm the consistency of our findings, we should continue monitoring sales data across various rounds and seasons to adjust our pricing strategy accordingly.

**"
