round,price_0,price_1,qty_0,qty_1,profit_0,profit_1,plan_0,plan_1,insight_0,insight_1
1,2.0,3.49,49.935585292836414,0.12882941432717293,49.935585292836414,0.3207852416746606,"- Test a dynamic pricing strategy where the item’s price is adjusted based on demand, competition, and time. This will help optimize the price for profitability as well as attract customers with varying budgets.
   - Conduct A/B testing by selling the product at multiple price points (e.g. $1.50, $2.00, $2.50) to identify which is most effective in attracting customers while maintaining profit margins.
   - Collect customer feedback and track sales data to analyze the impact of different pricing strategies on purchase volume and overall profitability.","1. Test dynamic pricing by adjusting unit price based on real-time market conditions (e.g., time of day, inventory levels) while staying within customers' willingness-to-pay range.
 2. Analyze the effect of offering discounts or incentives for bulk purchases on demand and overall profitability.
 3. Monitor competitor prices regularly to ensure our chosen price stays competitive and profitable over time.","- It’s essential to find a balance between maximizing profit and attracting customers.
   - Dynamic pricing can help adjust prices according to real-time market conditions, competition, and customer demand.
   - A/B testing multiple price points will provide valuable insights into which price point maximizes customer interest while maintaining reasonable profit margins.","1. Dynamic pricing has shown potential in maximizing profits by adapting prices to real-time market conditions (e.g., see insights from PLANS.txt #1). However, this strategy requires close monitoring and adjustment.
 2. Offering incentives or discounts for bulk purchases can increase demand and overall profitability. Yet, the ideal quantity breakpoint and type of discount should be carefully researched to avoid undermining profitability (e.g., see insights from PLANS.txt #2).
 3. Regularly monitoring competitor prices is vital in maintaining a competitive edge while maximizing profits long term (e.g., see insights from PLANS.txt #3 and overall goal of maximizing profit)."
2,1.5,2.25,84.37947344813395,4.201006613406605,42.189736724066975,5.251258266758256,"- Continue testing dynamic pricing by adjusting my price based on competitor's prices and customer demand, to optimize profits while attracting customers within their budget constraints.
     - Conduct A/B testing by setting a lower initial price point (e.g., $1.50), gradually increasing it over time if market conditions allow, to gauge the elasticity of customer demand for the product and find an optimal long-term pricing strategy.
   - Regularly revisit the competitor's prices and sales volume data to identify any changes that impact our position in the market and adjust our strategies accordingly.","1. Implement a dynamic pricing strategy using historical and real-time data to find the optimal price point within customers' willingness-to-pay range while maximizing profit.
 2. Test different types of discounts or incentives for bulk purchases, focusing on ideal quantity breakpoints and discount percentages that effectively boost demand without undermining overall profitability.
 3. Utilize competitor monitoring tools to track changes in their pricing strategies and adjust our own prices accordingly to maintain a competitive edge and long-term maximization of profits.
 4. Regularly analyze sales data to evaluate the effectiveness of implemented pricing tactics and make necessary adjustments when needed.","- Lowering our price may initially attract more customers but could potentially undermine our profitability in the long run if not strategically planned.
     - Dynamic pricing allows for real-time market analysis to adapt quickly to changing conditions, optimizing profits and ensuring sustained revenue growth.
     - Continuously monitoring competitor's strategies will remain crucial in staying competitive while maximizing profit margins.","1. Dynamic pricing can help maximize profits by finding the optimal price point within customers' willingness-to-pay range based on real-time market conditions. However, close monitoring and continuous adaptation are required to optimize this strategy.
 2. Offering properly structured incentives or discounts for bulk purchases has the potential to boost demand and overall profitability while maintaining a competitive edge. Research is needed to determine the most effective approach to avoid undermining profitability.
 3. Consistent competitor price monitoring is essential in maintaining a competitive advantage and long-term maximization of profits. This information can help adapt pricing strategies effectively.
 4. Regularly analyzing sales data provides valuable insights into the effectiveness of pricing tactics, allowing for necessary adjustments to be made as needed."
3,1.5,2.5,86.68133321973349,1.5876239976466768,43.340666609866744,2.381435996470015,"- Test a pricing strategy that involves lowering our initial price point (e.g., $1.50) to attract more customers while monitoring the impact on profitability, using A/B testing methodology over multiple rounds to gather quantitative data.
      - Implement a price adjustment mechanism based on changes in demand and competitor prices. For example, if customer demand is relatively high and competitor prices drop significantly, we may choose to lower our price temporarily to capture market share while ensuring long-term profitability.","5. Investigate the effectiveness of tiered pricing schemes with variable discounts based on quantity purchased, focusing on generating a higher overall profit without oversaturating the market or underselling at an unprofitable rate.
6. Conduct A/B testing to compare the performance of dynamic pricing versus fixed pricing strategies over different time frames, considering factors such as sales volume and profitability.
7. Research customer segmentation techniques to create targeted pricing tactics that cater to various groups, potentially increasing overall demand by appealing to a broader market base.","- Lowering the initial price point can potentially attract additional customers without undermining long-term profitability if done strategically and monitored closely.
      - Flexibility in adjusting our pricing based on changing market conditions will help us maintain a competitive edge while maximizing profits.","5. Further exploration is required on the topic of tiered pricing schemes to determine optimal discount tiers, product groupings, and pricing structures to maximize profitability without oversaturating the market.
6. A/B testing can provide valuable insights into the performance of dynamic pricing versus fixed pricing strategies across various market conditions, allowing for the implementation of data-driven pricing tactics.
7. Customer segmentation has the potential to unlock opportunities in untapped markets by customizing strategies that cater specifically to distinct customer groups, ultimately driving increased overall demand and profitability."
4,1.5,1.35,33.81286646295338,61.611059677241066,16.90643323147669,21.56387088703438,"- Experiment with a dynamic pricing strategy that involves adjusting the price based on current market conditions, such as customer demand and competitor prices.
- Monitor the impact of these price changes on profitability to determine optimal pricing strategies.","1. Test a price below $1.5, while still higher than the competitor's price, to drive demand and see if it has a significant impact on overall profitability.
    2. Implement tiered pricing schemes with optimized discount tiers based on volume, focusing on maximizing profit without oversaturating the market.
    3. Leverage customer segmentation in product pricing to capitalize on untapped markets, drive increased overall demand, and boost long-term profitability.",- Incorporating a dynamic pricing approach can help maintain a competitive edge while maximizing profits by taking advantage of changing market conditions.,"1. Lowering prices strategically could potentially attract more customers and increase sales volume, but care must be taken to avoid underpricing or oversaturating the market.
     2. Tiered pricing schemes need further exploration to achieve optimal discount tiers and product groupings for maximum profitability.
     3. Customer segmentation holds significant potential in customizing strategies, appealing to distinct customer groups, and driving increased demand and overall profitability."
5,1.35,1.25,38.96966883182109,58.13591442221195,13.639384091137385,14.533978605552987,"- Test pricing strategies with progressive lower prices to determine the optimal price point balancing between quantity sold and profit earned.
- Test the response of the market to price changes over various rounds to better understand consumer behavior and adapt pricing accordingly.
- Monitor the competitor's pricing to identify opportunities for undercutting them to gain more market share while maintaining a profitable margin.","1. Refine the lowest price test strategy in the upcoming rounds by iteratively testing lower prices to identify the optimal price point that maximizes profitability while maintaining demand.
        2. Optimize tiered pricing schemes further by exploring a wider range of discount tiers and experimenting with different product groupings.
        3. Emphasize research into untapped markets and customer segments to create targeted strategies for increasing sales volume and overall profitability.
        4. Continuously monitor market dynamics and adjust current strategies accordingly, focusing on long-term stability and growth.","- A lower price strategy can increase the quantity sold without significantly impacting profitability if the number of units sold multiplies.
- Competitors' higher prices do not seem to deter consumers, suggesting there might be room to undercut their pricing to gain more market share, especially when consumer demand is high (e.g., Round 2 & 3).
- Careful observation of the competitor's pricing changes is essential to respond appropriately and adapt your strategy accordingly.","1. Lowering prices significantly will inevitably generate increased sales volume; however, strike a balance to ensure profit maximization without oversaturating the market.
         2. Tiered pricing schemes have great potential for optimizing discount tiers and product groupings to achieve maximum profitability while also encouraging customer loyalty.
         3. Identifying and appealing to distinct customer segments will unlock opportunities for customized strategies, increased demand, and long-term profit growth.
        4. Real-time monitoring of market dynamics is essential for keeping up with competitor moves and constantly adapting pricing strategies accordingly."
6,1.25,1.2,44.02978510733729,53.77810097130135,11.007446276834322,10.755620194260267,"- Conduct a series of controlled tests with progressive lower prices that balance between quantity sold and profit earned. Monitor customer response over multiple rounds to improve pricing adaptability.
- Actively monitor the competitor's pricing movements in real-time, identifying opportunities for undercutting them while maintaining a profitable margin.
- Execute a strategy of gradually reducing price over time based on analysis of multiple rounds and consumer behavior.","1. Refine the lowest price test strategy in the upcoming rounds by testing even lower prices to identify the optimal price point that maximizes profitability while maintaining demand. Pay closer attention to the competitor's moves.
        2. Optimize tiered pricing schemes further by exploring multiple discount tiers, varying product groupings, and experimenting with flexible quantity-based discounts.
        3. Conduct in-depth research into untapped markets and customer segments to create targeted strategies for increasing sales volume and overall profitability.
      4. Continuously monitor market dynamics and adjust current strategies accordingly, focusing on long-term stability and growth while remaining competitive.","- Lower prices can lead to increased quantity sold, which may outweigh the potential decrease in profit per unit.
- Competitors' high-priced strategies do not seem to hinder sales, indicating room for undercutting and gaining market share with price adjustments.
- It is crucial to be vigilant about competitor's pricing to ensure an optimal response and adjust our strategy accordingly.","1. Lower prices may generate increased sales volume, but striking the right balance is crucial to ensure profit maximization and avoid oversaturating the market. Keep a close eye on competition and take action as needed.
         2. Tiered pricing schemes have great potential for optimizing further to achieve maximum profitability while encouraging customer loyalty and flexibility in product selections.
         3. Identifying distinct customer segments will unlock opportunities for customized strategies, increased demand, and long-term profit growth. Be ready to adapt quickly as new market trends emerge.
        4. Timely monitoring of market dynamics is essential for keeping up with competitor moves and adjusting pricing strategies accordingly to ensure long-term growth."
7,1.2,1.05,34.929848585182505,63.646333801854844,6.985969717036499,3.182316690092745,"- Analyze previous rounds' data to identify patterns in customer response and optimal prices based on a balance between quantity sold and profit earned.
- Implement controlled tests with lower prices to assess their impact on both sales and profit. Monitor and adjust prices as needed throughout multiple rounds of testing.
- Study competitor pricing movements in detail, identifying potential opportunities for undercutting while maintaining a competitive and profitable position.","1. Continue refining the lowest price test strategy, iterate on tests by testing even lower prices to optimize for maximum profitability while maintaining demand.
       2. Re-evaluate tiered pricing schemes to ensure optimal flexibility and encourage customer loyalty. Analyze competitor's tiered pricing strategies and incorporate learning into existing ones.
     3. Conduct targeted research on untapped market segments and customer demographics for customized strategy development, focusing on capturing latent demand for increased sales volume.
       4. Focus on identifying emerging price trends in the market to remain competitive and optimize long-term growth. Incorporate short-term wins while emphasizing the importance of staying ahead in a constantly changing market.
        5. Track competitors more closely, especially when implementing new pricing strategies or exploring untapped markets, to ensure competitiveness and growth potential.","- It is essential to balance the desire for high sales volume with maintaining a sufficient profit margin. Lower prices may encourage increased sales but also pose risks to overall profitability if executed poorly.
- Competitor pricing strategies do not significantly impact their sales when higher priced than our current offerings, indicating room for undercutting and potential market share gains while still earning an acceptable ROI.
- Continuous analysis of market data will allow us to make informed decisions about the optimal pricing strategy based on consumer behavior and competitor movements.","1. Lower prices are effective at driving sales volume, but striking the right balance is vital to maximize revenue while maintaining profitability and market position.
         2. Tiered pricing schemes can optimize profitability further by providing incentives for various customer segments and creating flexibility in product selection.
         3. Thorough research on market demographics, niches, and emerging trends is necessary for unlocking opportunities and capitalizing on growth potential in untapped markets.
        4. Remaining agile to shifting market dynamics and competitor moves ensures strategic alignment with growing demands and changing competition."
8,1.2,1.2,49.00129951694269,49.00129951694269,9.800259903388536,9.800259903388536,"- Perform detailed analysis of the effect of decreasing price points on profit margins and compare these results with previous pricing strategies.
    - Analyze customer behavior patterns in relation to our competitor's actions, using this information to refine pricing decisions that maximize our market share with minimum impact on profitability.","1. Adapt pricing strategy to focus on finding the optimal price-demand balance by introducing multiple tests with progressively lower prices, while monitoring profitability closely.
         2. Study consumer behavior in response to both our pricing dynamics and competitor's moves to better understand demand elasticity for our product.
     3. Continue monitoring competitor’s strategies to identify potential opportunities for differentiating our offering and increasing profit margins.
       4. Implement targeted marketing campaigns to appeal to latent, price-sensitive customers while also attracting high-value clients via premium pricing tiers.
        5. Analyze the impact of fluctuations in demand and profits at various price points on both short-term sales volume and long-term sustainable growth.","- Aggressively lowering prices can stimulate demand while still ensuring sufficient profit margin, though caution must be taken not to set prices too low or sales volume will no longer sustain the business.
    - Market data analysis allows us to capitalize on competitor mistakes and opportunities by pricing our product smartly in response to their actions.","1. Lower prices can drive sales, but profit margins must be carefully managed to maintain or improve overall financial performance.
         2. Understanding consumer demand elasticity is crucial in setting a price that maximizes both sales and profitability.
         3. Differentiating our offering from the competition can provide pricing flexibility while unlocking growth opportunities.
        4. Balancing short-term revenue gains with the importance of long-term sustainable growth ensures a successful pricing strategy."
9,1.45,1.25,29.97292767073998,66.70597727797623,13.48781745183299,16.676494319494058,"- Investigate the optimal price range by testing multiple pricing tiers and analyzing their respective effects on both profit margins and sales volume.
- Perform more in-depth analysis of competitor actions, including potential responses to our own price adjustments in order to better predict market dynamics.","1. Experiment with price reduction in small increments (say by 0.05) to find the balance between volume sales and profitability. Monitor competitor's responses to gauge potential market saturation.
         2. Conduct consumer survey to better understand their pricing sensitivity, demand elasticity for our product, and potential willingness to pay for additional value-added features or services.
     3. Develop contingency plans that address a broader range of pricing scenarios, including aggressive competitor tactics.
      4. Continue monitoring the impact of short-term revenue vs long-term sustainable growth on overall financial performance.
        5. Collaborate with marketing team to create compelling value propositions and targeted messaging for price-sensitive and premium customers.","- Adjusting pricing tiers can help increase profits without compromising market share when done strategically and within reasonable limits.
- Competitor analysis can provide valuable insights into opportunities for strategic pricing decisions that maximize profitability while minimizing risk to market positioning.","1. Price reductions can drive sales but may negatively impact profitability.
         2. Competitive pricing strategies are essential to retain market share while maintaining profit margins.
         3. Understanding consumer behavior and pricing sensitivity is critical in adjusting the pricing strategy for success.
        4. Diversifying offerings or introducing value-added features can increase both sales volume and profitability.
        5. Flexibility to adapt pricing strategies based on market dynamics is essential for long-term financial stability."
10,3.49,1.3,0.014786945907745583,94.2536431136936,0.036819495310286506,28.276092934108085,"- Test the effects of a price above 1.35 (ceiling testing) but within the customer limit of $4.49, to determine if it can maximize profit by decreasing sales volume while maintaining sufficient quantity sold for profitability.
      - Create a dynamic pricing strategy that adjusts based on competitor actions and responses.","1. Conduct additional pricing experiments to accurately determine the break-even point and optimal price range for our product.
         2. Develop advanced dynamic pricing strategies that respond to competitor’s actions in real-time while ensuring long-term profitability is maintained.
     3. Investigate offering value-added features or services at an additional cost, potentially appealing to price-sensitive customers without significantly impacting the base product's price.
      4. Continuously analyze the market data to identify patterns and trends in customer buying behavior, informing future pricing adjustments accordingly.
        5. Explore strategic partnerships with complimentary product providers or service vendors to create cross-promotions that benefit both parties while improving overall profitability.","- It is crucial to maintain a profitable price point even if it means sacrificing some market share, as long-term profit maximization is our primary goal.
      - Maintaining a close eye on competitor pricing and adaptation of strategy in response can help maintain market position while capitalizing on opportunities for increased profits.","1. Aggressive competitor pricing strategies can temporarily boost volume sales but are unsustainable in the long run due to low profitability.
         2. Understanding and catering to customer pricing sensitivity can maximize both sales volume and profitability when done strategically.
         3. The potential for value-added features or services can help retain customers and increase overall revenue without sacrificing profit margins.
        4. Collaborating with strategic partners can improve financial performance through new revenue streams and cross-promotions.
        5. Monitoring market data patterns closely is essential for adapting pricing strategies in response to competitive dynamics and customer demand."
11,1.5,1.3,29.754145556153254,66.21906872754134,14.877072778076627,19.865720618262404,"- Continue testing price points above $1.35 (ceiling testing) while monitoring sales volume and profitability to find an optimal price that maximizes long-term profit.
  - Dynamically adjust pricing based on competitor actions and responses to ensure we are always offering competitive prices that capitalize on opportunities for increased market share and profits.","1. Refine and implement dynamic pricing strategies considering the competitor's actions in real-time while ensuring long-term profit margins are maintained.
      2. Continue exploring the effect of the price range ($1.2 - $1.5) on volume sales, customer satisfaction, and overall profitability.
    3. Analyze the impact of additional value-added features or services in relation to profitability at various pricing points.
       4. Collaborate with strategic partners to explore cross-promotions that might benefit our product while keeping an eye on our primary goal: maximizing long-term profits.
       5. Monitor market data patterns more closely to adapt our pricing strategies dynamically and respond effectively to competitive dynamics and customer demand.","- It is crucial to strike a balance between increasing sales volume (and thus overall profit) and maintaining a profitable price point per unit, as long-term profit maximization remains our primary goal.
- Competitor pricing trends can have a significant impact on market share and potential profits, so close monitoring and dynamic adaptation of pricing strategies in response is important for long-term success.","1. Maintaining a balance between volume sales and profitability is crucial for maximizing overall financial performance.
         2. Competitors can significantly impact both the quantity sold and overall profit, underscoring the importance of employing dynamic pricing strategies.
         3. Strategic partnerships could potentially improve profit margins if executed thoughtfully.
        4. Experimentation within a price range is necessary to identify opportunities for maximizing profitability at various points.
        5. Continuously analyzing market data patterns can support more informed pricing adjustments and overall business strategy decisions."
12,1.42,1.35,41.29836444641995,54.64309719983468,17.345313067496377,19.125084019942143,"- Continue ceiling testing prices above $1.35, starting at a slightly higher base price than previously tested (around $1.4) to find the optimal price that maximizes long-term profit while still being attractive to customers.
  - Monitor competitor actions and respond dynamically to maintain competitive prices and capitalize on opportunities for increased market share and profits.","1. Refine dynamic pricing strategies by considering market data patterns more closely, allowing for adaptive pricing and increased responsiveness to competitive dynamics and customer demand.
      2. Continue exploring the impact of competitors on demand and price sensitivity at various points within the established price range.
    3. Implement a variable markup strategy that allows for adjusting individual profit margins based on factors such as demand, competitor actions, and partnerships.
       4. Develop predictive models to forecast price-demand relationships under varying external conditions - competition, promotions, and seasonality - to optimize pricing proactively.
        5. Frequently revisit the existing balance between volume sales and profit margins, adjusting strategy as needed to maintain financial performance.","- It is crucial to balance sales volume with maintaining a profitable price point, while paying close attention to competitor pricing trends to ensure long-term profit maximization.
- Testing a range of price points above $1.35 can help find the optimal price that simultaneously attracts customers and yields maximum profits in the long run.","1. A higher price may attract fewer units sold but can still maximize individual profit potential when competitive conditions are favorable.
         2. Adaptive pricing strategies are crucial for maximizing profits in dynamic markets with unpredictable competitor actions and customer preferences.
         3. Competitive dynamics have a significant impact on demand, making it essential to closely monitor competitors for opportunities and threats.
        4. Collaborative relationships could prove beneficial when strategically applied - allowing for potential adjustments of price, markup, or discounting based on partner agreements.
        5. Continuously analyzing market data patterns supports better-informed decision-making and strategy updates to achieve long-term profit maximization."
13,1.45,1.5,51.825987305584185,42.431529615710865,23.32169428751288,21.215764807855432,"- Continue ceiling testing prices just above $1.35, maintaining a slight increase from the base price tested in the most recent round ($1.4 in this case).
   - Monitor competitor actions closer than before and adjust pricing levels to capitalize on their pricing discrepancies.","1. Optimize pricing strategies based on competitor pricing and customer demand by focusing on finding the sweet spot that balances volume sales and margin potential.
         2. Dive deeper into understanding price elasticity within the competitive range, determining the optimal prices that result in a higher profit-to-volume ratio for various demand scenarios.
     3. Regularly assess market trends and competitor actions to quickly adjust pricing when necessary in order to take advantage of favorable conditions or counteract unfavorable ones.
         4. Implement machine learning algorithms to predict demand based on historical data, enabling more accurate pricing decisions that maximize profitability.
     5. Explore the possibility of dynamic partnerships with competitors to create mutual benefits, such as price agreements or joint promotions, which might lead to increased overall profits.","- Balancing sales volume with maintaining a profitable price point remains crucial in our dynamic pricing strategy, with the goal of maximizing long-term profit.
   - Monitoring and responding quickly to competitor pricing trends is essential when seeking opportunities for increased market share and profits.","1. Aggressive pricing can be profitable when demand is high and competition is low but requires careful monitoring of market dynamics.
         2. Price differentiation plays an important role in attracting customers, and understanding customer sensitivity to price changes is crucial for maximizing profitability.
     3. The importance of timing in responding to competitive actions becomes clear as it can have a substantial impact on revenue and cost structures.
        4. Proactive collaboration with competitors might offer a win-win situation if planned carefully and executed strategically."
14,1.37,1.5,59.702199884710225,35.49418459048401,22.08981395734279,17.747092295242005,"- Introduce a strategy that balances price increases with maintaining an attractive base price. This will help maximize sales while capitalizing on competitor inconsistencies.
- Continue to closely monitor competitor pricing actions and adjust prices accordingly, aiming for a reasonable market position.
- Perform A/B testing to evaluate the impact of pricing tiers, using increments smaller than $0.10.
- Revisit past successful price points to confirm their effectiveness in various competitive contexts.","1. Continue testing various pricing strategies within the competitive range, focusing on identifying the sweet spot that maximizes both sales volume and profit potential.
         2. Conduct in-depth analysis on customer sensitivity to price changes by categorizing them into segments with different price elasticities.
     3. Monitor market trends and competitor actions more closely to swiftly adjust pricing whenever necessary to capitalize on favorable conditions or mitigate unfavorable ones.
         4. Utilize machine learning algorithms to analyze historical sales data and predict future demand, enabling more informed and accurate pricing decisions.
     5. Explore opportunities for collaboration with competitors that might lead to mutual benefits in terms of price agreements, joint promotions, etc.","- The importance of balancing sales volume and profit cannot be overstated; finding an appropriate price point that optimizes this balance is essential.
- Effective competitor monitoring fosters a flexible pricing strategy, enabling quick responses to emerging trends in the market.","1. Highlighting the importance of considering both sales volume and profit margins when adjusting pricing strategies.
         2. Illustrating how price elasticity plays a crucial role in determining optimal pricing strategies that cater to various customer segments.
     3. Emphasizing the significance of swiftly responding to market dynamics, as timely actions can have a substantial impact on revenue and cost structures.
        4. Showcasing the potential value of proactive collaboration with competitors to pursue mutually beneficial deals, provided they are planned carefully and executed strategically."
15,2.0,1.45,9.070283678576237,81.85943264284752,9.070283678576237,36.83674468928138,"- Evaluate pricing tiers utilizing data from A/B testing and identify the optimal price point with a sufficient profit margin while ensuring adequate sales volume.
- Continuously monitor competitor actions and adjust our pricing strategy accordingly, taking advantage of market opportunities generated by their actions.
- Investigate the impact of seasonality on customer demand and adjust pricing strategies accordingly to maximize profits during different periods.","- Further explore the relationship between sales volume, profit margins, and pricing strategies by segmenting customers based on price elasticity.
        2. Continue monitoring market trends and competitor actions to quickly identify optimal pricing adjustments that capitalize on favorable conditions or mitigate unfavorable ones.
     3. Leverage machine learning algorithms to analyze historical sales data and predict future demand to make more informed and accurate pricing decisions.
         4. If opportunities for collaboration with competitors arise, carefully consider mutually beneficial deals and execute them strategically while ensuring they do not diminish overall profitability.","- Observed that a higher price may result in increased sales when we have a competitive advantage but can lead to lower sales when facing comparable or lower competitor prices.
- Recognizing the delicate balance between profit maximization and maintaining sufficient sales volume is key to setting an effective pricing strategy.","- Clarifying the importance of balancing sales volume, profit margins, and price elasticity to optimally tailor pricing strategies.
        2. Reiterating the significance of adaptive responses to market dynamics for maximizing revenue and minimizing costs.
     3. Emphasizing the potential value of machine learning techniques in informed pricing decision-making processes.
        4. Noting the possibility of strategic collaboration with competitors as a means to achieve mutually beneficial outcomes, given careful planning and execution."
16,1.52,1.37,33.684485533310486,61.37713437172714,17.515932477321453,22.709539717539048,"- Continuously adjust pricing strategy based on competitive actions, while keeping a keen eye on our unique selling points to leverage when setting prices above competitors.
   - Investigate potential price thresholds that induce marginal increases in sales volume without undermining profitability.
   - Implement dynamic pricing strategies to adapt to competitor moves and seasonality fluctuations within the market.","1. Segment customers based on their price sensitivity, adjusting prices accordingly. Incorporate machine learning algorithms for data-driven insights and predictions of future demand in pricing strategy refinement.
2. Regularly monitor competitor actions to leverage advantageous pricing scenarios or react swiftly to potential threats.
3. Utilize segmented customer analysis and market trends to identify optimal pricing adjustments that balance sales volume, profit margins, and price elasticity.
4. Explore potential collaboration opportunities with competitors for mutually beneficial gains, while ensuring overall profitability remains unaffected.","- Pricing tiers have varying impacts on sales volume, with some price points proving more profitable than others.
   - Timely adjustments of pricing strategy are crucial in navigating competitive landscapes and capitalizing on shifts in market conditions within the short-term window.","1. Effectively balancing price sensitivity and market dynamics is key to optimizing the pricing strategy for maximum long-term profitability.
2. Leveraging adaptive responses to market conditions helps capitalize on favorable revenue-generating opportunities while minimizing costs.
3. Machine learning techniques can help inform and optimize strategic pricing decisions by analyzing historical sales data and predicting future demand.
4. Strategic collaboration with competitors presents a potential opportunity for mutually beneficial gains as long as careful planning and execution ensure overall profitability maintenance."
17,1.52,1.38,34.515137837704714,60.424702656399106,17.94787167560645,22.961387009431654,"- Continuously adjust pricing strategy based on competition and product perception while maximizing profitability.
  - Monitor competitors’ price changes and swiftly respond with proportional countermeasures to maintain favorable market positioning.
  - Keep a record of historical sales data to identify emerging price tiers that effectively increase profitability without significantly decreasing volume.","1a. Implement dynamic pricing strategies, based on machine learning algorithms and real-time consumer data, that adjust our prices in response to changes in competitor actions and market conditions.
2. Develop segmented customer analysis by exploring various psychographic and demographic metrics to identify price sensitivity among consumers. Use this information to tailor optimal pricing for each customer segment.
3. Collaborate with competitors on a limited scale to gather insights about their pricing strategies, market demands, and potential growth opportunities without compromising overall profitability.
4. Monitor local economic factors to adjust prices in response to fluctuations and ensure our target audience remains financially viable while maximizing profitability.
+++++++++++++++++++++","- The market appears to be sensitive to pricing, with certain thresholds provoking substantial shifts in both sales and profit (e.g., $1.5).
  - Competitor influence on market price perception might be significant, necessitating strategic responses and positioning.
  - Prospective dynamic pricing strategies could help capitalize on short-term market conditions and potential competitive moves.","1a. Dynamic pricing can help capitalize on market trends and respond effectively to competitor actions, ultimately leading to improved profitability over time.
2. Understanding customer segments and their price sensitivities is crucial in setting optimal prices that balance sales volume and profit margins.
3. Careful collaboration with competitors presents an opportunity for mutually beneficial insights while ensuring overall profitability.
4. Local economic factors should be closely monitored as they can significantly impact pricing decisions and customer affordability.
+++++++++++++++++++++"
18,1.49,1.38,37.275379549841425,57.877750899788644,18.264935979422297,21.993545341919678,"Continuously adjust pricing strategy based on competition and product perception while maintaining market positioning within the $1.4 - $1.5 price range.
  Monitor competitor’s strategic moves in real-time, and adapt pricing accordingly to optimize market positioning.
  Keep monitoring the emergence of profitable price bands by analyzing historical sales trends.","1. Use competitive analysis to identify optimal pricing based on the competitor’s pricing strategy and market response.
   2. Experiment with various price markdown and recovery strategies to capitalize on sales volume while maintaining overall profitability.
   3. Investigate potential collaborations with competitors that may lead to reduced production costs or shared marketing efforts, allowing us to offer more competitive prices without jeopardizing profitability.","The market appears sensitive to pricing with certain thresholds causing significant shifts and potentially decreased volume in the long run (as observed in Round 10).
  Competitor influence on perceived value remains vital and necessitates careful strategic consideration and positioning.
  Prospective dynamic pricing strategies could help capitalize on short-term market opportunities whilst minimizing potential detrimental effects on overall profitability.","1a. Competitive analysis plays a crucial role in determining the optimal pricing strategy.
   2. Price markdown and recovery strategies can help increase sales volume without compromising overall profitability.
   3. Collaboration with competitors could lead to reduced production costs, shared marketing efforts, or other opportunities for strategic growth."
19,1.49,1.49,46.9477239857297,46.9477239857297,23.004384753007553,23.004384753007553,"- Monitor competitor’s strategic moves in real-time and adjust pricing strategy accordingly, focusing on maintaining market positioning within the $1.4 - $1.5 range while ensuring profit optimization.
     - Continuously explore profitable price bands by analyzing historical sales trends and market sensitivities to identify optimal pricing strategies.
     - Develop a dynamic pricing approach that capitalizes on short-term opportunities and minimizes potential detrimental effects on overall profitability.","1. Develop a more granular analysis of competitor pricing strategies and market response across various price points, aiming to identify optimal pricing based on both maximum sales volume and profitability.
     2. Utilize price markdown and recovery strategies, testing multiple discount percentages, duration, and frequency to optimize the balance between volume and profitability.
     3. Investigate potential strategic collaborations with competitors while considering how they may impact overall brand identity, long term sustainability, and potential competitive disadvantage in other markets.","- Price sensitivity warrants caution as significant price increases can negatively impact sales volume (as shown in Round 10).
     - Competitor influence on perceived product value requires careful consideration, and strategic positioning is key to maintaining market share.
     - Prospective dynamic pricing strategies are essential for maximizing both short-term gains and long-term profitability.","1a. Fine-grained competitor analysis is essential to identifying optimal pricing strategies that balance volume and profitability.
     2. Price markdowns and recovery strategies can help increase sales volume within the constraint of overall profitability.
     3. Collaboration with competitors could lead to strategic growth opportunities, but must be balanced against potential long term consequences on brand and market positioning."
20,1.49,1.49,46.9477239857297,46.9477239857297,23.004384753007553,23.004384753007553,"- Fine-tune the current dynamic pricing strategy by identifying the ideal price range using statistical analysis of historical sales data and competitor influences on perceived product value, while ensuring that price sensitivity limitations are accounted for.
    - Monitor changes in customer demand patterns over time to optimize pricing strategies accordingly.
    - Continuously evaluate profit margins at different price points to achieve the most favorable balance between short-term gains and long-term market positioning.","1. Implement more granular analysis on the impact of markdown strategies at different frequencies and durations to optimize sales volume and profitability (consider A/B testing).
     2. Study the competitor's pricing behavior across different market conditions, identifying trends and opportunities for strategic pricing adjustments.","- A strategic balance must be struck between profit maximization and customer sensitivity towards price increases, which warrants careful analysis of pricing strategies over time.
    - The dynamic competitive landscape necessitates continuous monitoring of trends to ensure optimal market positioning in terms of both sales volume and profitability.
    - It is essential to maintain a keen focus on the overall impact of various pricing decisions on long-term success while being mindful of immediate gains.","1b. Markdown strategies, when implemented skillfully, can lead to sales volume growth without undermining overall profitability.
     2. Competitor's pricing dynamics may be influenced by market conditions or product strategy shifts. Monitoring these changes is crucial for anticipating competitive reactions and adjusting accordingly."
21,1.49,1.49,46.9477239857297,46.9477239857297,23.004384753007553,23.004384753007553,"- Continuously observe and learn from customer response to various price changes while tracking competitor actions to inform pricing decisions.
    - Explore the impact of periodic slight price adjustments on short-term profits and long-term market positioning.
    - Use statistical analysis to identify the ideal price range and the optimal time for price fluctuations over a pricing cycle.","1. Conduct further analysis on the relationship between price and sales volume by testing various increments (both higher and lower) from our current price point, aiming to determine the optimal balance of volume and profitability.
           2. Analyze historical pricing patterns to identify trends that can help inform future strategic decisions regarding competitive reactions.
     3. Explore a dynamic markdown strategy that considers various market factors such as customer demand and competitor response.","- Optimizing prices based on customer sensitivity and competitor behavior is crucial for achieving both short-term gains and long-term market positioning.
    - It's important to strike a balance between profit maximization and preserving the customer base, especially given the sensitivity observed in response to price changes.
    - Frequent tracking of dynamics within the competitive landscape will allow for continuous adjustments that can maintain or improve market position over time.","1a. Pricing below the customer price ceiling of $4.49 may not lead to significant volume growth but could result in increased profitability due to improved sales volumes.
           2b. Monitoring competitor reactions and anticipating their moves is vital to optimizing our pricing strategy, as their responses can significantly impact sales volume and profitability."
22,1.49,1.52,49.5798320543731,43.97336629802791,24.29411770664282,22.866150474974514,"- Continue observing customer response and competitor actions to inform pricing decisions, focusing on price points in the $1.49-$1.52 range to maximize profitability in the short-term while maintaining competitive positioning.
  - Perform weekly price adjustments based on statistical analysis of profit trends over a pricing cycle to determine the most optimal time for price fluctuations.
  - Track customer sensitivity to price changes and incorporate that information into pricing decisions to preserve the customer base.","1. Continue testing different price points incrementally above and below our current price; aim to establish a price that maintains sales volume while increasing profitability. Record and analyze the data to identify possible optimal range between profit and volume.
           2. Implement a dynamic markdown strategy, taking into account the competitor's reactions as shown in the historical pricing data. This could help maximize both sales volume and overall profitability.
     3. Monitor changes in consumer behavior during each round, paying close attention to how they respond to price adjustments. Analyze this information to better understand their preferences and anticipate potential future adjustments in demand.","- Empirical data reveals that prices within the $1.49-$1.52 range result in both profitable sales and a competitive market position.
  - It is essential to strike a balance between profit maximization and preserving the customer base, given the observed sensitivity to price changes.
  - Adjusting pricing based on statistical analysis over time will help maintain or improve market position while continuing to maximize profits.","1a. Exploring a higher pricing range (such as $2) seems to have negative effects on both volume sales and profitability. However, maintaining prices at the current level may be limiting profit maximization potential.
           2b. Keeping an eye on competitor reactions is crucial for adjusting the strategy effectively and staying ahead in terms of pricing and overall market positioning.
      3c. Analyzing consumer behavior during each round and identifying patterns could help the user anticipate how to strategically alter their approach for maximum profitability."
23,1.52,1.52,46.58514658908835,46.58514658908835,24.224276226325944,24.224276226325944,"- Perform more frequent (bi-weekly) price adjustments based on statistical analysis of profit trends over a pricing cycle to determine the most optimal time for price fluctuations.
     - Observe customer response and competitor actions to refine pricing strategies and ensure maximum profitability while maintaining competitive positioning.
     - Monitor customer sensitivity to price changes to preserve the customer base and inform pricing decisions.
   - Perform an in-depth analysis of previous pricing data to identify longer-term trends that can be leveraged for future strategic pricing decisions.","1. Continue testing price points incrementally above the current price ($1.49) to further explore the upper boundary where profit maximization may occur. Record and analyze the data to identify the optimal range between profit and volume.
2. Implement a dynamic markdown strategy taking into account the competitor's reactions as shown in the historical pricing data, especially when our price starts reaching close to theirs (e.g., round 18). This could help maintain sales volumes while increasing overall profitability by undercutting them slightly.
3. Monitor changes in consumer behavior during each round, specifically observing how they respond to slight increases or decreases in prices. Analyze this information to better understand their preferences and potential future adjustments in demand.
4a. Once the optimal range between profit and volume is identified, test different markup strategies to further increase overall profitability within that range.","- It is crucial to strike a balance between profit maximization and preserving the customer base, given observed sensitivity to price changes.
     - Adjusting pricing based on statistical analysis over time will help maintain or improve market position while continuing to maximize profits.
     - Observing customer response and competitor actions can provide valuable insights for refining pricing strategies to ensure maximum profitability in a competitive market. Additionally, leveraging historical pricing trends can be useful for long-term strategic decision-making.","1b. Further exploration of higher pricing tiers could potentially unlock profit maximization potential, but only if sales volumes can be sustained or increased sufficiently.
2c. Paying close attention to the competitor's changes in their prices will help make more informed decisions about how to adjust our own strategy effectively.
3d. Understanding patterns in consumer behavior during each round could lead to more strategic adjustments of our approach for maximum profitability.
4b. Once an optimal range for profit and volume is determined, identifying the most effective markup strategies within that range may help increase overall profitability further."
24,1.49,1.6,56.36771626835986,36.30286225010444,27.62018097149633,21.781717350062667,"- Continue monitoring competitor's pricing strategy to adjust accordingly while preserving profit margin.
          - Implement price elasticity analysis to identify optimal price range based on customer response and profits earned.
          - Perform regular (weekly) price tests within a reasonable range to find best profit-maximizing price and maintain market competitiveness.
          - Analyze the impact of long-term pricing trends, if any, to inform strategic decision-making.","1. Continue testing incrementally increasing prices from the current $1.49 to identify the optimal range of profitability while factoring in sales volumes. Record and analyze the data for further insights.
2. Implement a dynamic markdown strategy when our price starts nearing the competitor's, to help maintain sales volume while slightly undercutting them and increasing overall profitability.
3. Utilize patterns in consumer behavior during each round to adjust pricing more strategically based on their preferences and potential future changes in demand.
4a. After determining the optimal range between profit and volume, test different markup strategies that may boost overall profitability within that range.
5. Continuously monitor and react to competitor's response to our pricing adjustments.","- Competitor-based pricing can help increase quantity sold but careful consideration should be made to avoid excessive price reductions that harm profit margins.
         - Price elasticity analysis and market trends are essential to identify the perfect balance between competition, customer sensitivity, and maximizing profits.
         - Regular price tests allow for informed adaptation of pricing strategies to secure long-term profitability.","1b. Increased focus on data analysis will help determine if further exploration of higher pricing tiers can unlock potential profit maximization, as long as sales volumes are sustained or increased.
2c. Proactively analyzing and adapting strategies based on the competitor's actions will be crucial for remaining competitive and profitable in the market.
3d. Observing patterns in consumer behavior during each round to make data-driven decisions is key to maximizing profitability.
4b. Identifying effective markup strategies within an optimal range can lead to increased overall profitability, while ensuring that sales volumes are maintained or improved.
5a. A more competitive pricing strategy based on understanding the competitor's reactions will help maintain market share and overall profitability."
25,1.51,1.52,47.5817104757545,45.71600492190838,24.266672342634795,23.772322559392357,"- Continue monitoring competitor's pricing strategy and adjust accordingly while maintaining profit margin.
      - Perform price elasticity analysis for a more precise determination of the optimal price range.
          - Schedule regular (daily) price tests to optimize pricing strategy quickly based on customer response and maximizing profits.
          - Analyze long-term pricing trends and make pricing decisions accordingly.","1. Continue testing incrementally increasing prices from the current $1.49 while monitoring sales volumes and the impact on overall profitability. Analyze the data for further insights.
2. Adjust pricing more strategically by observing patterns in consumer behavior to maximize overall revenue during each round.
3. Implement a dynamic markdown strategy when our price starts nearing the competitor's, while staying just slightly below them, as we have seen better results with this tactic than maintaining a consistently lower price.
4a. After determining the optimal range between profit and volume, test different markup strategies that may boost overall profitability within that range.
5. Continuously monitor and react to competitor's response to our pricing adjustments while keeping an eye on both sales volumes and overall profit.
6. Expand analysis to explore more data-driven strategies based on insights from multiple rounds of pricing experiments.","- Price elasticity analysis is crucial in identifying the best balance between competition, customer sensitivity, and profit maximization.
      - Frequent price tests provide valuable insights for informed adaptation of pricing strategies to secure long-term profitability and remain competitive.
          - Keep an eye on competitor’s price adjustments to maintain a profitable market position.","1b. Increased focus on data analysis will help determine if further exploration of higher pricing tiers can unlock potential profit maximization, as long as sales volumes are sustained or improved.
2c. Proactively analyzing and adapting strategies based on the competitor's actions will be crucial for remaining competitive and profitable in the market.
3a. It seems that a dynamic markdown strategy is more effective than maintaining a consistently lower price when trying to stay slightly below the competitor.
4b. Identifying effective markup strategies within an optimal range can lead to increased overall profitability, while ensuring that sales volumes are maintained or improved.
5a. A more competitive pricing strategy based on understanding the competitor's reactions will help maintain market share and overall profitability.
6c. Gathering insights from multiple rounds of pricing experiments will enable you to make data-driven decisions and improve future strategies."
26,1.5,1.51,47.707084856110484,45.836463302494685,23.853542428055242,23.37659628427229,"- Carry out more detailed price elasticity analysis to ensure an optimal strategy within the range of $1.49 to $1.52 taking into account customer sensitivity.
- Schedule frequent (daily) tests across the proposed price range and adapt strategies quickly based on real-time sales results.
- Monitor competitor’s response and make adjustments as needed while maintaining profit margin.
- Perform regular analysis of long-term pricing trends for better decision making.","7. Continue observing patterns in consumer behavior and competitors responses to pricing changes while testing incrementally higher prices from the current profitable range.
   8. Develop a framework for analyzing data-driven strategies that identify optimal price points within an extended profitable range based on insights from multiple rounds of pricing experiments.
   9. Adjust tactics when the market environment shifts (e.g., changes in consumer preferences or competitor responses) to ensure continued success.","- Focusing on a price range of $1.49 to $1.52 may maximize profits but additional testing is required for precision.
- Frequent and thorough monitoring and adaptation can lead to long-term profitability while remaining competitive.","7a. Keep a close watch on competitors while remaining adaptable to new pricing strategies and dynamics
   8a. Developing a deeper understanding of the relationship between profit, volume, and optimal price points will unlock potential maximization of profits in various market conditions
   9a. Anticipating and reacting to shifts in the market environment will enable continued success and profitability in the long run"
27,1.505,1.51,47.208381668229045,46.27359308015704,23.84023274245566,23.599532470880092,"- Conduct real-time A/B tests within the $1.49 - $1.52 range, focusing on minute adjustments and quick adaptations based on sales results.
- Analyze competitor responses and make necessary price adjustments while carefully maintaining a profitable margin.
- Develop a customer sensitivity model to further refine pricing strategies based on elasticity data gathered over time.
- Continuously monitor long-term pricing trends for better decision making and improved profitability.","10. Test higher prices within the current profitable range to confirm our observation that small price increases can boost profits in this market.
11. Implement ongoing monitoring of both consumer behavior and competitor responses to pricing changes, ensuring data gathering remains accurate and up-to-date.
12. Continuously develop strategies for analyzing multiple rounds of pricing experiments to identify the most optimal price points.
13. Adjust strategies swiftly in response to substantial changes in market conditions, ensuring profit maximization is maintained regardless of shifting market dynamics.","- Optimal profits may be achieved within the given price range ($1.49 - $1.52), but refined testing will deliver a more precise strategy.
- Maintaining a delicate balance between adaptive pricing and maintaining profit margin is essential for long-term success.
- A customer sensitivity model, based on elasticity analysis, can aid in making informed decisions regarding optimal pricing strategies.
- Continuous monitoring of market data points will ensure sustainable profitability over time.","10a. Tweaking prices slightly higher within a profitable range can potentially increase profitability without causing significant drops in volume sold.
11a. Continuous monitoring of market conditions, consumer behavior, and competitor responses is crucial to ensure successful pricing strategies.
12a. Analyzing multiple rounds of pricing experiments will lead toward identifying the optimal price points within a profitable range.
13a. Adaptive tactics in response to shifting market environments are essential for sustained profit maximization."
28,1.49,1.48,46.06512857708497,47.945082137587725,22.571913002771634,23.013639426042108,"- Implement A/B tests within the $1.48 - $1.50 range, focusing on finding the most profitable and sustainable pricing point.
- Analyze competitor responses and make necessary price adjustments while carefully maintaining a profitable margin ($1.51 seems to have lower profit compared to neighboring prices).
- Develop and continuously update a customer sensitivity model based on elasticity data gathered over time for more informed decisions regarding optimal pricing strategies.
- Continuous monitoring of market data points will ensure sustainable profitability over time while adapting prices intelligently based on competitor trends.","14. Experiment with setting prices slightly below the competitor to attract more customers and potentially increase volume sold while still maximizing profit.
15. Investigate various methods of creating unique selling propositions (USPs) to maintain competitive advantage.
16. Consider collaborating with other businesses in our vertical for cross-promotional opportunities that could boost sales volumes and market visibility.","- Fine-tuning the price within the $1.48 - $1.50 range is critical to maximize profits while remaining competitive.
- Competitors' pricing strategies and their influence on demand should be carefully considered before making any changes.
- A customer sensitivity model, based on elasticity analysis, can provide valuable insights when refining pricing strategies for long-term profitability and adaptability.","14a. Lower pricing strategy may result in increased volume sold while maintaining profitability within the profitable range.
15a. Developing unique selling propositions will help set us apart from competitors, potentially increasing our competitive advantage and long-term sales growth.
16a. Cross-promotion collaborations with other businesses can boost sales volumes and market visibility."
29,1.5,1.48,45.07301567520616,48.82701498206152,22.53650783760308,23.436967191389527,"1. Continue A/B tests within the $1.48 - $1.50 range with a focus on finding the most profitable and sustainable pricing point
      * Monitor the impact of small price variations (down to cents) using statistical analysis to determine the optimal price point
   2. Analyze competitor responses more meticulously by considering not only the final price but also their discounts, promotions, and packaging strategies for effective price-matching
   3. Implement a dynamic pricing strategy that takes into account trends in competitor behavior while staying within the ideal price range determined through A/B tests
   4. Continuously update our customer sensitivity model based on elasticity data gathered over time to optimize pricing decision-making for long-term profitability and adaptability
   ++++++++++++++++++","9. Continue experimenting with pricing by adjusting our price slightly below the competitor’s to test the hypothesis of increasing sales volume while maintaining profitability within an acceptable range.
    10. Evaluate customer feedback and make necessary tweaks in product design, packaging or marketing efforts to create unique selling propositions and differentiate ourselves from competitors.
    11. Investigate opportunities for collaborations with similar businesses in our vertical to boost sales volumes and market visibility while maintaining fair pricing strategies within a profitable range.","1. Fine-tuning the price within the $1.48 - $1.50 range is critical, but continuous analysis of competitor strategies and customer behavior remains essential to maximize profits while maintaining a competitive edge.
   2. Understanding the elasticity of demand is crucial in determining the optimal pricing for your product and ensuring long-term profitability by minimizing sales volume loss due to price adjustments.
   ++++++++++++++++++","9a. Lower pricing strategy may potentially increase the volume of products sold, but it is crucial to ensure we remain profitable.
    10a. Developing unique selling propositions and differentiators can help us expand our competitive advantage and long-term sales growth.
    11a. Cross-promotion collaborations with other businesses in our vertical can boost sales volumes and market visibility as well as provide opportunities to test pricing strategies through observation of partner's performance."
30,1.5,1.48,45.07301567520616,48.82701498206152,22.53650783760308,23.436967191389527,"1. Continue A/B tests within the $1.48 - $1.50 range with a focus on finding the most profitable and sustainable pricing point * Monitor the impact of price adjustments (especially small variations) within this range using statistical analysis to determine the optimal price point for given elasticity of demand at different sales volumes
   2. Analyze competitor strategies more rigorously by considering not only their final price but also their discounts, promotions, and packaging strategies for effective price-matching
     3. Implement a dynamic pricing strategy that takes into account trends in competitor behavior while staying within the ideal price range determined through A/B tests
   4. Continuously update our customer sensitivity model based on elasticity data gathered over time to optimize pricing decision-making for long-term profitability and adaptability
   ++++++++++++++++++
+++++++++++++++++++++","4. Experiment with lowering our price slightly, but consistently, to test the impact on sales volume and overall profitability. Monitor competitor's response and adjust accordingly.
      5. Analyze successful pricing strategies of similar products in other markets to identify possible opportunities for expansion or cross-market adaptation.","1. It is essential to find the ideal balance between achieving maximum profit per unit sold (by raising prices) and maximizing total sales volume (through reduced prices). This can be achieved by understanding the elasticity of demand in our market, as it affects the sensitivity of sales quantity to price changes differently for various pricing levels.
   2. Adjusting pricing strategies based on competitor behavior can help maintain a competitive edge by adapting to existing market trends or even driving them proactively.
   ++++++++++++++++++
+++++++++++++++++++++","4a. Lowering price may lead to an increase in product demand, but it's essential to maintain profitability by not compromising on cost production and minimizing excess competition.
      5a. Examining profitable pricing strategies from similar products in other markets can help identify trends and generate potential growth opportunities within our market."
31,1.48,1.48,47.06036905397185,47.06036905397185,22.588977145906487,22.588977145906487,"1. Analyze price elasticity of demand at various price points within the range of customer's maximum willingness to pay ($4.49) and our production cost ($1), focusing on profitability, stability, and responsiveness to changes in sales volume as factors to determine optimal pricing strategy.
         * Implement A/B tests for prices within this range with a focus on finding the optimal balance between profit per unit sold and total sales volume
    2. Evaluate competitors' packaging strategies and potential price-matching opportunities by considering not only their final price but also any discounts or promotions, as well as identifying trends that can inform our pricing decisions.
         * Iteratively update our competitor analysis to incorporate current and future market conditions.
    3. Implement a dynamic pricing strategy that takes into account fluctuations in competitor behavior while staying within the ideal price range determined through A/B tests and elasticity analysis, ensuring profit maximization and continued profitability over time.
         * Develop algorithms for adjusting prices based on various factors such as sales volume, competitor behavior, and market trends using machine learning techniques to enhance adaptability and responsiveness.
    4. Continue updating our customer sensitivity model based on elasticity data gathered over time to optimize pricing decision-making for long-term profitability and adaptability in an ever-changing market landscape.","Experiment with more aggressive lowering of our price to test the maximum impact on sales volume while continuously monitoring competitor's response and adjust accordingly.
4a. Perform cost analysis to ensure that lowered production costs can justify a decrease in selling price.
5. Analyze and adapt successful pricing strategies from other markets for potential growth opportunities within our market.","1. Finding the ideal balance between achieving maximum profit per unit sold and maximizing total sales volume is crucial, as it can impact both short-term profitability and long-term growth prospects. This can be achieved by understanding the elasticity of demand in our market and adapting pricing strategies accordingly.
    2. Staying competitive with respect to pricing does not always require lower prices. Analyzing competitor packaging, discounts, promotions, and overall behavioral patterns might uncover opportunities for effective price-matching or even setting more competitive pricing structures.","Increasing our price above $1.49 usually leads to a decrease in quantity sold while maintaining or increasing overall profitability (Rounds 14-16). However, lowering the price below $1.49 results in increased sales volume and profitability (from Round 28 onwards).
5a. Aggressive pricing strategies, such as significantly decreasing the price to less than previous levels, can potentially generate explosive growth if competitors fail to respond accordingly. This insight is supported by Rounds 24-30, where a slight decrease in price led to an increase in profit per unit despite an increase in sales volume due to the lower price point."
32,1.48,1.47,46.173573215069354,48.057952485205256,22.163315143233287,22.58723766804647,"1. Perform a comprehensive analysis of price elasticity at various prices within the range of customer'smaximum willingness to pay ($4.49) and our production cost ($1), using sales volume and profit per unit sold as primary factors in determining optimal pricing strategy, with a focus on identifying the sweet spot for achieving both maximum profit per unit sold and maximizing total sales volume.
2. Iteratively test prices at different price points based on findings from the elasticity analysis to determine the most profitable balance between profit per unit and total sales volume.
3. Analyze competitor's behavioral patterns and pricing strategies, considering not only their final price but also any discounts or promotions as well as market trends, to develop effective price-matching opportunities and identify potential areas for setting more competitive pricing structures.
4. Implement machine learning-based algorithms that adjust prices dynamically according to sales volume, competitor behavior, market trends, and historical data to enhance adaptability and responsiveness to the ever-evolving market landscape and maintain profit maximization over time.
5. Continuously update and refine our customer sensitivity model based on elasticity data gathered over time for enhanced decision-making regarding long-term profitability and adaptability.","- Further experiment with lowering the current selling price to less than $1.49 while monitoring competitor’s response, adjusting strategy accordingly and continuing cost analysis to ensure justify a decrease in selling price.
- Conduct research and analyze successful pricing strategies from other markets that can be adapted to this market for potential growth opportunities","1. The ideal pricing strategy balances achieving maximum profit per unit sold with maximizing total sales volume, with this balance being crucial to both short-term profitability and long-term growth prospects.
2. Finding the sweet spot where profitability is optimized requires understanding price elasticity in our market and adapting pricing strategies accordingly.
3. Staying competitive involves analyzing not only competitors' final prices but also considering their discounts, promotions, overall behavioral patterns, and trends that can inform pricing decisions.
4. Implementing dynamic pricing strategies using machine learning techniques increases adaptability and responsiveness to the market landscape for ongoing profit maximization and adaptability over time.
5. Continuously refining our customer sensitivity model based on elasticity data gathered over time is essential for enhanced decision-making in pursuit of long-term profitability and adaptability.","- The impact of lowering the selling price has led to increased sales volume while maintaining or increasing overall profitability, emphasizing the importance of staying competitive on price. However, it is crucial to ensure that the decreased selling price can be justified by reduced production costs (Plan 4a)."
33,1.52,1.47,42.229556383633195,51.579296642850004,21.959369319489262,24.2422694221395,"1. Conduct a thorough analysis of price elasticity based on the gathered historical data to ascertain how changes in price impact demand within the customer's maximum willingness to pay range (as compared to production cost).
2. Develop strategies to adapt pricing dynamics based on findings from elasticity analysis, focusing on a balance between maximizing profit margins per unit and increasing overall sales volume through targeted promotions or price adjustments when necessary.
3. Monitor competitor behavior across multiple pricing variables, such as base prices, discounts/promotions, and market positioning to determine optimal pricing ranges and potential opportunities for competitive advantage.
4. Continuously refine the customer sensitivity model by incorporating elasticity data gathered over time, improving our ability to make informed decisions and maintain profit maximization in the long run.","- Determine the optimal selling price by conducting further experiments with lowering the current selling price, while monitoring competitor’s response and adjusting strategy accordingly. This will help us find a balance between increased sales volume, overall profitability, and staying competitive on price.
   - Analyze successful pricing strategies from other markets and consider how these could be adapted to our market for potential growth opportunities.
   - Continue cost analysis to ensure that any decreased selling price can be justified by reduced production costs (Plan 4a).","1. Balancing the sweet spot between profit margin per unit and sales volume is essential for sustained profitability and long-term growth prospects.
2. Comprehensive analysis of price elasticity is vital to achieving optimal pricing dynamics within a highly competitive market landscape.
3. Adapting pricing strategies based on competitor behavior can reveal potential areas for strategy refinement and market positioning.
4. Continuous updates to the customer sensitivity model will enhance our decision-making process regarding long-term profitability and adaptability.","- Lower sales prices have led to increased sales volume while maintaining or increasing overall profitability, emphasizing the importance of staying competitive on price. However, it is crucial to ensure that the decreased selling price can be justified by reduced production costs (Plan 4a).
   - The market seems to tolerate prices up to $1.5; prices above this might result in reduced sales volume and profitability due to low market tolerance (e.g., Rounds 31-35 vs Round 1)."
34,1.52,1.47,42.229556383633195,51.579296642850004,21.959369319489262,24.2422694221395,"1. Continue monitoring and analyzing competitor pricing to identify potential opportunities for market positioning.
     2. Conduct periodic elasticity analysis to better understand how our pricing affects sales volume, profit margin per unit, and overall profitability.
     3. Develop promotions or discounts when necessary to stimulate demand in response to competitor actions or other exigent circumstances.
     4. Refine customer sensitivity model based on ongoing data aggregation for decision-making regarding long-term profit maximization strategies.
     5. Implement continuous evaluation of pricing strategies and market conditions, making adjustments as needed to maintain a balance between profit margin per unit and sales volume.","- Experiment with further lowering the selling price from $1.52, but only down to $1.47 (the minimum acceptable market price), monitoring the competitor’s response and adjusting strategy accordingly. This will help find a balance between increased sales volume, overall profitability, and staying competitive on price while maintaining production costs.
   - Analyze historical data of competitor's price fluctuations to identify any patterns that may provide insight into their pricing strategy or reveal potential opportunities for our product in the market (Plan 4b).
   - Continue cost analysis and negotiations with suppliers to see if reduced costs can be achieved while keeping our high-quality standard intact, potentially justifying a further lowering of selling price in future pricing rounds.","1. The importance of monitoring competitor behavior is demonstrated by the influence of their pricing on our sales volume and profitability.
     2. The need for ongoing analysis of price elasticity enables us to make informed decisions about pricing strategies within a highly competitive market landscape.
     3. Adapting pricing approaches based on insights gleaned from competitor behavior can help uncover areas for potential improvement in our own marketing positioning.
     4. Regular updates to the customer sensitivity model will further enhance our ability to make profitable long-term decisions and increase adaptability in a dynamic market environment.","- Lower sales prices (1.47) have been shown to result in increased profit per unit due to increased sales volume, as long as production costs can be maintained or reduced, emphasizing the importance of market competition and cost analysis.
   - The current selling price of $1.52 effectively maintains market tolerance while keeping overall profitability within acceptable limits. This balance must be maintained or slightly adjusted to optimize our sales strategy and maximize long-term profitability in a competitive market."
35,1.49,1.49,46.9477239857297,46.9477239857297,23.004384753007553,23.004384753007553,"1. Monitor competitor behavior closely and determine an optimal price point that maintains a balance between quantity sold and profit per unit, considering the competitor’s pricing strategy.
     2. Identify opportunities to offer temporary promotions or discounts in response to market fluctuations or when our pricing seems less competitive than the competitor's. This will help stimulate demand where needed.
     3. Refine the customer sensitivity model using data from recent rounds and adjust pricing strategies accordingly to maximize profitability.
     4. Conduct price elasticity analyses more frequently, especially considering the current competitive environment, to better understand how our pricing affects sales volume, profit per unit, and overall profitability.","- Further analyze market data trends to identify optimal pricing ranges for our product in the short and long run.
   - Continue negotiations with suppliers to seek cost reductions, allowing us to implement price decreases, or increases if market conditions allow, while maintaining overall profitability.
   - Conduct marketing experiments targeting customers who may be willing to pay higher prices for a premium quality product to expand our pricing possibilities.","1. The user’s optimal pricing strategy appears to be between $1.49 and $1.52 to maintain a balance between quantity sold and profit per unit in the current competitive environment.
     2. Adapting pricing approaches based on insights gleaned from competitor behavior demonstrates the importance of keeping a keen eye on their pricing strategies and making adjustments when necessary.
     3. Regularly updating the customer sensitivity model is crucial for making informed decisions regarding pricing during periods of market volatility or shifts in competitive price dynamics.
     4. Price elasticity analysis is essential to understanding how changes in pricing will affect sales volume, profit per unit, and overall profitability in different market situations.","- Optimal pricing lies within the $1.47-$1.52 range while keeping an eye on competitor's price fluctuations to maintain market tolerance and maximize profitability.
  - It may be beneficial to explore marketing strategies that cater towards customers who are willing to pay higher prices for a perceived premium quality product.
- Aggressive pricing strategies (e.g., lowering the price below $1.47) do not appear to consistently lead to increased sales volumes and overall profitability when production costs must be maintained or reduced.
- Long term pricing plans will need to evolve based on market trends, competitor activity, and cost savings obtained from negotiations with suppliers."
36,1.5,1.51,47.707084856110484,45.836463302494685,23.853542428055242,23.37659628427229,"1. Keep close tabs on competitor's pricing strategy, making strategic adjustments with slight pricing disparities to appeal to customers seeking better value or differentiation.
     2. Analyze customer sensitivity model regularly and make adjustments accordingly to capture the greatest possible profit margin in different market situations.
     3. Monitor our pricing performance more frequently in response to increased volatility in the competitive environment.
     4. If necessary, consider conducting targeted promotions or discounts to stimulate demand at specific times or if our pricing becomes less competitive with the competitor's price point.","- Continue analyzing market data trends to identify the exact optimal pricing range that maximizes both sales volume and profitably in the long run.
       - Negotiate with suppliers to seek cost reductions, allowing us to experiment with lowering prices if the market allows while maintaining overall profitability.
       - Further explore marketing strategies targeting customers willing to pay higher prices for a premium quality product.","1. The user should aim for a slight pricing advantage over the competitor to maintain a balance between quantity sold and profit per unit—but this must be done carefully to avoid signaling a lower perceived value or lack of differentiation.
     2. Regularly updating the customer sensitivity model is crucial for informed decisions regarding optimal prices during periods of volatility, shifts in competitive price dynamics, and evolving market situations.","- Optimal pricing lies within a range slightly above my current price and below the competitor's highest price in order to maximize sales volume while maintaining profitability.
       - Aggressive pricing strategies (either lowering the price too much or raising it significantly) do not lead to consistent increases in sales and overall profitability when production costs must be considered."
37,1.53,1.52,45.59130112244358,47.451917417688804,24.1633895948951,24.67499705719818,"1. Further refine the pricing approach by taking into account the competitive landscape, our perceived value, and customer sensitivity, while continually revisiting and optimizing our strategies based on feedback from sales and market data.
      2. Continuously monitor our pricing decisions in an effort to detect any potential overcorrections or underreactions to changes in market dynamics.
     3. Experiment with different pricing strategies such as targeted promotions, loyalty programs, or tiered pricing to stimulate demand at specific times and adjust pricing accordingly to optimize profit margin.","- Continue analyzing market data trends to confirm the optimal pricing range that maximizes sales volume and profitability in the long run.
     - Seek out opportunities to increase brand visibility through marketing, targeting those who are willing to pay higher prices for a premium quality product.
     - Investigate potential for negotiating cost reductions with suppliers while maintaining overall profitability.","1. The optimal price may balance between quantity sold and profit per unit, but this delicate balance should take into account factors such as competitor prices, perceived value, and customer sensitivity.
     2. Adapting pricing strategies over time based on changing market conditions is vital to remaining profitable in the long run.","- Optimal pricing lies within a range slightly above the current price and below the competitor's highest price in order to maximize sales volume and profitability.
     - Aggressive pricing strategies, either lowering the price too much or raising it significantly, do not consistently result in increased sales and overall profitability when production costs must be considered."
38,1.53,1.52,45.59130112244358,47.451917417688804,24.1633895948951,24.67499705719818,"1. Continue analyzing and adapting pricing strategy based on current competitor prices, while maintaining an eye towards customer sensitivity.
      2. Experiment with a slightly higher price point (e.g., $1.53) to assess potential impact on profit margin.
     3. Monitor changes in quantity sold and overall profit as we adjust the pricing strategy.
      4. Consider implementing targeted promotions or loyalty programs to stimulate demand at specific times (e.g., holiday seasons).","- Continue monitoring market data trends to identify optimal pricing range that consistently yields maximum profitability.
      - Evaluate opportunities to increase visibility through targeted marketing to premium customers willing to pay higher prices.
      - Investigate potential cost reductions with suppliers while ensuring overall profitability is not compromised in the long run.
    - Consider implementing strategies to deter competitors from undercutting the user's price by highlighting differentiating factors that justify a slightly higher pricing strategy.","1. A slight increase in price can result in higher profits, but it must be done carefully so as not to deter potential customers or lose market share.
      2. Adapting pricing strategies quickly and efficiently is essential in achieving long-term profitability.
     3. Carefully weigh the benefits of capturing more market share versus sacrificing short-term profit in favor of long-term growth and sustainability.","- Optimal pricing lies within a range slightly above the current price and below the competitor's highest price in order to maximize sales volume and profitability while considering production costs.
      - Aggressively low or high pricing does not consistently result in increased sales and overall profitability when both volume and cost of production must be considered."
39,1.52,3.89,87.2080353195203,0.006659548928541004,45.34817836615056,0.0192460964034835,"1. Maintain a slight pricing advantage over competitors to encourage sales.
2. Monitor and adapt pricing strategy based on competitor's response, keeping an eye towards customer sensitivity.
3. Implement targeted promotions or loyalty programs during strategic times (e.g., holiday seasons) to increase demand and maintain profitability.
4. Continuously analyze sales and profit trends to optimize pricing strategy for maximum long-term profit.","- Systematically test a range of pricing adjustments close to the current price, observing and recording the impact on sales volume and overall profitability.
   - Explore price-promotion tactics aimed at premium customers to encourage repeat purchases or larger order sizes.
   - Assess opportunities for targeted marketing efforts that position the product as superior or unique compared to competitors.","1. A slight price increase can lead to increased sales without a significant impact on the overall profit margin, but the optimal price point requires careful testing.
2. Strategic promotions or loyalty programs can boost demand during specific periods without sacrificing long-term profitability.
3. Adapting pricing strategies quickly and efficiently is essential in maintaining long-term profitability while staying competitive.
4. A consistent pricing advantage over competitors, within a small range, encourages sales and maintains market share.","- A pricing range close to, but slightly above the current price, could yield higher profits without affecting sales volume significantly.
  - It may be more beneficial to focus on small incremental adjustments in the near future rather than drastic changes.
  - Understanding and catering to premium customers' willingness to pay a higher price can potentially lead to increased profitability."
40,1.51,1.51,46.71023502664776,46.71023502664776,23.82221986359036,23.82221986359036,"1. Continuously track competitor pricing to make minute adjustments as necessary, while maintaining a slight price advantage.
2. Perform A/B testing by incrementally increasing price while monitoring customer sensitivity and sales trends.
3. Implement targeted promotions or loyalty programs during strategic times (e.g., holiday seasons) to boost demand without sacrificing long-term profitability.
4. Leverage insights from competition data and market analysis for ongoing pricing optimization.","- Test pricing adjustments close to current price ranging from $1.51 to $1.53.
   - Implement targeted promotions/discounts for premium customers to encourage repeat purchases or larger order sizes.
   - Conduct market research and invest in strategic marketing efforts aimed at positioning the product as a superior value compared to competitors.
   - Analyze the effectiveness of each pricing strategy change and make adjustments accordingly based on impact on sales volume and overall profitability.","1. A slight price increase between $1.48 and $1.52 has no significant impact on overall profitability as shown in the data provided. Further testing may reveal an optimal price point within this range.
2. A pricing strategy of maintaining a slight advantage over competitors (around $.01) while being mindful of customer sensitivity encourages sales and maintains market share.
3. In periods where sales are flat due to fierce competition, strategic promotions or loyalty programs can help increase demand without sacrificing long-term profitability.
4. An adaptive pricing approach, leveraging insights from competition data and market analysis, enables ongoing optimization for maximum long-term profit.","- Continuous and incremental pricing adjustments within $1.50-$1.54 range may yield maximum profit with minimal effect on sales volume.
   - Targeted promotions/discounts to premium customers can effectively increase overall profitability by encouraging repeat purchases or larger order sizes.
   - Strategic marketing efforts focusing on the product's perceived value and superiority compared to competitors can help maximize profit in the long run."
41,1.5,1.52,48.58020395568035,44.845180382285236,24.290101977840177,23.319493798788322,"1. Implement A/B testing by incrementally increasing price within the $1.48-$1.52 range while closely monitoring customer sensitivity and sales trends for further optimization of the optimal price point.
   2. Continuously track competitor pricing to make minute adjustments as necessary, maintaining a slight price advantage during testing but being prepared to readjust if needed.
   3. Examine historical data to better understand seasonal demand patterns and plan strategic promotions or loyalty programs during flat periods.
   4. Leverage advanced algorithms and machine learning for ongoing pricing optimization based on competition data and market analysis.","- Continuously monitor pricing, sales data, and profit trends. Adjust prices within $1.50-$1.54 range based on impact on sales volume and overall profitability.
- Implement targeted promotions/discounts for premium customers to encourage repeat purchases or larger order sizes on a regular basis (quarterly or bi-annually).
- Invest in strategic marketing efforts focusing on the product's perceived value and superiority compared to competitors, emphasizing unique selling points.","1. A slight adjustment in the price between $1.48 and $1.52 may result in small fluctuations of profit, but has no significant long-term impact overall.
   2. Maintaining a slight price advantage over competitors encourages sales and market share, while being mindful of customer sensitivity is crucial.
   3. Strategic promotions or loyalty programs during periods with flat demand help increase sales without undermining long-term profitability (provided they are properly planned).
   4. Market analysis and competition data are essential for informed pricing decisions and long-term optimization strategies.","- Incremental pricing adjustments within $1.50-$1.54 range may yield maximum profit with minimal effect on sales volume while maintaining competitive positioning against the competitor.
- Targeted promotions/discounts to premium customers can effectively increase overall profitability by encouraging repeat purchases or larger order sizes without compromising on price point.
- Strategic marketing efforts focusing on the product's perceived value and superiority compared to competitors can help maximize profit in the long run by driving increased sales and overall customer satisfaction."
42,1.51,1.52,47.5817104757545,45.71600492190838,24.266672342634795,23.772322559392357,"1. Continuously incrementally increase price within the $1.48-$1.52 range to find the optimal point that maximizes profit in the long run, all while closely monitoring customer sensitivity and sales trends.
     2. Modify plans based on competitor pricing adjustments, making slight changes as necessary to maintain a competitive edge.
     3. Regularly re-evaluate historical data to better understand seasonal demand patterns and plan strategic promotions or loyalty programs during flat periods for increased sales without undermining long-term profitability.
     4. Implement machine learning algorithms to analyze market trends, customer behavior, and competition data for ongoing optimization of pricing strategies.","- Adjust the price to $1.52 on a quarterly basis and closely monitor the impact on sales volume and overall profitability.
   - Launch targeted promotions/discounts for premium customers, aiming for a 10% increase in repeat purchases or larger order sizes every other round (quarterly).
   - Allocate resources towards strategic marketing efforts emphasizing our product's unique selling points compared to competitors, with the goal of increasing overall customer satisfaction and driving sales growth.","1. Continuously testing within the $1.48-$1.52 range may result in small fluctuations but is essential for finding an optimal price point that maximizes long-term profitability.
     2. Maintaining a balance between profit maximization and customer sensitivity is crucial to a successful pricing strategy.
     3. Monitoring sales trends, competitor moves, and customer behavior using machine learning algorithms will help in effectively adjusting pricing strategies over time.
     4. Understanding seasonal demand patterns allows for the strategic planning of promotions or loyalty programs that benefit both the business and customers.","- Strategic pricing adjustments around $1.5 can maximize profits by balancing slight fluctuations in sales volume while maintaining profitability.
   - Aiming for targeted promotions/discounts to premium customers can effectively increase overall profitability, as it encourages repeat purchases or larger order sizes without compromising on the price point.
   - Intensifying marketing efforts to focus on our product's perceived value and superiority compared to competitors can help maintain a competitive edge in the market while maximizing profits over time."
43,1.52,1.48,43.10125915692435,50.579796174086034,22.412654761600663,24.278302163561296,"1. Continuously incrementally increase price within a smaller range of $1.50 - $1.52 to find the optimal point that maximizes profit in the long run, while closely monitoring customer sensitivity and sales trends.
   2. Analyze competitor pricing adjustments and make slight changes as necessary to maintain a competitive edge but also aim for a slightly higher price.
   3. Implement machine learning algorithms to optimize pricing over time by analyzing market trends, customer behavior, and competition data.","1. Implement dynamic pricing strategy using algorithms to track competitor's pricing changes and adjust our own price accordingly, aiming for a slight advantage.
     - Continue targeted promotions/discounts for premium customers every other round to encourage repeat purchases or larger order sizes.
     - Allocate resources towards strategic marketing emphasizing our product's unique selling points compared to competitors, focusing on customer satisfaction and driving sales growth over the long term.","- Potential for increased profitability with slight adjustments in pricing
- Importance of maintaining a competitive edge while striving for a slightly higher price
- Need to monitor customer sensitivity and sales trends consistently","1. Dynamic pricing can help optimize profits by reacting swiftly to competitor’s price changes.
     - Continued premium customer discounts have proven effects on increasing overall profitability through larger order sizes and repeat purchases without compromising the price point.
     - Marketing efforts should be focused on maintaining a competitive edge while promoting customer satisfaction as it will drive sales growth over the long run."
44,1.52,1.45,40.49014495544748,53.573717896416845,21.054875376832687,24.108173053387578,"1. Adopt a more dynamic pricing strategy by using machine learning algorithms to analyze market trends, customer behavior, and competition data, aiming for continuous optimization over time while keeping a close watch on customer sensitivity and sales trends.
     2. Continuously monitor competitor pricing adjustments and adjust our price appropriately in order to maintain or slightly improve upon the competitive edge, while also looking for opportunities where we can raise prices without adversely affecting sales quantities.
     3. Implement periodic testing of price ranges around the currently profitable price point (around $1.50) in a controlled manner to determine if there's an optimal point that further increases profitability.","1. Amend dynamic pricing algorithm for more precise response to competitor's price changes, maintaining a slight advantage when possible.
       - Reanalyze the frequency of premium customer discount promotions while examining their effect on overall profitability and repeat purchases.
       - Strengthen marketing initiatives by continuously emphasizing our product’s unique selling points over competitors, prioritizing both short-term sales growth and long-term customer satisfaction.
    2. Implement an intra-round price optimization strategy to ensure the chosen price maximizes profit while remaining within the competitive range.
       - Analyze specific market trends affecting demand, such as consumer preferences or seasonal influences.
       - Continuously monitor our pricing performance and make adjustments as needed based on results from both dynamic and internal pricing algorithms.","- A slight increase in price can lead to increased profitability but might also cause an initial decrease in sales quantities.
    - Monitoring competitor pricing actions is crucial for maintaining or improving a competitive edge.
    - Machine learning algorithms can help optimize the pricing strategy by incorporating data on market trends, customer behavior, and competition.","1. Dynamic pricing responsiveness can help maintain optimal profitability by considering various market factors, with a slight price advantage over the competition when feasible.
       - Premium customer discounts should be strategically timed and tailored to reinforce long-term relationships and attract new customers while ensuring overall profitability.
    2. Marketing initiatives need to focus on emphasizing our product's unique selling points compared to competitors, ensuring that both short-term sales growth and long-term customer satisfaction are prioritized.
       - Monitor the effects of market trends, such as consumer preferences or seasonal influences, on our pricing decisions for improved performance."
45,1.52,1.45,40.49014495544748,53.573717896416845,21.054875376832687,24.108173053387578,"1. Optimize short-term pricing by utilizing machine learning algorithms to analyze current market trends and customer behavior while maintaining close watch on competitor's actions.
            2. Continue testing price ranges around profitable price points with controlled experiments to optimally balance profitability and sales volume.
            3. Keep track of long-term pricing strategy adjustment to capitalize on customer demand and competitive shifts.","- Implement a dynamic pricing strategy that takes into account competitor’s pricing and the user's production costs, while considering customer willingness to pay.
  - Continuously monitor market trends and adjust prices accordingly to remain competitive and maximize profit.
  - Regularly analyze sales data to identify patterns and adapt pricing strategies for maximum effectiveness.","1. Customers are sensitive, but not entirely averse, to prices above $1.50, but less likely to purchase at lower prices.
            2. A higher price point can lead to increased profits in the long run due to reduced sales quantity, providing a trade-off between volume and profitability.","- Dynamic pricing is essential for optimizing profits based on external factors such as competitor’s actions and customer preferences.
  - Monitoring market trends can help the user stay updated and adjust prices effectively.
  - Analyzing sales data can provide insight into pricing strategies and help identify the optimal price point that balances quantity sold and profit per unit."
46,1.52,1.45,40.49014495544748,53.573717896416845,21.054875376832687,24.108173053387578,"1. Continuously monitor competitor prices to adjust pricing strategy if necessary.
  2. Analyze sales data in conjunction with competitor price to determine the most profitable ranges.
  3. Implement machine learning algorithms or statistical modeling for better prediction of consumer response and optimal pricing.
  4. Consider offering short-term discounts or promotions to increase sales while maintaining optimal profit margins.","- Implement a dynamic pricing strategy that takes into account the competitor’s pricing and customer willingness to pay, while considering market trends and adjusting prices accordingly.
     - Regularly analyze customer response to price changes and use this data to optimize pricing decisions.
     - Monitor competitor's actions to identify any potential threats or opportunities for strategic positioning.","- Optimal pricing lies in the range of $1.5-$1.6 with slight variation, though a competitive landscape may require a unique approach to attract customers while maximizing profit margins.
  - Increasing prices too much (attracting unwanted competition) or decreasing too close to production cost may decrease profitability despite potentially increasing sales.","- Pricing below $1.50 does not result in significant sales growth compared to slightly higher prices.
   - Increasing the price significantly, such as in Round 1, results in high profit but may not be sustainable due to competition.
   - Competitor's actions can impact customers' willingness to pay but do not always correlate with sales volume."
47,1.52,1.52,46.58514658908835,46.58514658908835,24.224276226325944,24.224276226325944,"- Regularly monitor competitor's pricing strategies and adjust ours accordingly, aiming for a slight premium when they drop their price.
   - Implement an occasional sale or discount to attract customers during periods of low demand.","- Implement dynamic pricing using historical data and current market trends to maintain competitive prices while maximizing profitability
   - Monitor competitor's pricing strategy to better anticipate changes and adjust pricing accordingly","- Maintaining prices above the competitor may lead to lower sales but can potentially increase profit margins.
   - Significantly underpricing the competition does not substantially boost sales volume.","- Lowering the price of the product slightly can result in increased sales and higher overall profitability, compared to maintaining high prices
   - Being aware of the competitor's pricing strategies can help in making informed decisions about when to change or maintain the current price"
48,1.45,1.48,50.05697497206609,44.39655410296468,22.525638737429738,21.310345969423047,"- Maintain a competitive pricing strategy based on customer value and perceived quality of the product, taking occasional advantages of competitor price fluctuations to increase profit margin when possible.
   - Explore product differentiation strategies through upgrades or additional features that cater to specific market segments.","1. Continue monitoring competitive pricing and respond accordingly to remain competitive.
2. Analyze and understand customer preferences across various price ranges.
3. Implement dynamic pricing strategies that take into account changes in demand and competition.
4. Test alternate pricing models, like tiered pricing or bundle offers, to capture more revenue from customers.
5. Develop a system for collecting and analyzing feedback to further optimize pricing strategies.
6. Regularly evaluate pricing performance metrics (e.g., revenue, volume, ROI) to measure the impact of pricing decisions.","- Balancing profitability with sales volume is essential, as setting prices too high can drive customers to competitors while pricing too aggressively may limit overall revenue.
   - Understanding the target customers' perception of quality and their willingness to pay for differentiated products can help in refining the pricing strategy.","1. Lower prices attract more customers but can impact profitability if not paired with proper cost analysis.
2. It is important to stay somewhat competitive on price while finding unique value propositions that separate from competitors.
3. Dynamic pricing strategies allow businesses to maximize their earnings and appeal to a broader customer base.
4. Regular evaluation of performance metrics is essential for continuous improvement in pricing decisions.
5. Customer feedback helps identify pricing blind spots and potential areas for growth."
49,1.3,1.45,62.12639906604684,34.095690716067566,18.637919719814054,15.343060822230402,"Maintain price competitiveness with the market leader and be prepared to adapt pricing based on their movements. Regularly monitor market trends and customer preferences to maximize sales. Explore opportunities to differentiate our product through quality, branding, or unique features that allow us to command a higher price.","- Experiment with finding an optimal price range that maximizes profit while attracting a sufficient quantity of sales.
   - Monitor competitor pricing strategies and adjust offerings accordingly, ensuring our product remains competitive without compromising profit margins.
   - Implement A/B testing different pricing models to optimize sales performance.",Pricing flexibility is crucial in managing market competition and staying profitable. It is essential to understand how customer preferences shift according to pricing changes by the competitor. Continuously adapting our strategy based on insights gleaned from sales data will help ensure long-term success in this competitive market.,"- Pricing may be more effective when taking into account competitor strategies and market conditions.
   - It is essential to closely monitor sales data to adapt to changing market dynamics effectively.
   - In some cases, offering a slightly lower price than the competition might drive sales growth."
50,1.2,1.5,74.51806840808356,22.444410887392287,14.90361368161671,11.222205443696144,Adopt a dynamic pricing strategy to stay competitive and respond rapidly to the competitor's moves. Use lower prices when appropriate but carefully consider potential impacts on perceived product value and profit margins.,"1. Continuously monitor and adjust pricing based on market conditions and competitor actions.
   2. Implement A/B testing for different price points to identify the optimal selling price while maximizing profits.
   3. Regularly update the pricing strategy through analysis of sales data, customer feedback, and market research.","Customers are price- conscious to some extent, with sales volume responding positively to lower prices, except in instances where higher prices coincide with a significant increase in the competitor's price.","- Lower initial pricing can help increase product appeal and compete against other offerings in a crowded marketplace.
   - There seems to be a threshold price that encourages higher transactions while maintaining profitability.
   - Frequent price adjustments may be necessary to remain competitive and maximize profits over time."
51,1.5,1.35,33.81286646295338,61.611059677241066,16.90643323147669,21.56387088703438,"To optimize pricing strategy, I suggest implementing a dynamic price range based on the competitor's price and maintaining sales volume at around 50 units per sale or more. This will involve periodically adjusting prices to maintain that target sales volume while maximizing overall profits.",Consider adjusting product pricing slightly lower than competitors and observing the impact on sales volume. Monitor competitor pricing and make adjustments as necessary to maintain an advantageous position. It may also be beneficial to offer special promotions or discounts during slow periods.,"Pricing too high can significantly reduce sales, but it may still generate relatively high individual profit values due to the higher markup compared to lower price points. However, increasing the number of units sold is crucial for maintaining profitability and market presence. Additionally, a dynamic pricing strategy allows us to adapt our pricing according to the competitor's moves and market demands.","Low prices seem to drive higher volumes, but it's essential to maintain a competitive edge by not lowering our price too drastically compared to the competition. Monitor competitor strategies and react accordingly to stay ahead in the market. Finding a balanced pricing strategy is crucial to maximizing sales while staying competitive."
52,1.37,1.35,46.21613111275967,50.06533715242285,17.099968511721084,17.522868003348,"To remain competitive and maximize sales, we should consider monitoring the competitor's pricing strategy closely and aim to match or slightly undercut them when possible. Emphasize market analysis and timely adjustments in our product pricing.",Consider implementing periodic price adjustments based on market trends and competition analysis. Introduce attractive deals during off-peak seasons to boost sales. Collaborate with others in the industry to explore possibilities of joint promotions to increase reach.,"Adjusting our price based on the competitor's strategy appears to have a positive impact on sales, but be mindful of the long-term effects of this approach on overall profit margins. Utilizing market research and trend analysis will help in determining when it is beneficial to vary from the competitor's pricing strategy.","Adapting our pricing strategy is necessary for maintaining profitability and retaining a competitive edge. Continuously monitoring market trends, customer preferences, and competitor actions will play a crucial role in making informed decisions regarding pricing."
53,1.37,1.49,58.84973490254086,36.415238569886476,21.774401913940125,17.843466899244373,"To increase sales without compromising profit too much, we should adopt a flexible pricing strategy. This strategy would involve adjusting the price to match or slightly undercut the competitor when necessary to remain attractive in the market, but maintaining higher prices on occasion to maximize profits.","- Develop a pricing strategy that aims to be competitive with the market while also capitalizing on any unique selling points we may have (e.g., quality, exclusive features).
    - Regularly review the competitor's prices and adjust our own accordingly to maximize profit and sales.
    - Conduct consumer research to learn more about consumer preferences and pricing sensitivity. This can help inform future pricing strategies and product development ideas.","The data indicates a need for a balanced approach between attractiveness and profitability when it comes to pricing strategy. Prices that are significantly higher than competitors may limit sales potential, while extremely low prices can lead to reduced profits. A flexible approach allows us to take advantage of competitive differentiation where possible, but also position our product as premium when appropriate.","- Lowering the price can lead to increased quantity sold, but it's important to find a balance between maximizing profit and increasing sales.
    - Competitive pricing plays a role in attracting customers, but offering too high a price compared to the competition can deter potential buyers (Rounds 10, 9, Round 1).
    - Unique pricing compared to the competitors might garner some advantage in terms of sales (Rounds 1-3, 5, 7 and 10), but the success varies based on the price difference."
54,1.45,4.0,90.02193872339629,0.0033461441509115663,40.50987242552833,0.010038432452734699,"- Monitor competitor pricing and adjust strategically based on market response
   - Consider introducing a premium product line at a higher price point (as demonstrated successful in round 1)
   - Investigate methods to appeal to budget-conscious consumers while maintaining profits","* Monitor the competitor's pricing strategy closely to find opportunities for strategic pricing that aligns with our own goals and profit margin constraints.
* Explore different pricing tiers and promotion strategies to enhance overall sales volume while maintaining a reasonable profit per unit sold.
* Conduct market research to understand consumer preferences and their willingness to pay for specific product offerings at various price points.","- The market is sensitive to pricing, with changes having a significant impact on sales volume and profitability
   - Consumers are willing to pay higher prices for certain premium items, but this trend does not hold true consistently over pricing rounds
   - Competitors' pricing plays an important role in shaping market dynamics and should be closely monitored","* Competitors with significantly higher prices (e.g., Round 10) can provide an opportunity for competitive pricing to gain market share.
* Sales volume is sensitive to the price-perception ratio between the company and its competitors. A smaller pricing difference can lead to a greater sales volume.
* The premium price strategy (e.g., Round 1) can be effective when there is perceived value or unique product differentiation that justifies a higher price. However, this should only be used sparingly to maximize profits and avoid negative associations with the brand."
55,1.35,1.5,61.611059677241066,33.81286646295338,21.56387088703438,16.90643323147669,"* Implement a data-driven pricing strategy targeted at finding the sweet spot between 1.2 and 1.6 for increased sales volume.
   * Continuously monitor market trends to adjust pricing accordingly.
   * Consider testing different price points within the identified range to find the optimal one for our product.","- Monitor competitor's pricing and quantity sold dynamics closely.
   - Keep track of how our pricing adjustments impact our market share.
   - Stay prepared to respond quickly to any noticeable changes in the market conditions.","* High-priced items sell poorly, while low-priced ones show strong sales. It may be worth testing lower pricing tiers.
   * Finding the right price point within 1.2 to 1.6 could significantly increase sales volume.
   * Monitor competition closely, as our competitors' price changes can impact demand for our product.","- Historically, higher prices have allowed us to maintain profitability, but market dynamics may warrant a different approach now.
   - Aggressive competitor pricing has led to decreased sales volume on occasion, but it seems they often adjust their strategy as well."
56,1.35,1.5,61.611059677241066,33.81286646295338,21.56387088703438,16.90643323147669,"Based on the data, it appears that competitive pricing is crucial in maintaining market share. The goal should be to find a sweet spot between maximizing profits and remaining competitive, balancing occasional aggressive pricing strategies with periods of stability at higher prices.","Given the data from previous rounds, it appears reducing the price tends to result in increased sales, leading to higher profits. Therefore, we should consider maintaining a competitive yet low-cost pricing strategy for our product. Continuously monitor sales trends and adjust prices accordingly based on factors such as competitors' prices, market demand, and production costs.","Price elasticity seems to be high for the item in question, as small price adjustments have a significant impact on quantity sold. Additionally, the competitive landscape plays a major role in determining the optimal price strategy. Analyzing competitor behavior and making swift reactions to changes in their pricing can help maintain market position and maximize profits.","Although lowering the price generally leads to higher sales, it is essential not to overlook potential long-term effects on profitability and brand image. The data demonstrates that maintaining a competitive price can lead to substantial sales growth over time, but excessive pricing concessions could dilute profits or harm the brand's reputation. It would be beneficial to further research factors like customer loyalty, switching costs, and elasticity of demand to balance short-term gains with long-term success."
57,1.5,1.42,39.801580403984666,54.81186143877726,19.900790201992333,23.020981804286443,"Consider developing pricing strategies that take into account both price and quantity as potential levers to optimize profits. Experiment with different pricing tiers and bundle offers to attract more customers at various price points. Additionally, continue monitoring customer behavior and competitor prices as market conditions may change.","- Investigate competitor pricing strategies more closely; understand if their lower prices are temporary or part of a larger strategy
   - Analyze the impact of large quantity discounts on sales
   - Track sales data to determine consumer response to price fluctuations","Pricing strategy appears to play a significant role in determining sales quantities. It is essential to consider the perceived value of your product as well as customer trends and market competition when setting prices. By experimenting with both price and quantity, you can find an optimal pricing point that maximizes profits.","- Competitive pricing can drive more sales, but not always at the expense of profitability
   - Lower prices may attract more consumers, but also encourage higher consumption by existing customers
   - Offering larger quantity discounts seems to increase sales and could be worth exploring further"
58,1.5,1.5,46.83105308334812,46.83105308334812,23.41552654167406,23.41552654167406,"Continue monitoring competitor's pricing strategy and adjust our pricng accordingly. Consider setting price points below the competitor when there is a significant difference in the offered price, but also evaluate when it would be beneficial to increase our own price to maintain profitability.","* Develop a pricing strategy that focuses on maintaining an average profit margin while staying competitive in the market.
   * Monitor the competitor's price changes more closely and adjust my prices accordingly.
   * Consider implementing a gradual decrease in pricing over time instead of large, sudden price decreases.","Price sensitivity of customers, need to adapt pricing strategy based on competitor's offerings. Maintaining a competitive edge while still ensuring profitability is crucial in this market. Keep an eye out for industry trends and adjust strategy accordingly.","* Aggressive pricing strategies may not be effective if competitors react swiftly with equally aggressive price changes.
   * Gradual adjustments in pricing can help maintain a stable profit margin while still keeping up with the competition.
   * Early high pricing can have negative effects on the overall sales performance, even if price reductions are made later on."
59,1.5,1.45,42.431529615710865,51.825987305584185,21.215764807855432,23.32169428751288,No plan found.,Adjust our pricing strategy to closely follow that of the competitor but with slight differences designed to attract more customers by offering better deals during certain periods or promotional events. Monitor the market closely and be ready to adjust prices as necessary.,No insight found.,"The data indicates that consumers are sensitive to price changes, and they tend to purchase our product in higher quantities when it becomes more affordable compared to the competitor's offering. There may also be opportunities to capture additional market share through limited-time promotions or discounted pricing. However, consistently selling our product at a lower price could negatively impact profitability if cost structures remain constant. The competitor seems to have a lower base price but may be less profitable due to the volume of units sold at that price."
60,1.5,46.0,88.07970779778825,4.369765046209243e-76,44.03985389889412,1.9663942707941592e-74,No plan found.,"Going forward, it is essential to maintain a lower price compared to the competitor while keeping an eye on market trends. Implementing occasional minor increases, such as in Rounds 9 and 10, could potentially yield increased sales, but this strategy should be used sparingly due to its potential impact on overall unit sales.",No insight found.,"Despite fluctuating prices, maintaining a competitive advantage has proven crucial for achieving high unit sales consistently. Additionally, keeping track of market trends by monitoring the competitor's pricing may provide valuable insights in future pricing decisions."
61,1.49,1.4,39.01132620042435,55.91608134407671,19.11554983820793,22.36643253763068,"To maintain a competitive edge, we should continue to monitor our competitor's pricing strategy and make adjustments as necessary. We should consider targeting mid-range prices that allow us to maximize sales while maintaining profit margins.","Maintain a competitive pricing strategy, yet keep a slightly higher price than our competitor to maintain profitability. Monitor market responses and adjust accordingly.","Lowering our price can result in increased sales, but it should not come at the expense of profitability. Additionally, understanding our competitor's pricing strategy is crucial in remaining competitive and adapting our own pricing accordingly.","- Our high-price strategy seems to have some success in attracting customers (e.g., Round 17 when we charged 1.52 while our competitor was at 1.38).
   - Matching the competitor's price can work if they set a much lower price, such as in Rounds 10 and 13-14 (where competing on price helped us obtain a larger customer base; however, this may reduce our profitability).
   - It appears that a significant price difference could drive customers away (for example, Round 2 where we charged an unusually high price compared to the competitor), which should be avoided."
62,1.5,1.5,46.83105308334812,46.83105308334812,23.41552654167406,23.41552654167406,"- Monitor competitor's price strategy more carefully
- Evaluate the pricing floor and ceiling in this market
- Plan for future changes based on market trends",Consider experimenting with lower prices to see how they might impact sales volume and maintain or improve profitability.,"- Competitor is sensitive to price changes, requiring continuous monitoring
- Market is flexible enough for both high and low price points
- Potential for long-term success with strategic adaptation and timely pricing adjustments","Prices above 1.5 tend to lead to considerably fewer sales, while still maintaining a relatively high profit margin. Lowering our price may result in increased sales volume without sacrificing profit."
63,1.45,2.0,81.85943264284752,9.070283678576237,36.83674468928138,9.070283678576237,"- Monitor competition's pricing strategies and adjust accordingly.
   - Identify opportunities for unique selling propositions that may allow us to charge a premium.
   - Consider offering promotions when the competitor raises their prices in order to gain market share.",Consider adjusting our pricing strategy to align more with the competitor's luxury image. This could potentially increase perceived value and market positioning. Monitor sales volume and overall profits after implementation of this strategy.,"- Competitor is sensitive to pricing and adjusts quickly based on consumer demand.
   - Unique selling propositions can help justify higher prices.
   - Promotions may be effective in gaining market share during price wars with competition.","Prices below the competition lead to higher sales volume, but lower profit margins (round 6). Higher prices could potentially lead to less volume but preserve or even increase profit margins (as seen in round 3 and 4)."
64,1.5,1.5,46.83105308334812,46.83105308334812,23.41552654167406,23.41552654167406,"To maintain profitability while maximizing sales volume, we should adapt our pricing strategy by monitoring competitors' moves closely and adjusting our prices accordingly. We will position ourselves just slightly below their adjusted price to stay competitive but still attract a larger proportion of customers.","- Monitor market competition closely
   - Observe price trends to establish optimal pricing range
   - Regularly adjust prices to stay ahead of the competition
   - Conduct targeted promotions to boost sales during slower periods","The data suggests that price competition can be beneficial when it comes to gaining market share, as we have seen increased sales quantities as our prices approached the competitor's lower range without fully matching their low-price strategy.","- Lower prices may result in increased unit sales volumes
   - Maintaining a competitive price is crucial for success in this market
   - Market trends seem to favor lower prices over longer periods, with occasional higher pricing to create promotions and attract more customers
   - Aggressive pricing strategies do not seem to be profitable in the long term due to low profits per unit sold"
65,1.45,1.5,51.825987305584185,42.431529615710865,23.32169428751288,21.215764807855432,"- Consider lowering the product's price slightly below the competition, while still maintaining a reasonable profit margin, in order to attract more sales and boost overall volume.
   - Monitor competitor pricing changes closely and be prepared to react accordingly by adjusting our own prices swiftly.","It would be beneficial to conduct a more detailed market analysis to gain insights into pricing strategies of competitors and determine the optimal pricing strategy that balances sales volume and profitability. Additionally, consider testing different pricing approaches in smaller groups before implementing widespread changes.","- Lower price sensitivity leads to increased sales volumes when the product is priced comparatively lower than competitors.
   - Maintaining a high price may lead to lower overall earnings if sales volume is not sufficient.
   - Price fluctuations should be made carefully and strategically, taking into account both short-term profit gains and long-term effects on the market share and positioning of the product.","Maintaining a competitive edge necessitates finding a balance between the price sensitivity of consumers and maximizing profit. Keep in mind long-term market trends as well as short-term fluctuations. It is important to remain adaptable to changing market conditions, while maintaining brand value and identity. Be mindful of how the pricing strategy affects not only sales volume and profit but also market share compared to competitors."
66,1.5,1.5,46.83105308334812,46.83105308334812,23.41552654167406,23.41552654167406,"* Continuously monitor the pricing strategies of competitors
   * Be mindful of consumer reactions to pricing changes and adjust accordingly
   * Consider implementing promotions or discounts during periods of increased competition","- Monitor market trends and competitors' pricing strategies for opportunities to adjust prices
- Consider offering discounts or promotions to boost sales when our competitor's price is significantly higher
- Maintain a competitive price where possible while maximizing profit margins","* Consumers are responsive to price reductions, as evidenced by increased sales when the price dropped from $3.49 to $1.2
   * The long-term success of a business may require finding a balance between competitiveness and profitability
  	* It's crucial to closely monitor and anticipate the pricing moves of competitors","- Adjusting our price strategically could help us secure more market share, but it requires careful consideration of market demand and competition dynamics (Example: Rounds 1 and 2)
- Higher prices may lead to lower quantities sold in most cases, but not necessarily in every situation (Example: Round 14)
- Carefully managing price increases can generate profits when our competitor's price is significantly higher (Example: Round 1)"
67,1.52,1.35,32.046303633764204,63.25548514298283,16.664077889557387,22.139419800043996,"Analyze pricing trends and adjust prices strategically based on factors like competition, demand, and seasonality. Continuously monitor sales data to optimize pricing decisions.","To remain competitive in this market, I should also analyze market trends and adjust pricing accordingly. Monitoring the price point at which demand starts declining can help me set an optimal price that maximizes sales while maintaining a healthy profit margin. Additionally, establishing strong relationships with suppliers to ensure reliable access to materials or components could help me better control supply and ultimately, market position.","The sweet spot for this product appears to lie between $1.25 and $1.6, with higher profit margins at around $1.49 - $1.52. Aggressively pricing products too low may not yield the best profits due to limited quantity sold, while pricing too high can lead to reduced sales volume as well. It's crucial to strike a balance between meeting market demand and maximizing profit margins.","Observing the competitor's pricing strategy reveals that they are sensitive to demand-supply dynamics. Understanding these insights can help me adapt my own pricing approach to be more reactive in the short term while also strategically planning long-term moves based on anticipated market conditions. Collaborating with suppliers, forecasting demand, and adjusting production levels could further support my position in the market."
68,1.49,15.0,88.49332679544501,3.003562822735608e-22,43.361730129768056,4.2049879518298516e-21,"- Monitor competitor pricing closely to maintain a competitive advantage. When a rival lowers their price, consider adjusting our own price accordingly, but aim to keep a slight premium.
   - Look into market research to identify any trends or factors influencing consumer behavior and preferences that could help inform our pricing strategy.
   - Explore potential partnerships with complementary businesses as a means of leveraging combined resources for marketing efforts.","Implement a more strategic pricing approach that adjusts based on the competitor's actions, taking advantage of opportunities to undercut them when their prices are higher (e.g., Rounds 1-9) and setting a premium price when our product appears superior (e.g., Round 10). Keep an eye on the impact of pricing changes on sales volumes to adjust accordingly.","- Pricing is a critical aspect of the market dynamics, with competitor interactions playing a key role in determining our optimal pricing strategy.
   - Adopting a flexible and adaptive approach to pricing can help us respond effectively to fluctuations in competitive landscape.
   - Understanding consumer preferences and willingness to pay for different product qualities would enable us to optimize profitability across price tiers.","A more strategic pricing approach is necessary to gain a competitive advantage in the market. By monitoring competitor actions and adjusting our pricing accordingly, we can maximize our profit potential while still offering competitive prices to customers. Additionally, it's crucial to remember that pricing strategies should be tailored to individual product offerings based on their unique perceived value."
69,1.5,1.5,46.83105308334812,46.83105308334812,23.41552654167406,23.41552654167406,"- Analyze the competitors pricing strategies and identify opportunities to differentiate ourselves through quality or additional features.
   - Develop marketing campaigns focusing on showcasing our superior product features and highlighting their added value to the customer.
   - Implement a dynamic pricing strategy that adapts to the competitor's movement in the market and adjusts based on potential sales growth opportunities.","* Monitor competitor's pricing strategies closely to optimize our own pricing.
* Consider offering loyalty programs or discounts to encourage repeat customers.
* Evaluate the cost-effectiveness of lowering prices to boost sales volume, while also ensuring profitability.
* Explore alternative marketing strategies, such as partnerships or promotions, to attract new customers.","- Identifying the optimal price range where our product sells better is crucial for increased sales. (1.4 to 1.7)
   - Differentiating ourselves from competitors through quality or unique features could give us a competitive edge and potentially charge a premium price.
   - Keeping an eye on the competitor's pricing strategies is essential in order to adapt our approach as needed.
   - Focus on marketing campaigns that emphasize our product's superior qualities rather than solely relying on price points.","* A mid-range price might be optimal to maximize sales volume, but could result in lower profits compared to higher pricing.
* Low prices may initially increase sales volume but could strain profitability if not balanced with cost management.
* Pricing responsiveness to market conditions might help maintain demand and avoid significant price disparities with competitors.
* Maintaining a strong relationship with targeted customer segments can encourage repeat business and improve overall profitability."
70,10.0,1.5,1.5096055384238583e-13,88.07970779778812,1.3586449845814725e-12,44.03985389889406,Experiment with lower pricing to increase sales without significantly sacrificing profits. Monitor competitor pricing trends closely and adjust accordingly.,"- Continue monitoring competitor pricing and adjust mine based on market conditions and unique selling points.
   - Increase marketing efforts to differentiate myself from competitors and highlight the value of my product.
   - Consider offering a loyalty reward program or package deals to encourage repeat customers.","Lower prices seem to result in increased volume of sales, while higher prices may result in negligible or limited sales. There seems to be a sweet spot for competitive pricing that balances both quantity sold and profit margin.","- There is potential for increasing profit margin by adjusting pricing strategy based on competitor actions and USP promotion.
   - Marketing efforts need to be improved to stand out in the competitive marketplace.
   - Creating a loyalty program could help attract repeat customers and increase overall sales."
71,1.49,1.5,47.8281671691674,45.95279791014791,23.435801912892025,22.976398955073954,"Consider implementing a pricing strategy that adjusts dynamically based on competitors' movements, market trends, and sales volume targets to maximize both profitability and market presence.","- Continuously monitor and adjust pricing to stay competitive in an ever-changing market environment.
   - Regularly analyze customer buying tendencies and price sensitivity.
   - Explore offering value-added services or features to justify a premium price.
   - Keep track of competitor pricing movements to make informed decisions.","Monitoring competitors' pricing strategies is crucial to maintaining competitiveness. Aim for finding the right balance between profitability and market share by analyzing pricing patterns in response to changes in demand, cost, and competition. Adjust prices based on these factors to stay competitive.","- Pricing adaptability is critical in maintaining a competitive edge.
   - Customer analysis and understanding can help make strategic pricing decisions.
   - Value-added services or features can help justify higher prices.
   - Keeping an eye on the competitors' pricing movements will provide important insights for strategic planning."
72,1.45,1.49,50.943811872294404,43.411452873238815,22.92471534253248,21.27161190788702,"1. Adjust our pricing approach by offering consistently lower prices within a targeted range compared to the competitor. This should help drive sales and increase market share despite potential margin compression.
2. Consider leveraging promotions and discounts strategically to further incentivize customer purchases while fostering loyalty programs to retain customers.
3. Focus on our strong product positioning by highlighting the unique benefits and features of our offerings relative to those of the competitor in every communication and marketing campaign.
4. Conduct regular market research to stay abreast of competitor strategies, customer preferences, and industry trends in order to optimize pricing decisions.","Based on the pricing trends observed so far, it appears that maintaining a competitive yet slightly lower price point compared to the competitor could give us an advantage. We should closely monitor the fluctuations in our competitors' pricing and adjust our own accordingly. Keep an eye out for opportunities to raise prices when the competitor's price is higher than ours without causing a significant reduction in volume sold.","1. Lower cost-based prices can help drive sales and increase market share, but may impact profit margins. It is important to consider the trade-off between short-term revenue increases and long-term business sustainability.
2. Building a strong brand identity and emphasizing unique product features can set us apart from competitors and help establish customer loyalty over time.
3. Leveraging promotions and discounts tactically can be effective in attracting new customers, but should not compromise overall pricing strategy or profitability without proper planning.
4. Ongoing market research is essential to ensure that pricing decisions remain informed by current industry trends and competitor actions.","Pricing seems to play a role in determining sales volume, with lower pricing generally leading to more units sold. However, other factors such as quality, marketing efforts, and customer satisfaction must be considered as well. Pricing should not be the sole focus; instead, our strategy should strive for a balance between profitability and competitiveness. It's also important to note that maintaining lower prices does not always guarantee higher sales volumes."
73,1.42,1.5,54.81186143877726,39.801580403984666,23.020981804286443,19.900790201992333,"- Analyze past pricing strategies and identify the periods where we had higher-than-competitor sales, noting the quantities sold. This could give us insights into how volume may play a role in our competitiveness.
- Explore the possibility of reducing prices slightly to stay competitive while maintaining reasonable profit margins based on the ideal sweet spot identified above.",Analyze historical pricing data to identify trends and patterns in competitor strategies. Utilize this knowledge to create effective pricing plans that cater to both short-term sales goals and long-term market share growth.,"- Competitor pricing changes seem to have a significant impact on sales. Lowering our price point seemed to increase our sales but not as drastically as the competitor when they did it.
- Volume of products required for competitiveness and maintaining profitability seems to be vital and should be taken into account more closely in future pricing strategies.","Competitors' pricing strategies are heavily influenced by their competitors' actions, with both using price adjustments as a tool for gaining (or maintaining) market share. Understanding these patterns can provide valuable insights that guide more successful pricing decisions in the future."
74,1.49,1.5,47.8281671691674,45.95279791014791,23.435801912892025,22.976398955073954,"- Maintain current pricing strategy, but pay close attention to competitor actions and adjust accordingly.
   - Consider implementing more dynamic pricing based on real-time data and customer behavior to better counteract the competitor's moves.
   - Monitor the effect of varying initial prices in different scenarios to explore potential opportunities for increased profits without sacrificing market share.",Modify pricing strategy to target a lower price to increase quantity sold and maximize profit. Analyze competitor pricing trends to identify the optimal range within which we can compete effectively.,"- Competitor is more aggressive with their pricing strategy, often setting higher but also lower prices compared to our company.
   - Introducing a strategically high price can sometimes work in boosting profits, but it needs to be timed appropriately and not overused to avoid alienating customers.
   - The need for maintaining (or increasing) market share as well as maximizing profits must be balanced when setting prices.
   - Dynamic pricing based on real-time data and customer behavior may help in tailoring the pricing strategy to better counteract the competitor's actions.","A lower price may lead to higher quantities sold, resulting in increased total profits. However, it is important to strike a balance between competitiveness and financial sustainability. Monitor price changes among competitors to adjust our strategy accordingly."
75,1.5,1.5,46.83105308334812,46.83105308334812,23.41552654167406,23.41552654167406,Consider implementing dynamic pricing strategies that take into account competitor prices and demand levels. Regularly monitor sales data to adjust price accordingly.,"- Monitor competitors' pricing strategies closely and adjust my prices accordingly
   - Offer limited time promotions or discounts when necessary
   - Improve cost management to maintain a healthy profit margin during price drops",Lowering product prices can lead to increased sales quantity and high profitability as long as the cost of goods remains constant. It is important to closely watch competitor prices and demand trends to make informed decisions about pricing strategy.,"- Customers are sensitive to higher prices in this market, so frequent price reductions can increase sales
   - Competitor seems to be adjusting their pricing based on my own actions"
76,1.5,1.49,45.95279791014791,47.8281671691674,22.976398955073954,23.435801912892025,"- Adjust pricing strategy to meet the competitive market prices without compromising profitability
   - Investigate ways to reduce production costs and improve efficiency to maintain a price competitiveness
   - Explore options to improve product quality or add value to entice more customers","- Study market trends more closely to stay informed about competitor moves and adapt prices accordingly.
   - Test different price points in the future to discover the optimal balance between sales quantity and revenue generation.","- Lower prices can attract a larger customer base but must be balanced with maintaining profitability
   - Being perceived as high-quality is important in justifying higher price points, but it may not always be achievable or sustainable
   - In order to succeed in this market, adjusting pricing strategy and working on reducing costs while improving efficiency will likely be necessary.","- Consumers are sensitive to price changes, even large ones – they appear to be less price-sensitive at higher price levels but still respond to more competitive pricing when available.
   - Competitor actions impact overall sales outcomes. It's crucial to monitor and adjust prices based on competitor dynamics."
77,1.5,1.45,42.431529615710865,51.825987305584185,21.215764807855432,23.32169428751288,"As the information provided only shows past data, future plans can be developed by analyzing the trends. For example, keeping a close eye on competitor's pricing and making informed decisions based on that while also ensuring sales volume remains sufficient to maintain profitability.","- Maintain a dynamic pricing strategy
   - Keep an eye on competitor's movements and adjust our own pricing accordingly
   - Continuously monitor changes in demand and supply to make informed decisions","Pricing has a direct impact on both quantity sold and profit; higher prices might generate more profits, but might not necessarily lead to increased sales volume. It's essential to compare price points with the volume sold and profit earned to make informed pricing decisions. Sometimes selling at lower prices can result in decent profit when the quantities are high enough.","- The relationship between product price and the quantity sold can be used to optimize prices for maximum profit
   - Competitive pricing is essential for a successful business in this market
   - Adopting a flexible pricing approach can help better respond to changes in consumer behavior and market conditions"
78,1.5,1.48,45.07301567520616,48.82701498206152,22.53650783760308,23.436967191389527,"To remain competitive in this market, it is essential to adjust our pricing strategy based on our competition's pricing and the target audience's buying behavior. A dynamic pricing approach may help optimize profitability while maximizing sales volume in different market conditions.","Based on our sales volume data, it appears that prices above 1.4 are more profitable in some instances, provided the sales quantity remains relatively high (rounds 17, 16). However, maintaining a lower price can also be beneficial if it leads to increased sales quantity (e.g., rounds 20 to 15 inclusive). In light of this, a strategic pricing approach would involve adjusting prices based on market dynamics, while ensuring that the average price remains relatively low compared to the competitor to secure our competitive advantage in price sensitivity. We should experiment with slightly higher prices and monitor changes in sales quantity to optimize overall profitability.","Market research has shown that customers are more price-sensitive, and a higher price point does not necessarily guarantee more sales or higher profits. Offering competitive pricing encourages more potential customers to consider our product and make purchases. It is crucial to keep track of the competition's prices and adjust our own to remain attractive to our target audience while maintaining desired profit margins.","The pricing strategy appears to have an impact on customer behavior, as shown by the increased sales quantity following price reductions (rounds 16 to 15 and earlier rounds). Additionally, customers seem to be more sensitive to increases in our prices when the competitor's are not substantially different; this suggests that maintaining a consistent price advantage over the competitor is crucial. The data also indicates that there may be a ceiling for profitability beyond which further price increases do not lead to proportional sales quantity increases (round 17)."
79,1.37,1.3,41.60444342361356,55.04807941948933,15.393644066737021,16.5144238258468,No plan found.,"We should consider adjusting our price strategy based on the observed pattern. A small price reduction might encourage more sales while maintaining profitability, especially now that we've noticed a competitive pricing trend around 1.2 - 1.5. Additionally, we may examine alternative ways to increase product differentiation and customer appeal to sustain revenue in a competitive market.",No insight found.,"Competitors are offering similar prices at 1.05 to 1.35, with the majority of transactions occurring between 1.2 - 1.5. This pattern suggests that customers may be sensitive to slight price changes and prefer lower prices. We need to strike a balance between maintaining profitability and attracting customers through competitive pricing."
80,5.0,1.35,4.248009559072613e-05,93.08611842257643,0.00016992038236290452,32.58014144790176,"To remain competitive and grow market share, focus on marketing efforts to highlight the quality and unique aspects of our product over the competition. Aim to decrease the price by a small amount in each round while maintaining profits.","- Continue to lower the price of the product to remain competitive and increase sales, while still maintaining profitability.
   - Monitor competitor prices closely to respond swiftly to any changes in their strategies.
   - Explore opportunities to differentiate our product from competitors' offerings to create a unique selling proposition and potentially command higher prices.",Our high-priced product is not competitive in the market but has its moments when it can yield a higher profit due to smaller competitor offerings or extreme pricing from competitors. A flexible pricing strategy is important to capitalize on these pockets of opportunity while also staying price-competitive for long-term growth and market share expansion.,"- Price sensitivity exists among consumers, as they tend to buy more when the product is priced lower than the competition.
   - A competitive pricing strategy leads to higher sales volume and increased market share.
   - Differentiating our product from competitors' offerings could help us command premium prices in the future."
81,1.5,1.5,46.83105308334812,46.83105308334812,23.41552654167406,23.41552654167406,"In order to remain competitive and maximize sales, I would recommend adjusting our pricing strategy dynamically based on market trends. Monitor competitor's prices closely and be prepared to lower our price temporarily if it allows us to capture a larger share of the market when suitable opportunities present themselves.",No plan found.,"The data indicates that in pricing rounds where we were more competitive with lower prices, higher quantities of our product were sold compared to those instances when we had a higher price point. This suggests that maintaining a slightly lower price may result in increased sales volume and profitability over the long term, making it an essential aspect of our overall strategy.",No insight found.
82,,1.5,,,,,Consider strategies based on monitoring competitor's pricing actions and adjusting our own accordingly to optimize both quantity sold and profit margins while maintaining a competitive advantage.,"Adjust my pricing dynamically based on market conditions and competitive landscape, aiming to maintain a balance between sales volume and profit margins while keeping in mind the price elasticity of demand and customer preferences.","A higher price might not always yield more profits if it leads to lower quantities sold, and it is essential to find an acceptable balance between the two for maximum returns. It's also important to be aware of competitor pricing dynamics and adapt our strategy accordingly to ensure profitability and market share.","The market is sensitive to high prices when there's competition at those levels but can tolerate higher prices in the absence of direct competition. Monitor competitor strategies closely, especially when their pricing deviates significantly from the norm. In future research, explore potential customer preferences that can be used to develop more effective pricing strategies."
83,1.35,1.45,57.319938930185806,38.4227041024422,20.061978625565036,17.290216846098986,"- Monitor our competitors' pricing strategies closely to stay competitive
   - Maintain awareness of consumer sensitivity to pricing changes
   - Investigate potential partnerships to lower production costs while maintaining product quality
   - Enhance brand reputation by highlighting the unique value or benefits our product offers
   - Consistently evaluate sales volume for each price change and assess its impact on profitability","In future pricing rounds, consider further adjustments according to the competition's price movements. Regularly evaluate our product differentiation strategy to ensure that competitive advantages provide additional value despite lower prices.","- Price elasticity is a significant factor for this product (sales volumes decrease as prices increase, but still maintain some level of consumer interest)
   - Consumers are likely to compare prices and make purchasing decisions based not only on cost but also on perceived value and reputation
   - Maintaining competitiveness in pricing is essential to our long-term success in this market, while ensuring we remain profitable by achieving the right balance between cost and sales volumes.","Lowering our price boosted our market share when faced with higher-priced competitors, but it also affected profitability. We need to strike a balance between competitiveness and profitability by capitalizing on unique features that justify higher pricing whenever possible. Monitor the competition's strategies closely and adjust our approach accordingly."
84,1.5,1.5,46.83105308334812,46.83105308334812,23.41552654167406,23.41552654167406,"Plan for next pricing round: Based on the observed trend, consider reducing the price slightly to remain competitive while maintaining profitability. It is important to monitor sales and adjust the strategy accordingly if necessary.","The pricing strategy should capitalize on competitive pricing discrepancies and adapt accordingly, leaning towards higher prices during periods of lower competitors' offerings while remaining price-competitive when facing premium priced competitors. It is crucial to keep track of competitor actions and adjust the strategy rapidly in response.","Insights: The company's price seems to have some impact on sales quantities. Lower prices may lead to increased sales, but a balance must be struck between maintaining profitability and staying competitive. Marketing efforts appear to play a key role in persuading customers to purchase at higher prices.","Adopting a dynamic pricing strategy that includes monitoring competitor moves, and quickly responding with appropriate price adjustments can lead to increased profitability over time. Additionally, understanding customer perception of value and how it relates to relative pricing is essential in optimizing the chosen price point."
85,1.25,1.2,44.02978510733729,53.77810097130135,11.007446276834322,10.755620194260267,Consider further lowering product prices within a reasonable range (1.0 - 1.4) to increase sales and compete more effectively with the market. Maintain the current product quality standard.,"```
   - Maintain competitive pricing by monitoring competitor's prices.
   - Test various pricing tiers to see which one generates the most sales.
   - Adjust pricing strategies based on customer demand and market conditions.
   ```",Price sensitivity is crucial in our market. Lowering our price can help boost unit sales but may impact profit margin. Keep an eye on competitor pricing strategies and make adjustments accordingly to capitalize on their weaknesses.,"```
   - Customers are responsive to price reductions, increasing sales when the price is lowered.
   - It's essential to monitor competitor pricing to ensure price competitiveness.
   - Aggressively low pricing may temporarily increase sales but might affect profit margins in the long run.
   ```"
86,1.45,1.42,44.67676341680587,50.37291009120526,20.104543537562638,21.156622238306205,"For future pricing rounds, we should continue matching or slightly undercutting competitor's prices while also keeping an eye on maintaining margins considering cost structures. It is important to analyze market trends and consumer preferences to adjust our strategy as necessary.",No plan found.,"We may want to explore ways to entice customers with promotions or discounts at lower price points to boost sales volume, especially when competition is fierce. Additionally, investigating consumer preferences beyond mere pricing could provide insight into identifying niches in which our product stands out compared to the competition.",No insight found.
87,1.45,1.25,29.97292767073998,66.70597727797623,13.48781745183299,16.676494319494058,"* Continuously monitor and analyze competitors' pricing strategies.
   * Regularly assess and adjust pricing to maintain a competitive edge while ensuring profitability.
   * Investigate methods for increasing the perceived value of our product to justify higher prices when appropriate.","We should continue monitoring the competitor's pricing strategy as it appears to have a significant effect on our own product demand, suggesting that adjusting our prices in response may be beneficial. Additionally, we should investigate potential market segments where our product could be priced differently based on perceived value or quality.","* Consumer sensitivity to price changes is present, but the relationship between price and quantity sold isn't always straightforward.
   * It may be beneficial to consider a dynamic pricing strategy that takes into account current market conditions and competitor behavior.
   * Finding an optimal pricing balance can help maintain profitability while also appealing to consumers.","It's essential to observe the dynamic nature of market competition by keeping an eye on competitors' pricing strategies and adjusting our own prices accordingly. This strategy, along with focusing on a specific market segment where we can offer competitive advantages, may help increase overall demand for our product."
88,1.25,1.45,66.70597727797623,29.97292767073998,16.676494319494058,13.48781745183299,"To increase sales and maintain profitability, I recommend a price point that minimizes lost market share while maintaining competitiveness. Additionally, consider introducing a promotional strategy or value-added services to attract customers despite lower prices.","- Implement more competitive pricing to match or slightly undercut the competition
   - Continuously monitor competitor's pricing to quickly adjust according to market changes
   - Conduct further research on possible customer segments and their price sensitivities to understand optimum pricing strategies
   - Regularly review profits alongside sales volume data to ensure pricing decisions aren't adversely impacting profitability","Lowering the price is not an effective long-term strategy if it results in diminished sales volume. To remain competitive, analyze customer preferences, costs, and the competition's reaction to pricing adjustments and leverage this information when determining pricing strategies.","- Competitors with slightly higher prices still achieve high volume sales, suggesting that there is a demand for these products
   - Pricing plays a crucial role in attracting customers, but maintaining adequate profit margins should also be considered
   - Balancing price competitiveness and profit maximization requires a thorough understanding of market dynamics and customer preferences"
89,1.4,1.45,52.37113710702589,42.87786052318553,20.94845484281035,19.295037235433487,"- Carefully monitor competitor prices and adjust own pricing accordingly
   - Analyze historical data to predict future trends
   - Consider running promotions or discounts during periods of lower sales","- Continue monitoring the competitor's pricing strategy
- Anticipate and respond quickly to premium offerings from the rival
- Plan to lower prices strategically when necessary to maintain market share","- A more competitive price generally leads to a higher quantity of items sold
   - It is essential to monitor competitor prices and adjust own strategy accordingly
   - Adopting a proactive approach by using historical data to inform future pricing decisions can lead to increased success","- The competitor is flexible in its pricing strategy, adjusting prices up and down to achieve market objectives
- The competitor may be targeting different customer segments with various pricing approaches"
90,1.3,1.35,53.20448439561373,43.56014757634656,15.961345318684122,15.246051651721299,Maintain a pricing strategy that balances competitiveness with profitability by adjusting prices based on the competitor's actions. Consider offering competitive prices when the competitor is priced higher and incrementally increasing the price during periods of lower competition. Monitor sales numbers closely to ensure new pricing decisions lead to desirable outcomes.,"To remain competitive, we should consider implementing a more flexible pricing strategy, taking into account market conditions and competitor actions. We may want to lower our starting price to attract more customers initially while ensuring profitability through volume.","Our pricing strategy appears to be effective in terms of sales, as we managed to out-sell our competitor in many instances when prices were similar or slightly higher. Conversely, when prices are significantly different, the quantity sold changes drastically, suggesting that consumers are sensitive to price differences. It's crucial to strike a balance between competitiveness and profitability to drive sales and maintain market position.",Price flexibility has proven effective in increasing sales for our competitors. Analyzing customer behavior with different pricing tiers could provide valuable insights on ideal pricing ranges and the impact of promotions on overall sales volumes. Adjusting prices in response to market competition is essential for long-term success.
91,1.35,1.5,61.611059677241066,33.81286646295338,21.56387088703438,16.90643323147669,"```
   Analyze historical data to identify trends in competitor's pricing strategy and its impact on our product's sales volume and profit earned.
   Determine the optimal price point where we can maintain or increase market share while maximizing profits.
   Regularly monitor competitor pricing changes and adjust ours accordingly.
   ```","- Identify and target the segment of consumers who are willing and able to pay a higher price for the product.
   - Consider offering lower-priced versions or tiers of the product to appeal to a wider market.
   - Conduct market research to gather additional data on customer preferences regarding pricing and product features.
   - Monitor competitor pricing strategies and adjust our own accordingly.
   - Implement marketing campaigns to raise brand awareness and positioning in the market.","```
   Over time, a higher price does not always lead to greater profitability as observed in Rounds 10, 9, and 7. In fact, it seems that a moderate price point around 1.35 - 1.5 helps increase sales volume (Rounds 4, 5) with the potential for greater profits (Rounds 3, 6).
   Being aware of competitor pricing changes is essential to remain competitive in the market and adjust our own pricing accordingly.
   Understanding historical pricing trends can help inform future pricing decisions that maximize both sales volume and profit earnings.
   ```","- The high initial price of $2.00 may be prohibitive for some potential customers, but there is evidence that suggests a segment of the market values this product enough to pay such price.
   - Offering lower-priced tiers or versions may help expand our customer base and increase overall sales.
   - Market research will help gather more specific information about customer preferences, allowing us to tailor our pricing strategy accordingly.
   - Competitor pricing strategies must be closely monitored as their actions can greatly impact our own pricing decisions.
   - Marketing efforts must be focused on raising brand awareness and positioning the product in the marketplace to appeal to our target audience."
92,1.5,1.49,45.95279791014791,47.8281671691674,22.976398955073954,23.435801912892025,"```
- Observe competitor's pricing and sales patterns closely
- Adjust our pricing based on market trends while maintaining reasonable profit margins
- Consider offering promotional deals or discounts to incentivize customers when necessary
```","- Monitor competitor pricing and identify trends to better understand their strategies.
   - Analyze the correlation between price changes and sales volume to assess potential impact of price adjustments.
   - Experiment with competitive pricing when appropriate, while taking into account production costs and product quality.","```
- The market appears to be moderately competitive, with both companies offering similar products
- Customers are price-conscious and may be more likely to purchase from the company with the lower cost option
- Keep a close eye on competitor strategies to adjust our pricing accordingly
```","- Competitor pricing is inconsistent, creating opportunities for strategic adjustments to my own pricing.
   - Lowering prices is not always necessary to increase sales volume, especially if I can maintain product quality and offer a unique value proposition.
   - The competitor's pricing range (1.05-3.49) leaves room for further exploration of price points within this range."
93,1.4,1.5,56.78469177742147,38.063917206360735,22.713876710968584,19.031958603180367,"- Continue monitoring competitor pricing strategies closely and adapt accordingly to maximize sales.
- Consider testing a more aggressive pricing strategy within the 1.2 - 1.6 range, as it appears to be successful in attracting more customers.
- Further analyze the impact of price changes on quantity sold and adjust prices dynamically based on those insights.","Adjust pricing strategy based on competitor's moves, maintaining competitive edge while maximizing profit. Flexibility and swift responsiveness are key in this dynamic market.","- Lower-priced items (below 1.2) tend to result in lower quantities sold compared to products within the 1.2 - 1.6 range.
- Competitors with higher prices (above 1.6) do not necessarily sell more units, despite offering unique features or benefits.
- Sales seem to drop significantly when pricing approaches or exceeds 2.0 unless there are other compelling factors driving purchasers.","Price reductions lead to increased sales, but may affect profit margin. It is crucial to monitor competition closely and make informed decisions about pricing adjustments."
94,1.45,1.5,51.825987305584185,42.431529615710865,23.32169428751288,21.215764807855432,"With the upcoming pricing round, we need to analyze the data more closely. It seems our current strategy of higher prices isn't leading to increased sales volumes, so we should consider lowering our price slightly while still maintaining a reasonable profit margin. We will monitor the situation carefully in future rounds, as continued evaluation and adjustment may be needed for optimal results.","- Continue to focus on highlighting our competitive advantages through targeted marketing, but explore new marketing channels to reach additional market segments (e.g., social media advertising).
- Experiment with offering a lower-priced tier to attract budget sensitive customers and encourage repeat purchases from our existing customer base.
- Offer limited-time promotions at discounted prices as part of our product launch or during special events, to generate sales volume and raise brand awareness.
- Collaborate with complementary businesses or influencers to promote our product to their audiences (e.g., joint webinars, in-store events).","Our product appears to have strong demand at lower prices. However, we must balance customer attraction with our need to generate revenue. Lowering prices slightly could help increase sales while still maintaining a reasonable profit margin. It is important that we stay competitive in the market and constantly review our pricing strategy based on data trends.","- Our premium-priced product has shown strong demand during certain periods, indicating a potential customer base that values quality and is less price-sensitive.
- A more affordable pricing strategy could help us tap into the budget-conscious market segment and potentially capture a larger share of the overall market.
- Continued monitoring and analysis of both competitor pricing strategies and consumer buying behavior will be critical to successfully implement new pricing tactics."
95,1.5,1.5,46.83105308334812,46.83105308334812,23.41552654167406,23.41552654167406,"In order to optimize profit margins, it's essential to balance strategic pricing with maintaining reasonable quantities sold. Consider offering competitive yet profitable pricing that aligns with the product's perceived market value. Regularly monitoring and adjusting prices based on sales trends is crucial.",No plan found.,"Aggressively low pricing can boost sales volumes significantly, but it may not always be sustainable due to low profit margins. Conversely, high pricing can deter potential customers but may result in higher overall profits per unit sold. Striking a balance between sales volume and margin is essential for sustained success.",No insight found.
96,1.35,1.35,48.20964845248925,48.20964845248925,16.873376958371242,16.873376958371242,No plan found.,Implement a strategic pricing strategy that adjusts based on competitor activity and perceived product value to maximize both profits and sales. Continuously monitor demand trends and customer feedback to adjust pricing accordingly.,No insight found.,"Lowering the price point helps increase demand, but it's essential to consider the balance between sales and profits when making pricing decisions. A higher price may contribute to perceived quality despite a competitive offering at a lower cost. Adapting pricing in response to competitor activity can help maintain market advantage while ensuring sustainable revenue growth."
97,1.49,1.5,47.8281671691674,45.95279791014791,23.435801912892025,22.976398955073954,"Based on the data provided and observed trends, I recommend implementing a price strategy that maximizes both volume and profit, focusing on lower prices to attract more customers while still maintaining an acceptable profit level.

  In future pricing decisions, monitor competitors' strategies and respond accordingly to adapt to market conditions effectively.",Maintain competitive pricing with a slight premium over the competition. Focus on product differentiation and quality control to justify the higher price point. Implement targeted marketing strategies to appeal to our specific customer base.,"Lowering prices can lead to an increase in sales volume, resulting in higher overall profits over time despite a marginal decrease in individual profit per unit sold. Customers tend to be price sensitive, as shown by the significant drop in quantity sold at higher prices. Adapting to changing market conditions is crucial for maintaining competitiveness.","- Our seller has been able to succeed with a higher average price compared to the competition due to product differentiation and quality control.
- Sales data indicates that price is not the only factor affecting consumer decisions, as our competitor had a lower price point but fewer sales.
- Implementing targeted marketing strategies based on customer preferences will help maintain and even further boost sales numbers over time."
98,1.49,1.45,43.411452873238815,50.943811872294404,21.27161190788702,22.92471534253248,"In order to increase profits, it seems beneficial to maintain a price competitive with or slightly below the competitor's in many pricing rounds. However, periodically testing higher prices may yield higher profits when there is less competition from the rival. Additionally, it is important to continually analyze sales and adjust pricing strategy as needed in response to marketing efforts, changes in product quality, and shifts in market conditions.","To remain competitive, consider adjusting prices while keeping track of competitor actions. Continue analyzing how lowering prices influences quantities sold as it may lead to higher profits due to increased sales volume.","Keeping a close eye on competitor's prices could help anticipate the ideal times to match, surpass, or undersell them. This tactic appears to lead to increased sales and profitability. Moreover, understanding how other factors like marketing and product quality influence sales will further inform pricing decisions for maximum success. As always, be prepared to adapt pricing strategies quickly in response to changes in market conditions and customer preferences.","The data suggests that being sensitive to competitor pricing strategies can yield positive results in terms of market share and profitability. Additionally, understanding the impact of price on quantity Sold could provide useful insights when planning future pricing decisions."
99,1.5,2.0,78.69860421615985,10.650697891920075,39.349302108079925,10.650697891920075,"Consider varying the price between $1.2 and $1.6 to maximize sales volume while maintaining profitability. Keep an eye on competitor's pricing strategies and adjust accordingly, particularly during specific rounds where they have lowered their prices.",Increase product prices incrementally while also monitoring competitor's actions for possible opportunities to gain additional market share.,"The market appears to be sensitive to price fluctuations, as shown by changes in the number of units sold across various price points. Offering a competitive but not too cheap price seems crucial to maintaining sales volume and profitability in this market.","Competitor's price sensitivity is a key factor in its sales, and it may be beneficial to closely follow competitor pricing moves to strategically adjust our own pricing. This should also include considering potential changes in consumer behavior as the product's prices rise over time."
100,1.35,17.0,93.08615796566532,6.054113218523526e-26,32.58015528798287,9.686581149637642e-25,No plan found.,No plan found.,No insight found.,No insight found.
101,1.5,1.5,46.83105308334812,46.83105308334812,23.41552654167406,23.41552654167406,Incorporate pricing strategies that keep our prices competitive but not excessively higher than competitors. Regularly monitor competitor pricing changes to maintain advantage in the market.,"- Monitor competitor pricing strategies closely, using this information to adjust our own prices accordingly.
   - Conduct customer segmentation research to better understand customer behavior and willingness to pay.
   - Experiment with a range of prices to see how different price points affect sales volume and market reaction.","Competitor pricing plays a significant role in market response, with customers more inclined to purchase when the competition's price is higher (brand loyalty). Slightly competitive prices can lead to increased sales and profit if the difference is noticeable to the consumer.","- Higher prices tend to generate more sales, but only when the competition is also priced higher.
   - Customer segments exist that are willing to pay both budget-friendly and premium prices for certain products.
   - Market segmentation and understanding customer behavior can play a significant role in pricing strategy."
102,1.35,1.48,59.92350909613784,35.62575746413281,20.97322818364825,17.10036358278375,"- Monitor demand fluctuations more closely and adjust pricing accordingly to maximize sales potential
   - Consider implementing a dynamic pricing strategy that takes competitor prices into account for the pricing rounds where demand is sensitive to competitor pricing
   - Investigate offering discounts or promotions periodically, especially when demand seems to be lower than average",Consider adjusting our pricing strategy to minimize the gap with the competitor's price while maximizing our profits by finding the sweet spot in sales volume and margin. Monitor this competition closely and adjust prices accordingly.,"- Price sensitivity among customers is present, but not as severe as initially thought since they may buy even when the price is higher if there are unique aspects that justify it
   - Competitor pricing significantly impacts demand, with lower prices driving more sales in certain instances
   - Demand tends to be more stable at moderate price points close to competitor pricing","Initial high-priced strategy did not produce significant sales volumes, but lowering the price to be competitive increased unit sales. Careful pricing adjustments while remaining slightly higher than the competitor can increase sales volume without sacrificing profit margin. Closely monitor competition and adjust prices accordingly to optimize both sales volume and profit margin."
103,1.3,1.35,53.20448439561373,43.56014757634656,15.961345318684122,15.246051651721299,Consider adjusting your pricing strategy to be more competitive without sacrificing profitability. Research rival products for pricing and quality to better tailor our own product offerings.,"Develop a pricing strategy that takes into account both competition and consumer demand, to maximize profit while maintaining reasonable sales quantity.","Lower prices appear to drive higher sales volumes, but at the cost of lower profits per unit sold. To improve overall profitability, a balanced strategy between competitive pricing and maintaining higher profit margins is needed. Regularly monitor market trends, competitor actions, and consumer preferences to make informed pricing decisions.","Consumer behavior plays a crucial role in determining the optimal price for a product. A high profit-motivated approach may result in lower sales quantities (e.g., Round 10), whereas a less profitable pricing strategy can lead to higher sales volume (e.g., Rounds 6-8). It seems that strikes a balance between price and demand is essential for sustainable success."
104,1.35,1.5,61.611059677241066,33.81286646295338,21.56387088703438,16.90643323147669,"Consider implementing short-term promotions at competitive prices to attract more customers while maintaining strategic pricing higher whenever possible. Also, explore opportunities for partnerships or co-branding to improve our brand perception and market share.","Based on the data provided, it appears that prices between $1.35 and $1.50 had relatively high amounts of sales and profit, making them promising price points to further explore. It may also be worth investigating the impact of a higher price ($2.0) due to its higher profit earned despite selling fewer units.","The market is susceptible to price fluctuations, as consumers are sensitive to differences in cost. A premium pricing strategy can be advantageous if applied thoughtfully and coupled with marketing strategies that emphasize quality or exclusivity. However, we must also consider our competition's pricing tactics to remain competitive.","The data provided in this table suggests that there is an optimal pricing point for maximum sales and profit. This sweet spot seems to be between $1.35 and $1.50, with a slightly higher price potentially being profitable as well. Additionally, it appears that the competitor's price does not always dictate success, as demonstrated by several instances where our product sold at a higher profit even though the competitor's price was lower."
105,1.3,1.49,65.42462424389116,30.596900258606464,19.62738727316735,14.992481126717166,"- Analyze customer feedback to determine the price elasticity of demand, considering if a small price decrease would lead to a significant increase in units sold without impacting profit margin.
   - Explore volume discounts or bundle offers to incentivize larger purchases and attract more customers.
   - Monitor competitor's pricing and product strategy changes, adjusting our own accordingly.","Focus on understanding market demands and competition prices, then set competitive and flexible pricing accordingly, paying attention to the effect on sales volume and average profit per unit.","- Lower prices can lead to increased unit sales but may impact profit margins significantly.
   - Developing a unique selling proposition beyond price can help maintain market share and differentiate from competitors.
   - Regularly monitoring the market and competitor's strategy is crucial in making informed decisions about pricing.","Adjusting prices downwards can help attract more customers and increase sale volume when initial high prices result in low sales. During periods of low demand, it's essential to take this into account while setting prices to maximize revenues. Offering competitive yet slightly higher prices might sustainably differentiate the product from lower-priced competitors."
106,1.37,1.5,59.702199884710225,35.49418459048401,22.08981395734279,17.747092295242005,"Maintain our current pricing strategy when it seems to work, but remain flexible and ready to adjust if the situation calls for it. Regularly monitor competition's behavior to capitalize on opportunities where they may be overpricing or underperforming.","Maintain similar pricing within the established range (e.g., Rounds 1-7, 12-13) while monitoring customer reactions and adjusting as necessary. Utilize price drops to increase quantities sold in times of lower demand (e.g., Round 9 and 10).","Our higher pricing appears to be effective in instances where we offer perceived quality or unique value proposition. Keep monitoring and understanding the market perception of our product to maximize these potential advantages. Competitor has a larger market share, but there are opportunities for us to capitalize on their mistakes or inconsistencies.","Price elasticity is low within the established pricing range but can be significant when prices go outside this range. Customers may perceive higher prices as a premium, leading to decreased quantity sold (Rounds 9 and 10). Monitor customer reaction to pricing adjustments closely and make modifications as needed."
107,1.47,1.45,45.3860806305886,49.16615419956956,21.33145789637664,22.1247693898063,"```diff
- Implement various pricing strategies to remain competitive and flexible in the market.
- Regularly monitor competitor's pricing and quantity sold data to ensure proper adjustments to our own pricing strategy.
- Consider offering occasional sales or promotions to attract more customers when needed.
```","Moving forward with pricing strategy, it would be beneficial to maintain the price within the range of 1.4 to 1.50, as this appears to generate a decent level of sales volume during rounds 14 - 22. Regularly revisiting and adjusting the price based on trends in sales volumes is important for maintaining competitiveness in the market.","```diff
- Observed a tendency for higher prices being correlated with fewer sales compared to the competitor.
- Noticed that there are opportunities where we can match or even undercut the competition in price while maintaining a respectable profit margin.
- Highlight the importance of monitoring and adapting pricing strategies based on competitor data.
```","Keeping track of prices and sales volume trends over time can help identify possible pricing strategies that lead to greater sales. Although it seems that lowering prices does not always result in increased sales, finding a sweet spot within a reasonable range (1.4 - 1.50 in this case) could be crucial for optimizing the number of items sold. It is also important to be mindful of how competitor's pricing affects one's own business strategy, as observed in round 8 and 9 with a stagnant sale despite price lowering (round 10). Regularly analyzing trends across multiple pricing rounds can provide valuable insights for future decision-making."
108,1.5,1.49,45.95279791014791,47.8281671691674,22.976398955073954,23.435801912892025,Develop strategies to maintain profit margins while still competing effectively against the rival's prices. Investigate possible pricing tiers or promotions to incentivize sales at specific price points. Monitor market trends and analyze competitor moves closely.,"Adjust the selling price based on the competition while maximizing profit. Maintain a price range between 1.40 - 1.50, periodically testing different pricing tiers to capture potential fluctuations in market behavior.","Slightly undercutting competition may not be the most profitable long-term strategy due to lower profit margins. It is essential to consider the impact of both prices and sales volume on overall company revenues and profits when making pricing decisions. Closely monitoring competitor moves is crucial for informed, agile reactions in the marketplace.","The lower pricing strategy appears to drive more sales but provides less overall profit. Higher pricing can achieve higher profits per unit sold, but may result in fewer total units being purchased. It is important to find the optimal balance between these two strategies to maximize profits while still maintaining a competitive edge in the marketplace."
109,1.45,1.49,50.943811872294404,43.411452873238815,22.92471534253248,21.27161190788702,Adjust pricing strategy to stay competitive and maintain profitability by lowering our prices closer to the competitor's range. Continuously monitor sales data and adjust as necessary.,Investigate the impact of further price adjustments on sales volume and profit margin. Consider competitive analysis to ensure chosen price remains attractive compared to competitors.,"Aggressive pricing does not necessarily lead to increased sales or better profit margins. Price must provide a balance between competitive advantage, customer appeal, and profitability.","Prices below 1.49 result in increased quantity sold, suggesting that consumers may perceive the product as undervalued at higher prices."
110,1.52,1.45,40.49014495544748,53.573717896416845,21.054875376832687,24.108173053387578,Consider adjusting prices dynamically based on competitor actions to maximize product sales.,"Consider implementing a strategy of reducing prices temporarily to spur sales volume when the market becomes saturated or competition intensifies. However, it is crucial to monitor this carefully and ensure that costs do not outweigh potential higher sales volumes. Additionally, maintain vigilance regarding competitor pricing strategies and adjust our own prices accordingly.",Price sensitivity of customers is high; price differences significantly impact unit sales. Competitor responsiveness to our pricing suggests a keen focus on customer volume and market share.,"Lowering prices may stimulate greater demand, indicating a price elasticity of demand. This suggests that it is essential to stay competitive and adaptive in pricing strategy, while also monitoring costs to ensure profitability."
111,1.49,1.37,36.415238569886476,58.84973490254086,17.843466899244373,21.774401913940125,"* Further investigate the relationship between price and product demand, keeping in mind variations in competitor pricing
* Consider offering occasional special deals as a strategy to drive higher sales
* Continuously monitor the market pricing landscape to maintain competitive advantage","It would be beneficial to study consumer behavior more closely to determine whether they are willing to pay a premium for our brand or if price is the primary factor in their purchasing decision. Also, exploring pricing strategies that balance profit margins and sales volume without sacrificing brand reputation should be a priority.","* Lower prices can result in increased demand but might not lead to maximum sales if they do not differentiate enough from the competitor's price
* Pricing strategies that consider both daily and long-term trends in sales and competitor behavior may yield optimal results
* Special deals could be an effective tool for driving higher sales, as evidenced by a spike in demand at lower prices relative to our initial daily pricing","Our high profit margin suggests a strong brand perception among consumers, but lower sales during certain rounds indicate that price plays a role in customer purchasing decisions as well. It seems crucial to strike a balance between maintaining profits while also being competitive on pricing."
112,1.49,1.37,36.415238569886476,58.84973490254086,17.843466899244373,21.774401913940125,"Continue monitoring competitor pricing trends and maintain price parity to ensure competitiveness in the mid-tier market segment. Consider exploring opportunities to slightly deviate from competitor's strategy, by either introducing promotional deals or adjusting the product mix with complementary products to increase overall value proposition for customers.",Adapt our pricing strategy based on the competitor's prices while keeping an eye on the quantity sold and profit margins.,"Competitor maintains consistent pricing strategy focusing on mid-tier market and generating reasonable profits. Observed occasional price deviations, which may be related to promotional deals or seasonal adjustments.",Fluctuating prices can have a positive impact on total units sold and should be considered as part of an effective pricing strategy. Monitoring both our price and competitor's can help optimize sales.
113,1.5,1.49,45.95279791014791,47.8281671691674,22.976398955073954,23.435801912892025,"To maximize profits while maintaining healthy sales volume, it's essential to maintain a competitive price point around our current average of $1.50. It might be worth exploring methods to reduce costs and increase production efficiency to provide room for price reductions when needed to remain competitive in the market.","* Keep my current pricing strategy of maintaining a high base price while offering occasional discounts to remain competitive with the competitor's lower prices.
* Continue monitoring the competitor's pricing and adjust mine accordingly to ensure I maintain a high profit margin.
* Investigate alternative marketing strategies that can help differentiate my product from the competitor's and potentially allow for higher prices.","We should monitor our primary competitor's pricing strategies closely, adjusting our own prices appropriately to stay within a comparable range while taking advantage of any opportunities where we can lower our costs or boost efficiency to offer a more attractive price point. It would also be beneficial to investigate additional marketing efforts or sales channels to further improve overall sales volume and ensure long-term profitability.","* The competitor appears to rely more on price discounts as a strategy, while I have been able to maintain consistent profitability without needing to offer significant discounts.
* Lowering my price temporarily can help increase quantity sold and profit earned when the competitor lowers their prices significantly.
* Offering occasional discounts is a useful strategy to remain competitive with the competitor's lower prices while still maintaining a high profit margin."
114,1.49,1.0,12.151619485356662,86.26832109787726,5.954293547824764,0.0,Consider maintaining a competitive price to ensure high sales volume. This could mean setting our base price at $1.49 or even slightly lower if possible. We can further analyze market trends and observe how competitors adjust their prices to refine our pricing strategy.,"Consider testing a price point between our current (1.5) and the higher successful price point (2.0), as it is likely that there may be an optimal balance between profit and sales volume within this range.","Customers seem less interested in purchasing the product at a higher price point, suggesting that it's important to consider affordability when setting prices. We should keep an eye on how competitor pricing and demand trends evolve over time.","When we introduced a higher price, it was met with a significant increase in sales despite lower volumes, suggesting that our customers value the product highly enough to justify a premium price. However, we also saw an improvement in sales without increasing prices when the competitor's price increased, so keeping a close eye on market dynamics is crucial."
115,1.48,1.53,51.44930200610937,42.12312577679844,24.695664962932497,22.325256661703175,"- Monitor competitor's pricing strategies closely and adjust our own prices accordingly.
   - Investigate ways to increase perceived value of the product to justify higher prices.
   - Conduct market research and gather feedback from customers to improve product offering and better understand their preferences.","Maintain a pricing strategy that is competitive yet flexible to adapt to the competitor's moves while remaining profitable. Monitor changes in the competitor's prices and adjust mine accordingly, attempting to avoid being undercut or losing potential customers due to perceived higher cost. Leverage any periods of increased sales to generate positive word-of-mouth marketing or promotional activities.","- Customer sensitivity to price changes is high when items are perceived as similar or interchangeable.
   - Premium pricing can be successful in certain markets, but maintaining a competitive edge is crucial to attract and retain customers.
   - Market research is essential to understand customer preferences, improve the product offering, and set appropriate pricing strategies.","Adopting a more aggressive pricing strategy might result in higher sales volumes, especially when the competitor lowers their prices. However, it is crucial to consider potential profitability losses due to increased competition and any subsequent decrease in perceived product value. Additionally, being aware of the customer's sensitivity towards price ensures that small shifts in pricing can make a significant impact on sales volumes. Continuously monitoring the competition's moves and understanding their motivations will help develop strategies to respond accordingly and retain or grow market share."
116,1.49,1.49,46.9477239857297,46.9477239857297,23.004384753007553,23.004384753007553,"```
* Focus on customer satisfaction: Offer high-quality products with exceptional customer service
* Differentiate from competitors by improving product features or quality
* Price occasionally lower than competitors to gain market share
* Monitor competitor pricing and adjust ours accordingly
```","Implement continuous market research and analysis to monitor competitor pricing and maintain a responsive adjustment of our own prices as necessary to retain a competitive edge. Enhance marketing efforts to emphasize our product's unique selling points, such as quality and features that may give us an advantage in some rounds.","```
* Highly competitive market with multiple similar products at similar price points
* Consumers are likely focused on product quality and pricing when making purchasing decisions
* Adjusting our pricing lower than competitors can help attract more customers and gain market share
* Maintaining a strong focus on customer satisfaction is crucial for long-term success in the market
```","- Understand the market sensitivity to pricing changes is important when deciding upon adjustments (see Round 18 where lowering price led to a significant increase in sales)
- Keep a keen eye on competitor strategies and adapt accordingly, but maintain focus on the product's overall value proposition (differentiating factors like quality and features)"
117,1.5,1.49,45.95279791014791,47.8281671691674,22.976398955073954,23.435801912892025,"1. Monitor competitor's pricing strategies closely and adjust our own prices accordingly.
2. Consider implementing dynamic pricing to take advantage of market demand fluctuations.
3. Regularly analyze sales data to optimize pricing decisions.
4. Consider offering promotions or discounts during periods of lower demand to maintain customer interest.","- Maintain price competitiveness while maximizing net profit within the observed range (≈1.49 – 1.52)
   - Regularly monitor and adjust pricing based on changes in market conditions, customer behavior, and competitor actions
   - Develop strategies to attract new customers and retain existing ones, leveraging any potential price-sensitivity advantage","1. The current price strategy is moderately effective, as we are able to maintain a robust number of sales while keeping prices relatively low compared to the competition.
2. In some cases raising the price does not significantly impact overall sales numbers.
3. Dynamic pricing may prove beneficial in maximizing profits based on market demands and competition actions.
4. Offering promotions or discounts during periods of lower demand could help maintain customer interest.","- Increasing sales quantities at lower prices suggest that a competitive pricing strategy might increase market share while maintaining profitability
   - Frequent monitoring of competitor actions and responses is crucial to remain price competitive in the market
   - Strategies focusing on customer acquisition and retention should be based on understanding the impact of price-sensitivity on various segments of our target audience"
118,1.49,1.47,45.18108123973148,48.9440810105728,22.138729807468426,23.003718074969214,"- Consider implementing a dynamic pricing strategy to optimize profits by adjusting the product price based on competitor pricing as well as customer demand and trends.
   - Regularly monitor sales data to identify any emerging patterns in buying behavior, particularly regarding sensitivity to price changes or preferred price points.
   - Offer promotions periodically at certain price levels to capitalize on cognitive biases toward round numbers and potentially stimulate demand.

My chosen price:
<1.49>","Maintain a competitive but slightly lower price point than Entity B, while carefully monitoring fluctuations in their pricing strategy. In the event of a significant decrease by Entity B, consider dropping the price briefly, yet gradually return to the original lower-priced approach once stability is established.",No insight found.,"Admittedly, our competitor adjusts their prices more aggressively in a bid to capture market share occasionally. However, this strategy seems to be generating inconsistent results. The higher margins obtained from our competitive and sustainable pricing approach may provide us with an advantage in terms of long-term profitability rather than immediate market penetration or increased short-term sales."
119,1.5,1.5,46.83105308334812,46.83105308334812,23.41552654167406,23.41552654167406,"To capitalize on our competitive pricing advantage when applicable, continue monitoring the competitor's pricing strategy and seize opportunities to undercut them while staying within a reasonable margin. It would be beneficial to explore potential promotions or discounts as temporary measures to attract new customers and maintain market share when needed.","```
   Monitor competitor's pricing strategy more closely. Identify consistent patterns in their pricing changes.
   Consider implementing a slight price increase to capitalize on stable sales at $1.50. However, keep a close eye on fluctuations in quantities sold to determine the optimal new price.
   Develop contingency plans for various pricing scenarios, such as increased competition and decreased demand.
   ```","The data provides evidence that consumers are quite price-sensitive, with even minor price differences resulting in varying quantity sold figures. Additionally, it is evident that our competitor follows a consistent pricing strategy; they occasionally drop their prices, but this should not be taken as a long-term threat to market share without careful evaluation of the underlying reasons for these tactical moves.","```
   Stable sales at $1.50 suggest a potentially profitable price point. Keeping this in mind may help inform decisions regarding future pricing changes.
   Maintain an observant stance towards competitor's strategies, as it could influence the success of our own pricing choices.
   Evaluate different pricing scenarios to ensure a strategic response to market fluctuations and ever-changing consumer needs.
   ```"
120,1.5,1.48,45.07301567520616,48.82701498206152,22.53650783760308,23.436967191389527,"To maintain competitive price and improve market share, I would suggest maintaining a price that is within 1-2 cents of the competitor's average price while carefully monitoring actual costs to ensure profit margins are maintained. Continuously evaluating demand and adjusting price when necessary will be essential for success in this market.","- Continue targeting a competitive, but somewhat higher, pricing strategy to maintain brand image and quality perceptions among consumers.
- Monitor the competitor's pricing strategy closely and be prepared to adjust our own prices as needed to remain competitive.
- Analyze the effects on sales volume of subtle price changes and use this information to explore new pricing strategies for increasing profitability without sacrificing brand perception.","- When pricing is only slightly higher than the competition, there still seems to be demand for our product, as demonstrated by the relatively high number of units sold.
   - Consumers may appreciate a range of prices to choose from, providing an option that fits their budget without straying too far away from the standard market price.
   - Closely monitoring competitors' prices and adapting accordingly will be necessary for staying competitive in this market.","- Consumers are sensitive to price and slight variations in price seem to influence the number of units sold.
- A lower price strategy could potentially boost sales volume, but this should be balanced against perceptions of quality and brand image.
- The competitor's pricing strategy should be carefully watched for opportunities to adapt our own pricing to remain competitive within the market."
121,1.49,1.49,46.9477239857297,46.9477239857297,23.004384753007553,23.004384753007553,Keep prices slightly above 1.50 to remain competitive. Monitor competitor's price adjustments and react accordingly to maintain profit margins. Consider offering slight discounts or bundles when sales begin to decrease.,"In order to maintain our lead in the market, we need to continue monitoring the competitor's price fluctuations and adjust ours accordingly. We should consider more aggressive pricing on the occasions when they increase their prices significantly, capitalizing on any temporary advantages. Additionally, focusing on improving our value proposition through better quality or additional features could help solidify our customer base further and differentiate us from competitors.","Customers seem sensitive to higher pricing (above 1.51). Profit margins can be increased in the present price range (1.49-1.51), while maintaining reasonable competition with the price fluctuating competitor. Keep a close eye on competitor's discounts and bundles, as they may impact sales volume.","It is crucial to keep a close eye on the competitor's actions. By understanding their market behavior, we can make more informed decisions about how to price our products strategically. We also need to prioritize customer satisfaction and loyalty, as they play a significant role in long-term success in any competitive market. Continuously gathering feedback from customers regarding their perception of our product's value will help guide future improvements."
122,1.52,1.5,44.845180382285236,48.58020395568035,23.319493798788322,24.290101977840177,"To maintain our competitive position, we should aim to price our product around the competitor's average price of $1.52. If possible, try to offer slight discounts or promotions to entice customers, especially during slow periods when sales drop below 45 units.",Maintain the current pricing strategy within the range of 1.48-1.52 to ensure consistent profitability and attract customers with competitive prices. Regularly check for deviations from this price range and adjust accordingly. Continuously monitor sales volume and adjust pricing as needed to maximize profits while maintaining a competitive edge.,"The data indicates that a slightly higher price than our current selling point may yield better profits due to similar sales quantities. It's essential to monitor the competitor's pricing strategy and adapt ours accordingly. Additionally, exploring promotional strategies could help boost sales during slow periods.","Pricing adjustments can significantly impact profitability. Maintaining a profitable price point between 1.48 and 1.52, while monitoring sales volumes, allows for greater consistency in generating revenue. It is essential to carefully monitor pricing trends, as pricing below or above this range may negatively impact profits. Additionally, it may be beneficial to deviate from the current pricing range during special promotions or when aiming for a niche market with higher perceived value."
123,1.48,1.49,47.945082137587725,46.06512857708497,23.013639426042108,22.571913002771634,"1. Monitor competitor pricing closely and adjust ours strategically based on their actions
   2. Consider implementing a dynamic pricing strategy that increases or decreases our price based on market conditions
   3. Continuously analyze the impact of our pricing decisions on sales volume and profit margins","- Monitor competitor's pricing strategies closely and adjust prices accordingly.
   - Continuously test variations of incremental price changes to gauge the impact on sales volume.
   - Analyze market conditions to determine optimal pricing based on customer demand and competition.","1. Lower prices can lead to increased sales volume, but care must be taken to ensure profitability is not severely impacted
   2. There may be opportunities to raise prices slightly in certain market conditions due to the competitive nature of our product
   3. Maintaining close watch on competitor pricing and adjusting accordingly seems crucial to success in this market","- Lowering the price incrementally can lead to increased sales volumes in some instances.
   - Pricing strategies must take into account market conditions, customer preferences, and competition."
124,1.52,1.52,46.58514658908835,46.58514658908835,24.224276226325944,24.224276226325944,Continue monitoring price changes by the competitor and adjust prices strategically to maintain a competitive advantage. Consider offering special promotions or bundle deals during times when the competitor raises their price.,"Maintain current pricing strategy to avoid being undercut by the main competitor, while exploring ways to differentiate ourselves through improved quality or unique features. Implement more effective sales techniques and advertising campaigns to boost sales numbers.","The customer seems willing to pay up to 1.53, but there is room for potential higher prices if the seller can differentiate their product in a way that justifies a premium. Frequent pricing adjustments could potentially confuse customers and impact the brand's image over time.","- Competition is increasing due to a lower-priced rival, but quality may still set us apart
- Sales fluctuate somewhat based on marketing efforts and outside factors like seasonality
- A more aggressive pricing strategy might help capture additional market share, but this must be balanced against maintaining our perceived value and quality"
125,1.5,1.5,46.83105308334812,46.83105308334812,23.41552654167406,23.41552654167406,Maintain slightly higher prices than the competitor while closely monitoring sales and profit margins to ensure optimal returns.,"```
   Observe the competitor's price and adjust ours accordingly, maintaining a small difference to stay competitive while maximizing profit opportunities. Monitor the quantities sold for each round to determine if the current differential works best or if additional variation is needed.
   ```","Demand appears stable but sensitive to changes in price, with a relatively high profit margin at higher prices compared to lower ones. It may be beneficial to explore a pricing strategy that includes periodic price increases within the observed range. Additionally, monitoring the competitor's pricing adjustments will remain crucial for staying competitive and optimizing returns.","```
   Price increases from the competitor's price appear to result in increased profits, but there are also instances where a lower price results in higher profit margins. The highest profit ever reported was in Round 38 ($1.53 price).
   ```"
126,1.48,1.48,47.06036905397185,47.06036905397185,22.588977145906487,22.588977145906487,Consider implementing a slightly aggressive pricing approach by setting our next price at a competitive point compared to the current competitor range. Maintaining an understanding of their strategy will help us continue to optimize our own future pricing.,No plan found.,"The fluctuating pricing strategy employed by the competitor shows mixed results, but the data suggests that a consistent approach may lead to more significant benefits in the short term. By monitoring and adapting based on their moves, we are making informed decisions. Additionally, adjusting our prices to maintain profit margins while offering increased competitiveness will allow us to remain appealing to buyers without sacrificing overall profits.",No insight found.
127,1.25,1.49,69.79925956028315,26.725639931962746,17.449814890070787,13.095563566661745,"To better compete against the rival's lower prices, we should consider adopting dynamic pricing strategies that enable us to adjust our pricing according to the market conditions and competitor actions. We could implement a tracking system to monitor our competitor's price changes, enabling us to quickly respond by matching or undercutting their prices when needed.","In order to optimize sales and maintain a steady revenue stream, I suggest monitoring the competitor's pricing strategy more closely. A slight adjustment in our pricing could allow us to capture a larger share of the market or increase profit margins. Consider implementing a dynamic pricing model to adapt our price to changing market conditions.","Despite the lower prices offered by our competitor, there seems to be an opportunity to exploit non-price factors that affect purchasing decisions such as brand image and customer experience. Strengthening these areas may help us attract and retain customers, even in the face of price competition. It is also worth considering that slight changes in our pricing strategy could significantly impact sales volume.","Observed fluctuation in sales due to minor changes in price suggests that slight adjustments in pricing strategy can impact customer buying behavior. The competition maintains similar prices indicating they also observe the market sensitivity to price points and strive for competitive equilibrium. Market demand remains relatively stable, yet opportunities may exist through strategic pricing adjustments."
128,1.5,1.5,46.83105308334812,46.83105308334812,23.41552654167406,23.41552654167406,Consider adjusting our pricing strategy to compete more closely with the opponent in order to attract a larger customer base and maintain or increase market share.,"- Monitor competitor's price fluctuations closely
- Maintain a consistent and competitive price around our average ($1.50)
- Analyze demand trends and consider adjusting our prices temporarily when necessary","Lower prices attract more customers, however, it's essential to ensure that profit margins remain favorable even with lower prices. Adjusting our competitor-focused pricing strategy could help us grow and maintain a competitive edge in the market.","- Competitor is sensitive to pricing and adjusts their prices often, presenting opportunities for strategic adjustments
- A temporary increase in competitor's price can generate higher revenue if timed correctly but may also hurt market share if done improperly"
129,1.47,1.52,51.579296642850004,42.229556383633195,24.2422694221395,21.959369319489262,"- Implement a pricing strategy that responds to the competitor's movements while focusing on maintaining overall profitability.
- Continuously monitor market trends and update strategies accordingly.
- Consider running promotions or incentives to attract customers during periods when the competitor reduces their price.","In order to improve our market position, we should consider testing out a variety of prices within this range (1.2 - 3.89) to discover the optimal balance between price and volume sold. Additionally, examine how external factors such as seasonality or promotions may influence pricing decisions.","- Competitors can impact pricing by adjusting prices slightly, requiring a more adaptable strategy.
- Continuous monitoring of market trends and competitive activities is crucial in this industry.
- It may be beneficial to consider creative promotions or incentives during periods when the competitor lowers their price to retain customer interest.","Our competitor's aggressive pricing strategy at 3.89 has allowed them to capture a higher market share in several instances, suggesting that they are less concerned with immediate profits and more focused on maintaining customer retention and attracting new customers through lower prices. Additionally, we have found that there is a correlation between the price difference and the volume sold, as evidenced by the times our price was slightly lower but volume remained relatively low compared to when our price was closer to that of the competition."
130,1.48,1.48,47.06036905397185,47.06036905397185,22.588977145906487,22.588977145906487,"- Maintain pricing between $1.45 to $1.55 for competitive edge
   - Offer bundle deals with other products to increase overall value perception and sales
   - Invest in improving product quality or customer service to justify higher prices when needed","- Continue tracking price changes of competitors while adjusting my price according to insights gathered over time.
   - Experiment with raising prices closer to competitor's maximum to capitalize on premium quality or exclusivity perceptions.
   - Keep monitoring and exploring breakpoints where small price changes have a significant impact on the quantity sold.","- Customers seem to prefer lower priced options, especially without any distinguishing features
   - Maintaining a consistent price strategy may be beneficial for building brand trust and customer loyalty
   - Offering exceptional customer service and product quality can justify higher prices in some pricing rounds","- Lower prices may attract more customers, but may not always lead to higher profits.
   - Competition can help drive sales as demonstrated in round 35.
   - Paying close attention to breakpoints where small price changes have a significant impact on the quantity sold is crucial for optimizing pricing strategy."
131,1.48,1.2,23.867576486812403,73.15064211802424,11.456436713669953,14.630128423604845,Adjust pricing strategy based on competitor movements and buyer sensitivity. Monitor changes in sales volume with each price adjustment to identify optimal price points. Continuously test lower prices to see if a significant increase in sales volume can be achieved while maintaining profitability.,"It might be beneficial to monitor competitor pricing and adjust our own price accordingly depending on market trends. Monitoring sales data as well could help identify optimal price points. In the future, consider testing different price ranges and observe how it affects sales volume.","- Buyers are sensitive to price, especially when our product is priced around 1.5 or slightly below
- Lowering the price by a small increment can lead to increased sales volume
- Competitor's pricing fluctuates between 1.47 and 3.89, indicating they may target different market segments",Lowering the price may increase quantity sold but can impact profit margin. Careful consideration should be given to determine if a lower price is worth the potential increase in sales. It's also important to keep an eye on competitors and adjust strategy as needed.
132,1.49,1.48,46.06512857708497,47.945082137587725,22.571913002771634,23.013639426042108,"It seems maintaining a slight pricing advantage while monitoring competition is crucial for maximizing sales volume. I suggest keeping prices low, but not too low so as not to dilute profit margins.",It may be beneficial to adjust our price competitively while maintaining a slight difference to create perceived value for customers. We should consider monitoring the competitor's pricing strategy and respond accordingly.,"Competitor price fluctuations have a direct impact on our own product's sales numbers, highlighting the importance of monitoring changes in market conditions closely. Additionally, observing the relationship between pricing and quantity sold can provide valuable insights into customer sensitivity to pricing change.",Our competitor appears to be experimenting with pricing to optimize sales and market position. A close watch on their future strategies could help us better understand our competitive landscape and tailor our own tactics for success.
133,1.51,1.49,44.96108753349818,48.70576467364038,22.930154642084073,23.865824690083787,"1. Increase social media activity to stay top-of-mind with consumers, focusing on price differences and the quality aspect of our goods.
     2. Offer periodic limited-time promotions or loyalty programs to incentivize customer purchases during periods of competitor price drops.
     3. Review our production costs to ensure that we are as efficient as possible so that any potential loss during price wars can be minimized.
     4. Develop strategies for maintaining market share in the event of prolonged periods of lowered prices by the competitor, such as expanding into new markets or targeting specific customer segments.","- Maintain a price strategy that is just slightly above the competitor, as seen in many rounds where the seller has set their price marginally higher than the competitor's. It's important to ensure our profitability and stay competitive at the same time.
- Regularly monitor the competitors pricing behavior as it provides useful insights into market trends and potential opportunities for growth or differentiation. By keeping an eye on fluctuations in the competitor's pricing, we can react quickly if necessary while also seeking opportunities to capitalize on any inconsistencies or openings presented by them.
- Periodically perform a cost analysis to ensure our production and distribution costs continue to be competitive, allowing us to remain flexible in terms of adjusting prices as needed based on market conditions, competitor actions, and other factors.","- The competition seems to have a focus on maintaining a slightly higher price while minimizing significant price drops. Keeping track of their pricing patterns and strategies will be crucial in making informed decisions.
    - It appears that our goods compete well on quality, based on consistent sales figures despite occasional periods of lower prices by the competitor. Emphasizing our distinctiveness in marketing efforts could be beneficial.
    - Periodic promotions or loyalty programs may help maintain customer engagement and purchasing during moments when the competition lowers their prices significantly to remain competitive with lower margins.","- The seller tends to target slightly different market segments given the higher prices, which could align with premium or niche markets, but requires further confirmation through additional research and analysis.
- Competitors' pricing behavior should be considered carefully when making decisions, as their responsiveness suggests a focus on maximizing profits while maintaining competitiveness within the industry. Keeping track of competitors is essential to stay agile and adaptable in our market strategy.
- Regularly review cost structures and compare them with those of industry peers to ensure our cost leadership and avoid potential costs that could put us at a disadvantage compared to similar companies in our sector."
134,1.49,1.5,47.8281671691674,45.95279791014791,23.435801912892025,22.976398955073954,"""Maintain a dynamic pricing strategy by keeping an eye on the market and adjusting as needed. This flexibility will allow us to compete against various price points effectively.""",Optimal pricing strategy should aim to maintain a slight price advantage over the competition while still capitalizing on the demand shown in this data. Testing various prices near but slightly below the competitor's will help ensure maximum profitability without compromising on sales volume.,"""Adjusting our prices has seemed to increase sales quantity, yet there are instances where slightly lower or higher priced competitors can boost sales. It is crucial to analyze competitor moves and adjust our strategy accordingly.""","The item has shown consistent demand at both high and low price points, with greater market penetration when priced slightly lower than the competition. This data suggests that, despite the premium price, consumers may be willing to buy if they perceive the product as offering good value, which could be achieved by either pricing competitively or emphasizing unique selling propositions. Furthermore, it is important to carefully monitor fluctuations in both sales volume and competitor prices to ensure continuous optimization of pricing strategy."
135,1.48,1.52,50.579796174086034,43.10125915692435,24.278302163561296,22.412654761600663,"It is important to closely monitor the competitor's pricing strategy, adjusting ours as needed to remain competitive. Additionally, consider promoting special offers or discounts periodically to increase demand for our product.",Focus on maintaining a competitive price yet maximizing profits. Keep an eye on competitor's pricing strategies and respond accordingly to maintain an edge. Regularly review performance metrics and adjust price as needed.,"Competitor seems to be sensitive to price changes and is reacting with increased demand when lowering their prices slightly. Our market share may be eroding due to this strategy, so a more aggressive approach might be warranted. Discounts and offers could also help increase our product's appeal and sales.","Competitive price dynamics drive the market, with fluctuations impacting both profit and sales. Adapting responsively to the competition's pricing strategies is essential in maintaining a profitable position. Insights gained from each pricing round will inform future decisions."
136,1.5,1.53,49.44973032504814,43.857976415437356,24.72486516252407,23.2447275001818,Continuously monitor competitors' pricing strategies and adjust accordingly. Identify opportunities to increase profit margins by reducing costs or optimizing production. Explore potential niches within the market that might be more favorable for higher prices.,"To maximize profitability, it is crucial to remain competitive with pricing while keeping an eye on the competitor's actions. Implementing strategies such as flexible pricing based on market dynamics and maintaining a close watch on the competitor's pricing changes could be beneficial.",Market sensitivity towards price fluctuations indicates a need for careful pricing strategy. Higher volume sales do not always translate into increased profits due to margin considerations. A competitor may be targeting a premium market segment with their high-priced offerings.,"The provided data suggests that in this product space, customer demand appears to prefer competitive yet slightly higher-priced options. Also, customers seem sensitive to significant price differentials between providers and are likely to shift their purchasing behavior accordingly."
137,1.45,1.5,51.825987305584185,42.431529615710865,23.32169428751288,21.215764807855432,"Maintain a competitive pricing strategy, keeping our price slightly below the competitor's where possible to drive higher volumes and increased market share. Be mindful that aggressive pricing may impact profit margins, so balance the need for volume growth with maintaining reasonable returns.","Consider lowering the price or offering a temporary discount to increase appeal and compete with the competitor, especially when their prices are high (e.g., round 40). Monitor competitor strategies to optimize pricing decisions.","Our ability to sell more units at lower prices suggests demand elasticity (consumers are responsive to price changes), making it possible to manipulate sales volumes by adjusting our pricing strategy. Continuously monitoring and reacting to the competitor's pricing is essential in this highly competitive market.","Prices should be sensitive to market conditions, as a higher price might not always result in greater profits. It is worth considering temporary discounts or price adjustments to capitalize on the competitor's higher prices and attract more customers. It is essential to stay aware of the competitor's strategies to maximize pricing advantages."
138,1.37,1.45,55.35233119906681,40.194041999986396,20.480362543654724,18.087318899993875,"Monitor market trends and competitor pricing closely. Adjust pricing strategy to optimize profit while maintaining high (but reasonable) sales volume. Consider testing a lower price point slightly below the competition to attract more customers, and then gradually adjust upwards as needed based on sales volume and profit margins.",Focus on monitoring competitor's price fluctuations and adjust our own price to maximize demand while maintaining profitability. Consider implementing dynamic pricing strategies and regularly reviewing market trends to remain competitive.,"Lowering the price slightly can increase sales volume, but it's important to monitor this carefully and balance increased sales with maintaining high profit margins. Testimony from round 41 supports this strategy, as increasing sales volume while still competing with a higher-priced competitor was successful in driving up overall profit.","The data demonstrates the sensitivity of consumers to pricing, as changes in our offering price significantly impact demand. Furthermore, it appears that lowering our price within a reasonable range can help us gain market share from our competitor. As we move forward, maintaining awareness of market conditions and consumer behavior will be essential to maximizing revenue and profit margins."
139,1.5,1.5,46.83105308334812,46.83105308334812,23.41552654167406,23.41552654167406,"Modify price strategy by adopting a dynamic approach based on current trends in the market and competitors' actions, but ensure not to increase the price too often to avoid customer dissatisfaction.","```markdown
1. Continue observing the competition's price changes and their impact on sales volume and profitability.
2. Focus on maintaining low prices relative to the competition, but ensure that profit margins are not compromised.
3. Keep monitoring the market trends and adjust pricing strategies accordingly, leveraging any opportunities for sales growth.
4. Consider marketing campaigns or promotions to differentiate the product and build brand loyalty.
5. Monitor my own performance metrics consistently to measure the effectiveness of the chosen pricing strategy over time.
```",Pricing decisions should consider not just the immediate impact on revenue but also the long-term effects on market position and customer loyalty. Adjustments in pricing have a secondary impact on sales volume and profits that may not always be predictable or linear.,"```markdown
1. The competition tends to set higher prices, but this doesn't necessarily result in greater sales volume. This could suggest that perceived quality is more important for some customers.
2. My profit per unit is significantly higher than the competition, likely due to lower production costs and efficient operations.
3. While maintaining low prices, it's essential to maximize profit margins and ensure a sustainable business model.
4. Leveraging promotions or marketing campaigns can help build brand loyalty and boost sales volume in competitive markets.
5. Consistent monitoring of performance metrics is crucial for understanding the effectiveness of the pricing strategy over time.
```"
140,1.52,1.45,40.49014495544748,53.573717896416845,21.054875376832687,24.108173053387578,Consider maintaining a moderate price point around the mid-range observed in the data to maximize profit while keeping the quantity sold relatively high.,"- Implement a slight price decrease to increase competitiveness and potentially drive higher sales volume.
   - Monitor the impact of this change on both unit sales and average profit per unit sold over several pricing periods.
   - Prepare contingency plans for potential negative impacts, such as a sharp decrease in profits or increased competition that requires further price adjustments.","Pricing strategy should account for the fact that slightly varying the product's price can have a significant impact on both profit earned and quantities sold, with certain price points leading to increased profits despite lower quantities sold (e.g., 1.45 in Round 54). It may be beneficial to experiment with slightly adjusting the price rather than making drastic changes.","- The current pricing strategy seems to be profitable but might not maximize sales volume due to the competition.
   - Reducing the price slightly could potentially help boost unit sales while maintaining reasonable profitability.
   - Continuously monitoring and adapting the pricing strategy based on market conditions is essential for long-term success in this competitive environment."
141,1.49,1.48,46.06512857708497,47.945082137587725,22.571913002771634,23.013639426042108,"* Analyze short-term profit vs long-term market share sustainability with price adjustments.
   * Evaluate potential effect on brand perception at different price points.
   * Monitor competitor's pricing strategy and adjust accordingly.","To optimize sales, it would be beneficial to carefully consider the price and how it impacts demand. It appears that a price between 1.45 and 1.52 yields a profit. However, future decisions should take into account the inconsistency in the relationship between price and quantity sold. A possible strategy is to experiment with pricing within this range and closely monitor the impact on sales quantity and overall profit.","* Lowering the price slightly may result in increased sales volumes but requires careful consideration of profit margins.
   * The competition's pricing can play a significant role in determining an optimal price point.
   * Balancing short-term gains and long-term sustainability is crucial when setting a new price point.","It appears that the relationship between product price and its demand is not consistent, suggesting that other factors are also at play in determining demand. However, we can observe that lower prices tend to lead to a higher number of units sold, up until a certain threshold where further reductions do not necessarily lead to increased sales volume. This provides useful guidance for pricing decisions while acknowledging the complex nature of market dynamics."
142,1.43,1.35,40.33214373712611,55.54251493558492,17.342821806964224,19.439880227454726,"In order to keep up with the competition and maintain a profitable position in the market, we need to focus on creating dynamic pricing strategies that adjust to changing market conditions, specifically in response to competitor actions. We will continue to analyze historical data to identify patterns and better predict price changes in the future. Additionally, exploring opportunities for bundling products, offering exclusive deals, or implementing a loyalty program could help differentiate our offerings from the competition.","1. Implement a pricing strategy that targets an average price of around $1.3 - $1.5 to maintain a balance between attracting customers and maintaining profitability.
  2. Monitor competitor movements and adjust prices accordingly to ensure competitiveness in the market.
  3. Continuously analyze sales data to identify patterns and optimize pricing further when needed.","This dataset suggests that being aggressive with pricing alone may not lead to long-term success in this market as competitors can easily match or undercut prices. Instead, finding innovative ways to attract and retain customers through value-added services or special offers could prove more effective. Furthermore, understanding the cost structure of our business will be essential in setting competitive yet profitable prices over time.","* A higher price point may initially attract fewer customers, but can result in a higher profit per sale.
  * Lower prices appeal to a larger audience but may not be sustainable long-term due to low profits.
  * Balancing price and volume is crucial for the overall success of the business.
  * Adjusting prices based on competitor movements is essential for remaining competitive in the market.
  * Continuous analysis of sales data is necessary for further optimizing pricing strategies."
143,1.37,1.45,55.35233119906681,40.194041999986396,20.480362543654724,18.087318899993875,"Based on observed trends, we should consider adjusting our prices strategically to remain competitive with the competition and maximize sales volume. This may involve setting a lower starting price and increasing it if necessary based on customer demand, or setting a higher price when demand is high from competitors' price increases.","Consider increasing prices when they are consistently above 1.35 as it seems this is an effective strategy based on sales data. However, be mindful of losing potential customers with high prices and evaluate the impact on overall sales.","* Customers are willing to purchase our product at various prices, but there seems to be an optimal range around 1.35 - 1.5
* Lower pricing can lead to increased sales volume when competition raises their prices
* Higher selling price is justifiable if demand remains high despite higher competitor pricing
* It will be important to adapt our pricing strategy based on competitor actions throughout the game",Increasing price may lead to fewer quantities sold but potentially increased profits if the increase is significant enough. Continuously monitoring sales trends against pricing strategies is essential in determining the optimal price point.
144,1.4,1.52,58.49659041620144,36.19671862683171,23.39863616648057,18.82229368595249,"- Continue monitoring competitor's prices and sales volumes.
   - Experiment with various pricing strategies to find the optimal balance between volume and profit.
   - Consider implementing a dynamic pricing model that adjusts prices based on the competitor's pricing strategy.","Consider adopting dynamic pricing strategies that allow for quick adjustments based on market conditions. Additionally, explore methods to increase product differentiation to reduce competition on the 1.45 range and capitalize on times of lower competition.","- Lower prices generally lead to higher sales volumes, but lower profits.
   - A slightly higher price than the competitor can result in increased profit margins when keeping sales volume constant.
   - It may be beneficial to adjust pricing based on the competitor's strategy to maximize profits.",Market analysis suggests that periods of high competition may not always be profitable due to lower profit margins. Leveraging market trends could help identify times when a more aggressive pricing strategy might provide increased profits and sales.
145,1.5,1.45,42.431529615710865,51.825987305584185,21.215764807855432,23.32169428751288,"To remain competitive and capture more market share, we need to continue to adjust our pricing strategy while keeping an eye on our competitor's actions. Maintaining a flexible strategy will allow us to capitalize on any opportunities that may arise with changing market conditions.",Analyze competitor's pricing strategies to identify trends and patterns. Adjust prices accordingly while maintaining a competitive edge without significantly affecting profitability.,"Adjusting prices based on the competitor's actions appears to be effective in increasing market share. However, this strategy may lead to lower profit margins, so it is important to consider alternative strategies that could yield higher profits while maintaining or increasing our market share.","Competitors may react to our price changes, so it is important to monitor their actions closely. Significant price adjustments from competitors could potentially increase sales for our business if managed correctly."
146,1.45,1.5,51.825987305584185,42.431529615710865,23.32169428751288,21.215764807855432,"Maintain our competitive edge while also keeping an eye out for opportunities to optimize profits, balancing volume and profitability as needed.","```
1. Set a competitive but reasonable base price to attract customers.
2. Regularly monitor competitor pricing and adjust as necessary.
3. Invest in marketing strategies that highlight our product's unique value proposition.
4. Offer promotions or discounts during specific periods to drive sales (e.g., seasonal discounts, bundle deals).
```","Prices in the 1.35 - 1.5 range have proven successful thus far based on sales volume, but pricing higher occasionally (e.g., rounds 1, 39, 68) can lead to significant profits if managed correctly. Monitor the competition and adjust prices accordingly for a mix of high-volume/lower profit and low-volume/higher profit rounds.","```
1. It is essential to stay competitive while offering our product's unique value proposition to attract customers.
2. Adjusting pricing according to competitors can help in maintaining a strong market position.
3. Effective marketing strategies are crucial to communicate our product's benefits and differentiate from competitors.
4. Offering promotions or discounts can significantly impact sales, especially during specific periods.
```"
147,1.35,30.0,93.08615796566532,1.5802925019710544e-48,32.58015528798287,4.582848255716058e-47,"- Keep an eye on competitors' changes in pricing strategies and adjust ours accordingly
- Regularly evaluate and analyze the impact of price alterations on sales
- Continuously monitor market trends and consumer sentiment to make informed decisions","To maximize profit while maintaining a significant sales volume, I suggest adjusting our pricing based on the previous round's performance, aiming for a price between the highest and lowest profits obtained thus far. This would likely place the price in the range of $10.0-$40.0.","- Increasing our prices slightly above the competition may lead to decreases in demand
- Offering a competitive yet slightly cheaper price can potentially increase sales while maintaining market presence
- Adapting quickly to market changes is essential for pricing success","Price sensitivity is evident; we should continually monitor the market to adjust our pricing strategy accordingly. Keeping track of fluctuations in sales and profits will help us make informed decisions about our competitive position and future pricing strategies. Additionally, understanding customer reaction to different prices can provide valuable insights into their willingness to pay and product perception."
148,1.35,1.35,48.20964845248925,48.20964845248925,16.873376958371242,16.873376958371242,"To optimize sales, it is recommended that the price remain flexible, adjusting to consumer trends while taking into account fixed costs. To increase revenue, consider periods where demand is high and reduce the price slightly, which may lead to higher volumes of sales without substantial losses in profit margin.","Moving forward, let's continue our current pricing strategy, positioning ourselves as the more affordable option while occasionally increasing prices to tap into target markets seeking premium products. We should monitor competitor actions closely and adapt when necessary to maintain a competitive edge.","By analyzing historical pricing data, it has been observed that lower prices tend to result in increased sales volume. Pricing strategies must be adaptable, as changes in consumer trends and competition can lead to market saturation or loss of demand at high price points. To maximize revenue it may be beneficial to analyze patterns in sales and adjust the price accordingly, while ensuring the profit margin remains satisfactory.","Competitors' price ranges are quite variable but generally within $1.2 - $4.5 per unit. Market conditions seem to have an impact on pricing strategies, with higher prices targeting premium markets or during periods of low supply and high demand. The key insight is that our current approach, aiming for a more affordable image while still maintaining profitability, seems effective, but adaptations may be necessary to maintain a competitive edge."
149,1.35,1.35,48.20964845248925,48.20964845248925,16.873376958371242,16.873376958371242,Consider implementing a dynamic pricing strategy to adapt to market conditions and maximize profits by striking the right balance between attracting customers and maintaining profitability. Regularly research competitors' price changes and adjust pricing accordingly without compromising the value perceived by consumers.,"- Evaluate market response and adjust pricing strategy accordingly
   - Monitor close competitor's price points on a regular basis
   - Explore new methods for cost reduction to improve profit margins while keeping prices competitive","Observed that lowering prices temporarily can increase sales, but this method also needs careful scrutiny to ensure profits don't suffer due to the reduced margin. A competitive analysis should be performed to gauge whether price reductions will lead to a sustainable advantage in market share or eventually result in decreasing profits.","- Competitor is responsive to market dynamics and competitor pricing strategies
   - Lowering price points can increase sales volume but may impact profit margins
   - Continuously monitoring the competitive landscape is crucial for staying competitive in the market."
150,1.42,1.4,45.838743859667666,49.65651842164289,19.252272421060418,19.86260736865715,"In order to maximize our sales volume while maintaining a decent level of profitability, we should continue monitoring the competitor's pricing strategy and stay competitive when possible. It may be beneficial to consider occasional promotions or adjustments to our base price closer to 1.35 or 1.42.","- Adapt pricing strategy to respond to competitor's actions
- Monitor market conditions and react accordingly
- Regularly review profit margins to ensure long-term sustainability","The data suggests a delicate balance between sales volume and profitability when it comes to pricing. Lowering prices too much results in reduced overall profit, while setting prices too high reduces the number of units sold. It is important to remain aware of the competition and adjust our strategy accordingly to maximize both revenue and market presence.","- Lower prices may result in an increase in sales, as shown in rounds 54, 56, 63 and 64
- It is essential to maintain a price that offers competitive value while also ensuring profitability
- The competitor may have pricing strategies influenced by short-term objectives or external factors"
151,1.45,1.37,40.194041999986396,55.35233119906681,18.087318899993875,20.480362543654724,Investigate competitor pricing strategies more thoroughly to understand their logic behind changes. Consider implementing a more innovative pricing plan that stands out in the market and provides customer value beyond price alone.,"Evaluate strategic pricing options to maintain competitive advantage, identify optimal price points that can boost both sales and margin while minimizing risk of over- or underpricing the product. Consider conducting A/B testing on pricing tiers and monitoring market reactions.","Competitors' pricing fluctuations have impacted the seller's sales volume and profitability, indicating a need for a stronger and unique pricing strategy to stay competitive in the market.","Lower pricing generally results in increased unit sales but decreased profit margins, whereas higher pricing increases profit margin but potentially lowers sales volume. It is essential to find a balance between both factors while maintaining competitive positioning. This insight will be used to inform pricing strategies throughout the product's lifecycle."
152,1.49,1.5,47.8281671691674,45.95279791014791,23.435801912892025,22.976398955073954,"Maintain a competitive price point, adjusting based on competitor's actions. Explore periodic limited-time discounts as an incentive to attract new customers and stimulate sales when necessary.","In order to remain competitive while maximizing profits, our next pricing strategy should involve closely watching industry trends and competitor behaviors, while considering our own cost structure and desired market share. We may find opportunities for slight adjustments in our product price as long as they do not compromise sales volume or the overall profitability.","Price is the primary determinant of sales volume in this market. Lower prices attract more sales, but care must be taken not to undercut oneself in a competitive environment. Fluctuating the price between 1.35 and 1.5 provides an optimal balance that maximizes sales while remaining competitive. Discounts should be considered for certain periods to capitalize on customer interest and drive increased volume when necessary.","Observing the data trends indicates that when our product is priced higher than our competitors (rounds 54, 60), we are able to sell a substantial amount of products and earn significant profits. However, when our price is more competitive with lower margins, as in some later rounds, sales volume slows down but so does the competitor's sales. The key insight here is that offering a slightly higher-priced product may not discourage potential customers from purchasing it, if our brand offers enough perceived value."
153,1.45,1.5,51.825987305584185,42.431529615710865,23.32169428751288,21.215764807855432,"- Monitor competitor's pricing strategy closely
- Identify optimal price points based on sales volume and profit margins
- Implement dynamic pricing strategies to respond quickly to market changes
- Analyze past pricing decisions to improve future ones",Investigate the effects of strategically timing price adjustments to capitalize on customer loyalty and purchase trends without sacrificing profit margins.,"- Competition plays a significant role in sales volume (e.g., Rounds 63 and 54)
- Higher prices may not always increase profitability due to decreased sales volume (e.g., Round 76 where the competitor lowered their price significantly)
- Dynamic pricing strategies can help respond quickly to market changes, ensuring that the correct price point is maintained","Competitor pricing fluctuations may not have a significant impact on customer loyalty or buying decisions in this specific market, but it is necessary to monitor such changes carefully."
154,1.5,1.35,33.81286646295338,61.611059677241066,16.90643323147669,21.56387088703438,Consider adopting a more consistent pricing strategy around the competitive prices of $1.49 and $1.50 while remaining open to occasional price increases to maximize profitability.,"Focus on increasing volume of sales, find strategies to reduce production costs while maintaining the quality of our product, explore new markets for potential customer expansion, research the impact of lower prices on overall revenue in the long term.","Competition significantly impacts pricing decisions, but occasional higher pricing may be necessary to maintain profitability. Selling items at prices such as $1.49 and $1.5 has some success.","Lower prices can attract more customers and increase overall quantity sold; however, it's essential to consider production costs and evaluate their effect on profit margins. Further analysis is needed to determine the optimal balance between price and sales volume to maximize revenue in the long-term. The pricing strategy must also account for competition and market conditions."
155,1.47,1.5,49.82680041668503,44.192407585784935,23.418596195841964,22.096203792892467,Monitor competitor's pricing strategy more closely. Observe if there are patterns in their pricing to determine if this could be useful for my own pricing strategy. Consider testing lower prices at certain intervals to see if it attracts more customers and increases sales.,"```markdown
- Monitor competitor's price fluctuations and determine patterns
- Investigate methods to adapt pricing strategy based on competitor activity
- Implement real-time price reactivity where possible
- Consider offering promotions or discounts during periods of reduced competition prices
```",A lower price may lead to an increase in product demand. It's important to keep an eye on the competitor's pricing trends and adjust my own pricing accordingly to remain competitive. Testing different price points may help identify the optimal price that maximizes sales while maintaining profit margins.,"```markdown
- Competitor employs dynamic pricing strategy with frequent changes
- Reduced competitor price corresponds to increased unit sales on multiple occasions
- Larger price increases generally lead to lower quantity sold
- Further research needed regarding market demand, cost structure and competitive landscape for accurate pricing decisions
```"
156,1.5,1.5,46.83105308334812,46.83105308334812,23.41552654167406,23.41552654167406,"Maintain competitive pricing around 1.5, but adapt as necessary based on trends and competition prices. Monitor sales and profit margins to determine the optimal balance.","Continue monitoring competitor pricing strategies and adjust our own accordingly. Explore ways to distinguish ourselves from competitors through superior quality, customer service, or unique offerings to justify slightly higher prices. Consider running promotions during off-peak seasons to encourage sales.","Sales volume increases at lower price points, while maintaining a competitive price (but not excessively low) helps maintain market presence. It is important to avoid setting the price too high to stay profitable while keeping an eye on competitors' strategies. Adjustments may be needed if there are significant changes in prices or demand patterns.","The competitive market landscape demands careful price management. Consumers are price-sensitive but value quality and convenience, making it essential to strike a balance between cost competitiveness and differentiation factors. It's vital to keep an eye on the overall industry trends while continuously assessing our own strengths and weaknesses."
157,1.5,1.5,46.83105308334812,46.83105308334812,23.41552654167406,23.41552654167406,"``````markdown
Focus on price points between $1.3 and $1.6 to maximize both quantity sold and profits. Continuously monitor competitor pricing and adjust accordingly to maintain a competitive edge.
   ``````","Focus on maintaining a competitive price around 1.5, while remaining aware of competitor pricing and making adjustments as necessary.","``````markdown
Pricing strategies significantly impact sales and profits. Lower prices can increase quantity but decrease profits, while higher prices may result in no sales. Monitoring competitor pricing is crucial to stay competitive.
   ``````","Optimal price has been determined to be around 1.5, with relatively consistent sales. Lower prices can yield higher short-term profit but may affect long-term profitability due to inconsistent sales. High competitor prices can result in considerable sales when the price is much lower."
158,1.45,1.49,50.943811872294404,43.411452873238815,22.92471534253248,21.27161190788702,Adjust the pricing strategy to exploit fluctuations in competitor pricing by following market trends more closely. Consider offering promotional deals and discounts when the competitor increases their price.,"* Continue tracking competitor pricing and sales trends
* Analyze how changes in our pricing strategy have impacted sales volumes to establish a correlation for further optimization
* Consider implementing dynamic pricing strategies based on competitor actions and historical data","Sensitivity to price changes should be emphasized, as adjusting prices slightly affects sales volume significantly. Competitor analysis is crucial in making informed pricing decisions. Keep an eye on trends and react swiftly to take advantage of any competitive opportunities.","* Lowering the price slightly may increase the number of items sold, but it could also erode profit margins
* Increasing the price when the competition matches our price does not seem to impact the sales volume significantly
* In certain instances, raising the price dramatically (as in rounds 80 and 60) can yield higher overall profits if a higher quantity of items are sold. However, this strategy should be used carefully as it may deter customers who perceive a high price as too expensive."
159,1.5,1.49,45.95279791014791,47.8281671691674,22.976398955073954,23.435801912892025,"- Observe price trends and identify optimal price range where we can strike a balance between profit margins and volume sales.
   - Continuously monitor competitor's pricing moves and adjust our own accordingly.
   - Test slight price differences to better understand the elasticity of demand for our product.
   - Consider offering promotions and discounts during specific periods or events to boost sales if necessary.","- Monitor competitor pricing strategies closely.
   - Consider offering introductory discounts or promotions to attract new customers.
   - Gather customer feedback on our chosen prices and use this data to adjust accordingly.","- Setting an extremely high price for the product ($10.00) results in zero sales as customers prefer lower-priced alternatives.
   - matching the competitor's price ($1.35 or $1.50) helps maintain a steady volume of sales while achieving reasonable profit margins.
   - Lowering our price below the competitor ($1.20) increases sales but results in thinner profit margins.
   - Continuously monitoring and staying competitive with pricing is crucial for maintaining market share and attracting customers.","- The market appears price sensitive, with large variations in sales volume due to small changes in price.
   - There seems to be a balance between low (1.3) and high ($5.0) prices that should ideally be avoided.
   - It's essential to remain competitive while offering adequate profit margins for continuous operations."
160,1.47,1.5,49.82680041668503,44.192407585784935,23.418596195841964,22.096203792892467,"```markdown
1. Monitor competitor's pricing strategy closely
2. Adjust prices in response to changes in demand and supply patterns
3. Analyze consumer preferences for variations in price points
4. Maintain a competitive edge while adhering to profitability targets
5. Consider offering promotions or discounts as needed to stimulate demand during periods of slack sales
```","* Monitor competitor's pricing closely
   * Consider adjusting our price based on the competitor's actions
   * Ensure that our chosen price is competitive and attractive to customers while ensuring profitability","```markdown
- Price fluctuations appear to influence consumer behavior and demand
- Maintaining a cost-focused pricing strategy may be crucial when facing strong competition
- Monitoring consumer preferences and market trends is essential to make informed pricing decisions
- Offering promotions or discounts at strategic times can potentially boost sales and maintain customer engagement
- It's important to keep an eye on the competitor's actions while also considering our unique selling points and brand image
```","* Sales volumes suggest that customers prefer more affordable options
   * It seems that offering a lower price compared to the competitor can lead to increased sales volume (e.g., Rounds 76-80, 62, and 65)
   * Price fluctuations should be considered carefully as increasing our price in some instances led to increased sales when the competitor offered no price or a much higher price (Rounds 68, 64)."
161,1.35,5.0,93.08611842257643,4.248009559072613e-05,32.58014144790176,0.00016992038236290452,Focus on strategic pricing by keeping prices slightly below the competition in order to drive more sales and increase market share. Regularly monitor the competitor's pricing strategy and adjust our own accordingly.,Continuously monitor competitor prices and adapt ours accordingly. Maintain a balance between competitiveness and profitability in our pricing strategy by adjusting prices slightly lower when necessary. Encourage the sales team to upsell wherever possible to boost revenue.,"Lowering the price attracts customers and boosts sales volume, but it also leads to lower profit margins. Keep an eye on production costs and adjust prices to maintain reasonable profitability while staying competitive in the market.","Competitor pricing plays a significant role in determining our sales volume, as shown in cases where we priced higher and experienced reduced sales compared to competitive phases. A more flexible approach could help us remain at the forefront of the market while staying profitable. Keep monitoring trends and adjusting pricing to stay ahead of the competition."
162,1.48,1.45,44.39655410296468,50.05697497206609,21.310345969423047,22.525638737429738,"- Monitoring and understanding the competition's pricing strategy closely to better react and adapt to changes
   - Tailoring product offerings to showcase superior features or appeal, potentially justifying reasonable price increases when needed
   - Exploring promotional strategies to temporarily reduce our prices in response to competitor actions for short-term sales boosts","Consider increasing the sales volume while maintaining a minimum margin by keeping the prices competitive with the competitor, but look for opportunities to differentiate our product to create a perceived value advantage.","- Our competitor appears to prioritize capturing market share with dynamic pricing, which may offer a strategic advantage if utilized effectively
   - Consistently high pricing relative to the competition may limit our product's perceived value and decrease its attractiveness to potential customers
   - Offering promotions, discounts or other incentives could help balance our pricing strategy while maintaining product differentiation","Competitor's pricing strategy maintains a balance between high and low prices, with occasional price gaps offering an opportunity for potential increased market share when the competitor has a higher priced product. Keep monitoring sales volumes and profit margins while finding ways to create a perceived value advantage over the competition."
163,1.3,1.49,65.42462424389116,30.596900258606464,19.62738727316735,14.992481126717166,"Consider testing a lower price point (1.25 - 1.3) in the next round to explore potential benefits from increased volume sales. Additionally, analyze the impact of competitor pricing more closely and attempt to predict their future moves.",Maintain the current competitive pricing strategy with the primary focus on the prices of 1.49 and 1.50. Continue monitoring competitor's actions closely and adjust according to their behavior and market conditions.,Pricing seems to be a delicate balance between maximizing profit and maintaining a steady stream of sales. Lowering prices may attract more customers but could reduce overall profit if quantities do not increase significantly. Keep an eye on competitor pricing strategies to stay ahead in the market. Continuously analyze the relationship between price and quantity sold to optimize profitability.,"Consumers appear to be highly sensitive to changes in price, as significant shifts in sales volume have been observed when a competitor changes their pricing strategy. A clear trend of preference towards slightly lower prices can also be noted among customers."
164,1.45,1.45,47.375331803835735,47.375331803835735,21.318899311726078,21.318899311726078,"Consider observing market competition before choosing a price, as setting it too low or too high might not maximize sales. Utilizing data trends can help determine the optimal pricing strategy.","* Monitor the competitor's pricing strategy more closely for any changes or patterns that can give me an advantage in terms of volume sales and profit margins.
   * Keep track of when the competitor does not offer products to capitalize on potential market openings during these periods.","Fluctuating prices and analyzing their effect on sales will help to further refine the pricing strategy. Also, note that there are times when no price may be beneficial, depending on market conditions and product demand.","* Aggressive pricing by the competitor (lower prices) can increase volumes but potentially reduce overall profit per unit sold.
   * It is important to balance volume sales with profitability, and be wary of significant price drops or fluctuations.
   * Being aware of when the competitor does not offer products for sale allows for potential market opportunities."
165,1.49,1.37,36.415238569886476,58.84973490254086,17.843466899244373,21.774401913940125,"- Continue monitoring and strategically adapt our pricing based on the data, ensuring we strike a balance between offering competitive pricing while maximizing profit margins.
- Consider launching short-term discount promotions at specific price points to generate more sales and increase visibility when competition intensity is high.","- Develop a monitoring system to track our competitors' pricing strategies, allowing us to make informed decisions about our own pricing.
    - Perform a detailed analysis of the factors influencing demand beyond just price, to better understand the dynamics of the market and fine-tune our pricing strategy accordingly.
    - Implement an agile pricing model that can swiftly respond to changes in the market while maintaining profitability.","- Pricing strategy play a crucial role in determining the volume of goods sold, with competitive and non-predatory pricing strategies leading to higher volumes.
- Timing may be key when responding to our competitor's price changes, as indicated by the sudden spike in our sales when they raised their prices to 15.0.","- The market is sensitive to pricing adjustments but shows periods of resistance to price change, indicating a need to consider other factors influencing demand.
    - Competitors react to our pricing strategies, suggesting a need for close monitoring of competitors' actions and flexibility in our own pricing approach."
166,1.49,1.0,12.151619485356662,86.26832109787726,5.954293547824764,0.0,"Maintain a competitive price that is either slightly lower or equal to the competition, while monitoring market trends. Continuously analyze competitor actions and customer feedback to adjust our pricing strategy if necessary.","In order to remain competitive and increase salesQuantity, consider pricing lower than the current 1.5 but above the competitor's minimum price during Rounds where they are priced higher. Monitor rounds carefully before making adjustments and be prepared to revert if necessary.","- The market appears to show responsiveness to price changes up to a certain point. This indicates that demand for the product exists.
- It's crucial to monitor pricing trends of competitors, keeping an eye out for anomalies or pricing strategies that differ significantly from the norm.
- Maintaining a competitive edge while remaining mindful of costs and profits will help ensure long-term profitability in this market.","Lower prices seem to positively correlated with increased sales quantity, as shown in Rounds 79-82 where I lowered my price while the competitor remained steady or increased their price. However, excessive fluctuations in pricing could potentially harm profit margins and customer trust, so careful consideration should be given before adjusting pricing strategy. Additionally, it appears that the competitor's aggressive pricing strategy in Rounds 67-68 was met with success, as they significantly outsold me during those rounds. Learning from this trend, a balanced approach to pricing might prove beneficial in the long run by combining affordable options with profitability."
167,1.5,1.49,45.95279791014791,47.8281671691674,22.976398955073954,23.435801912892025,"- Keep the price competitive (around 1.5) to maintain a good number of sales as this seemed to be the optimal price in the data provided.
   - Monitor competitor's pricing strategy and adjust our prices accordingly if necessary (e.g., match lower prices when they drop their price).
   - Explore differentiating the product through better marketing or unique features that can justify a higher price.",Keep experimenting with competitive pricing strategies that optimize profits by underpricing rival offerings when feasible while still maintaining a minimum price threshold to ensure profitability.,"- The item's sales peak when priced at 1.5, suggesting this is an effective price point to aim for.
   - Our competitor tends to set prices higher than our item, which might indicate they are targeting a more premium market or have costs that justify their pricing strategy.
   - Matching the competitor's low prices may not necessarily lead to increased sales, as shown when we attempted it in rounds 82 and 70.","This market appears to reward competitive pricing and capitalizes on consumer demand for lower prices; however, setting the price too low may negatively impact potential profit margins if not managed carefully. It could be helpful to gather more information about what drives consumer purchasing decisions in this niche market."
168,1.35,1.5,61.611059677241066,33.81286646295338,21.56387088703438,16.90643323147669,"- Monitor competitor prices closely and adjust my own price accordingly to remain competitive but still profitable.
   - Implement a dynamic pricing strategy to respond quickly to changes in the market.
   - Consider offering promotions or discounts to boost sales during slow periods.","- Continue monitoring competitor's pricing and adjust our own prices accordingly to maintain competitiveness.
- Consider using promotional strategies (such as price drops) to attract customers, but ensure it does not undermine the perceived value of the product in the long term.
- Keep evaluating the profitability of each round and make changes as necessary (e.g., if the profit margin is too low, consider adjusting the price upwards).","- Lower prices can attract more buyers, but it may impact profit margins.
   - It is important to remain competitive to maintain market share.
   - Dynamic pricing strategies can help adapt quickly to changes in the market.","- Price fluctuations have proven effective in attracting customers and maintaining competitiveness in the market.
- Setting a lower price than the competitor can increase the perceived value of our product, but it must be used strategically to avoid devaluing the product.
- Promotional strategies (such as price drops) are important for short term gains, but they should be used with caution and not become a regular occurrence."
169,6.0,1.5,1.3414521476855831e-06,88.07970661624113,6.707260738427916e-06,44.03985330812056,"To keep up with the competition, it seems beneficial to continue adjusting our price to match or slightly exceed the competitor's price while ensuring a competitive advantage in terms of product quality and service offerings, as suggested by the demand response to lowered prices. However, be cautious of dropping the price too low for too long as it may lead to erosion of profits and perceived product value.","- Observe competitor pricing trends and adjust accordingly to remain competitive while ensuring reasonable profit margins.
   - Consider market demand, product quality, and production costs when setting prices.
   - Monitor customer feedback and adjust prices based on their willingness to pay.","It appears that the consumer's willingness to pay is relatively high, given the initial starting price (5.0) and the steady decrease throughout the game. Additionally, the data shows that demand is responsive to price changes, particularly at lower price points where demand increases exponentially. This may suggest a potential opportunity for short-term promotions should the situation arise again or in similar markets. It would be wise to pay close attention to future market dynamics and adjust pricing strategies accordingly.","- Competitor aggressively pricing its products affects the narrator's capacity to maintain profitability.
   - The narrator should be more proactive in setting prices that balance competitiveness with financial stability.
   - There are opportunities to leverage product positioning or additional features as means to charge premium prices (e.g., Round 80)."
170,1.35,1.5,61.611059677241066,33.81286646295338,21.56387088703438,16.90643323147669,"Based on the data presented, it appears the optimal pricing strategy would be to maintain the current price point of 1.35-1.5. This range seems to strike a balance between maximizing profit and maintaining reasonable sales volumes. It would be wise to closely monitor changes in competitor pricing and adjust strategically if necessary.","- Monitor competitor's price changes, particularly the significant drops to 1.2
   - Consider adjusting my pricing based on market response to competitor's price decreases
   - Analyze sales data and customer feedback during periods of price reductions by the competitor
   - Maintain current price point of 1.5 for most rounds as it seems to align with market demand","The product seems to exhibit elastic demand, where the quantity sold is somewhat responsive to changes in price but not drastically so. Adjusting price beyond the current range of 1.35-1.5 may yield minimal increases or decreases in sales volume, suggesting a need for strategic consideration in pricing adjustments.","- Competitor appears to have a volume strategy or offers promotions at lower prices (1.2)
   - Peak price for the competitor is around the same range as my current pricing (1.5)
   - There may be potential to gain market share by adjusting pricing during the competitor's price drops
   - It will be important to gather more data on customer behavior and sales during these periods of lower prices"
171,1.5,1.5,46.83105308334812,46.83105308334812,23.41552654167406,23.41552654167406,"Maintain a competitive price point around $1.50, with occasional minor adjustments to remain appealing to customers while ensuring profitability. Monitor competitor pricing and be prepared to adapt if necessary.","To establish a consistent market presence, it is important to set my prices competitively and strategically based on market trends. I should monitor both my competitor's pricing and sales data to ensure my prices are not too high or low. Additionally, I need to be aware of my target audience and their willingness to pay for the product.","Competitive pricing appears essential, as customers are sensitive to price fluctuations. Staying aware of the competition's moves can help maintain competitiveness without sacrificing profits. Continuously monitoring customer reactions to price adjustments may uncover additional insights into optimal pricing strategy.","- Competitor pricing strategies seem inconsistent and at times unsuccessful.
   - Maintaining a market presence is crucial for market share growth and brand recognition.
   - Pay close attention to target audience's willingness to pay for the product when making pricing decisions."
172,1.35,1.45,57.319938930185806,38.4227041024422,20.061978625565036,17.290216846098986,"* Continue monitoring competitor pricing and market trends
* Adjust product positioning or features as necessary to differentiate from competitors
* Consider introducing a low-cost entry point to attract new customers with a limited version of the product and then upsell
* Analyze cost of goods sold, operational expenses, and potential revenue to determine a profitable price range between 1.3 and 1.42","Monitor competitor's pricing strategy and identify any trends or patterns that could suggest strategic decisions, such as seasonal adaptations or market changes. Consider adjusting our pricing based on these observations to optimize our profits and market share.","* Higher prices did not result in sales (5.0, 1.5)
* Lower prices showed increased sales up to 1.42 (54.81 units sold at a profit of 23.02)
* Competitor pricing appears to be around 1.35 - 1.5 with varying success in selling units
* It is important to differentiate our product from competitors by focusing on unique features, positioning, or both
* A lower price point could attract new customers and provide a foot in the door for future upselling opportunities","Our target price lies between $1.30 and $1.50. Customers appear sensitive to large price changes, and consistent prices produce the highest sales volume in that range. It may be worthwhile exploring opportunities to establish ourselves as a reliable low-cost provider, leveraging our pricing strategy as part of our overall positioning and marketing efforts."
173,1.49,1.25,26.725639931962746,69.79925956028315,13.095563566661745,17.449814890070787,Maintain a competitive price while balancing profit margins and demand. Continuously monitor market trends and adjust pricing accordingly.,"It appears that maintaining a competitive yet slightly higher price compared to the competition will help preserve our market dominance. Occasionally, we could consider lowering the price slightly to reduce costs and drive sales but must always ensure this does not lead to significant loss in market share.","Lowering the price can lead to increased sales, but ensure that profits are not heavily impacted. Competitor price fluctuations have minimal effect on market share in our specific product category. Keep a close eye on customer behavior during holiday season and promotions as it may influence demand.","The fluctuating pricing strategy of our competitor has shown to be less effective overall since they are unable to consistently capture market share from us due to our stable, competitive price positioning. Our product seems to have a robust customer base that values the quality and features we offer."
174,1.5,1.35,33.81286646295338,61.611059677241066,16.90643323147669,21.56387088703438,Maintain the current pricing strategy as it keeps up with competitors and shows consistent demand. Look into reducing prices intermittently to gain more market share or consider raising prices in response to increased production costs.,"The seller should consider lowering the initial pricing strategy slightly without compromising product quality, as consumers seem to react positively to competitive pricing. This could potentially attract a larger market share while maintaining profitability.","The business has a steady customer base that values its product, and its current pricing level sits near the middle of the competitive range, providing an opportunity for minor adjustments in either direction depending on potential changes in production costs or market demand. Additionally, keep track of competitor behavior for possible shifts in their market presence and pricing strategies.","Consumers in this market tend to rely more on price sensitivity initially, but brand loyalty and perceived value can play essential roles in their purchasing decisions over time. It's important for the seller to balance competitiveness with the need to maintain its brand image and recognition."
175,1.45,1.5,51.825987305584185,42.431529615710865,23.32169428751288,21.215764807855432,Monitor the market closely for continuous competitor pricing changes and adjust price accordingly to stay competitive and maximize sales. Plan for occasional price decreases to drive more sales while considering potential impact on overall profit margin.,Keep an eye on competitor's pricing strategy and adjust our own price points accordingly to maintain a competitive edge while maximizing profit margin. Consider running tests with different prices to gather more data on market response.,"Customers are more sensitive to slightly lower prices, leading to increased sales. It's essential to balance between aggressive pricing strategies (for increased sales) and maintaining a sufficient profit margin. Adapting to competitor pricing changes can lead to market share growth while ensuring a competitive edge in the pricing strategy.","Market responsiveness to lower prices (1.2 - 1.3) may not guarantee increased sales due to competition and perceived low quality, whereas maintaining a mid-range price (1.45 - 1.5) appears to result in steady sales numbers."
176,1.5,1.37,35.49418459048401,59.702199884710225,17.747092295242005,22.08981395734279,"- Continuously monitor competitors' pricing strategies and adjust ours accordingly to maintain a competitive edge while maximizing profits.
   - Explore opportunities for partnerships or collaborations that could increase our product's perceived value, allowing us to justify higher prices.
   - Conduct market research to understand customer preferences and willingness to pay, which may help us determine optimal pricing strategies.",We should continue monitoring the competitor's pricing movements and be prepared to adjust our strategy if necessary.,"- The importance of staying informed about competitors' pricing strategies cannot be overstated in such a competitive market.
   - Partnering with other companies to increase perceived value can help us maintain or even raise prices while remaining competitive.
   - In-depth market research is crucial for understanding customers' expectations and their willingness to pay for our product, informing future pricing decisions.","Lowering our price attracts more customers initially, but prolonged lower prices may contribute to reduced profitability due to lower margins in the long run. It is crucial to strike a balance between price competitiveness and maintaining profitability."
177,1.35,1.35,48.20964845248925,48.20964845248925,16.873376958371242,16.873376958371242,"- Monitor direct competitors' prices more closely and adjust ours accordingly to maximize sales.
   - Develop strategies to entice customers when there are no direct competitors by creating a unique value proposition or running promotions.
   - Invest in marketing efforts to increase awareness and attract new customers when a competitor enters the market with lower pricing.","Consider adopting a competitive pricing strategy where we set the price slightly below the competitor's. This seems to contribute to higher sales volumes. Additionally, review the data from rounds 82 and 80 as adjustments might be needed in pricing strategies that aim at zero sales or high prices.","- Customers are sensitive to direct competitors' prices, leading to noticeable drops in sales even when we have a competitive advantage (e.g., round 81).
   - Our business tends to sell more when there is no direct competition (e.g., round 82), indicating untapped market potential.
   - Customers appear willing to pay slightly higher prices for our product due to its perceived value, as shown in rounds where our price was only marginally higher than competitors'.","Evidence supports a positive relationship between lower prices compared to our competitor's and increased sales volumes. Higher-priced products result in fewer sales, especially when the competitor offers similar items at lower costs. These insights can guide future pricing decisions."
178,1.4,1.37,45.0812968070129,50.82902021502237,18.032518722805154,18.806737479558283,Revise our pricing strategy based on competitor analysis. Focus on identifying periods where lowering prices can increase sales volume without compromising profit margins significantly. Consider implementing dynamic pricing to adjust prices in real-time according to market conditions and competitor's actions.,"Our main observation is that setting competitive yet lower prices leads to a higher number of sales compared to when we match our competitor's price, especially when the competitor holds a high price. Therefore, we should maintain a slightly lower base price while keeping an eye on the competitor's pricing strategy for potential adjustments accordingly.","Competitor analysis is crucial in understanding the competitive landscape and determining our best course of action. Lowering prices could potentially lead to increased sales volume, but we must ensure that profit margins are not compromised significantly. Dynamic pricing could help us react quickly to competitor's price changes and maximize profits.","In rounds 1-67 and 80-82, our product had a lower base price than the competitor, leading to more sales. In rounds 68-79, however, we matched or slightly overpriced our rival, causing a decrease in sales. Furthermore, by observing when either product takes off without price competition (rounds 50-100 for our product, round 81 for the competitor), we can analyze market demand during those periods and potentially leverage that information to further optimize pricing strategies in the future."
179,1.45,1.35,38.4227041024422,57.319938930185806,17.290216846098986,20.061978625565036,Focus on monitoring the competitor's pricing strategy and identify opportunities to adapt our pricing as needed based on their actions while preserving profit margins.,"To strike a balance, we could consider implementing a dynamic pricing strategy that adjusts based on market conditions and competitor prices. This would allow us to take advantage of opportunities for higher profits while still being competitive.","Adapting prices to match or beat the competition increases sales quantity but negatively impacts profitability, suggesting a need to balance market share with unit economics.","Lowering the price does not necessarily mean more profit; it's essential to strike a balance between attracting customers and maximizing profit. In some cases, increasing the price can lead to increased profitability."
180,1.35,1.375,50.527737044291186,45.71938712635636,17.684707965501918,17.144770172383634,"- Monitor competitor's prices and react more quickly when they drop below yours.
- Consider implementing a more aggressive pricing strategy, especially during periods of sales slumps.
- Develop a backup plan to adjust prices when the competitor does not lower theirs.","- Monitor competitor pricing more closely to ensure our price remains competitive within the market range.
   - Consider offering discounts or promotions during off-peak times to attract additional customers.
   - Explore potential partnerships with complementary businesses to expand sales channels and gain a larger customer base.","- Prices play a significant role in sales volume, with higher prices leading to reduced sales.
- Reacting swiftly to price changes from the competitor can help maintain or improve market share.
- Maintaining an ongoing dialogue with the competitor on pricing could lead to mutually beneficial scenarios.","- Consumers demonstrate a preference for moderate pricing, as the extremes seem to have limited success in driving sales.
   - The competitive landscape is dynamic, requiring constant monitoring and adaptation of our pricing strategy to remain viable.
   - Potential exists for creating synergies through strategic partnerships that could help increase profitability."
181,1.25,1.25,48.78555511603684,48.78555511603684,12.19638877900921,12.19638877900921,"- Continuously monitor market prices, customer demand and our cost structure to adapt pricing decisions quickly.
   - Regularly reassess the target audience's willingness to pay and adjust pricing accordingly.
   - Offer promotions or discounts to boost sales at times when demand appears weaker.","In the upcoming rounds, it would be beneficial to consider maintaining a competitive price while balancing quantity sold and profit margins. This may require occasional adjustments based on competitor's strategies as shown throughout this pricing exercise.","- Lowering the price increased overall sales quantity even with a slight decrease in individual sales profit.
   - Maintaining a reasonable and competitive price is important for attracting customers and increasing market share.
   - Having an adaptive pricing strategy that takes into account both demand and cost factors can lead to success in maintaining a profitable and sustainable business model.","It appears that there is a correlation between the competitor's price strategy and the amount of units sold; however, at specific prices, profit margins may be compromised. It will be essential to continue monitoring and responding to competitive moves in order to optimize profits over time."
182,1.35,1.35,48.20964845248925,48.20964845248925,16.873376958371242,16.873376958371242,"- Continue monitoring competitor pricing strategies
   - Explore innovative marketing techniques to differentiate our product
   - Implement customer feedback to improve product quality
   - Evaluate the possibility of offering various packages or discounts
   - Strengthen supplier relationships to maintain a competitive cost structure","Consider testing a slight price increase in upcoming rounds to assess its impact on profit margins and sales volume, while continuing to monitor the competitor's pricing strategy.","- Pricing sensitivity is moderate but significant – small price reductions lead to noticeable increases in sales
   - Customers seem to value high-quality products and are willing to pay a premium, given the right marketing and positioning
   - Innovative product offerings could potentially help us gain a competitive edge over our competitors
   - Building strong supplier relationships enhances our ability to adapt swiftly to changing market conditions","The lower price strategy appears to be effective in terms of attracting more customers, but it might be beneficial to explore the potential of a slightly higher price point to maximize profitability without significantly impacting sales volume."
183,5.25,1.3,1.295715037263909e-05,94.26757019572072,5.5067889083716134e-05,28.28027105871622,"- Monitor competitor pricing closely and identify trends or patterns
   - Optimize own price points for higher profitability and market share
   - Consider offering promotions or discounts to stimulate sales during slower periods
   - Collaborate with internal teams on potential product improvements or innovations",Focus on pricing strategy that capitalizes on competition with similar priced competitors while maintaining a decent profit margin. Regularly analyze data and adjust price points accordingly.,"- Higher pricing options are not always more profitable due to reduced sales volume
   - Lower pricing options may lead to increased sales but lower profit margins
   - Continuously monitoring the market and competition is essential for staying competitive
   - Focusing on customer satisfaction and retention is key to overall success","Pricing plays a significant role in both sales volume and overall profitability. Lower prices bring higher volumes but lower profits, while higher prices yield less volume but greater profits. It's essential to find a balance that allows for increased sales with minimal impact on the bottom line. Keep an eye on competitor pricing to capitalize on opportunities."
184,1.45,1.375,40.639470753906046,54.857547532387464,18.28776183925772,20.5715803246453,No plan found.,"Analyze the relationship between price and quantity sold for each pricing round to identify trends and patterns. Observe if there are any correlations or significant differences in sales quantities when the price is increased, decreased, or remains constant.",No insight found.,"Examine the impact of competitors' prices on overall market performance. Investigate whether it's advantageous to match competitor pricing, undercut them, or set a premium price to capture higher profit margins. Additionally, consider conducting a price sensitivity analysis to determine the optimal pricing strategy for maximizing revenues while maintaining a competitive edge."
185,1.35,1.35,48.20964845248925,48.20964845248925,16.873376958371242,16.873376958371242,"* Monitor competitor's pricing and adjust accordingly to maximize revenue potential
* Explore tactics such as promotions, bundling offers or discounts to drive sales at key price points
* Investigate expansion into new markets or segments to tap into untapped demand for the product","Monitor price-competition dynamic closely, consider varying prices strategically to optimize profits without sacrificing sales levels.","* Lower prices can stimulate significant demand while maintaining good profitability
* Optimal balance between price and quantity sold needs to be determined to maximize total revenue
* Competitive market with aggressive pricing tactics from competitors, we must stay adaptive and strategic",Lowering the price can increase sales but also impacts profit margin. Find the optimal balance in price to maximize both sales and profitability. Keep a close eye on competitor pricing to make informed decisions.
186,1.5,1.3,29.754145556153254,66.21906872754134,14.877072778076627,19.865720618262404,Consider experimenting with various strategic price points to maximize sales. Keep an eye out for trends and patterns in both lower and higher price ranges.,"To remain competitive, we should closely monitor the competitor’s pricing strategy and adjust our own accordingly. We may want to consider matching their prices for some rounds or introducing special offers during specific promotional periods.","The relationship between price and quantity sold is not always linear, suggesting that there may be optimal price points that need to be identified through continuous analysis. Finding a balance between profitability and volume sales might be key to long-term success and market competitivity.","The competitor seems to have a price advantage in the lower range, while we hold the edge in higher price points. This suggests that we should focus on maintaining competitive pricing in the lower range and capitalize on our stronger position in premium prices."
187,1.35,1.35,48.20964845248925,48.20964845248925,16.873376958371242,16.873376958371242,"- Analyze customer feedback to determine if pricing fluctuations impact perceived value and purchase decisions.
   - Evaluate competitor's pricing changes to identify trends or patterns that may be influencing sales volume.
   - Study how the competitor manages their inventory to identify opportunities for efficient production and lower costs during our pricing rounds.","* Continue monitoring sales volume and profit margin at various price points to refine optimal pricing strategy
* Analyze competitor pricing strategies and adjust our own pricing accordingly
* Explore the potential for product differentiation to justify higher prices","- Our current pricing strategy seems to be effective in maintaining consistent sales, but it might limit opportunities to increase market share when the competitor prices lower.
   - The competitor's fluctuating pricing may indicate an aggressive approach to gain or maintain market share, and we should remain prepared for potential price adjustments.
   - Analyzing the competitor's inventory management practices could yield valuable insights into production, supply chain optimization, and cost reduction opportunities for us as well.","* Lowering the price boosts sales volume but decreases the profit margin
* Competitors play a role in pricing decisions, as lowering our price below key competitor levels results in increased sales volume
* There is an optimal pricing strategy to meet both high sales volumes and a reasonable profit margin"
188,1.35,1.5,61.611059677241066,33.81286646295338,21.56387088703438,16.90643323147669,"- Continue adjusting prices to remain competitive while maintaining profit margins
   - Keep a close watch on competitor price movements and adjust accordingly to stay competitive","```lua
1. Monitor pricing trends and adapt prices accordingly based on the demand and competition
2. Conduct market research to determine ideal pricing strategies to optimize profit and sales
3. Implement dynamic pricing for better flexibility in a fast-evolving market
```","- Reducing the price may lead to increased sales, but it's necessary to weigh this against potential profit losses
   - Being the lowest priced option does not always guarantee more sales
   - Maintaining a consistent, yet competitive pricing strategy is essential for long-term success","```yaml
1. Lowering prices attracts more customers but may lead to lower profits per unit sold
2. Higher prices generate higher profits but fewer sales, limiting overall revenue
3. Striking a balance between competitiveness and profitability is critical for success
4. Market research, demand analysis, and competitive intelligence are crucial for determining optimal pricing strategies
```"
189,1.35,1.45,57.319938930185806,38.4227041024422,20.061978625565036,17.290216846098986,"- Maintain a competitive price to attract customers while ensuring profitability.
   - Monitor competitor's pricing strategies closely and adjust ours accordingly.
   - Consider offering promotions or discounts when our competitors raise their prices or during periods of low demand.","- Monitor competitor pricing and adjust ours to be within a reasonable range while remaining competitive
- Implement dynamic pricing strategies to adapt quickly to changing market conditions
- Offer incentives or packages to retain existing customers and encourage repeat purchases","- Our customer tends to respond favorably to lower prices, particularly when competing prices are substantially higher.
   - It may be beneficial to adjust our pricing strategy based on competitor's actions.
   - Carefully consider the impact of changing prices on overall profitability and demand.","- Lowering our price can result in increased sales when competitors maintain a higher price point
- Customers do not seem sensitive to small changes in prices but significant differences are noticeable (round 101 vs round 95)
- Frequent price adjustments may be necessary to maintain a competitive edge and attract customers"
190,1.49,1.45,43.411452873238815,50.943811872294404,21.27161190788702,22.92471534253248,No plan found.,Aim for competitive pricing strategies and monitor the market closely. Be ready to make adjustments to price based on competitor moves.,No insight found.,"Customers may be sensitive to significant changes in pricing, suggesting a need for careful consideration when adjusting prices."
191,1.5,1.0,11.731042782619836,86.68133321973349,5.865521391309918,0.0,Continue monitoring competitor pricing strategies and adjust our own prices accordingly to maintain competitiveness without significantly losing profit margin. Consider exploring potential niche markets where we can charge slightly premium prices due to unique product offerings or high-quality services.,"Adjust price based on competition and product demand trends. Maintain a competitive price when competitors have more aggressive offers (e.g., Round 100, Round 98). Capitalize on our lower pricing during periods where we see an advantage in sales volume despite reduced profit margin (e.g., Round 93, 105). Monitor sales trends over time to identify price adjustment opportunities.","Pricing should be closely correlated with the pricing of competitors, but not identical. By following this strategy, the business is able to maintain a steady stream of sales and a somewhat stable profit margin even in the face of competition. Further research may uncover opportunities for differentiating ourselves from our competitors and charging premium prices based on superior services or unique product offerings. Additionally, analyzing the relationship between price and sales volume can provide insights into customer demand and preferences.","Optimal pricing seems to be a balancing act between maximizing sales volume and ensuring profitable margins. Lower prices can lead to increased sales volume but reduced profit per sale, while higher prices result in fewer sales but greater profit per sale. Trend analysis can uncover valuable pricing insights and help make informed decisions."
192,1.45,15.0,90.02495108803149,2.6037661393823023e-22,40.51122798961416,3.645272595135223e-21,"Given the dynamic nature of the market, I believe it would be beneficial to monitor competitor pricing more closely and adapt my own prices accordingly. This could potentially allow me to capitalize on periods where the competitor overcharges or undersells its products.","- Monitor competitor's pricing and adjust ours accordingly to maintain a reasonable price advantage or match when necessary.
- Analyze the impact of different price points on our profitability.
- Develop strategies that could provide long-term profitability without sacrificing market share.
- Implement an awareness campaign to reinforce the value and quality image of our product in customers' minds.","It appears that understanding the competition's rationale behind their pricing strategy is critical to optimizing my pricing approach. Additionally, monitoring trends in product categories may provide insights into when certain price points are more profitable or effective in driving sales.","- Lower prices can increase demand but may not be profitable in the long run.
- A slight price adjustment might attract more customers, maintaining profitability is crucial.
- The competitive market necessitates careful pricing strategies to maintain a balance between attracting customers and ensuring profitability.
- Quality, value, and brand image play important roles in customer perception and decision making."
193,1.45,1.45,47.375331803835735,47.375331803835735,21.318899311726078,21.318899311726078,"It may be beneficial to gradually lower the price while keeping an eye on the competitor's movements, but also consider setting a floor around $1.3 as it seems to stimulate increased sales volume without significantly affecting overall profit margins.",Continue monitoring price adjustments and take note of their impact on sales volume; consider implementing more frequent and subtle shifts in pricing to stay competitive while maintaining profit margins.,"Competitor pricing strategies appear to have an impact on your sales and profitability, with sudden price changes having different effects based on the competitor's price history. Additionally, price sensitivity among consumers seems evident as they react positively to lower prices while still maintaining a threshold around $1.3.","Adapting the pricing strategy based on market responses is essential to success; it's crucial to keep track of sales fluctuations and adjust prices accordingly, ensuring a balance between competitiveness and profitability. It may also be worth considering offering promotions or discounts at strategic times throughout the year to boost sales during slower periods."
194,1.35,1.35,48.20964845248925,48.20964845248925,16.873376958371242,16.873376958371242,"Our goal is to continue our strategic approach in pricing, which emphasizes competitive differentiation and customer demand analysis. Continuously monitor the market prices set by competitors, stay attentive to our production costs and market trends, and strive to maintain a balance between affordability, quality, and profitability for our customers.","We should consider lowering our price slightly to meet or slightly undercut the competitor's price, but ensure we do not compromise profit margins. Regularly monitor sales data, and adjust pricing accordingly based on the competition's moves.","Pricing is crucial in maintaining profit margins while staying competitive. By paying close attention to competitors' pricing strategies and adjusting ours accordingly, we ensure that the market perceives our product as valuable without appearing overpriced. It is also important to take into account customer demand and preferences when choosing a price point for optimal sales.","Lower prices can lead to increased sales, but it's essential to maintain a reasonable balance between competitiveness and profitability. By closely monitoring sales data and being responsive to market conditions, we can make informed pricing decisions that maximize our profits while staying competitive."
195,1.35,1.35,48.20964845248925,48.20964845248925,16.873376958371242,16.873376958371242,"- Maintain competitive pricing within the $1.3-$1.5 range, unless the competitor lowers their prices drastically.
   - Monitor competitor pricing activity closely and adjust our own pricing accordingly.
   - Offer strategic promotions or sales to retain customer loyalty during periods of price competitions.","Consider implementing a dynamic pricing strategy, adjusting prices based on competitor actions while ensuring profitability. Invest in market research to better understand consumer behavior and make data-driven decisions regarding price changes. Regularly review pricing strategies to ensure they remain competitive and profitable.","- Demand for the product is sensitive to changes in price, indicating a need to carefully evaluate pricing strategies.
   - The competitor's lowering of their prices affects our sales volume negatively but can potentially attract new customers.
   - Price wars are unlikely to be beneficial as they may result in lower margins and customer dissatisfaction.","Consumer sensitivity to price varies significantly; some are willing to pay more for your product if competitors' prices are higher, while others may favor a lower-priced option. It is important to maintain a balance between profitability and competitiveness in pricing decisions. Keep monitoring market trends and consumer preferences for best results."
196,1.35,1.35,48.20964845248925,48.20964845248925,16.873376958371242,16.873376958371242,"Strive to offer competitive pricing while monitoring competitors' trends, adjusting our prices accordingly. Explore ways to reduce production costs to support lower pricing strategies.","To maintain competitiveness and increase potential sales, I need to adjust my pricing strategy to reduce my prices slightly compared to the competition's average price in each round, particularly when they set a low price. I will continuously monitor competitors' pricing trends and adapt accordingly to optimize my profitability and sales volume.","Lower prices result in increased sales (e.g., Rounds 101 and 105); maintaining a consistent price above the competitor might not always lead to better outcomes (e.g., Round 104). Understanding the specific market conditions of each pricing round may help inform strategic decisions regarding price adjustments.","Observations from this data suggest that having a lower price compared to competitors results in increased sales volume, but with less profit per unit sold. In contrast, maintaining a higher price results in slightly lower sales volume but higher profits per unit sold. This information may be relevant for companies making products for mass consumption or those with less elastic demand."
197,1.39,1.35,44.234640088060836,51.90983101774948,17.251509634343723,18.168440856212325,"- Analyze competitor pricing patterns more closely, focusing on identifying any trends or tendencies that might suggest vulnerabilities to exploit through smart pricing decisions.
   - Regularly survey and collect customer feedback about our perceived value and competitive positioning, as this will help inform future pricing adjustments.
   - Investigate potential partnerships with complementary businesses that could enable us to bundle our offerings effectively and reach a wider audience, possibly allowing for an increased price point.","Consider adjusting prices strategically based on the competitive landscape and identify opportunities to underprice when the expected return on investment is substantially higher than other rounds (e.g., Rounds 103-105, 114). Monitor sales trends for both our product and the competitor's to maintain a pricing strategy that balances profitability and market share growth.","- The competitor's lower pricing strategy is an attempt to attract more customers, but over time, this may lead them to make fewer profits (if their costs remain constant). This could be an opportunity for us to increase our prices by providing greater value or improving the overall customer experience.
   - Customers are sensitive to both high and low price points; they might perceive either price as indicative of quality or value. By striking a balance between competitive pricing and maintaining reasonable profit margins, we can maximize our appeal to customers without compromising our reputation or perceived value.","The data indicates that price sensitivity exists among consumers as lower prices result in increased sales (Rounds 103-105, 114). However, setting prices significantly lower than the competitor's does not consistently lead to higher sales, implying that our brand may be perceived as having less value (e.g., Round 98). Further research is needed to understand consumer preferences and optimize pricing to drive sales and revenue growth while maintaining a strong brand image."
198,1.35,1.5,61.611059677241066,33.81286646295338,21.56387088703438,16.90643323147669,"Consider implementing a pricing strategy that adjusts based on the competitor's actions. During periods when they lower their prices significantly, try to hold and capture any market share we can with our existing price, as we have observed this can lead to higher sales volumes (e.g., rounds 98-99). At the same time, observe the customer response to these adjustments and prepare to counteract their moves when it appears profitable to do so.","In future pricing rounds, I recommend closely monitoring price variations between competitors while considering the impact of changes in price on quantity sold. Additionally, research market trends and consumer behavior to gain a better understanding of pricing sensitivity. Adjust prices based on these insights and iterate as necessary to optimize sales and profit.","* Aggressive pricing competition can lead to increased sales volumes (e.g., rounds 100-102)
* Customers are sensitive to variations in price and may be more likely to purchase from us if we offer a comparatively cheaper option
* It is crucial to observe the customer response to pricing changes and be prepared to adjust our strategy accordingly","- Prices above 1.5 have shown success in driving higher quantities sold for Company A
   - Company B has been price competitive with Company A, but also experienced a significant decrease in quantity sold when pricing dropped below 1.3
   - There appears to be some price sensitivity among consumers, as prices above 1.7 have resulted in fewer sales for both companies
   - External market factors (such as competition and economic conditions) may play a role in the success of certain price points"
199,1.0,1.52,87.47024964480924,10.927676849188998,0.0,5.682391961578279,"Consider implementing a price structure that adjusts prices based on market demand and product quality. This could involve introducing more premium pricing tiers, offering limited-time sales promotions, or introducing bundled packages to increase the perceived value. Additional analysis may be required to determine which strategies would be most effective in our market.","It seems wise to maintain a slightly higher price margin to maximize profits when the competitor's price isn't so low. However, it may be essential to adapt to the competition during periods of extreme price differences from the competitor.","Our customers are sensitive to price changes and seem to respond positively when they perceive a good value or discount. On the other hand, our competition has been able to maintain high average prices by providing quality products that justify the higher cost. Analyzing consumer attitudes towards pricing, as well as competitor pricing strategies within our market segment, will help inform future decisions regarding our product offerings.","The product's sales volume responds positively to higher pricing in most instances compared to lower prices, but there are exceptions when the competitor offers a considerably lower price. It may be necessary to reassess pricing strategies based on competitor's dynamic pricing approach and maintain awareness of potential seasonal or market fluctuations."
200,1.49,1.3,30.596900258606464,65.42462424389116,14.992481126717166,19.62738727316735,"- Continue observing and documenting pricing trends of both our company and competitors
   - Develop dynamic pricing strategies to compete effectively with our competitor, considering market conditions and seasonality
   - Expand marketing efforts to create awareness around product quality and unique value proposition to justify higher pricing in the future
   - Conduct regular market research to identify customer preferences and willingness to pay for our product","- Monitor competitor pricing closely and adjust accordingly to remain competitive while ensuring profitability.
   - Consider offering discounts or promotions during periods when the competitor raises their price significantly.
   - Investigate methods for enhancing brand image to reduce sensitivity to price fluctuations and attract more cost-conscious customers.","- Our competitor is employing a dynamic pricing strategy that aims to undercut or match competition, with some exceptions of increased prices due to promotions or high demand
   - It appears that the competitor lowers their prices mainly during periods of higher sales volume, potentially indicating promotional strategies aimed at clearing inventory or increasing market share
   - Market research will provide valuable insights into customer preferences and willingness to pay for our product, allowing us to strategically adjust our own pricing and value proposition","- Customers may be more sensitive to price increases than price decreases.
   - Lower prices temporarily can result in increased unit sales, provided the competitor doesn't lower their price at the same time.
   - Maintaining a unique brand image can assist in minimizing the impact of price wars and maintaining profitability."
201,1.35,1.35,48.20964845248925,48.20964845248925,16.873376958371242,16.873376958371242,Target the middle ground of pricing. Maintain a price closer to $1.4 ($1.35 - $1.45) as it has led to consistent profits while also maintaining moderate sales volume during most rounds.,"To capitalize on competition-driven reactions, we could monitor competitor pricing and adjust ours accordingly to maintain our relative price advantage where possible. Additionally, analyzing the times when both prices moved in tandem could help identify factors driving those changes.","Competitor's aggressive pricing strategies, especially in the early stages of pricing rounds (e.g., Round 114), can boost quantity sold but significantly lower their profit margin and overall revenue. It is important to remain competitive while ensuring financial sustainability.","Understanding the impact of pricing on consumer behavior would benefit from further research, as changes in price did not always lead to a proportionate change in quantity sold. Consider implementing surveys or focus groups to gather more insights about customer buying preferences, price elasticity, and perceived value."
202,1.49,1.48,46.06512857708497,47.945082137587725,22.571913002771634,23.013639426042108,"Let us monitor the competitor's price changes closely and explore opportunities to align our pricing with periods when they increase their prices, in order to capitalize on any potential customer dissatisfaction or mispricing. Additionally, investigate if offering discounts or promotions during times when the competitor's price is lower than ours could be beneficial for maintaining market share.","* Experiment with slightly higher prices while keeping an eye on customer demand and overall profit.
   * Analyze competitor pricing strategies and aim to remain competitive but not identical, as there seems to be a slight advantage in volume when the price slightly differs from the competitor's.",The aggressive pricing strategy employed by our competitor suggests they are highly focused on gaining market share and are willing to experience potential decreased profit margins in order to do so. It may also indicate a desire to price-test different ranges and assess demand before settling on an optimal pricing model.,"* Lower initial prices may lead to higher sales, but overall profit per unit is lower due to the larger number of units sold at a lower cost.
   * A slightly higher price can translate into higher profits per unit when customer demand is maintained."
203,1.3,1.49,65.42462424389116,30.596900258606464,19.62738727316735,14.992481126717166,"Experiment with reducing the product's price within the range of $1.30 - $1.49, to observe if an optimized pricing strategy can be found offering both competitive prices and increased profitability, while maintaining demand due to high quality.","The optimal pricing strategy appears to be maintaining competitive prices that are slightly above-average, allowing for steady sales and consistent profit over time. It is crucial to keep an eye on competitor's prices and react accordingly by adjusting our own pricing. We should also consider implementing promotions or discounts strategically, such as in circumstances where our stock is high (e.g., Round 127 when the price was set at $1.25 and 69.8 units were sold).","It has been observed that a strategic adjustment in price within the range of $1.30 - $1.49 might help maintain a balance between sales volume and profit margins during periods of moderate demand. Additionally, periodic reductions can boost sales significantly during high-demand seasons, such as Round 127 where lowering the price to $1.25 led to a 432% increase in sales.","Pricing plays a crucial role in the success of our sales, impacting both the number of units sold and overall profit. Lowering prices too much can result in lower overall profit (example: Round 114), while maintaining competitive yet slightly above-average prices leads to steady growth over time (example: most pricing rounds listed). Our sales volume tends to drop substantially when our competitor's price is significantly lower (e.g., Round 105 where our price was $1.30 and the competitor sold 65.42 units at $1.49). Further investigation into consumer behavior may yield insights on their sensitivity to pricing changes, helping us develop even more effective strategies."
204,1.49,1.47,45.18108123973148,48.9440810105728,22.138729807468426,23.003718074969214,No plan found.,"- Consider monitoring market trends and adjust pricing accordingly
   - Keep an eye on competitors' promotions/sales to maintain competitiveness
   - Explore the possibility of attracting budget-conscious customers through strategic pricing
   - Regularly evaluate demand at various price points and be prepared to make swift adjustments as needed",No insight found.,"- The mid-price range (1.4 - 1.5) offers a balance between market competitiveness and demand
   - Lower prices (~1.3) could potentially increase sales due to promotions/sales, but may reduce overall profit margins if used too frequently"
205,1.47,1.36,37.41480396088516,58.09423618925288,17.584957861616022,20.913925028131043,"Aim to maintain a slight price premium over the competitor while being mindful not to stray too far from market norms. Continue analyzing consumer behavior and adjust pricing accordingly, focusing on strategic increases when appropriate.","It may be useful to closely monitor the competitor's pricing strategy and adjust our own pricing accordingly. A more aggressive pricing approach, which involves temporarily lowering prices or offering discounts, might help increase sales volume and market share. However, we must ensure that these price changes are strategic and temporary to avoid devaluing our brand.",Price sensitivity varies among consumers depending on perceived product value; be cautious of decreasing prices beyond a certain point as it could reflect low product quality in the eyes of potential customers. Frequently monitor competitor pricing and market trends to maintain an agile strategy.,"The product's sensitivity to price changes is evident, with significant variations in sales volume observed in response to price adjustments. It appears that the competitor has been using pricing as a primary tool in their market strategy, which we must take into account while deciding our own strategies."
206,5.0,1.49,7.069939366505944e-05,88.49326423119953,0.00028279757466023774,43.36169947328777,"In light of the trends observed, I should consider reducing my price to be more competitive with the market leader in order to attract more customers. However, I must also take into account the profit margin and ensure that reducing my price does not significantly impact our overall profits.",Continue monitoring sales trends and adjust pricing strategy accordingly. Observe how changes in the competition's pricing affect sales and adjust our own prices to respond effectively. Keep an eye on the drastic drop in sales when our price is either too high or too low compared to competitors.,"Competitor 1's pricing strategy seems to heavily focus on lower prices to drive sales growth. Monitoring their price changes is crucial to adjust my own pricing accordingly to remain competitive in the market. In addition, understanding the consumer behavior when it comes to price sensitivity within our product category could lead to valuable insights and improved pricing decision making.","The competitive landscape is important to maintain profitability. Sales fluctuate based on the competition's pricing patterns, with customers sensitive to large discrepancies between our and our competitors' prices. To optimize sales and profitability, it is critical to stay vigilant of market trends and competitor actions."
207,1.5,1.49,45.95279791014791,47.8281671691674,22.976398955073954,23.435801912892025,"It may be beneficial to maintain our current pricing strategy initially and monitor competition to adapt if required. However, it could be prudent to occasionally test price decrease or increase, such as a 5% adjustment, to gauge customer response and determine profit optimization.",Keep monitoring competitor's pricing trends and analyze their motivation behind changes in price. Continue to set competitive prices while maintaining profitability. Examine possible promotions or incentives to encourage increased customer purchases during periods of high competitor pricing.,"The optimal pricing range appears to be between 1.48 – 1.52. Lowering the price significantly has led to increased quantity sold but reduced profits. On the other hand, raising the price slightly results in a slight reduction in quantity sold but maintains high profit margins.","Competitor pricing seems highly dynamic, suggesting a need for adaptable pricing strategy. Prices slightly higher than the competition may lead to reduced sales but still maintain profitability; however, extremely high prices result in significantly decreased sales. Consider implementing marketing efforts or bundling products during prolonged periods of competitor over-pricing."
208,1.48,1.49,47.945082137587725,46.06512857708497,23.013639426042108,22.571913002771634,"Continue with current pricing strategy, but keep a close eye on competitor's price movements to adjust as needed. Maintain focus on offering high-quality products and delivering exceptional customer service as differentiators. Explore targeted marketing efforts to attract new customers and reinforce brand loyalty among existing ones.",Keep monitoring market dynamics for potential opportunities to price competitively while maximizing profits. Continuously assess competitor pricing and adjust strategies accordingly.,"Prices are significantly impacting the quantity sold, with higher prices resulting in decreased sales. It is essential to strike a balance between profitability and competitive pricing to maintain both customer acquisition and retention. Competitor's pricing strategy is inconsistent, presenting an opportunity to capitalize on their short-term price reductions and lower quality offerings. The user needs to emphasize the value proposition of their offering compared to their competitor, focusing on aspects such as product quality, customer service, and trustworthy reputation.","Our product is competitive both at higher and lower price points, but the sweet spot seems to be around $1.49–$1.52 with an aim for profit maximization. Be mindful of market conditions as customer purchasing patterns may shift slightly."
209,1.49,1.5,47.8281671691674,45.95279791014791,23.435801912892025,22.976398955073954,"Given the apparent price sensitivity and short-term effects of drastic pricing changes, it may be beneficial to adjust our pricing strategy more frequently based on competitor activity. To maximize sales volume, we should identify optimal prices by testing across a wider range while taking into account the market response in terms of quantity sold. Additionally, keep monitoring the competitor's price fluctuations and reactions to our own pricing changes.","Maintain prices around 1.50 to maximize profits while remaining competitive in the market. Keep an eye on competitor activities to adjust prices accordingly. Consider introducing occasional promotions or discounts to increase sales, but ensure these do not significantly decrease profits.","The data indicates that a lower price at times can result in increased sales volume; however, drastically decreasing the price (round 114) does not seem to guarantee long-term success due to potential quality perceptions or market saturation concerns. It is important to continually monitor competitor pricing strategies as reactions can have an immediate impact on market share and overall success.","Fluctuating prices can help appeal to a wider market segment, but it's crucial to strike a balance between competitivity and profitability. Aggressive pricing strategies, like the one used in round 114, may lead to increased sales but decreased profits. Keep tracking competitor activities to adapt strategic decisions accordingly."
210,1.25,1.48,69.04617701144076,27.516216253151,17.26154425286019,13.20778380151248,"* Observe patterns in competitor’s pricing strategy and customer demand over time and respond accordingly
   * Conduct market research to identify optimal price points that balance profitability with demand
   * Monitor the effectiveness of differentiating our brand by setting a premium price compared to the competitor","Consider adjusting our pricing strategy based on competitor's actions. When their price drops significantly, aim to lower ours as well, but with a focus on maintaining or increasing profit margins. In instances where they keep a high price, maintain our own and invest resources in marketing efforts to boost our market share.","* The competitor’s pricing strategy appears more aggressive, using lower prices as a tactic to capture market share and attract customers
   * There is evidence that setting a higher, premium price can create a perceived value for our product and establish brand differentiation in the market
   * Increasing competition and changing customer preferences over time require a flexible and adaptive pricing strategy to remain competitive","Lowering the price can result in increased demand, but it also impacts our perceived value and may lead to decreased profits. Keep tracking competitor's actions to make informed pricing decisions. A middle-ground approach will be essential in balancing demand, profitability, and market presence."
211,1.5,1.5,46.83105308334812,46.83105308334812,23.41552654167406,23.41552654167406,Adjust the pricing strategy to maintain a price around $1.5 to keep consistent sales of around 46 units per round while optimizing for profit margins. Reevaluate this strategy if major fluctuations in demand or competition occur.,Continue tracking price variance between competitors. Investigate why prices drop or increase drastically in specific rounds. Analyze consumer response during those periods.,"Lowering prices drastically can lead to increased sales, but it may not consistently translate into increased profits due to reduced profit margins. In contrast, maintaining a stable price that aligns with market expectations can help maintain consumer trust and encourage repeat business. Regularly reviewing competitor's pricing strategies is essential for adjusting our own pricing strategy to remain competitive within the industry.","Competitive pricing strategies appear to be effective, as shown by the consistent positive profit margins for both parties. It appears that price fluctuations do not significantly impact total profit over time; instead, they might influence market demand and positioning on a short-term basis."
212,1.49,1.49,46.9477239857297,46.9477239857297,23.004384753007553,23.004384753007553,"In the next pricing round, I would suggest exploring a slightly higher price point around $1.5 to see if there is more room for profit at this level. Additionally, I suggest maintaining the lower price point of $1.0 or close to it to continue targeting bargain shoppers and broadening the potential customer base.","- Continue monitoring competitor's pricing strategy and adjust accordingly.
   - When competing with lower-priced options, consider introducing promotions or bundling to remain attractive.
   - Maintain premium price when our product is perceived as higher quality or offers unique features.","The product seems to have a strong appeal to customers, as indicated by high quantities sold at various price points. However, it is important to note that lower prices attract a higher number of sales as well, suggesting that there may be a significant budget-conscious segment of the market. A pricing strategy that offers multiple options could help cater to both segments effectively.","- The elasticity of demand for this product appears to be high, suggesting that pricing can significantly impact sales volume.
   - Customers are sensitive to both absolute changes in price and relative changes compared to the competitor.
   - Offering promotions or bundling may help maintain sales volume when competing with lower-priced options."
213,1.49,1.5,47.8281671691674,45.95279791014791,23.435801912892025,22.976398955073954,"- Continue monitoring competitor pricing strategy to adjust our own accordingly.
   - Investigate potential market conditions affecting sales volume.
   - Consider targeted promotions or discounts to gain customers when prices are competitive.
   - Explore partnerships with complementary businesses to potentially increase sales volumes.",Evaluate price sensitivity across different time periods and adjust pricing strategy accordingly to match competitors' lower prices when necessary while focusing on customer retention. Consider utilizing targeted marketing campaigns during these times to capture potential customers.,"- Our chosen price has a significant impact on sales volumes and profits.
   - Maintaining a competitive price point is essential for maximizing sales.
   - Continuously observing the competitor's pricing strategy is crucial for adapting our own accordingly.
   - Market conditions and target market segments should be taken into account when setting prices.","The market appears to have a relatively equal affinity towards both our product and those of our competitors, with consistent sales across price points. However, it is evident that prices below 1.5 have the potential for increased sales, particularly when pricing aligns with our competition (i.e., rounds 103-120). Further analysis may reveal additional insights into customer buying behavior and preferences. Additionally, the results suggest a need to focus on both quantity sold and price in making decisions about adjusting our pricing strategy."
214,1.49,1.47,45.18108123973148,48.9440810105728,22.138729807468426,23.003718074969214,"Keep the current pricing strategy around the price range between $1.48 to $1.5. As the data shows, this price point seems to provide a good balance between profit margin and sales volume. However, it's crucial to continue monitoring sales trends and adjusting the price when necessary based on customer preferences and market conditions.","- Identify the factors causing the sales fluctuations and seek methods to eliminate them
   - Research potential ways to increase profit margin while maintaining competitiveness
   - Implement strategies for consistent pricing and sales to improve overall financial performance","The sales trend appears to be influenced by price, with higher prices resulting in lower sales volumes and a higher average profit margin per unit. However, we can also see that there are some exceptions where lower prices result in lower profits but still attract significant customer interest (e.g., Round 127). In some cases, maintaining the average price may not always be the optimal pricing strategy due to external factors such as competitor actions or market changes. Monitoring and analyzing both price and quantity data will help ensure the business remains competitive while generating profit.","- The current price is competitive but may not be maximizing profits due to sales volatility
   - Pricing flexibility might be needed to adapt to market changes
   - Continuous monitoring of competitor's strategies and consumer behavior will help optimize the pricing strategy"
215,1.5,1.49,45.95279791014791,47.8281671691674,22.976398955073954,23.435801912892025,"* Continue monitoring trends in pricing and sales volumes.
   * Consider a slight increase in price to potentially maximize profit while minimizing potential sales losses due to competition.
   * Explore differentiation of our product to provide a unique value proposition that attracts customers away from the competitor.
   * Investigate targeted pricing strategies for specific customer segments or geographical regions to optimize profits further.","- Monitor changes in competitor pricing and adapt accordingly
   - Consider occasional temporary price reductions to boost sales
   - Regularly review demand trends and adjust pricing as needed","* Maintaining price at or slightly above the midpoint (1.48-1.50) results in higher average profit per item sold compared to the competitor's pricing strategy.
   * Sales quantity may be impacted by the slight differences in our price and the competitor's, but it is essential to maintain a balance between maximizing profits and ensuring product appeal to customers.
   * Analyze customer demographics and market trends to tailor pricing strategies that optimize profits while remaining appealing to target audiences.","- Consistent demand for the product across most rounds, indicating a stable market
   - Competitor prices occasionally influence customer decisions
   - Occasional price reductions can stimulate sales without significantly impacting profitability"
216,1.5,1.48,45.07301567520616,48.82701498206152,22.53650783760308,23.436967191389527,"Consider implementing a dynamic pricing strategy that takes into account factors like customer demand, competitor prices, and product perceived value. Maintain some flexibility to adjust the price up or down slightly to optimize sales revenue while ensuring we stay competitive in the market.","Focus on analyzing the relationship between our price and quantity sold to find optimal prices for maximizing profit. Remember to consider the competitor's price in this analysis. Keep track of the trends and patterns from our previous pricing decisions, so we can make informed adjustments as needed. A possible strategy could be to raise the price when sales are strong but lower it when they are weak to increase overall quantity sold.","Adjusting prices slightly upwards can yield higher profits in individual transactions; however, prolonged high pricing may lead to a reduction in customer demand and overall revenue if taken excessively. Decreasing price substantially can increase sales quantity without significantly impacting profit per sale provided the drop in profit is offset by increased volume over several rounds.","By raising our price from 1.25 to 1.48, sales initially decreased, but after a subsequent decrease in price, sales rebounded and even exceeded previous quantities at the lower price point. This suggests that a higher price may deter some customers, but it also shows an opportunity for profit when we have high-quality products. Additionally, adjusting our price to be competitive with the competitor's price can help maintain or gain market share, as demonstrated in rounds 127 and 129, where sales increased significantly when our price was closer to the competitor's."
217,1.49,1.49,46.9477239857297,46.9477239857297,23.004384753007553,23.004384753007553,"Price adjustments must be made carefully, considering the impact on both profit margin and market share. Keep an eye on competitor movements, and adjust pricing accordingly to remain competitive without sacrificing overall profitability.","* Monitor the market price trends closely and adjust our price accordingly to remain competitive.
* Identify opportunities for differentiation of our product, such as improved quality or new features.",Customers exhibit responsiveness to price changes but favor a moderate price range in comparison to competitors. Gaining a better understanding of the optimal pricing strategy may require testing various price points and evaluating their impact on both quantity sold and profit margin.,"* Price sensitivity is moderate in this market, with customers seeming to favor a balance between cost and quality.
* Competition is strong, but there may be opportunities for differentiation that would allow us to charge a premium price.
* It's essential to track the competitive landscape and adjust our pricing strategy accordingly."
218,1.5,1.48,45.07301567520616,48.82701498206152,22.53650783760308,23.436967191389527,"We need to maintain our current pricing strategy while monitoring the market closely. If we see an opportunity, adjust slightly based on customer response and sales trends.","```sql
Analyze historical data to identify patterns in consumer behavior, including sensitivity to price fluctuations and the impact of competitor pricing. Utilize this information to make strategic decisions on adjusting prices while maintaining profit margins.
```","The customer base appears diverse in terms of price sensitivity, but there is preference towards lower price points. This data indicates that higher volume can lead to higher profits in the long run. Keep a close eye on competitor pricing adjustments and be prepared to react quickly if necessary.","```javascript
- Prices that are slightly lower than the competition tend to result in higher quantities sold (e.g. Round 126, where a price of 1.48 led to the sale of 47.06 units). However, this strategy should be balanced with careful consideration of profit margins.
- It is essential to track competitor pricing and adapt the seller's price to maintain a competitive edge while staying within desired profit margins. For example, in Round 123, reducing the price from 1.52 to 1.48 resulted in an increase in sales volume.
```"
219,1.45,1.48,50.05697497206609,44.39655410296468,22.525638737429738,21.310345969423047,"It would be prudent to conduct market research and gather more data on competitor pricing strategies in addition to analyzing historical sales data. This will help establish a stronger foundation for informed pricing decisions. Additionally, it may be worthwhile to consider implementing dynamic pricing that takes real-time changes in the market into account.","Pricing strategy should be flexible with small variations to remain competitive. Utilize market research to understand customer preference and adjust pricing accordingly. Continuously monitor competitor's actions and aim for a slight advantage in terms of quality, service, or promotions when possible.","The competitive landscape for our product is dynamic, with competitors constantly adjusting their prices. This suggests a need for an iterative and adaptive approach to pricing in order to remain price-competitive and optimize sales volume. Furthermore, the observed instances where the product was priced higher than some competitors did not seem to consistently negatively impact sales volume, indicating that potential exists for strategic positioning at slightly higher price points when the market conditions are favorable.","The relationship between price and sales suggests that price should not be the sole determiner of success within this market. Instead, offering competitive pricing and maintaining or improving upon aspects such as quality and customer service will be key to sustained success. Further investigation into consumer preferences is recommended."
220,1.52,1.49,43.97336629802791,49.5798320543731,22.866150474974514,24.29411770664282,Prioritize experimenting with a slightly higher price range between $1.45 - $1.60 while maintaining competitive pricing in periods where competition is lower or during seasonal demand fluctuations. Consider testing more aggressive marketing strategies to counteract the perceived impact on unit sales and increase overall brand recognition in this market segment.,"To succeed in this market, we must closely monitor competitor pricing and adjust ours accordingly. We should aim to keep our prices competitive but also consider maintaining a slightly lower price at times as customers appear sensitive to pricing and it influences their buying decisions.","The product's high profit margins at higher price points warrant further investigation into potential adjustments that would still attract consumers and increase market share without significantly cannibalizing the overall volume of sales. In contrast, it appears that current pricing trends may be undermining our competitive position in certain situations where we should prioritize maintaining market share.","Customer sensitivity to pricing plays an essential role in product sales, particularly when competing with similar products on the market. It is crucial to keep our competitors' prices under constant observation to maintain a competitive edge and maximize profits."
221,1.48,1.52,50.579796174086034,43.10125915692435,24.278302163561296,22.412654761600663,"Focus on pricing strategies that take advantage of our competitors' weaknesses, aiming to price at competitive levels while maximizing profit margins. Consider implementing dynamic pricing models that utilize machine learning algorithms to adapt pricing based on market conditions and competitor behavior.","In the upcoming rounds, it will be crucial to continue monitoring competitor pricing while simultaneously considering overall sales volume and profit margins. I should experiment with a consistent price that is slightly higher than the competitor's average (around $1.50), as this strategy has proven profitable in several instances.","By observing the sales trends at various price points, we can gather insights on how customers respond to different prices. The increased sales at these crucial points indicate a potential sweet spot in pricing strategy. Furthermore, it's essential to be aware of our competition and adapt quickly when they change their own pricing.","Market analysis reveals that maintaining consistency in pricing can positively influence customer loyalty, but not always directly correlate with increased sales volume. Sometimes offering lower prices or slight premiums over the competition might be necessary to appeal to a broader audience; however, profits may fluctuate depending on the quantities sold in these instances."
222,1.25,1.48,69.04617701144076,27.516216253151,17.26154425286019,13.20778380151248,"- Evaluate the market price based on the average of prices set by both you and the competitor to find an equilibrium that maximizes profits and encourages sales volume.
   - Use data-driven insights to identify price trends and opportunities for profitable strategies.
   - Monitor and respond to possible shifts in the competitive landscape, adjusting your pricing accordingly.
   - Implement a dynamic pricing strategy to capitalize on changing market conditions and customer preferences.","- Monitor competitor pricing and adjust own strategy accordingly
   - Consider implementing promotions or discounts during periods of higher competitor pricing","- There seems to be a general trend of prices set above or close to the competition; however, there are instances where offering an attractive price (e.g., $1.25) can significantly increase sales volume.
   - The data suggests that having a similar pricing strategy to the competitor does not necessarily equate to higher profits. In many cases, offering prices slightly lower or higher than the competition can positively impact your profit margins and sales volumes.
   - Keeping track of price variations and responding appropriately can lead to increased profits – for example, raising your price when demand increases (e.g., from $1.25 to $1.48, as in Round 131).
   - Pay attention to how changes in competitors' prices impact your own pricing decisions, as they could present opportunities for market capture or higher profits (as seen in Rounds 127 and 126 with the competitor's increase in price).","- The competitor may be less price-sensitive in some instances, allowing room to adjust my pricing strategy
   - High volume sales with a slightly lower margin is preferable when the competitor raises their prices significantly
   - Gaining market share can help build brand recognition and loyalty over time."
223,1.48,1.48,47.06036905397185,47.06036905397185,22.588977145906487,22.588977145906487,"- Continue monitoring competitors' pricing strategies to adjust own pricing accordingly.
   - Test various price points to better understand the sales volume vs profit margin trade-off for this product.
   - Implement targeted marketing campaigns at strategic moments (for example, during price drop events) to boost sales and capture market share.","To capitalize on the current trend of stable sales within the 1.45 - 1.5 price range, I propose maintaining the current price as it seems to be working effectively so far. Additionally, regularly analyzing competitors' prices and adjusting our own price accordingly will help maintain competitiveness in the market.","- Lower prices may result in increased sales volume but lower profits per sale. This is a trade-off that needs to be considered when making pricing decisions.
   - Competitor pricing strategies should always be observed when setting product prices.","Observing that a slight increase in sales can occur when lowering the price slightly (e.g., from 1.48 to 1.25) or increasing it moderately (e.g., from 1.47 to 1.52), it seems that fine-tuning the product's pricing strategy can cause fluctuations in demand without causing significant losses. It is crucial to keep an eye on competitors' pricing decisions and adapt quickly when necessary."
224,1.5,1.45,42.431529615710865,51.825987305584185,21.215764807855432,23.32169428751288,"Based on these observations, I suggest maintaining a flexible pricing strategy that is responsive to the competitor's moves while keeping an eye on the overall market conditions. Regularly review sales data and adjust prices accordingly to maximize profits.","- Consistently maintain a mid-range price between competitor prices
   - Investigate the success of our low cost competitors and consider adjusting pricing strategies accordingly
   - Monitor market trends to ensure prices are competitive without compromising profit margins","The market seems to respond positively to slightly higher prices when the competitor lowers theirs, indicating that we can potentially use this as a pricing strategy to outperform them in certain situations. However, it's important to carefully monitor any changes in consumer behavior and competition dynamics, as these factors may influence the effectiveness of our pricing strategy over time.","- Competitors have a higher average price point, offering potential for growth by undercutting those prices while maintaining profit margins
   - Market is not saturated as quantities vary widely per round
   - Price adjustments may be necessary to remain competitive and increase sales volume
   - A deeper analysis of lower-priced competitors should be conducted to better understand their strategy and potential impact on our market share"
225,1.47,1.48,48.057952485205256,46.173573215069354,22.58723766804647,22.163315143233287,Adjust prices strategically to maintain a competitive edge yet maximize profits. Keep an eye on competitor’s prices and adjust accordingly to stay within the optimal price range. Continuously monitor sales data to ensure effective pricing decisions.,"```
Consider offering strategic pricing promotions in order to remain competitive while still maintaining a reasonable profit margin.
Investigate the potential for bundle deals with complementary products to enhance overall sales.
Explore customer feedback and preferences to gain insights on what price points resonate most.

```","Lower prices seem more appealing to customers, particularly when they are lower than the competition. However, this needs to be balanced with maintaining profitability. Keeping a close eye on competitor’s prices and understanding customer preferences is essential for making informed pricing decisions.","```
The product appears to be more in demand at lower price points, but it is also important to maintain a profit margin.
Discounts and promotions may help increase competitiveness while maintaining profits.
Investigating the preferences and feedback from customers could provide additional insights for optimal pricing.

```"
226,1.39,1.48,56.02751962967245,39.08907405410244,21.850732655572248,18.76275554596917,"Consider adding more marketing efforts to differentiate our product from the competition, such as targeted advertising or sales promotions. Additionally, analyze the market segment to find a competitive selling point that provides a balance between unit volume and profit margins.","- Implement a more dynamic pricing strategy based on competition and sales trends.
- Regularly monitor market competition prices and adjust our own accordingly.
- Maintain an ongoing analysis of the optimal price point for our product to maximize revenue.","It is important to remain flexible with pricing as there are instances where lower price points draw in more customers despite slightly reduced profits per unit. Keep an eye on competitor's actions as they may influence buying decisions. Also, consider exploring new market segments and channels that can offer potential growth for the product.","- Competition price changes can have a significant impact on our sales (e.g., Rounds 147, 148).
- By carefully adjusting our prices, we can potentially achieve higher profit margins while still being competitive in the market (Rounds 90 - 120).
- Maintaining a dynamic pricing strategy is crucial for success in this market."
227,1.5,1.48,45.07301567520616,48.82701498206152,22.53650783760308,23.436967191389527,"- Analyze customer perception and willingness to pay for the product at different price points
- Identify key selling points that can justify a premium price
- Research market demand for high-end products within our niche
- Develop targeted marketing strategies to appeal to potential customers within this segment
- Consider limited edition or exclusive releases as a means of increasing perceived value and justifying higher prices","```
- Monitor competitor pricing strategy and adjust accordingly to ensure price parity or slight undercutting when beneficial
- Maintain records of consumer response data to price changes, adjust prices as necessary
- Implement periodic price reviews to optimize profits
```","- There is potential in the high price range market with less competition
- Lowering prices does not significantly impact overall profit margins considering increased sales volume
- Customers may be more willing to pay a premium price if provided with additional value or exclusivity","```
- Consumers respond well to competitive pricing, especially when our prices are near or slightly lower than competition
- Pricing strategy should be flexible to accommodate temporary competitor undercuts
- Longer-term price parity with competitors can help retain market share and secure consumer loyalty
```"
228,1.45,1.37,40.194041999986396,55.35233119906681,18.087318899993875,20.480362543654724,"To maximize profits, it would be wise to test pricing strategies based on quantity thresholds (e.g., introducing temporary discounts or premium offers contingent upon reaching specific sales targets). This strategic approach can help capitalize on the market's sensitivity to price changes and generate more revenue.","- Continue monitoring competitor's pricing strategy
   - Evaluate the effect of price fluctuations on sales and profits
   - Set price points based on customer demand, maintaining a competitive advantage","Pricing should be flexible to accommodate various market conditions while targeting higher profits by capitalizing on consumer response to different price points. The market appears sensitive to pricing, with a tendency to purchase at higher prices when quantities are substantial, yet still making purchases at lower prices if the quantity is high enough to make it viable economically.","- Lower prices drive higher quantity sold when competitors match or are slightly higher
   - It may be advantageous to increase price in certain situations while monitoring competitors' reactions"
229,1.49,1.45,43.411452873238815,50.943811872294404,21.27161190788702,22.92471534253248,"* Identify key competitors and their pricing strategies
   * Monitor market trends and fluctuations
   * Adjust prices based on changes in demand and supply
   * Implement occasional special price increases to generate buzz and boost sales
   * Assess the impact of each pricing strategy on sales and profitability over time, adjusting as needed","Consider fluctuating the price nearer competition with occasional drops below in order to capitalize on sales volume, while maintaining a higher average price to generate greater overall revenue.","* Consumers are sensitive to price changes and may be more likely to purchase when they perceive a product is on sale or a good deal
   * A competitive pricing strategy can help attract customers seeking the best deal but may also attract price-conscious shoppers who may not value the product as highly
   * Temporarily increasing prices for certain rounds can generate sales during those specific periods, but should be carefully monitored to avoid negative impacts on brand image or long-term profitability
   * Continuously reassessing pricing strategies based on market trends and competitor actions is key to maintaining a profitable business","Fluctuating prices strategically can lead to increased market penetration and boosts in profitability. Competitive pricing initially helps drive sales, but being too competitive could compromise profit margins. Pricing below competition from time to time can help maintain a level of interest and generate significant sales volume."
230,1.48,1.48,47.06036905397185,47.06036905397185,22.588977145906487,22.588977145906487,"- Continue monitoring and staying aware of the competitive landscape, adjusting pricing accordingly to remain competitive or potentially capture more market share if opportunities present themselves.
   - Be mindful of seasonal trends and economic factors that may affect consumer behavior and adjust pricing as needed. For instance, during periods of economic downturn, consumers may be more price-sensitive than usual.","```
Revisit pricing strategy to find balance between maintaining competitive edge and remaining competitive with lower prices during rare instances of aggressive pricing by the competition (seen in Rounds 147, etc.)
```","- Understanding the market and competitor dynamics is crucial when deciding on a pricing strategy to maximize profits and gain customer loyalty.
   - Adaptability and flexibility in pricing adjustments can help maintain a competitive advantage and achieve short-term objectives (such as capturing market share) while working toward long-term goals.","```
Pricing range typically stays above $1, with occasional dips below when competitors are more aggressive (Round 147)
```"
231,1.49,1.49,46.9477239857297,46.9477239857297,23.004384753007553,23.004384753007553,"- Continue pricing competitively to attract customers
- Monitor market trends and adjust price accordingly to maximize profit
- Consider running promotions or discounts during slow periods to increase sales","Consider testing a slight increase in our product price, as prices ranging between 1.35 and 1.48 have historically been profitable. Additionally, aim for the optimal price point to maintain desirable quantities sold without sacrificing large amounts of potential profit.","- Customers are sensitive to prices, but competitive pricing appears to draw them in
- Maximizing profit is crucial to maintain and grow our business over time
- Monitoring competitor's moves is essential for staying ahead of the competition","Market research should focus on understanding why customers are more likely to purchase when the product is priced between 1.35 and 1.48. Competitor analysis is also crucial, as our competitors frequently raise their prices above these margins but may have trouble maintaining sustainable sales at those price levels. Lastly, explore opportunities for differentiating our product from competitors while remaining competitive in pricing to maximize potential profits."
232,1.47,1.5,49.82680041668503,44.192407585784935,23.418596195841964,22.096203792892467,"<Since there is a delicate balance between profit margin and sales volume, aim to maintain a competitive pricing strategy while making slight adjustments based on market conditions and competitor actions>","Maintain the current pricing strategy focusing on balancing profit and volume, as demonstrated by the success of prices between $1.45 and $1.52. Experiment with slight adjustments in price within this range to optimize profits further. Monitor customer feedback and preferences closely for future price adjustments or alternative strategies if necessary.","<A change in price does not directly correlate with an immediate shift in sales volume. Additionally, the competitor's pricing seems to have a considerable impact on consumer behavior and purchasing decisions>","The relationship between sales volume and price is inverse, meaning that as prices increase the quantity of products sold generally decreases. Customers appear to be very sensitive to minor price changes (e.g., 1.49 to 1.5), leading to significant impacts on sales volumes. Additionally, we have identified a sweet spot for profit between $1.45 and $1.52. It is essential to focus on maintaining these prices while monitoring customer preferences for potential future price adjustments or alternative strategies if needed."
233,1.48,1.48,47.06036905397185,47.06036905397185,22.588977145906487,22.588977145906487,"- Continue monitoring price and sales fluctuations between the seller and competitor.
   - Analyze potential costs associated with production, distribution, and marketing efforts to help determine an optimal pricing strategy.
   - Consider conducting market research to gather more information on consumer preferences, price sensitivity, and overall industry trends.","- Analyze the quality and pricing of our direct competitors to identify a pricing sweet spot that balances competitiveness with profitability.
   - Improve product differentiation by focusing on quality, unique features, or exceptional customer service.","- The seller has a larger profit margin in many cases despite generally lower sales quantities compared to the competitor. This could suggest that the producer has a more efficient production process or is willing to tolerate fewer sales at a higher price.
   - The data shows significant fluctuations in pricing for both the seller and competitor, which may indicate responsiveness to market conditions or competitive pressures.","- Competitor analysis revealed a wide range of prices and potential opportunities for differentiation.
   - The top three competitors all have prices close to 1.5, suggesting this may be an optimal pricing region, but further analysis is needed."
234,1.48,1.45,44.39655410296468,50.05697497206609,21.310345969423047,22.525638737429738,Continue monitoring competitor’s pricing strategy and adjust prices accordingly while trying to find a balance between maintaining profitability and stimulating sales volume. Utilize data from previous rounds in pricing decisions. Consider targeting specific customer segments with promotions or discounted pricing during low-demand periods.,"Maintain a competitive price range between 1.40 and 1.50, with minor adjustments based on competitors' prices. Monitor quantity sold and make minor price changes if needed to optimize sales.","Adjusting prices based on anticipated demand can be effective in maximizing profits, but it is important to recognize when higher prices may not adversely affect sales volume. Analyzing the impact of various pricing adjustments on both profitability and total sales is crucial. Continuously monitoring competitor's pricing strategy helps gain a competitive advantage. Offering promotions or discounted pricing during low-demand periods can stimulate sales and maintain market share.",Price sensitivity appears to exist in the market as shown by the lower sales when priced significantly above or below the competition. Maintaining a close pricing strategy to competitors seems to yield the most consistent sales volume. Exploring options for price differentiation based on product features or customer segments may also provide opportunities for increasing revenue and sales.
235,1.45,1.47,49.16615419956956,45.3860806305886,22.1247693898063,21.33145789637664,"For the next round of pricing, consider introducing short-term promotions to gauge reactions from competitors and customers alike. If successful, it may provide valuable insight into potential price elasticity and market demand.","Consider a dynamic pricing strategy that adjusts the product's price based on current market conditions and competitor actions to achieve optimal profitability. Implement A/B testing to evaluate the effectiveness of different pricing strategies in real-time, continually iterating the approach as needed.","The relatively stable prices over a long period suggest that both parties have found a price point that is palatable to their customer base and maintains profitability. However, occasional instances of significantly higher pricing may indicate an opportunity for tactical market positioning or price differentiation strategies. Frequent monitoring of competitor's response times to price adjustments could help inform this approach further.","The demand for this product is sensitive to fluctuations in price, with lower prices leading to higher unit sales and increased competition driving up the selling price. Maintaining a careful balance between profit margin and market share will be essential for sustained growth and success."
236,1.43,1.47,51.16586552226384,43.60067451187754,22.00132217457345,20.492317020582444,"- Maintain close competitor pricing analysis and forecast demand based on their price changes
  - Monitor the impact of competing products on our profit margins
  - Continuously monitor overall market trends to respond quickly to shifts in consumer preferences","In terms of pricing strategy, it is beneficial to maintain a slightly lower price than the competition, but not too much so as to undercut our reputation and potential future price increases. We should carefully monitor the competitor's price changes and react accordingly.","- Price sensitivity of consumers varies depending on various factors such as product offerings, brand recognition, and competitor prices
  - It's essential to consider the profit margin alongside demand levels while adjusting our pricing strategy","Pricing at or around the competitor's level appears to bring in more sales volume, making it beneficial both commercially and strategically. However, underpricing our product could potentially harm the brand and its future pricing power. It is essential to find a balance between maintaining healthy competition and preserving our market position."
237,1.37,1.5,59.702199884710225,35.49418459048401,22.08981395734279,17.747092295242005,"I propose continually monitoring competitor pricing strategies and adjusting our own prices accordingly, but with caution to avoid escalating a price war. We should identify trends in the data to find patterns that may reveal opportunities for price differentiation. Additionally, we should consider offering temporary discounts on select items or bundles, as it appears that the market responds positively to such tactics, providing us with a competitive edge and an opportunity to increase sales volume temporarily.","Maintain a competitive pricing strategy, as we have seen that pricing slightly higher than the competition can lead to increased sales (rounds 146, 138) while ensuring profit margins are not compromised. Continuously monitor the competitor's pricing and adjust ours accordingly, as needed.","We have discovered that reducing price can prompt a positive market response, but it's important to strike a balance between maintaining profit margins and being responsive to customer demands. Furthermore, we have observed that temporary promotions or discounts can create a sense of urgency among potential customers and drive additional sales. It will be important to continue tracking competitor pricing strategies closely to adapt our approach effectively.","Increased profits were observed when the product was priced higher (rounds 147, 146, and 138). However, keeping a more competitive price can also result in increased sales (rounds 95, 93, 92, 90, 88, 86, 79, 78, 76, and 74). Lower prices might be advantageous when dealing with exceptionally high competitor prices like round 143."
238,1.35,1.47,59.064757873322264,36.54829121306283,20.672665255662796,17.17769687013953,Maintain a competitive price while monitoring and adjusting based on competitor actions and market demand. Experiment with slightly lower pricing to increase sales quantities and overall revenue. Occasionally offer the lowest price in the market as a promotional strategy to attract customers.,"Based on the observed price sensitivity, it would be beneficial to consider setting the price slightly lower than the current competition to increase attractiveness, while still maintaining a reasonable profit margin. Additionally, keeping track of price fluctuations can help determine when the best time is to raise or lower prices.","Lower prices result in higher sales quantities, but profit margins decrease. Higher prices lead to smaller sales quantities but generate more profits per sale. It is important to consider both sales volume and profitability when making pricing decisions. The market appears to be responsive to promotional pricing strategies as evidenced by the increased sales quantity in round 147.","There seems to be a correlation between price and quantity sold, with higher quantities being sold at lower prices and smaller quantities being sold at higher prices. This suggests that the optimal pricing strategy may involve setting a competitive but slightly lower price point to gain a larger market share while still maintaining profitability. It is also important to note that there are instances where significantly higher prices result in increased sales, indicating potential opportunities for strategic price increases under certain circumstances."
239,1.5,1.45,42.431529615710865,51.825987305584185,21.215764807855432,23.32169428751288,"* Continue monitoring the market and customer preference trends
* Be adaptable with pricing strategy based on market dynamics
* Consider testing various price points to determine optimal pricing strategy.","* Maintain current price range while monitoring customer feedback and competitor pricing.
   * Consider implementing small improvements to product features or quality to justify potential price increase.
   * Frequently reassess pricing strategy based on market trends and customer demand.","* Competitive pricing crucial for maintaining customer attraction, but slight increases in price could bring more revenue in specific cases (examples: Rounds 140, 161)
* Adapting to market dynamics and being flexible with the pricing strategy may lead to increased sales.","* Current pricing strategy appears effective in attracting customers from a wide range of price points.
   * Higher priced competitors may have unique selling points or superior quality that need to be taken into account when considering our own pricing.
   * Monitor industry trends and adjust pricing strategy accordingly to remain competitive while maintaining profitability."
240,1.49,1.4,39.01132620042435,55.91608134407671,19.11554983820793,22.36643253763068,"- Monitor competitors' pricing strategy more closely to identify opportunities for price differentiation.
   - Invest in market research to gauge customer demand and adjust prices accordingly.
   - Regularly update our product offerings to stay competitive.",It will be necessary to closely monitor competitors' pricing strategies and make adjustments as needed while maintaining our profit margin. Consider conducting surveys or focus groups to further understand customer preferences and their sensitivity to price fluctuations.,"- Aggressive pricing can lead to a higher volume of sales when competitors' prices are significantly higher (rounds 147, 161).
   - Maintaining a price slightly above the competition may result in less sales but higher profit margins (round 153).
   - Monitoring competitor pricing and adjusting accordingly is crucial for maximizing profits (round 160).","Our target demographic seems willing to pay for quality, as evidenced by strong sales despite slightly higher pricing compared to some competitors. Exploring different distribution channels could also help increase our market share and remain competitive in the industry."
241,1.45,1.35,38.4227041024422,57.319938930185806,17.290216846098986,20.061978625565036,"- Analyze competitors' pricing strategies and adjust prices as needed to remain competitive within a healthy profit margin.
   - Test different price points to optimize sales and profits by adjusting pricing tiers based on quantity sold.
   - Continuously monitor sales performance by inventory range to make informed decisions about price adjustments or promotions.","* Continuously monitor competitor pricing and adjust ours accordingly, maintaining a slight edge whenever possible
* Investigate potential temporary discounts or promotions to increase visibility and attract more customers
* Explore the idea of bundling our product with complementary products to increase perceived value and justify higher prices where necessary","- Customers tend to buy in larger quantities when the price is low, but may be willing to pay a premium for smaller orders.
   - Competitors' pricing strategies have a considerable impact on our sales and competitive positioning in the market.
   - Price tiers that offer better value for larger purchases could help boost our market share and profit margins in future rounds.","* Adjusting price based on competitor actions has both positive and negative effects on overall sales volume and profitability
* The market seems sensitive to pricing, suggesting that even small adjustments can have a significant impact on demand"
242,1.5,1.45,42.431529615710865,51.825987305584185,21.215764807855432,23.32169428751288,Continue monitoring price fluctuations from competitors and adjust our pricing strategy accordingly. Make sure we retain a profit during times when we need to lower prices to remain competitive.,"```
Consider testing a slightly higher price point in the range of 1.40-1.45 units to better align with competitor prices and capitalize on potential higher profit margins.
Monitor competitor strategies and pricing dynamics closely, adjusting our strategy as necessary.
Analyze product demand and market trends to ensure we are pricing appropriately for customer value proposition.
```","It has been observed that the competitor with product pricings from 1.0 to 5.0 consistently poses strong competition, while the high end competitors (between 25 and 30) see less market share but can be used strategically to increase our market position at certain times.","```
Competitors use a wide range of pricing strategies but have an average price near 1.45 units. Higher pricing may lead to increased profit margins without significant impact on sales volume given steady demand for the product. It is essential to strike a balance between competitiveness and profitability in our pricing strategy.
```"
243,1.49,1.4,39.01132620042435,55.91608134407671,19.11554983820793,22.36643253763068,"In order to increase sales and overall revenue, I suggest focusing on maintaining competitive pricing while also offering promotions or unique selling points to attract more customers. To maximize profitability, aim for a balance between high quantity sold and proper pricing to ensure an acceptable profit margin.",Consider diversifying product lines or services to attract a broader audience and appeal to those seeking less expensive (or more premium) options. Implement targeted marketing campaigns to specific segments of the market identified through customer demographics and preferences.,"Lower prices generally lead to higher quantities sold, but it's crucial to consider the impact on overall profitability. The data suggests that customers are more likely to make a purchase at lower price points, making it important to offer attractive pricing while also maintaining an acceptable profit margin.","The competitive landscape reveals opportunities to capitalize on a segmented approach in marketing and pricing strategies, while maintaining or expanding our product line offerings based on customer needs. Continuously monitoring competitor moves is essential to maintain a sustainable competitive position."
244,1.5,1.45,42.431529615710865,51.825987305584185,21.215764807855432,23.32169428751288,"Start by determining an initial price that strikes a balance between maximizing profit and being competitive, taking into account both our costs and the competitor's prices. Then adjust this price dynamically based on sales data in order to capitalize on potential trends or opportunities. Consider targeting price tiers with high demand and minimal competition.","- Continuously monitor and analyze sales data to identify patterns and trends within the market.
   - Utilize pricing strategies such as price differentiation based on the target segment or the uniqueness of the product.
   - Actively react to competitor activity while keeping an acceptable profit margin.","In general, offering a lower price seems to attract more customers, but it's essential to consider the impact of lower prices on overall profit margins. Additionally, having a competitive yet lucrative pricing strategy can help establish a strongbrand image and customer base in the long run. Leveraging sales data to inform strategic pricing decisions based on market trends will be crucial for our success.","- Price plays a vital role in determining the quantity sold and overall profit.
   - Fluctuations between price and quantity must be considered strategically to maintain desired profit margins.
   - Competitor pricing strategies must not be overlooked, as they can significantly impact sales and market positioning."
245,1.35,1.49,60.772442956078464,34.713770248747096,21.270355034627467,17.009747421886075,"Analyze the effect of various price points on sales volume and profit. Consider conducting surveys or focus groups to gather insights into customer preferences, budgets, and brand perceptions. Explore inventory management strategies that allow for pricing flexibility while maintaining a competitive edge in the market.","Keep track of competitor's pricing and aim to stay competitive by matching their prices when they are low, but not too often as to appear desperate. Consider increasing prices slightly when sales slow down or competitors increase their prices significantly. Monitor feedback from customers, if any, to gauge the impact of price changes on customer loyalty.","Price sensitivity among customers appears to be moderate as they are willing to purchase at a range of prices, but a more affordable option seems crucial due to consistent sales even when competitors offer higher-priced alternatives. It is essential to strike a balance between profitability and maintaining a competitive price point to maximize sales potential.","Dynamic pricing may be a successful strategy for this competitor, but it can also create an opportunity for me to undercut them temporarily when they raise their prices too high. Sales data suggests that customers are sensitive to price and will choose lower-priced alternatives, especially if the quality is comparable."
246,1.35,1.45,57.319938930185806,38.4227041024422,20.061978625565036,17.290216846098986,Keep monitoring competitor's pricing strategy and adjust our own accordingly. Maintain a competitive advantage by offering attractive prices while ensuring profitability. Continue iterating and observing the effects on unit sales to find the optimal price point.,Continue monitoring competitor pricing trends and adjust strategy accordingly based on observed patterns. Gather additional information on product costs to optimize profitability. Explore opportunities to differentiate product offerings in order to command a higher price.,"The market appears to be sensitive to changes in price, with a clear trend showing that customers are more likely to purchase at lower prices. However, it is important to balance low pricing with profitability. Observe the potential effects of competitor's actions on pricing strategy and sales volume.","Competitors largely rely on pricing as their primary strategy, with limited focus on other factors such as product quality or marketing efforts. Observed trends in pricing suggest a market demand for competitive prices but potential revenue loss due to price cuts. Further analysis is needed to understand profit margins and optimize revenue generation."
247,1.35,1.45,57.319938930185806,38.4227041024422,20.061978625565036,17.290216846098986,"- Continue monitoring competitor prices and adjust pricing accordingly, targeting a range slightly below their lowest price to maximize sales quantities based on the data trends observed.

   - Consider investing in marketing initiatives and product differentiation strategies to create and maintain competitive advantages that allow for premium pricing during select rounds.","Maintain strategic pricing strategy by adjusting prices based on competitor behavior and market demand. Adapt to competitor's price changes, raising or lowering prices accordingly to maximize profits while maintaining competitive advantage.","- In a highly competitive market, price sensitivity is prevalent, with lower prices often driving higher sales quantities.

   - Balance the need for competitively priced products and brand differentiation to optimize opportunities for premium pricing when possible based on market conditions.","Inspect sales patterns over multiple rounds to identify opportunities where we can increase or decrease prices to garner increased revenue or higher market share. Continuously monitor competitor behavior and adapt pricing strategy as needed accordingly. Observe that pricing should not consistently remain the same in a competitive market, but rather be adjusted based on changing consumer demand and competitor actions."
248,1.35,1.45,57.319938930185806,38.4227041024422,20.061978625565036,17.290216846098986,"1. Target a lower price range to gain market share while preserving profit margins in the beginning, but monitor closely for opportunities to increase prices without losing significant quantities sold (e.g., Round 149 - keeping price at $1.35 resulted in 48.21 units sold and a small profit; a slight increase here could generate additional revenue while maintaining strong customer demand).
    2. Identify high-demand price points and strategically raise prices at these intervals to capitalize on customer preference (e.g., Round 160 - raising the price from $1.42 to $1.47 resulted in 49.83 units sold and a higher profit than staying at $1.42, demonstrating that customers may accept slightly higher prices as long as value remains consistent).
    3. Continuously monitor competitor pricing strategies and adjust accordingly to maintain competitive advantage (e.g., Round 162 - when the competitor raised their price from $1.5 to $1.49, our response could have been to lower our price slightly and capitalize on the increased demand for lower-priced options).
    4. Leverage insights gained from market data to inform pricing strategies in relation to target audience segments (e.g., Round 160 - customers who previously purchased at $5.0 but moved to cheaper options could indicate a potential segment sensitive to higher prices, so prices should avoid reaching too high for this particular group while capitalizing on their existing preference).",Focus on pricing strategies that adapt to market trends. Monitor the competitor's prices and adjust our own prices accordingly to maximize sales volume without compromising profit margins. Consider implementing dynamic pricing if feasible.,"1. Customer sensitivity to price variations is relatively strong (as evidenced by increased demand at lower prices in many rounds), but there are instances of customers accepting higher prices at certain price points despite competition (e.g., Rounds 149, 160, and 172).
    2. Strategically adjusting pricing can capitalize on customer preference while preserving profit margins (as demonstrated in Round 160 when raising the price from $1.42 to $1.47 resulted in a higher profit than staying at $1.42).
    3. Continuously monitoring competitor pricing strategies and adjusting accordingly is crucial for maintaining competitive advantage (e.g., Round 162 - reducing our price slightly when the competitor raised theirs could have capitalized on increased demand for lower-priced options).
    4. Analyzing customer purchasing patterns over time to identify high-demand pricing segments, and tailoring strategies accordingly can maximize revenue potential (e.g., targeting lower prices for customers who historically move towards cheaper options as shown in Round 160).","The market shows a response to price fluctuations, with higher sales volumes noticed when we have lower prices compared to the competitor. This suggests a demand-sensitive market that responds positively to price reductions. However, care must be taken to not set our prices too low as profit margins could suffer."
249,1.45,1.48,50.05697497206609,44.39655410296468,22.525638737429738,21.310345969423047,"```python
# Price Strategy
if current_round % 10 == 0 or round <= 93:
    price = 1.45
else:
    price = min(current_price * 1.05, 1.49)
```","- Monitor the competitor's pricing strategy closely, noting any patterns or changes in their sales volume.
   - Explore opportunities to offer special promotions or discounts to attract more customers at specific price points while maintaining a competitive edge.
   - Analyze feedback from consumers to gain insights into preferences for various features and possible adjustments within the product's pricing structure.","```markdown
- Prices were highly fluctuating with the average selling price around $1.45 over the last 162 rounds
- Strategic discounts could be beneficial in maximizing sales
- Periodically adjusting the price, possibly every 10 rounds or for the first batch of sale (round <= 93), may help maintain competitiveness
```","- Pricing flexibility plays a key role in securing customer satisfaction by providing attractive options and adapting to market dynamics.
   - Consumers might perceive price stability as an indication of quality and trustworthiness, warranting careful consideration when adjusting pricing strategies.
   - Regular analysis of trends and patterns in the competitive landscape will empower decision-making for profitable pricing decisions."
250,1.47,1.45,45.3860806305886,49.16615419956956,21.33145789637664,22.1247693898063,"- Keep track of competitor's pricing and quickly adjust our strategy in response
   - Maintain a slight premium over the competitor whenever possible
   - Monitor sales impact at different price levels to optimize our pricing","- Maintain a moderate pricing strategy, neither too high nor too low compared to competitors.
   - Monitor sales volume and adjust price accordingly to maximize profits while ensuring adequate sales pace.
   - Implement data-driven decision making process to optimize the pricing strategy.","- Consumer sensitivity to price changes may lead to significant shifts in sales volume with small adjustments
   - Reacting to competitor's price increases can potentially increase market share and profit
   - There might be opportunities to gain more market share when the competitor raises their prices","- Raising the price above the competition can lead to marginal profit enhancements without drastically impacting sales volume.
   - Maintaining a competitive pricing strategy can help sustain market presence and secure sales.
   - Regularly analyze market trends, competitor strategies, and customer preferences to refine pricing decisions."
251,1.5,1.5,46.83105308334812,46.83105308334812,23.41552654167406,23.41552654167406,"In light of the price sensitivity, I should explore a pricing strategy that combines competitive pricing with strategic increases or decreases to capitalize on potential fluctuations in demand and competition.","In light of the data presented, a dynamic pricing strategy would be proposed. We should closely watch our competitor's actions and react accordingly while maintaining a focus on maximizing profit. Adjust our prices based on competitor price changes while keeping an eye on the potential impact of these adjustments on overall sales volume.","By studying the data, it appears customers demonstrate some price sensitivity and may be attracted by dynamic pricing strategies with occasional discounts. Additionally, it seems that my competitor also follows a similar adaptive pricing strategy as me. Future analysis should further examine trends in pricing and quantities over an extended period to identify patterns that might guide long-term pricing decision-making.","Given the constant adaptation in pricing strategies demonstrated by both businesses, it is essential to develop a competitive advantage that goes beyond just price. This could mean improving product quality, offering additional services or unique features, or creating a strong brand image that resonates with our target audience."
252,1.5,1.45,42.431529615710865,51.825987305584185,21.215764807855432,23.32169428751288,"In this given context, it seems that maintaining a competitive pricing strategy is crucial to ensure sales and remain viable within the market. However, a dynamic approach may be necessary to capitalize on temporary shifts in sales volume due to price changes.","Focus on maintaining competitive pricing around 1.45 - 1.50 while monitoring sales and profit trends to adjust as needed. Keep an eye on competitor's strategies and adapt accordingly. Use our advantageous position, if any, in the market to drive growth while maintaining sustainable profits.","It's likely that consumer sensitivity towards price changes for this commodity item is relatively low, but a flexible pricing strategy might still yield positive results by exploiting temporary market conditions or by keeping the product affordable while maximizing profits. It appears that setting a higher price than the competitor doesn't always diminish sales, but it should be carefully considered to avoid detering potential customers who are price-conscious.","- Our product's demand appears stable across a broad price range with varying profit margins.
   - A sweet spot has been identified between 1.45 - 1.50 where we maximize sales and maintain decent profits.
   - Lowering prices might boost sales but will have potential impact on our profitability.
   - Keeping an eye on competitor's pricing strategies is essential to remain competitive.
   - Adapt pricing strategy based on market feedback, industry trends, and internal performance data."
253,1.47,1.47,47.16910759968862,47.16910759968862,22.16948057185365,22.16948057185365,"* Explore pricing flexibility by occasionally increasing the product price, especially if overall demand remains strong.
* Implement cost-cutting measures to improve competitiveness when facing price increases from competitors (as occurred in Rounds 166 and 169).
* Monitor customer reactions to price changes and adjust strategies accordingly.
* Regularly analyze production costs to make informed pricing decisions.","- Monitor the competitor's pricing strategy closely
   - Adapt and adjust our prices based on competitor movements within a reasonable range to maintain profits","* A highly competitive market with constant price fluctuations among competitors can affect long-term profitability if not carefully managed.
* Adopting flexible pricing strategies may positively impact sales volumes in some instances but needs careful monitoring.
* Pricing below competitor prices can help boost short-term sales, but it might lead to lower profits over the long term.
* Successfully selling fewer units at a higher price than competitors suggests inefficient production costs for the competition or an overly cautious pricing strategy on their part.","- Competitor prices fluctuate frequently, possibly due to various demand dynamics or cost changes
   - Adapting to their pricing can help capture more market share while maintaining profitability"
254,1.48,1.45,44.39655410296468,50.05697497206609,21.310345969423047,22.525638737429738,"To maintain a competitive edge, consider setting prices slightly above the competitor's when feasible, as it generally leads to increased unit sales. Regular monitoring of competitor pricing and adjusting strategically is essential.","It is important to stay attentive to pricing strategies of the competitor while also evaluating profit margins. Based on this historical data, it seems that matching the competitor's price does not always lead to high sales (rounds 156 - 158). Instead, aim for a small increase in price when the competition raises their price substantially (round 164), but careful consideration must be given on undercutting the competition as it can temporarily boost sales but may come with smaller profit margins (round 163).","The relationship between price and unit sales is an important factor in market success. In this case study, setting prices slightly higher than the competition led to higher sales quantities, whereas prices set too high resulted in lower or zero sales. It's essential to continually assess and adapt pricing strategies based on current market conditions and competitor behavior.","The data indicates that having a flexible pricing strategy can help in gaining an edge over the competition. Analyzing competitor's pricing trends and adjusting one's own price accordingly is essential to staying competitive. Additionally, it appears that maintaining consistent high prices doesn't always lead to higher sales (round 156 - 158). However, the data suggests that lowering prices drastically may result in increased sales but smaller profit margins (round 163). Lastly, consider raising the price when the competition increases theirs substantially while still ensuring competitiveness."
255,1.37,1.47,57.11741042964383,38.28694518863538,21.133441858968226,17.99486423865863,"- Keep an eye on the competitor's pricing strategy and adjust our prices accordingly to stay competitive and maximize sales.
   - Evaluate additional strategies such as discounts, promotions, and bundling products to boost sales during slow periods.
   - Investigate potential partnerships with complementary businesses for cross-promotion opportunities.
   - Explore market segments where demand is higher or competition is less aggressive for expansion possibilities.","- Continue monitoring sales volumes at different price points
   - Consider introducing discounts or promotions to boost sales when necessary
   - Analyze the impact of competition on pricing decisions","- Low starting price has minimal impact on sales; customers are willing to pay a premium for quality.
   - Adjusting price to meet the competitor's prices can drastically increase sales, but maintaining a competitive advantage is essential to sustain growth.
   - Continuously monitor market trends and customer preferences to determine optimal pricing strategies.
   - Quality and unique selling propositions can compensate for slightly higher pricing, maintaining customer loyalty even in saturated markets.","- Lowering prices can lead to increased sales volumes, but also lower profit margins
   - Regularly monitoring sales and competitor pricing is crucial for adjusting pricing strategy
   - Determining the ""sweet spot"" price point for maximum sales and profit is essential"
256,1.45,1.45,47.375331803835735,47.375331803835735,21.318899311726078,21.318899311726078,"To maximize sales, we should aim to closely match our competitor's pricing strategy. However, it may also be worth exploring opportunities for differentiation to avoid price wars and potential profitability issues.","Consider introducing promotions or discounts to attract customers without compromising profit margins. Monitor competitor pricing and adjust our own when necessary. Develop a unique value proposition that sets us apart from competitors, focusing more on quality and service rather than just price.","- Lower prices generally lead to increased quantity sold compared to higher prices (e.g., rounds 165 vs. 167)
- Matching or near-matching competitor's pricing strategy generates the most sales (rounds 161 and 159)
- Pricing too much above the competitor results in lower sales (e.g., round 176 where the price was $6.0)",Competitive pricing is crucial to remain viable in the market. Consistently observing competitor strategies allows us to adapt accordingly. Quality and exceptional customer service can offer a competitive advantage that maintains profitability while ensuring customer loyalty.
257,1.45,1.5,51.825987305584185,42.431529615710865,23.32169428751288,21.215764807855432,"Potentially increase price to generate more profits. Careful not to lose customers by being too high though, as the competition is offering a similar product at a lower cost. Consider running special promotional offers or discounts if price increases exceed $0.1.","In order to maintain competitiveness, it appears necessary to keep adjusting our pricing strategy based on market conditions. When in competition with a higher priced product, we should consider lowering our price to attract more customers and boost volume sales. Conversely, when facing a low-priced competitor, a higher price might be used to position ourselves as a premium option.",Price influences sales quantity and profit. Lowering prices below competitor may lose potential profits without guarantee of increased sales. Finding the price sweet spot is crucial to maintain a decent market share while maximizing profits. Competitive analysis must be performed on an ongoing basis to stay informed of market trends.,"By examining the data, it seems that offering our product at a lower price (e.g., 1.25) brings in more customers but results in a relatively lower profit margin. Meanwhile, higher prices (in some instances surpassing the competitor's price) can lead to fewer sales, yet each sale generates a greater profit. It may be helpful to regularly monitor both quantity and profit to find an optimal pricing sweet spot."
258,1.35,1.35,48.20964845248925,48.20964845248925,16.873376958371242,16.873376958371242,"To remain competitive in this market, it is essential to pay close attention to competitor pricing while maintaining a pricing strategy that allows for profitability. Lowering prices strategically can help increase sales when necessary, but care must be taken not to undervalue the product too much, as it may hurt overall brand perception.","Based on the data provided, a price range of $1.30 - $1.49 is recommended for maximizing sales volume and profit. It's important to closely monitor sales trends in response to varying prices and adjust accordingly.","Pricing is critical for success in this market due to high price sensitivity among customers. Additionally, monitoring competitor pricing and adjusting prices accordingly is important for maintaining a competitive advantage while retaining profitability. Future marketing efforts may also focus on educating customers about the value provided by our product, which could justify higher prices without undermining sales.","Keeping the price of the product comparable to or higher than its competitor may not always lead to increased sales volume and profit. Pricing strategy should be responsive to market trends and sales data. Lowering the price may result in a significant increase in sales, but it's important to strike a balance between profit and sales volume."
259,1.5,1.35,33.81286646295338,61.611059677241066,16.90643323147669,21.56387088703438,"- Monitor and analyze competitor pricing changes and their impact on sales quantities
   - Implement dynamic pricing strategies to stay competitive in the market
   - Consider utilizing promotional offers and discounts during periods of sluggish sales
   - Collaborate with market research teams to better understand customer preferences and price sensitivities",We need to keep an eye on competitor pricing and adjust ours accordingly while ensuring profitability. It would be wise to monitor demand patterns to identify the optimal price range for maximum sales volume.,"- Fluctuating prices have a mixed effect on customer demand and sales – sometimes leading to increased sales, other times resulting in decreased sales
   - It may be beneficial to maintain a relatively consistent pricing strategy while remaining agile to new competitor offerings and market conditions
   - Gathering feedback from customers regarding their feelings towards our pricing can help guide future strategies
   - Continuously evaluating the overall market and product competitive landscape is crucial for making informed decisions about pricing.","Pricing is critical in this market, with a strong correlation between sales volumes and price points. Lower prices garner more demand but affect profits; higher prices reduce sales volume but increase profitability per sale."
260,1.4,1.45,52.37113710702589,42.87786052318553,20.94845484281035,19.295037235433487,"- Determine demand elasticity with a thorough analysis of sales data over time
   - Analyze competitor price points and market response to each
   - Develop pricing strategy considering profit optimization, while maintaining a competitive edge
   - Establish methods for monitoring customer feedback and adjusting pricing as needed","It would be advisable to adjust our pricing strategy frequently, keeping an eye on the competitor's movements and customer responses. We should consider offering a competitive yet attractive price point within the range of 1.35 - 1.50 to maintain a strong market presence while maximizing profitability.","- Competitive pressure remains high in the market
   - There is an opportunity to explore niche marketing and differentiation strategies
   - It's crucial to gather customer insights when making pricing decisions to maximize profit and ensure competitiveness in the long run","By observing the number of units sold in relation to price, it appears that our customers are sensitive to changes in pricing. This data may suggest that a well-timed price drop could increase sales, or a slight increase in price might lead to decreased volume but improved profitability. Continuing to monitor the market and adjust pricing accordingly will be key to maintaining a competitive advantage."
261,1.45,1.48,50.05697497206609,44.39655410296468,22.525638737429738,21.310345969423047,Analyze sales trends over longer periods and implement variable pricing strategies to capitalize on market fluctuations. Consider increasing promotions and advertising budgets during lower price rounds.,"We need to carefully analyze our customer base and understand what drives their purchasing decisions. This will help us determine if offering competitive pricing is still valuable despite the potential perception of product superiority. If necessary, we could conduct market research to gather more data on competitor offerings and consumer preferences.","Our competitor is pricing more aggressively than us in some instances, which has led to increased quantity of units sold. However, maintaining a higher profit margin may be beneficial as it allows for reinvestment into research and development, marketing, and improving product quality.","It appears that following a responsive pricing strategy, adjusting our price based on the competitor's actions, may be beneficial in certain situations. However, it is essential to strike a balance between maintaining our desired profit margins and remaining competitive. Additionally, understanding our unique value proposition and how it impacts consumer decisions will be crucial in making informed pricing decisions moving forward."
262,1.35,1.45,57.319938930185806,38.4227041024422,20.061978625565036,17.290216846098986,"Evaluate the impact of price changes based on competitor reactions, while still positioning our product as having superior quality.","- Monitor competitor's pricing strategies to ensure our prices remain competitive.
   - Keep track of market trends and respond accordingly, adjusting our price as needed.
   - Identify opportunities to use temporary price increases strategically, but be careful not to overuse them.
   - Regularly analyze the impact of pricing changes on sales to optimize pricing decisions.","Prices less than $1.49 may lead to increased sales, but a higher price point could help establish our product's perceived value and quality. Monitor fluctuations in price and competitor behaviors to maximize profitability without sacrificing brand perception.","- High prices can lead to zero sales in competitive markets.
   - Pricing too low may initially boost sales but may result in long-term harm if it undermines the product's perceived value.
   - Maintaining price elasticity and responding to changes in the market can improve profitability.
   - Proper pricing requires careful consideration of both short-term goals (e.g., boosting sales) and long-term sustainability."
263,1.49,1.35,34.713770248747096,60.772442956078464,17.009747421886075,21.270355034627467,"In order to optimize our pricing strategy, we should consider adjusting our prices dynamically based on the competitor's price and our quality perception. We may want to implement a system that encourages sales when the competitor offers a higher price or when our product is perceived as of better quality.",Adjust pricing strategy to maintain a competitive advantage while maximizing sales volume. Continuously monitor competitor's pricing and adjust accordingly. Keep an eye on the sweet spot price where quantity sold is optimal without compromising profitability.,"- Competitor-driven pricing: Our sales are influenced by the competitor's pricing. Lower prices lead to increased sales, whereas higher prices result in fewer sales (164, 166, 173).
   - Quality perception and pricing: When our product is perceived as of better quality or unique, we are able to sell more units at a higher price (180, 185).","Pricing plays a crucial role in determining sales volume. Lower prices are more attractive to consumers, leading to higher sales volumes. However, profitability needs to be balanced when considering pricing adjustments. A closer look at price elasticity might provide further insights into optimal pricing levels."
264,1.45,1.5,51.825987305584185,42.431529615710865,23.32169428751288,21.215764807855432,Consider setting a competitive price in the range of 1.35 to 1.5 to maximize customer appeal while still remaining profitable. Regularly review and adjust pricing strategy based on market dynamics and customer demand.,"Modify our pricing strategy to be more competitive with the low-price competitor in most rounds to attract more customers and boost sales. However, ensure that product quality and specifications are not compromised during this price modification.","Market is competitive with transactions happening across a broad price range, from 1.0 to 6.0. Higher prices are being sold occasionally but most transactions occur in the low to mid-priced range between 1.35 and 1.5. Adjust pricing strategy based on market trends and customer demand to maximize profits.","Consumers seem to prioritize lower prices over other features and specifications. Focusing on offering a competitive price point is crucial in increasing sales, especially when competing with a low-cost provider. It's essential to monitor competitor pricing regularly and adjust our strategy accordingly."
265,1.35,1.45,57.319938930185806,38.4227041024422,20.061978625565036,17.290216846098986,Analyze customer behavior using surveys or market research to better understand their price sensitivity and profit expectations. Determine the optimal balance between revenue generation and maintaining a healthy profit margin.,"It's essential to monitor the competitor's price adjustments and be prepared to adjust my own accordingly, focusing on maintaining a competitive edge while still generating profit. Consider implementing strategies like monitoring market trends, understanding customer needs, and regularly analyzing competitor pricing.","Sales volume decreases with higher pricing strategies, while lower prices boost sales slightly; however, lower prices lead to reduced profit margins. Further study is needed to strike a balance between these two factors.","The Comp. seems to have adopted a lower-price strategy to attract customers. This could indicate they are aiming for market share expansion or targeting price-sensitive customers. Conversely, my strategy appears more focused on maintaining profits by keeping prices stable but competitive."
266,1.35,1.45,57.319938930185806,38.4227041024422,20.061978625565036,17.290216846098986,"We need to observe the competitor's pricing trend carefully and adjust ours accordingly, aiming for a balance between profitability and high sales volumes. We can start by setting prices around $1.35 and adjust from there based on observed trends in their changes.","Adjust pricing dynamically to stay competitive with the market, taking into account both the seller's and the competitor's prices as well as customer demand. Regularly analyze sales data to identify pricing patterns and adjust as needed.","It appears that our product is more popular when priced competitively with the competitor, while higher price points do not sell well even if they are attractive in isolation. Additionally, we need to continue monitoring the competitor's pricing dynamics to ensure that we make informed decisions about our own pricing strategy.","- Pricing is important in maintaining a consistent market share and staying competitive
   - Dynamic pricing can help maximize profits by taking advantage of changes in the competitor's strategy
   - Regularly analyzing sales data can provide key insights into customer preferences and demand"
267,1.35,1.35,48.20964845248925,48.20964845248925,16.873376958371242,16.873376958371242,Consider implementing a competitive pricing strategy to attract more customers and boost sales. Monitor competitors' price fluctuations closely and adjust our own prices accordingly to stay competitive.,Maintain a competitive price range that incentivizes customers without sacrificing substantial profit. Develop strategies to attract more clients during periods of lower competitor prices.,"Our competitive analysis revealed that while the competition has various pricing strategies, they often struggle to sell at higher price points. This suggests that we could potentially increase profits by matching or even slightly underselling the competition in our pricing rounds. Additionally, it may be beneficial to monitor premium market segments and potentially explore opportunities for targeting those customers through adjustments in product features or positioning.","Pricing is a delicate balance between sales quantity and profit per unit. Lower prices may increase sales volume, but higher prices can generate greater profits. Closely monitor the competitor's pricing strategy to make informed decisions during pricing adjustments."
268,1.5,1.49,45.95279791014791,47.8281671691674,22.976398955073954,23.435801912892025,"- Continue monitoring competitor pricing strategies to identify market trends and shifts.
   - Develop marketing campaigns targeting customers who prioritize quality and may be willing to pay a premium price.
   - Explore opportunities to provide higher-value packages or bundles to maximize profits while retaining our market position.
   - Consider introducing a more affordable offering catering to budget-conscious customers, potentially by simplifying product features.","* Monitor competitor pricing and adjust ours strategically to remain competitive while maximizing profits
   * Seek out opportunities to increase our price, such as temporary shortages in the market or perceived product enhancements
   * Stay alert to competitor behavior, capitalizing on any overly high prices they may set","- Our current pricing strategy allows us to compete effectively in the mid-tier market and attract cost-sensitive buyers.
   - Higher profit margins can be achieved with fewer sales when prices are strategically increased above our competitor's lower-end offerings.
   - There exists a segment of customers who prioritize quality and may be willing to pay more for higher value products.
   - Introducing different product offerings (affordable and premium) could help us better capture various customer segments.
   - More frequent market research would help ensure our pricing remains competitive within the rapidly changing consumer electronics market.","* Higher profits can be achieved by strategically increasing the price or waiting for competitors to increase theirs
   * Competitors price the product around 1.35 - 1.5 most of the time, but there are opportunities to price differently to generate higher profits"
269,135.0,1.35,6.23813946739057e-231,93.08615796566532,8.359106886303364e-229,32.58015528798287,"```
Monitor competition pricing strategy frequently and adjust prices accordingly to maintain higher profit margins while remaining competitive.
Consider offering promotions or discounts on larger quantities of the product to encourage bulk sales without significantly reducing profitability.
Explore targeted marketing strategies to reach potential customers who are looking for products within our price range but may not have considered ours due to perceived differences in quality.
```","It seems that our pricing sweet spot is around the $1.35 - $1.45 range, as this has resulted in a decent volume of sales while maintaining sufficient profit margins. However, it may be beneficial to occasionally test higher prices to take advantage of potential profit opportunities.","```
Adjusting pricing strategy to match or compete with the lowest competitor prices does not necessarily lead to increased sales, as higher profits can be generated through a competitive yet slightly elevated price point.
Marketing efforts aimed at reaching potential high-value customers and emphasizing product quality are essential in maintaining a consistent revenue stream.
Due to the sensitivity of average revenue to changes in quantity sold, it may be beneficial to consider promotions or discounts to incentivize bulk purchases.
```","Further research is recommended toward understanding the relationship between price and consumer perception. This could help us fine-tune our pricing strategy for optimal sales volume and profit margins. Additionally, there may be an untapped market for our product at higher price points due to its premium attributes."
270,1.45,1.36,39.30612777978037,56.33862911922649,17.687757500901164,20.281906482921542,"Keep an eye on competitor's prices, be adaptable, and adjust our own accordingly. Maintain a minimum price difference of 10 cent from the competitor. If they raise their price, we can consider raising ours while still keeping it competitive.","In light of the existing data, we should continue to strategize pricing that is competitive but still yields a notable profit margin. This would involve adopting a mixed strategy of lowering prices when our competitor overprices, and matching their price when it is reasonable, aiming to maximize profits while maintaining market share.",The relationship between product price and quantity sold is not always direct and predictable. It appears that having a price close to but below the competition increases sales but maintaining the lowest price does not guarantee more sales. A price range of 1.35 to 1.49 seems to generate consistent levels of demand.,"The pricing data suggests that the customer base has an appetite for competitive pricing but is not entirely price-sensitive as profits can be maintained over a range of prices. Additionally, there are opportunities for capitalizing on competitor mispricing, demonstrating the importance of monitoring their pricing strategies and adjusting accordingly."
271,1.38,1.4,49.82909686171843,45.998053838735295,18.935056807452998,18.399221535494114,"```makefile
- Monitor competitor's price changes more closely and adjust my own pricing accordingly
- Identify opportunities to capitalize on their overreaction to my price increases by raising prices in carefully selected rounds to maintain overall profit margin
- Consider running a promotion or discount periodically to match or undercut the competitor's lower prices in specific instances
```",Consider implementing a slightly elevated pricing strategy compared to the competition but with monitoring and adjustments based on market response and sales volume.,"```makefile
- Competitor is sensitive to price changes and often adjusts their pricing based on mine, potentially undercutting me
- Maintaining profit margin is crucial to maintain long term revenue stability
- Periodically matching or undercutting competitor's prices in specific instances can lead to increased market share or customer acquisition.
```",The data indicates that maintaining a competitive price combined with a slightly higher profit margin could potentially drive sales growth. It's essential to balance the pursuit of profitability with the need to remain competitive in the market.
272,1.4,1.35,43.250337019517076,52.826080926995026,17.300134807806828,18.489128324448263,"Improved marketing campaigns to highlight unique features or qualities that make our product stand out and warrant a higher price point. Explore partnerships with influencers, increased advertising spend on social media platforms, and in-store promotions to boost brand awareness.","- Maintain a competitive price within the range of 1.35 to 1.45.
- Monitor competitor pricing and adjust accordingly.
- Aim for a consistent high number of units sold while maximizing profit margins.
- Keep a close eye on sales figures and adjust pricing as needed based on trends.",Adjusting prices too frequently may negatively impact the perceived value of our product in the marketplace. Customers tend to associate lower prices with lower quality. We must walk a fine line between being competitive and maintaining our premium positioning. Focus on continuous improvement and innovative features as key drivers for product differentiation.,"- Lower price points (1.25 and below) may result in lower profit margins due to the large quantity of units sold with minimal gain per unit.
- Higher price points (1.5 and above) seem to generate fewer sales, although profitability could still be acceptable under some circumstances.
- It's crucial to monitor competitor pricing strategies as adjustments may be necessary to maintain a competitive edge in the market."
273,1.35,1.4,52.826080926995026,43.250337019517076,18.489128324448263,17.300134807806828,We should focus on profitability while also maintaining a competitive price. Let's explore pricing strategies that balance these two factors and aim to sustain sales at reasonable quantities.,"Strategy: Adjust pricing based on competitor movements to maintain or increase our market share when possible, while still optimizing our profit margins.","The optimal pricing seems to be around 1.35 - 1.45, as it has resulted in the highest profit most of the time, while maintaining respectable unit sales. Higher prices like 1.5 and above have produced lower quantity sold but slightly higher profit. However, they are not sustainable due to their impact on sales.","Insight 1: When our price is too close to the competition's, it does not necessarily lead to higher sales volumes or profits compared to lower prices (e.g., Rounds 95-97).
   Insight 2: Lowering our price strategically can potentially capture more market share and increase our profitability in some cases (e.g., Round 180).
   Insight 3: Maintaining a competitive pricing strategy is crucial, as a drastic difference from the competition might lead to lower sales volumes and missed opportunities (e.g., Rounds 95-97 and 183-185)."
274,1.45,178.0,90.02495108803149,1.8013569273040895e-305,40.51122798961416,3.188401761328238e-303,"- Continuously monitor current and competitor's prices for market trends.
   - Evaluate the impact of price changes on sales volume and profitability in real-time.
   - Adjust pricing strategy accordingly to optimize sales and profit targets.
   - Implement dynamic pricing strategies to capitalize on unexpected market shifts or competitor actions.","-Revisit pricing strategy to make my prices more competitive without compromising profit margins.
   -Analyze sales data to identify peak seasons and adjust production accordingly.
   -Explore marketing strategies to increase my product visibility and differentiate from the competition.","- Customers are more likely to purchase at lower price points (1.0-1.35), with increasing profits observed when prices reach up to 1.45.
   - The highest profits attainable are around 40.51, but higher competition prices (above 1.5) result in reduced market appeal and fewer sales.
   - Dynamic pricing may be an effective strategy for capitalizing on competitor actions or market trends, but careful consideration must be given to maintaining customer loyalty and market positioning.","-Competitor pricing strategy appears effective in attracting more customers.
   -My product can command higher prices due to its unique features, but I need to find the right balance between price and volume profits.
   -Marketing initiatives may be necessary to grow my market share and remain competitive."
275,1.35,1.35,48.20964845248925,48.20964845248925,16.873376958371242,16.873376958371242,"Moving forward, it will be essential to closely monitor the competitor's pricing strategy and make adjustments accordingly. Keeping the price within a reasonable range relative to the competitor could help increase sales while maintaining profitability levels.","To remain competitive and maximize sales, it is crucial to continue offering lower prices compared to the competitor when feasible. Maintaining consistent inventory levels will ensure that we can meet customer demand during periods of lower pricing.","Pricing plays an important role in driving sales, as evidenced by the sales data provided. A competitive pricing strategy is crucial for staying in business and increasing market share. Monitoring market trends and competitor behavior continuously will be necessary for making informed pricing decisions.","The data suggests a price-sensitive consumer base. Price reductions lead to increased quantities sold, indicating potential cost-conscious customers who switch between comparable products. Understanding this could aid in strategic pricing decisions and promotional campaigns."
276,1.35,1.35,48.20964845248925,48.20964845248925,16.873376958371242,16.873376958371242,Adopt a dynamic pricing strategy that considers both competitor's prices and the potential sales volume based on different price points. Continuously monitor the market trends and adjust the price accordingly.,"In order to maintain a competitive position in the market and maximize profits, we need to carefully monitor competitor pricing strategies for opportunities to capitalize on underpricing or mistakes. We should also investigate potential segments where lower prices may encourage higher demand due to price elasticity.","Prices close to competitive ones tend to produce steady sales volumes, but higher profit margins can be achieved by strategically raising prices when demand is high or competition is low. However, setting very high prices does not guarantee a significant increase in profits if the volume of sales is low.","So far, the data suggests that maintaining a competitive price (1.35) has led to steady sales and profits. However, understanding the impact of price changes on demand within different market segments could lead to further strategic refinement in pricing decisions. It will also be crucial to stay abreast of competitor actions and respond accordingly."
277,1.35,1.35,48.20964845248925,48.20964845248925,16.873376958371242,16.873376958371242,"Maintain a slightly flexible pricing strategy, adjusting prices within the range of 1.25 - 1.45. Keep an eye on competitor's price fluctuations and respond accordingly. Regularly reassess the effect of price changes on sales to optimize future pricing decisions.","* Continue monitoring competitor prices and their offered product features
   * Consider launching promotional offers to incentivize purchases
   * Evaluate the potential of bundling products or offering discounts on bulk purchases
   * Investigate the possibility of entering into partnerships with complementary businesses to increase the product's market reach","Offering products at too high a price significantly reduces sales, while setting the price too low may not maximize profits. It is crucial to find a balance between being competitive and remaining profitable. Regularly monitoring price fluctuations and their effects on sales will aid in future pricing decisions.","* Lower prices generally result in increased sales volumes, but reduced profit margin
   * Higher prices lead to lower sales and may face significant competition from similar offerings by competitors
   * Bundling products or offering discounts on bulk purchases can help attract additional customers
   * Partnerships with complementary businesses for co-marketing opportunities could increase market reach and brand exposure"
278,1.36,1.3,42.57939338468377,54.1290176614801,15.328581618486162,16.23870529844403,"Continue to set a slightly lower price than the competitor while monitoring the impact of other factors like shipping costs, product quality, and customer service on sales volumes. Additionally, analyze other potential pricing strategies such as dynamic pricing based on demand or special promotions.","- Monitor and analyze current market dynamics to identify trends and opportunities
   - Develop strategies based on price elasticity and competitor behavior
   - Implement dynamic pricing models to optimize profits while maintaining a competitive advantage
   - Leverage data-driven insights to inform pricing decisions and improve overall profitability","Sales are often influenced by both price and other factors like perceived value, competitor offerings, and customer psychology. Continuously collect data on these factors to improve pricing decisions in future rounds. It is evident that setting a constant low price might not be sufficient to maintain competitiveness in the long term. Exploring various pricing strategies is essential for long-term success in this market.","- A lower competitor price does not always guarantee higher market share, as shown in rounds with our $1.5 price point (e.g., Round 186)
   - Consumers seem sensitive to minor differences in pricing and are more likely to opt for the less expensive option when given nearly identical products
   - Aggressive pricing tactics may not always be beneficial, as demonstrated in instances where we maintained a competitive edge with higher-priced offerings (e.g., Round 185)
   - Market research should explore consumer perception of product quality and willingness to pay for slightly higher prices in certain circumstances"
279,1.35,1.3,43.56014757634656,53.20448439561373,15.246051651721299,15.961345318684122,"Revise our current pricing structure to better balance demand and profitability, aiming to set competitive yet profitable price points. Continuously monitor competitor pricing and adjust as necessary.",Consider monitoring market prices more closely and be ready to adjust our product pricing to stay competitive and maximize sales. Investigate potential areas where cost savings can be achieved to maintain a lower price without sacrificing quality.,"The market demands a variety of prices, with the sweet spot appearing to be around $1.35. It may be beneficial to offer different tiers or variants of our product at various price points in order to cater to a wider range of customers and potentially increase overall sales revenue.","Price sensitivity in the market is high, and it's evident that customers are willing to make purchases at a wider range of prices than initially anticipated. However, the product still seems to perform better when priced competitively compared to similar offerings. Additionally, maintaining a lower price does not necessarily correlate with decreased profits if the increase in sales outweighs the price reduction."
280,1.35,1.35,48.20964845248925,48.20964845248925,16.873376958371242,16.873376958371242,Consider lowering the price range to $1.25 - $1.49 initially and monitor the response from consumers. Adjust the pricing as required based on the sales volume and competitive landscape.,Strategy: Price the product competitively to maximize sales quantity. Continuously monitor and adapt pricing based on market response.,"It is essential to remain competitive with our pricing strategy while also offering a quality product that justifies a higher price point if possible. Regularly monitoring competitor's prices and adjusting our own to align (or undercut) their offerings will be necessary. Additionally, finding the optimal balance between price and sales volume will prove crucial in remaining profitable while still appealing to consumers.","(Add this line to the existing text if present, otherwise write it as follows) Round 190, 185, and 186 show that a lower price compared to the competitor can significantly increase sales quantity; however, Rounds 183 and 187 suggest there may be instances where a high price does not result in any sales."
281,1.4,1.35,43.250337019517076,52.826080926995026,17.300134807806828,18.489128324448263,"Consider analyzing customer behavior in relation to our pricing strategy. Identify patterns in demand when we price higher or lower than the competition. Additionally, monitor ongoing competitor activities and adjust prices accordingly.",No plan found.,"By comparing our profit margins across various price points and customer response rates, we have found that a slight premium on competitive pricing tends to increase profit while still maintaining competitiveness. However, if the competition sets unusually high prices or special promotions, it may be worth undercutting slightly to capture more market share without significantly impacting profit margins.",No insight found.
282,1.4,1.35,43.250337019517076,52.826080926995026,17.300134807806828,18.489128324448263,"- Conduct surveys to understand customer perceptions about price, quality, and unique features.
   - Increase marketing efforts to emphasize quality and unique features as selling points.
   - Experiment with dynamic pricing strategies to find the optimal balance between cost and perceived value.","Adjust our pricing strategy based on market trends, keeping an eye on both short-term profitability and long-term growth potential. Continuously monitor competitor pricing and analyze their tactics. Invest in market research to better understand customer preferences and buying behavior.","- Customers value quality and unique features, even if they pay a little more.
   - Dynamic pricing strategies may help us find the best price for maximum sales volume and profit.
   - Surveys and marketing efforts can help fine-tune our approach to meet customer needs.",Lower prices can generate immediate success but may create unsustainable competition dynamics. High prices may limit our reach but could lead to increased profitability if the market is willing to pay more. Frequent changes in pricing strategy are crucial in this competitive landscape. Regularly measuring and adjusting marketing efforts based on sales data ensures we remain flexible in responding to market movements.
283,1.35,1.43,55.54251493558492,40.33214373712611,19.439880227454726,17.342821806964224,"* Keep monitoring the market and competitive landscape closely to identify opportunities to differentiate our product and price accordingly
* Continue observing sales trends for various price points and quantities sold, as this data can help inform future pricing decisions","* Evaluate market segments to identify target customers with acceptable price sensitivity yet high purchasing power
  * Adjust marketing efforts to appeal to identified target market segments and improve brand recognition
  * Study competitor's pricing trends and react accordingly, considering how changes could impact sales volume and profit margins
  * Explore differentiation strategies that focus on product features or quality enhancements to justify premium pricing
```","* A premium price point may still be viable depending on the perceived value of the product or specific features
* Lowering prices, particularly in the face of lower-priced competitors, can increase sales volume but needs careful strategic consideration","* Demonstrated success in various pricing scenarios (undercutting and matching the competitor)
  * The importance of considering sales volume when making pricing decisions, as well as impact on profit margins
  * Potential opportunity to identify and focus on high-value customer segments with acceptable price sensitivity
```"
284,1.3,1.35,53.20448439561373,43.56014757634656,15.961345318684122,15.246051651721299,"- Continue monitoring competitor's pricing strategies and adjust prices accordingly to stay competitive.
   - Identify the sweet spot in terms of price level that results in high sales volumes while maximizing profit margins.","Keep an eye on the competitor's pricing strategy and adjust ours accordingly to maximize sales. Monitor how lowering the price affects unit sales, but be cautious not to undervalue our product completely.","- Price sensitivity is exhibited by customers, as evident when prices differ significantly from the competitor's.
   - A higher sales volume is observed during pricing rounds where my price aligns with or is slightly above the competitor's.
   - Setting prices too high can lead to decreased sales volumes (e.g., 15.0).","Lower prices tend to result in more sales, but they can also devalue the product if done too frequently or drastically. It is essential to examine competitor pricing and adapt accordingly to stay competitive without losing profitability."
285,1.35,1.35,48.20964845248925,48.20964845248925,16.873376958371242,16.873376958371242,"Based on the competitor's pricing behavior, it may be beneficial to closely monitor their price changes and strategically adjust mine to maximize market share and profits. It could be worth matching their lower prices more frequently to maintain a strong position in shared markets or seizing opportunities to raise my price when they do so I can capitalize on increased demand for lower-priced goods.",Prioritize adjusting prices depending on competitor's moves while capitalizing on identified pricing gaps. Aim for a moderate-priced item that maintains a reasonable quantity sold and generates satisfactory profit margin. Implement dynamic pricing strategies to stay competitive in response to competitor's actions.,"The competitor's fluctuations in pricing suggest that they may either have greater flexibility in their cost structure or be targeting specific market segments with promotions, making it essential to analyze the effects of my pricing decision on various customer groups. Continuous monitoring and analysis of the competitor's pricing strategy can help inform future pricing adjustments and strengthen overall competitiveness.","Pricing is crucial as it impacts both the quantity sold and overall profitability. It appears that customers are less sensitive to price increases, allowing room for moderately higher prices while maintaining a high quantity of sales. Furthermore, certain price points seem more attractive to customers, with an inverse relationship between price and quantity sold, necessitating careful selection of optimal pricing strategies."
286,1.45,1.35,38.4227041024422,57.319938930185806,17.290216846098986,20.061978625565036,"1. Implement a pricing strategy that adjusts prices based on competition to maximize profits while being mindful of customer demand.
   2. Monitor competitor's price changes and adjust our own prices accordingly.
   3. Analyze the effect of price changes on sales volume and profit, in order to refine the pricing strategy going forward.","- Monitor the competitor’s pricing strategy closely
   - Keep an eye on customer response to price changes
   - Consistently analyze profit margins to determine optimal pricing range
   - Implement market research to anticipate future trends and adapt pricing accordingly","* It is essential to consider customer demand when setting prices as low or high prices can lead to zero sales.
   * Dramatic changes in competitor's price can significantly impact our sales volume and profit, requiring swift adjustments of our own pricing strategy.
   * Maintaining a balanced pricing strategy that takes into account both competition and customer demand is beneficial for long-term success in the market.","- Lowering the price can lead to increased sales, but it may not always result in higher profits
   - Competitors tend to adjust their prices dynamically based on external factors
   - A mix of proactive and reactive pricing strategies is essential for staying competitive
   - Understanding the optimal pricing range and customer willingness-to-pay is crucial for long-term success"
287,1.49,1.495,47.38825813248218,46.449907751777076,23.220246484916267,22.99270433712966,"- Monitor competitors' pricing strategies regularly
   - Be prepared to adjust our own prices based on market demand, competitor actions, and cost considerations
   - Analyze the profitability of different price points to find an optimal balance between quantity sold and profits earned","In light of these observations, it would seem prudent to consider adjusting the current price to maintain a competitive position while maximizing profits. One possibility could be to raise the product's price slightly above 1.49 while maintaining reasonable sales volume and ensuring a healthy profit margin.","- Lower prices result in higher quantity sales but lower individual profit margins
   - Pricing too high can lead to lower quantities sold but potentially increased profit per unit due to the cost-plus approach used by the seller
   - It is essential to consider market demand and competitor actions for adjusting our pricing strategy","The provided data suggests that pricing strategy plays a significant role in both sales volume and profit margins. A competitive but higher price, such as 1.5 or slightly above, can increase sales volume while maintaining healthy profit margins. However, it's important to balance this with the understanding that lower prices may not always drive increased sales and could impact profitability negatively. It would be beneficial to monitor competitor pricing trends and adjust accordingly to ensure a competitive edge in the market."
288,1.35,1.3,43.56014757634656,53.20448439561373,15.246051651721299,15.961345318684122,"- Maintain competitive pricing around the $1.35 - $1.45 mark for optimal profitability while appealing to a broader customer base
   - Monitor competitor prices and adjust the product price accordingly to maintain market share and stay competitive
   - Continuously analyze sales data and adjust pricing as needed to maximize profits
   - Offer discounts or promotions strategically to increase sales volume during slow periods","- Consider adjusting price levels based on competitive pricing without sacrificing profit margins.
   - Monitor sales volumes closely to assess market demand and customer buying behavior.
   - Evaluate potential strategic partnerships or promotions to increase visibility and competitiveness in the market.","- Price plays a significant role in the success of product sales, with higher quantities being sold at $1.35 - $1.45 and low quantities when priced too high or too low
   - Competitor pricing impacts our sales volume; maintaining similar prices or offering competitive deals helps maintain market share
   - Strategic pricing is key to achieving both profitability and market success for the product
   - Data analysis is essential to understanding, adapting, and adjusting pricing round to maximize profits and optimize overall sales","- Higher prices don't always translate into higher profits, as shown by instances of lower sales quantities at those price levels.
   - The competitor's low prices can sometimes lead to high volumes but low profits if they're unable to sell the same quantity at a higher price.
   - A balanced approach is required when deciding pricing strategies, weighing off competition, market demand, and potential profit maximization."
289,1.5,,,,,,"Continue monitoring competitor pricing strategies but also evaluate alternative pricing techniques such as dynamic pricing, tiered pricing, and bundling with other products. Additionally, investigate the potential impact of marketing campaigns on sales when using different pricing options, considering the seasonality and consumer psychology involved in purchasing decisions.","Consider adopting a more dynamic pricing strategy, which takes into account both the sales data from the current round and the history of competitor prices. This could help identify pricing opportunities where minor adjustments may lead to significant improvements in profit.","Consumers are generally more willing to purchase at a higher price, potentially motivated by perceived value or scarcity. The data also suggests that offering lower prices does not necessarily lead to increased sales if demand is influenced by other factors such as perceived quality, availability of substitutes, and marketing efforts. In competitive markets with multiple viable options for consumers, understanding the full range of factors influencing purchasing decisions can help maximize sales and market share.","The seller should be cautious when setting extremely high or low prices, as these can impact demand negatively. Moreover, it's important to consider the competitor's price strategy and potential reactions. Long-term trends suggest that a moderate pricing approach has been generally profitable for this product."
290,1.42,5.0,91.05194400769763,5.497841836709944e-05,38.241816483232995,0.00021991367346839777,"- Observe and record the competitor's pricing strategies more closely to better anticipate their moves.
   - Develop additional strategies to attract consumers, such as discounts or promotions during certain periods.
   - Monitor sales quantities and adjust prices more frequently based on observed patterns in consumer behavior.","- Keep an eye on competitor's pricing and adjust our strategy accordingly, aiming to capture the greatest share of customers when possible while maintaining acceptable profit margins.
   - Consider offering price promotions in periods where we detect a significantly higher price difference compared to the competition (e.g., Rounds 192, 199).","- It seems that a higher price does not always result in fewer sales when our product is perceived as valuable by consumers (e.g., Round 190).
   - The competitor appears to be more aggressive in pricing during periods where there is a significant difference between our prices (e.g., Round 195, where our price was higher).
   - Consumers' purchasing decisions may be influenced not only by price but also by the overall consumer base and product offerings.","- Prices that are close to but slightly higher than competitor's can still be attractive to customers and result in decent sales volumes.
   - Lower prices may increase quantity sold at the risk of lower profit margins, as shown in Rounds 192 and 190.
   - Price promotions could potentially help capture more market share, but must be executed thoughtfully to maintain acceptable profitability."
291,1.35,1.45,57.319938930185806,38.4227041024422,20.061978625565036,17.290216846098986,"Implement a dynamic pricing strategy that adjusts based on the competitor's current price. The goal is to offer prices lower than or near our competitors, while still ensuring profitability through volume, quality differentiation, or other competitive advantages.",Consider implementing dynamic pricing strategies to adapt to the market competition more effectively. Monitor competitor price changes more closely and adjust my own pricing accordingly.,"Data from over 200 pricing rounds indicates that consumers respond positively to lower prices, resulting in increased quantities sold and overall profitability (e.g., Round 203). However, it was also observed that certain price floors are necessary to maintain profitability over an extended period of time (e.g., Rounds 199 and 206 where losses were incurred due to extremely low prices).",Higher prices do not always equate to higher profits. It's important to understand buyer behavior and respond to market dynamics to optimize pricing decisions.
292,1.35,1.35,48.20964845248925,48.20964845248925,16.873376958371242,16.873376958371242,Adjust pricing strategy to remain competitive while minimizing potential losses. Evaluate the impact of different price points on sales volume and profit margin. Explore dynamic pricing strategies where prices can be adjusted more frequently to stay competitive with the competitor's price adjustments.,"For upcoming pricing rounds, establish our competitive advantage through attractive pricing within the optimal range of $1.3 to $1.49. Monitor competitor price movements and be prepared to adjust accordingly to maintain that advantage. Keep a close eye on instances where lower prices could yield high sales volume with minimal profit and make informed decisions about offering promotions or discounts when necessary.","Lower prices generally result in higher quantities being sold, but the seller should be mindful of their profit margins and avoid excessive discounting. Matching (or closely approximating) the competitor's price can increase sales volume, but it is essential to assess these periods in terms of overall unit profits as compared to when prices were higher. The importance of timing cannot be underestimated, as both raising and lowering prices at specific moments can negatively impact sales volume (e.g., rounds 206 and 199).","Pricing plays a crucial role in driving sales volume and profits. Optimal pricing within the range of $1.3 to $1.49 has yielded significant results. However, it's important to be aware that lower prices do not always translate into profits despite high sales volumes. It is also essential to pay attention to price anomalies and avoid pricing our product at non-competitive levels."
293,1.35,1.35,48.20964845248925,48.20964845248925,16.873376958371242,16.873376958371242,It would be beneficial to continuously monitor the competitor's pricing strategy and adjust ours accordingly to maximize sales volume while maintaining reasonable profit margins. Implementing a dynamic pricing model based on market conditions may also prove effective in staying competitive.,"- Monitor demand trends more closely to adjust pricing accordingly
   - Maintain a competitive price in comparison to our competitors
   - Consider offering discounts in times of higher demand","When prices are within the same range, sales volume tends to correlate with customer activity rather than price alone, suggesting that there might be other factors influencing purchasing decisions. The potential impact of promotions and marketing efforts should not be underestimated when attempting to increase sales volume in a competitive market.","- Decreasing the price can lead to an increase in sales, particularly when there is higher overall demand (e.g., Rounds 100 and 203)
   - Keeping prices competitive with our competitors can help attract customers
   - Sales volume is sensitive to slight changes in competitor pricing (e.g., a price decrease by the competition led to decreased sales for us in Round 197 but increased sales when we lowered our price in Round 203)"
294,1.4,1.4742,54.52828539329932,40.5250201594396,21.811314157319725,19.216964559606257,"* Monitor my competitor's price movements carefully as they seem to be responsive to each other's actions
* Find a pricing strategy that balances profitability with staying competitive against the varying price points set by my competitor
* Stay alert for significant shifts in the market, such as sudden price drops or increases by the competitor
* Analyze the impact of specific price points and adjust them based on quantifiable results (e.g., changes in quantity sold)","Plan to continue adjusting the price based on competitor's pricing. Aim to match or slightly undercut their prices when they raise their prices and try to exceed their prices by a modest amount when they lower their prices. Continuously monitor changes in revenue, units sold, and profit margins while maintaining a competitive edge.","* In some instances, offering a lower price can result in increased sales, but it may come at the expense of profitability (round 199 example)
* Aggressive pricing against competitors appears effective if you can offer a slightly better deal (e.g., rounds 203 and 201) but maintaining this strategy over an extended period could be detrimental to overall profits
* Keeping prices stable or raising them at times might lead to decreased sales yet retain higher profit margins, if the competitor fails to adjust their pricing accordingly (e.g., round 196 example)
* Maintaining awareness of current market conditions and competitor strategies are essential elements for making informed pricing decisions that aim to optimize both short-term and long-term profitability","Insights indicate that a dynamic pricing strategy is essential for success in this market. Prices should be adjusted based on the competitor's pricing trends and the expected demand for our product. It appears that matching or slightly undercutting competitive prices leads to higher unit sales but may result in lower profit margins due to discounted prices. Conversely, setting a higher price generates more revenue per unit but results in fewer units sold compared to lower prices."
295,1.0,1.45,84.48696573887128,13.965601505850696,0.0,6.284520677632813,Adjust pricing based on competition and customer sensitivity to price. Consider introducing promotions or discounts to attract customers when necessary. Maintain an awareness of the competitor's pricing strategy and adjust accordingly.,"Given the observed volatile nature of these competitors' pricing strategy, it would be wise to remain flexible and adaptive in our approach. Instead of focusing on direct competition, we could explore market conditions and consumer behavior to find opportunities to create value that neither competitor is addressing. By differentiating ourselves through unique features or services, we can reduce our dependence on price-based competition.","Customers are sensitive to price changes but may still make a purchase if they perceive value in the product. The competitor appears to be adopting a mixed pricing strategy, which has both positive and negative impacts on sales (more sales in some rounds, fewer sales in others).","1. Aggressive pricing by both competitors does not necessarily lead to market share growth; it may incur higher costs and lower profit margins.
2. Consumers appear price-sensitive, but they also value unique product offerings and customer experiences.
3. By studying the competition's pricing behavior over a longer period, we might find patterns or trends that could help us predict their next moves more accurately, allowing for better adaptation in our own pricing strategy."
296,1.35,1.35,48.20964845248925,48.20964845248925,16.873376958371242,16.873376958371242,It would be beneficial to carefully observe the competitor's pricing strategy and adjust our own prices accordingly to stay competitive while maximizing profitability. Continuous monitoring of market trends and customer demand is crucial in this dynamic environment.,"Let's maintain our pricing strategy at a competitive level based on market demand, while keeping an eye out for opportunities to capitalize on our lower price advantage and increase our market share. We should also investigate the reasons behind the unexpected high price in Round 206 and consider adjusting this tactic moving forward.","Increasing prices without consideration for market competition and customer demand may result in reduced sales, even if the competitor's price continues to rise. It is essential to maintain a balance between profitability and competitive pricing.",A pricing strategy of slightly under or comparable to competitors' prices seems to result in higher sales volumes. The unusual high price in Round 206 appears to have deterred potential customers that could lead to reduced profits and market share. It may be worth further exploring methods of pricing optimizations to improve our bottom line.
297,1.35,1.49,60.772442956078464,34.713770248747096,21.270355034627467,17.009747421886075,"To improve the pricing strategy, we need to establish a consistent and competitive pricing model. This could involve setting our price within the range of competitors (between 1.3 and 1.52) but slightly lower to maintain a competitive edge. Additionally, we ought to consider conducting market research to identify any potential customer preferences or demand sensitivities.",Continue offering our products at competitive prices to ensure sales while also keeping an eye on the market trends and customer response towards different prices.,"Observing the data reveals that a pricing strategy centered on inconsistency may be unsuccessful in retaining customers and fostering growth. By maintaining a competitive yet unique position, we can attract and maintain a loyal customer base while still meeting market demands.","Price sensitivity among customers is evident, with lower prices (1.0-1.3) resulting in increased quantity sold compared to higher prices (>1.5). Maintaining a middle ground price may be beneficial to maximize sales. Keep monitoring the market and adjusting our pricing accordingly."
298,1.49,1.49,46.9477239857297,46.9477239857297,23.004384753007553,23.004384753007553,"- Continue to monitor competitor's pricing and make adjustments as necessary to remain competitive without sacrificing profit margins.
   - Explore new marketing strategies to attract customers when demand is lower due to higher competitor prices.
   - Investigate the possibility of implementing a dynamic pricing strategy based on competitor actions.",Consider adjusting the pricing strategy to remain competitive while still maximizing profitability. Monitor competitor prices closely and strategize responses accordingly. Test a range of pricing scenarios to determine optimal pricing tiers that maximize sales potential without compromising profit margins.,"- Lowering price slightly increases demand in certain situations, while in other cases increasing price also works.
   - It is essential to stay aware of the competitor's pricing strategies and respond strategically.
   - Marketing efforts could have a significant impact on customer attraction during periods of lower demand due to higher competitor prices.","The relationship between price and quantity sold appears complex, with lower prices driving increased demand but not always leading to higher profits due to reduced profit margins. Maintaining a competitive edge while also optimizing pricing tiers is crucial for ensuring long-term success in the market. Competitor analysis seems important as it provides insights into potential opportunities for gaining an advantage."
299,1.35,1.49,60.772442956078464,34.713770248747096,21.270355034627467,17.009747421886075,"To remain competitive and boost sales, it is crucial to closely monitor the competitor's pricing strategy. Actions should be taken when our price is significantly higher than theirs to minimize potential losses. When possible, set a slightly lower price to stimulate sales and generate revenue, while keeping an eye on maintaining healthy profit margins.","Stay vigilant of our competitor's pricing rounds to ensure we remain competitive and maintain market presence. Identify and study patterns for future adjustments to our pricing strategy, potentially following their lead while simultaneously being prepared to make quick and strategic price changes when necessary.","It has been observed that adjusting the pricing based on competitor's actions can lead to increased sales. This demonstrates pricing sensitivity on the part of consumers and highlights the value of strategic price adjustments in our competitive market. Additionally, a more aggressive pricing approach can cause fluctuations in both overall sales volume and profit margins. To maximize profits, it will be necessary to carefully balance these two variables by setting prices that encourage increased sales while maintaining sustainable profit margins.","Competitors respond quickly to each other's price changes, making the market an ever shifting landscape. Keeping a keen eye on this interaction is crucial for remaining competitive. Moreover, it appears a slightly higher price relative to our competitor may yield greater quantity sold, as demonstrated in rounds 180-210 when both parties charged around $1.5 and both had comparable quantities sold."
300,209.0,1.49,0.0,88.49332679544501,0.0,43.361730129768056,"- Maintain a moderate pricing strategy within 5% of the competitors' prices to remain competitive, but ensure there is still room for profit
   - Monitor competitor pricing closely, and adjust our price incrementally based on their changes to maintain competitiveness
   - Keep an eye on occasional outliers in competitor pricing and investigate any potential causes","- Maintain my prices close to the competitor while considering the impact on quantity sold.
   - Regularly monitor price fluctuations in the market and be prepared to adjust pricing accordingly.
   - Focus on offering competitive pricing without compromising quality to maintain market share.","- Competitor pricing plays a significant role in the success of our product
   - It may be worth investigating the cause behind the drastic price changes seen in rounds 206, 203, 201, and any future outliers that arise
   - Monitoring the competitor's pricing strategy is critical to maintaining a pricing strategy that ensures both profitability and competitiveness","- There is a positive demand for products priced between $1.3-$1.5, but lower prices seem to result in higher sales in some cases.
   - Higher prices do not necessarily equate to increased profit on each unit sold—sales volume plays an important role.
   - The competitor appears to adjust their pricing strategy to attempt to steal market share, making it essential for me to stay alert and adapt swiftly."
