round,price_0,price_1,qty_0,qty_1,profit_0,profit_1,plan_0,plan_1,insight_0,insight_1
1,2.0,2.0,33.333333333333336,33.333333333333336,33.333333333333336,33.333333333333336,"- Test static pricing around the production cost to gauge demand elasticity (e.g., $1.25, $1.50).
  - Conduct A/B testing on dynamically adjusting prices based on external factors, such as market demand or competitor actions (e.g., time of day, day of week).
  - Experiment with skimming pricing strategy by targeting high-value customers willing to pay a premium for the product.
  - Consider collecting customer feedback and adjust prices based on perceived value (value-based pricing).","1. Implement a basic fixed pricing strategy at an initial price point above the production cost to assess the initial market response.
2. If there is sufficient demand, use a psychological pricing strategy by setting the price slightly below the nearest even number ($4.24 to $4.20 or similar) for perceived value and increased attractiveness.
3. Monitor sales data over several periods to identify any trends in customer buying behavior (e.g., seasonal fluctuations, customer segment responses).
4. Adjust pricing dynamically based on demand: Raise prices when there is excess demand and lower prices if stock levels are high and demand is weak.
5. Consider implementing a dynamic pricing system that adjusts automatically based on real-time market conditions (such as inventory levels, customer buying behavior, etc.)
6. Conduct periodic A/B testing of different price points to further optimize the profit.","- Targeted dynamic pricing can provide an opportunity to generate higher revenue in specific market conditions or periods.
  - Understanding demand elasticity is crucial when finding the optimal price and ensuring a competitive market position.
  - Collecting customer feedback and basing prices on their perceived value can lead to increased satisfaction and loyalty.
  - Skimming pricing strategies might help attract high-value customers who prioritize quality, but it could potentially alienate cost-sensitive customers.","1. Fixed pricing strategy allows us to establish a base price point and gauge initial market response. However, it might not maximize profitability as it doesn't account for variability in demand.
2. Psychological pricing can be effective in persuading customers to purchase by creating the perception of value and affordability.
3. Monitoring sales data over several periods is essential to understand customer buying behavior patterns.
4. Dynamic pricing allows us to increase prices when there is excess demand, maximizing profit opportunities.
5. Implementing a dynamic pricing system can improve competitiveness in the market and help capture more sales from demand fluctuations.
6. A/B testing of different price points enables continuous optimization of pricing strategy for maximum profitability."
2,2.0,3.99,49.99127269564626,0.017454608707469173,49.99127269564626,0.05218928003533283,"- Test static pricing around $2.0 (current price) to evaluate demand elasticity and gauge customer response.
      - Conduct a pilot A/B testing on dynamic pricing based on time of day or day of week, using the current price as a control group.
      - Implement value-based pricing and gather customer feedback on perceived product value to adjust the pricing accordingly.
      - Investigate the opportunity cost of adopting skimming pricing by targeting high-value customers, considering the potential loss of cost-sensitive customers.","1. Continue analyzing sales data over multiple periods to identify any trends in customer buying behavior.
   2. Test different versions of psychological pricing such as using prices ending with 9 (e.g., $3.99) to further enhance attractiveness and perceived value.
   3. Implement a dynamic pricing system by raising prices slightly when there is excess demand or lowering them when stock levels are high.
   4. Conduct A/B testing of the dynamic price changes to optimize the profitability of the pricing strategy.
   5. Consider offering tiered pricing for bulk purchases to encourage larger orders and increase revenue.","- Prioritizing market analysis and customer feedback ensures optimal pricing choices that balance demand elasticity, customer satisfaction, and profitability.
      - Value-based pricing can attract high-value customers and create a competitive advantage while maintaining cost-effectiveness.
      - It's essential to assess the potential pitfalls of implementing skimming pricing and weigh the benefits against the possible loss in customer base.
      - Continuously iterate on pricing strategies based on market feedback and changes in competitor actions.","1. Fixed pricing can be ineffective when demand varies, as it does not account for profit maximization beyond market penetration.
    2. Psychological pricing strategies such as price ending with 9 can enhance perceived value and attractiveness.
    3. Dynamic pricing based on real-time market conditions can help to maximize profitability by adjusting prices in response to demand fluctuations.
    4. A/B testing of different price points allows for continuous optimization of the pricing strategy.
    5. Tiered pricing may incentivize larger orders and potentially increase revenue."
3,3.75,3.99,0.09107334986614277,0.034871337765668455,0.2504517121318926,0.10426529991934869,"- Evaluate demand elasticity over more rounds to further confirm whether this product falls under inelastic or elastic demand.
     - Analyze competitor's prices and adjust dynamically as needed, making sure not to deviate from the price ceiling of $4.24.
     - Conduct focus groups to understand the perceived value of the product better, improving value-based pricing based on their feedback.
     - Monitor customer retention rates while implementing dynamic and/or skimming pricing strategies.","1. Test a higher fixed price around the psychological pricing price point of $3.99 to see if it attracts more customers without affecting sales volume significantly.
2. Further analyze dynamic pricing strategies, focusing on adjusting prices based on real-time demand and competitor pricing.
3. Investigate implementation of tiered pricing for bulk purchases, offering a discount when more than N units are purchased concurrently.
4. Conduct A/B testing to compare the profitability of these new pricing strategies against the existing one.
5. Monitor any changes in sales volume and competition dynamics while implementing these pricing strategies.","- It's crucial to study demand elasticity over multiple rounds to fine-tune the pricing strategy for long-term profitability.
     - A competitive advantage can be gained by applying value-based pricing and monitoring customer feedback, optimizing the pricing accordingly.
     - Implementing skimming pricing may boost short-term profit but could have negative effects on customer retention and long-term sustainability.
     - Continuously monitor competitor actions to make informed adjustments in pricing strategy.","1. Fixed pricing may need to be adjusted to account for competitor offerings and price sensitivity.
2. Psychological pricing strategies can potentially optimize profitability by creating a more attractive perceived value.
3. Dynamic pricing adjustments based on real-time market conditions could maximize profits in the long run.
4. A/B testing is crucial to compare the performance of different pricing strategies and optimize them continuously.
5. Tiered pricing can incentivize larger orders, potentially increasing revenue while maintaining profitability."
4,2.0,3.25,49.83211691867486,0.33576616265026143,49.83211691867486,0.7554738659630882,"- Continuously monitor competitor's prices and adjust dynamically while ensuring that the price remains below the $4.24 ceiling.
     - Conduct market research to gather data on the perceived value of the product, using this information to improve and optimize value-based pricing.
      - Analyze customer retention rates during dynamic pricing strategy implementation.
      - Evaluate the impact of competitor actions and adjust pricing accordingly.
      - Periodically revisit the value-based pricing approach to determine whether it can be optimized further for long-term profitability.","1. Further test the highest feasible fixed price around $3.50 or below, aiming to find the sweet spot between profit and unit-sales volume.
2. Keep investigating dynamic pricing strategies while taking into account real-time competitor actions and adjusting prices accordingly.
3. Refine the tiered pricing strategy and set a lower threshold for bulk purchase discounts, considering the effect on sales volume and revenue.
4. Run A/B tests within the revised price ranges to compare profits across the various strategies tested so far.
5. Monitor fluctuations in customer demand and competition changes while iterating these pricing strategies.
6. Consider using a mix of fixed and dynamic pricing based on specific day-of-the-week, time or seasonal sales promotions.","- A dynamically adjusted competitive pricing strategy may help maximize short-term profits while avoiding negative effects on customer retention and long-term sustainability.
      - Value-based pricing has the potential to unlock higher profit margins if properly implemented based on accurate perceived value data and customer feedback.
       - It's crucial to revisit and refine the value-based pricing approach periodically to adapt to market changes and maximize long-term profits.
       - Monitoring competitor actions is essential for making informed pricing adjustments while maintaining a competitive edge in the market.","1. Continue focusing on strike a balance between profit and unit-sales volume to maximize long-term profits.
2. Dynamic pricing can optimize profitability under changing market conditions but needs careful monitoring and real-time analysis.
3. Tiered pricing may benefit from further adjustments for the bulk purchases discounts thresholds.
4. A/B testing is pivotal in gauging the effectiveness of different price strategies.
5. Finding the optimal daily, weekly or seasonal pricing promotions can boost profits and customer attraction.
6. Maintaining a competitive edge against competitors plays a decisive role in effective pricing strategy."
5,2.0,3.0,49.54626425778431,0.9074714844313746,49.54626425778431,1.8149429688627492,"- Continuously monitor competitor's prices and adjust dynamically while ensuring that the price remains below the $4.24 ceiling, focusing on striking a balance between price competitiveness and profit margins.
       - Adjust pricing strategies based on sales volumes and perceived value data to optimize long-term profits.
        - Regularly review market changes and adjust pricing accordingly.
         - Analyze the impact of various pricing tiers on customer retention rates during dynamic pricing strategy implementation.
          - Periodically revisit the value-based pricing approach to determine whether it can be optimized further for long-term profitability.","1. Continue testing the price range between $2.00 and $3.50 to find a profitable sweet spot considering unit-sales volume, market competition, and long-term profits.
2. Monitor changes in competitor pricing and adjust the test price range accordingly for competitive advantage.
3. Analyze the impact of dynamic pricing strategies when competing directly against the current competitor price.
4. Further refine the tiered pricing strategy with better bulk purchase discount thresholds, considering the effect on sales volume and revenue.
5. Use market data from A/B testing to make informed decisions about which strategies yield the highest profits.
6. Incorporate seasonal or special day-of-the-week promotions, if applicable, to boost profits and drive sales.
7. Review insights gained in previous rounds (i.e., importance of strike a balance between profit and unit-sales volume) when making future pricing decisions.","- Continuously monitor the competitor's prices is critical in making informed pricing adjustments and maintaining a competitive edge in the market.
       - Adjusting strategies based on sales volumes, as well as perceived value data, can help maximize both short-term profits and long-term sustainability.
        - Considering various pricing tiers during dynamic pricing strategy implementation will help determine the optimal price point for maximizing profit while maintaining a high volume of units sold.
         - Monitoring the impact of market changes on different pricing strategies is essential for adaptability and achieving long-term success.
          - Periodically revisiting and refining the value-based pricing approach remains crucial for optimizing profit margins over time.","1. Maintain a focus on finding the equilibrium between profit maximization, unit-sales volume, and competitor challenges for long-term success.
2. Dynamic pricing strategies must be used cautiously with proper monitoring and analysis to ensure optimal results.
3. The tiered pricing strategy may require further refinement to achieve an adequate balance of sales volume and revenue.
4. A/B testing remains crucial in gauging the effectiveness of various pricing strategies in different scenarios.
5. Competitor-driven dynamic pricing demands continuous monitoring for price adjustments that maintain or improve strategic positioning.
6. The importance of finding optimal promotional schedules for specific days or seasons cannot be underestimated to seize profit opportunities.
7. Accurate market insights and adaptability are key factors in evolving a successful, flexible pricing strategy."
6,2.5,3.49,11.893266194744733,0.22672269277097964,17.8398992921171,0.5645395049997394,"- Continuously monitor and analyze competitor's pricing strategies, adjusting dynamically while ensuring that the price remains below the $4.24 ceiling and maintains a competitive edge in the market.
          - Experiment with slightly increasing the price to determine if the same or higher volumes can be maintained, while optimizing long-term profits.
           - Regularly review the impact of various pricing tiers on customer retention rates during dynamic pricing strategy implementation.
            - Implement A/B testing for different pricing levels to gather more insights and refine strategies.
             - Periodically revisit the value-based pricing approach to determine whether it can be optimized further for long-term profitability by considering other factors such as customer perception, brand image, etc.","1. Revise the upper limit of the price range to a maximum of $3.50 while maintaining a competitive edge over the competitor.
2. Optimize the tiered pricing strategy with more accurate bulk purchase discount thresholds that cater to varying customer demands.
3. Perform A/B testing with prices closer to the maximum of $3.50 and monitor sales volume, revenue, and profit to refine the optimal price point.
4. Consider incorporating special promotions on specific days or seasons for additional profit opportunities.
5. Monitor competitor pricing changes and adjust my prices accordingly to maintain a competitive advantage while maximizing profit.
6. Use market data from A/B testing to inform future pricing decisions effectively.
7. Continuously analyze the impact of dynamic pricing strategies in various scenarios.
8. Maintain adaptability and responsiveness to market fluctuations for long-term success.","- Testing with different prices can help identify the optimal balance between price and volume, ultimately leading to maximizing profit in the long run.
          - It is crucial to adapt pricing strategies to the market changes, as customer preferences and competitor pricing may alter over time.
           - Monitoring and analyzing competitor strategies will equip us with insights for informed pricing adjustments to stay competitive or exploit potential weaknesses in their approach.
            - Gathering more data through A/B testing can help make confident data-driven decisions, refining and optimizing our pricing strategy.
             - Periodically revisiting the value-based pricing approach remains essential for optimizing profit margins over time while taking additional factors into account.","1. Finding the right balance between profit maximization, sales volume, and competitive challenges is essential.
2. Dynamic pricing should be approached with caution, using data-driven decision making and close monitoring to achieve optimal results.
3. The tiered pricing strategy may benefit from further refinement regarding bulk purchase discount thresholds.
4. A/B testing remains a crucial tool for gauging the effectiveness of various strategies in different price scenarios.
5. Competitor-driven dynamic pricing necessitates continuous monitoring to maintain or improve strategic positioning.
6. Seasonal or special day-of-week promotions can provide additional profit opportunities when utilized effectively.
7. Accurate market insights and adaptability are fundamental factors that contribute to evolving a successful, flexible pricing strategy.
8. Strategic price points must be revisited frequently to optimize profits based on current competition and market trends."
7,2.5,2.0,6.337893833303762,46.83105308334812,9.506840749955643,46.83105308334812,"- Continuously monitor competitor's pricing trends and quickly adapt our strategy to avoid falling behind or losing market share.
     - Implement a hybrid pricing strategy that adjusts the price dynamically based on factors such as volume, competitor activity, and time of year.
      - Conduct more in-depth A/B testing focusing on various price points, taking into account competitors' strategies and expected market fluctuations.
       - Utilize machine learning algorithms to predict customer preferences and make data-driven pricing decisions, aiming at maximizing long-term profitability.
          - Periodically reassess the balance between volume and profit, ensuring that our pricing strategy is optimized for both factors.","1. Implement a price adjustment strategy, maintaining sales volume while optimizing profit by gradually testing lower prices with closer monitoring of market response (sales volume and profit).
2. Continuously track competitor pricing changes and adjust my prices in accordance to maintain or improve competitive advantage without compromising long-term profitability.
3. Conduct a detailed study on refining tiered pricing strategy by analyzing customer purchasing patterns in different price tiers and adjusting the thresholds accordingly.
4. Expand A/B testing with prices closer to the $3.50 upper limit, while considering seasonal or special offer promotions for additional profit opportunities.
5. Monitor market data from A/B testing and competitor pricing adjustments to inform future pricing decisions effectively.
6. Maintain adaptability by frequently revisiting the chosen price point based on trends and observations in sales volume, revenue, and profit.","- Competitive intelligence is crucial in understanding and adapting to competitor pricing strategies to remain competitive.
         - A hybrid pricing strategy may prove more effective in balancing volume and profit over time while ensuring a competitive edge in the market.
          - Machine learning algorithms can be valuable tools for predicting customer preferences, allowing us to make data-driven decisions about pricing strategies.
           - It is essential to frequently reassess the balance between volume and profit to ensure that our pricing strategy remains optimal.","1. It's essential to have a data-driven approach when deciding upon pricing strategies.
2. The impact of dynamic pricing should be carefully monitored and balanced against the potential loss of profit due to lower sales volumes.
3. Continuously analyze customer purchasing patterns and adjustments in sales volume as key indicators of successful pricing strategies.
4. Incorporate short-term promotions and seasonal offers when appropriate for increasing sales without sacrificing long-term profitability.
5. Flexibility and responsiveness to market fluctuations will help maintain a competitive edge over the competition while maximizing profit over time.
6. The price point should be based on ongoing analysis of different scenarios, considering factors such as sales volume, profit margin, and overall market trends."
8,2.25,3.0,26.538792877224193,1.3212886953789413,33.17349109653024,2.6425773907578827,"- Monitor competitors’ price changes more closely and analyze their volume-based pricing strategies to capitalize on potential openings in the market.
     - Continue monitoring volume fluctuations with our current price point, but consider a strategic increase if it demonstrates consistently high sales volume and minimal loss in overall profitability.
      - Develop dynamic price adjustments based on time of year or specific campaigns as opportunities arise to capture additional market share while maintaining profitability.
       - Incorporate machine learning algorithms with the focus on identifying pricing trends and customer demand to maximize profit potential.
          - Regularly reassess the effectiveness of our strategies, making fine-tuned adjustments as needed to maintain an optimal balance between volume and profit.","1. Implement dynamic pricing based on market response (sales volume and profit) with close monitoring to optimize both metrics.
  2. Continuously track competitor's price changes and adjust prices accordingly while keeping an eye on their long-term strategy and vulnerabilities.
  3. Analyze previous round data along with customer purchasing patterns to refine price tiers strategically based on maximum profitability.
  4. Implement A/B testing for price points closer to $4.24, considering seasonality or special offers to capture additional profits without compromising long-term stability.
  5. Regularly revisit chosen price point decisions based on trends and key indicators such as sales volume, profit margin, competitor pricing, and market fluctuations.
  6. Utilize machine learning algorithms when possible to predict optimal pricing strategies for maximum profitability over time.
  7. Perform sensitivity analyses across different scenarios to inform future pricing decisions with greater accuracy.
  8. Use historical price data in combination with other factors such as customer feedback and market dynamics to make well-informed pricing adjustments.","- Stay informed about competitor’s pricing trends and volume-based pricing adjustments as they can have a significant impact on market share and overall profitability.
         - A strategic increase in price could potentially maintain or even slightly improve profitability if volume remains consistent at higher sales levels.
          - Dynamic price modifications based on time, campaigns, or other factors may provide opportunities to gain a competitive edge.
           - It is important to continuously review the balance between volume and profit to ensure that our pricing strategy remains optimized for long-term profit maximization.","1. A dynamic pricing strategy that responds to market conditions while closely monitoring sales volume is crucial for maximizing profitability.
  2. Keeping an close watch on competitors' price changes allows us to adapt our own pricing efficiently and seize potential opportunities or threats.
  3. Customer purchasing patterns combined with historical data are valuable in refining a tiered pricing strategy that aims to maximize profit per unit sold.
  4. Short-term promotions and seasonal offers can help boost sales without negatively impacting the long-term profitability of the business.
  5. A flexible approach towards price points is fundamental as market trends, competitors' strategies, and customer preferences evolve over time.
  6. The optimal price should be determined through a data-driven decision making process using market sensitivities, historical trends, and competitive dynamics."
9,2.75,2.25,3.5119026959339723,25.949646034241912,6.145829717884451,32.43705754280239,"- Continuously monitor sales volume and profit margin fluctuations to identify the optimal balance between high volume and high profit.
       - Implement a dynamic pricing strategy based on sales volumes and competitor moves to remain competitive in the marketplace while maximizing profits.
        - Collaborate with the marketing team to conduct customer surveys and analyze demand patterns for improved targeting of potential buyer segments.
         - Optimize our pricing strategy by machine learning algorithms for greater accuracy and timeliness in detecting pricing trends and adjusting prices accordingly.","1. Fine-tune the pricing closer to competitors' prices by gradually moving towards medium price levels between $2 - $2.5.
     2. Monitor and analyze sales volume, profit margins, competitor pricing strategies, and market dynamics in real-time to quickly pivot when necessary.
     3. Implement price tiers based on customer purchasing patterns using machine learning algorithms or regression models for accurate forecasting of optimal prices.
  4. Perform sensitivity analysis between different pricing scenarios with close consideration of the long-term profitability and stability of the business.
  5. Regularly consult current market data, insights, and trends to determine the optimal price point that achieves both high sales volume and maximum profit per unit sold.","- Identify a balance point between volume and profit where we can achieve both at an optimal level, maximizing overall profit potential.
         - Stay alert to competitor price changes and adapt our strategy accordingly as customer buying patterns may shift based on their moves.
          - A dynamic pricing system that accounts for volume fluctuations and market shifts is crucial to stay competitive in the long term.
           - Machine learning algorithms can help automate the process of identifying optimal pricing levels by analyzing consumer demand trends and competitor prices.","1. Fine-tuning pricing closer to competitors' prices while ensuring a reasonable profit margin can lead to an increase in both sales volume and long-term profitability.
     2. Regular monitoring and responding to market trends, dynamics, and competitor strategies is crucial to staying competitive in the market.
     3. Utilizing machine learning or regression models to refine price tiers based on customer purchasing patterns can help optimize pricing for maximum profit per unit sold.
  4. Conduct sensitivity analyses across different scenarios considering both the immediate impact on profits and long-term implications for the business.
  5. Stay informed about current market data, insights, and trends to determine an optimal price point that combines high sales volume with a maximized profit margin per unit sold."
10,2.5,2.5,10.650697891920077,10.650697891920077,15.976046837880116,15.976046837880116,"- Monitor sales volume and profit margin fluctuations at each pricing level to determine the optimal balance between high volume and high profit.
     - Continuously assess competitor pricing strategies, keeping an eye on their response to our price changes.
      - Implement a dynamic pricing strategy based on the findings from the previous points, adjusting our prices in real-time in response to market conditions and competitor actions.
       - Collaborate with the marketing team for customer surveys and demand pattern analysis to better understand potential buyer segments and further optimize our target audience.
        - Integrate machine learning algorithms into our pricing strategy, allowing for improved accuracy in detecting pricing trends and adjusting prices accordingly.","- Maintain a price higher than competitors but close to their pricing level to minimize sales volume sacrifices while still maximizing profit per unit sold.
- Monitor immediate effect on sales volume and long-term impact on profits of each price change, keeping in mind the overall goal of maximizing profitability.
- Develop machine learning models or regression analysis to test multiple pricing scenarios and determine the optimal price point that generates both high sales volume and maximum profit per unit sold.","- The optimal pricing sweet spot must be found where high volume and high profit potential can be achieved.
       - Be mindful of competitor responses to price changes, as they may impact the overall market demand for the product.
        - A dynamic pricing system that accounts for volume fluctuations and market shifts is crucial for long-term success.
         - Machine learning algorithms can help automate optimal pricing by analyzing consumer demand trends and competitive prices, ensuring accurate and timely adjustments.","- Maintaining a higher price can improve the profit margins per unit sold, although this may result in lower short-term sales volumes.
- In some cases, maintaining prices comparable to competitors can lead to increased sales volume but reduced profitability per unit.
- A combination of competitive pricing and machine learning analysis can help determine an optimal price point balancing both sales volume and maximum profit per unit."
11,1.99,2.0,34.228067824076234,32.88596608796188,33.88578714583547,32.88596608796188,"- Continue monitoring competitor price changes and adjust our own prices accordingly (following a more aggressive strategy in light of increased competition).
  - Establish a customer segmentation and conduct targeted marketing campaigns to attract potential buyers from less tapped markets.
   - Implement a pricing strategy using a range of fixed, promotional, and dynamic pricing techniques.
    - Utilize machine learning algorithms for demand forecasting and competitive trend analysis, taking into account sales volume and profit margin trends.
     - Review the impact of shipping costs on potential customers' willingness to purchase and consider adjusting our product price accordingly to remain attractive as an option.","1. Lower price to stay competitive with the dominant competitor while carefully monitoring the effect on sales volume and profit per unit sold.
   2. In parallel, begin development of machine learning models or regression analysis to help determine an optimal price point that maximizes both short-term sales volume and long-term profitability.
   3. Keep track of competitor's pricing strategies, adjusting our prices as needed to remain competitive while balancing profit goals.","- Fixed prices may not necessarily be the most profitable, suggesting a need for more dynamic and flexible pricing strategies
       - Competition dynamics can play a significant role in determining optimal pricing, so continuous monitoring is crucial
        - Price elasticity should be taken into account while setting prices, as customers may perceive certain price tiers unfavorably (e.g., the high $3 range)
         - Shipping costs and their impact on buyer behavior must be carefully considered when evaluating pricing strategies","1. In some market conditions, decreasing the price slightly can lead to increased sales volume and overall profits due to the high demand for our product.
   2. It is essential to understand how changes in pricing impact both short-term benefits (sales volume) and long-term gains (profit per unit sold).
   3. Monitoring competitive pricing trends is critical for setting a price that remains attractive without sacrificing profit margins."
12,2.0,1.8,23.665609135556682,52.66878172888663,23.665609135556682,42.13502538310931,"1. Continue monitoring competitor price changes but be prepared to react swiftly when the opportunity arises to outcompete them due to their higher prices (e.g., Rounds 2, 5, and 9).
     2. Adapt pricing strategies based on sales volume trends and competitor actions, maintaining a more flexible approach rather than sticking to fixed pricing.
      3. Conduct targeted marketing campaigns in less tapped markets to attract potential customers who may be deterred by high competition.
       4. Implement machine learning algorithms to track shipping costs' impact on potential customer behavior and adjust both the product price and shipping fees accordingly.
        5. Utilize dynamic pricing techniques with continuous monitoring of demand fluctuations and competitor responses.","1. Implement machine learning algorithms to analyze the correlation between price, quantity sold, and profit earned.
   2. Develop a pricing mechanism that dynamically adjusts our selling price based on the competitor's pricing strategy and market demand.
   3. Conduct A/B testing on several different pricing tiers to better understand customer sensitivity towards changes in price and their impact on quantity sold.","1. Pricing should be more flexible to adapt to market conditions, competition dynamics, and competitor actions (e.g., Round 3).
      2. Adapting pricing according to profit margins trends is crucial in maximizing long-term profitability.
       3. Targeted marketing campaigns can tap into less tapped markets to attract additional buyers.
        4. Shipping costs and their impact on buyer behavior must be considered when adjusting prices (e.g., using dynamic pricing techniques).","1. Price elasticity shows us that lower prices can drive increased sales, but it negatively affects profitability per unit.
   2. Understanding the relationship between price, quantity sold, and overall profits is crucial in making data-driven pricing decisions.
   3. Competitive analysis plays an essential role in setting a competitive yet profitable selling price."
13,2.0,2.25,42.23187982515182,15.536240349696362,42.23187982515182,19.420300437120453,"1. Test a moderate price point between $1.99 and $2.5 that can balance affordability, sales volume, and profit margins.
     2. Monitor competitor actions closely and be prepared to adjust pricing swiftly when an opportunity arises to outcompete them.
      3. Conduct targeted marketing campaigns in less-tapped markets to attract potential customers.
       4. Develop and implement dynamic pricing techniques that account for both demand fluctuations and competitor responses.
        5. Continue following up on insights drawn from previous rounds and iterative adjustments to improve long-term profitability.","1. Refine our current machine learning algorithms by focusing on finding the price point that optimizes both sales volume and profit per unit.
       2. Implement pricing adaptability based on real-time market data, taking into account factors such as competitor's pricing strategy and fluctuations in demand.
          3. Conduct A/B testing on several pricing tiers between 1.99 and 2.5 to identify the optimal price for our target market while accounting for the impact on quantity sold.","1. Finding a moderate price point is crucial to balance affordability, sales volume, and profit margins.
      2. Rapidly adapting pricing in response to competitor actions can lead to increased competitiveness and potential profits.
       3. Targeted marketing campaigns help tap into less-tapped markets for additional customers.
        4. Dynamic pricing techniques can be helpful for increasing sales by aligning with demand fluctuations and competitor responses.","1. Our customers respond well to lower prices, but maintaining a profitable unit price remains essential in maximizing overall profits.
        2. Observing the competitor's pricing strategy and adjusting accordingly can help increase sales while still achieving profitability.
           3. Data-driven A/B testing is crucial in determining the optimal price based on customer behavior and market trends."
14,2.15,2.0,21.532059424173973,39.23397028791302,24.761868337800067,39.23397028791302,"1. Test a price point between $2.0 and $2.2 that balances affordability and profitability while accounting for competitor's actions in pricing.
     2. Keep a close eye on the competitor’s response to price changes, and be prepared to adjust prices accordingly if there are significant changes in their offerings.
      3. Analyze the impact of price increases on sales volume to find an effective sweet spot for maximizing profitability.
       4. Revisit previous insights to ensure continuous improvement in pricing strategies over time.","1. Develop sophisticated machine learning algorithms capable of determining optimal pricing strategies that balance volume and profit per unit.
         2. Implement adaptable real-time market response system taking into account factors such as competitor’s pricing strategy, geographical regions, seasonality, and other relevant elements.
            3. Conduct A/B testing on numerous pricing tiers between 1.90 to 2.20 with the intent to find the optimal price range for our target market while ensuring profitability remains prioritized.","1. Adjusting the price of a product within a moderate range can have various effects on sales volume, but finding the optimal point is crucial to maximizing profitability.
      2. The competitor's actions play a significant role in determining the ideal price point for our product.
       3. Monitoring and analyzing the impact of price changes are vital aspects to fine-tune pricing strategies in the long run.","1. Customer response seems positively affected by competitive pricing, but maintaining a profitable unit price is essential in maximizing overall profits.
         2. Observing and adjusting pricing strategy based on competitor’s moves can increase sales while still achieving profitability.
            3. Data-driven A/B testing will help ascertain the optimal price that provides balance between volume and profit."
15,2.15,1.9,18.04923627350838,49.06291097984169,20.756621714534635,44.156619881857516,"1. Test various price points between $2.00 and $2.49, keeping a close eye on competitor's actions in pricing, and be prepared to adjust accordingly.
      2. Monitor competition responses to determine which price points yield the highest profitability given varying market conditions.
       3. Analyze the correlation between sales volume and price point changes across multiple rounds for optimal results.
       4. Continuously refine our strategy when faced with new competitive challenges or opportunities by revisiting previous insights and applying them to current market dynamics.","+ Incorporate machine learning algorithms that determine optimal pricing strategies based on real-time competitor's prices, geographical regions, and seasonality to maximize profit while selling a high quantity of products.","1. The competitor's actions can drastically influence the profitability of our product, making it essential to remain agile in our adjustments.
      2. Testing a variety of price points is vital to maximize long-term profitability while still addressing market conditions and competition.
       3. Observing the effects of price changes on sales volume may uncover valuable insights into what works best for a given product under certain market circumstances.","+ Adaptive pricing based on competition can drive sales while achieving profitability.
     + Data-driven A/B testing and machine learning algorithms will help ascertain the optimal price range that balances volume and profit."
16,2.2,2.05,19.81116108674969,36.09828907373153,23.77339330409963,37.9032035274181,"1. Test various price points slightly above the competitor's price ($2.00 - $2.49) while closely monitoring competitor actions and sales trends.
      2. Evaluate how small increases in price can impact sales volume and profitability based on market conditions.
     3. Maintain agility to adapt the pricing strategy for optimal results given fluctuating market dynamics and competitive responses.","+ Implement pricing strategy based on competitor's price, taking into account the optimal balance between volume and profit. Utilize machine learning algorithms for adaptive pricing.
+ Conduct A/B testing to identify which pricing range maximizes long-term profit while maintaining a high volume of sales.","1. Our product's profitability may be sensitive to slight adjustments in price, and finding the right balance between price and sales volume is crucial for maximizing profits long-term.
      2. Adjusting price slightly above the competitor while remaining reactive to their actions and market conditions has shown potential for increased profitability.
     3. It is essential to strike a delicate balance when determining the optimal pricing strategy, as too aggressive or conservative adjustments can have adverse effects on profitability.","+ Slightly undermining competitor’s price increases quantity sold and overall profit, but within certain limits to keep the per unit profit stable.
+ Identifying the optimal pricing range through A/B testing will ensure maximum long-term profit while maintaining high sales volume."
17,2.15,2.05,23.180646674121864,34.58146121575098,26.65774367524014,36.31053427653852,"1. Continuously monitor competitor pricing and sales trends for adaptability, as necessary.
       2. Conduct experiments with lower price points to gauge their impact on market demand and overall profitability while being wary of potential loss in perceived value.
      3. Evaluate the potential of tiered pricing (or bundle offerings) to create a multi-tier pricing strategy aimed at catering to various customers' price sensitivities without compromising overall sales volume or long-term profitability.","+ Conduct A/B testing across various price points to find the optimal long-term profit level while maintaining high volume of sales. Use adaptive pricing methods with machine learning algorithms for continued optimization.
    + Carefully analyze the test results and implement learnings into further iterations to refine pricing strategy.","1. A slightly higher price than the competitor, when balanced with market conditions and demand, may yield increased profitability. However, this should be further explored through experimentation.
       2. Tiered pricing (or bundle offerings) could potentially maximize sales volume and overall profits by catering to customers' varying price sensitivities.
      3. Extreme deviations from the competitor's pricing can result in low unit sales, negatively impacting profitability.","+ Optimizing the price point through A/B testing will enable maximum long-term profit while maintaining high volume of sales.
   + Utilizing adaptive pricing methods that respond dynamically to market changes can help fine-tune price for ongoing success."
18,2.15,2.05,23.180646674121864,34.58146121575098,26.65774367524014,36.31053427653852,"1. Continuously monitor competitor pricing and sales trends for adaptability as necessary.
2. Design small-scale experiments with slightly varying price points around the existing competitors' range to determine their impact on market demand and overall profitability.
3. Evaluate the potential of tiered pricing (or bundle offerings) to create a multi-tier pricing strategy aimed at catering to various customers' price sensitivities without compromising overall sales volume or long-term profitability.
4. Continuously analyze market conditions and adjust pricing strategy accordingly, striving for a balance between higher sales volumes and maximum profits.
5. Once an optimal pricing strategy has been identified, use additional marketing channels to promote the product and drive further demand.","- Refine A/B testing by experimenting with a lower starting price closer to the competitor's range, then slowly incrementally increasing the price while monitoring volume and profit to locate an optimal balance.
- Continue using adaptive pricing methods that consider both volume of sales and profit margins to maintain a competitive edge in the market.
- Implement machine learning algorithms to automatically adjust prices based on real-time sales and market trends, ensuring continued pricing optimization.","1. Adjusting price points slightly above or below the competitor's range may help attract more customers and improve overall profitability while being wary of potential loss in perceived value.
2. Tiered pricing (or bundle offerings) could potentially maximize sales volume and profits by catering to customers' varying price sensitivities.
3. Continuous monitoring and adaptation of the pricing strategy will be crucial for success in this evolving market.
4. The product's perceived value and quality should be taken into account when setting the price, ensuring that it remains competitive while balancing sales volume and profitability goals.","- Finding an optimal balance between price and profit is critical: lowering the starting price will boost volume of sales while increasing the price slightly, depending on market response, can lead to higher overall profitability. The key is precision in incrementing price based on market reaction.
- Utilizing adaptive pricing through machine learning algorithms enables continuous optimization, ensuring the most profitable price according to real-time sales and market trends."
19,2.05,2.15,34.58146121575098,23.180646674121864,36.31053427653852,26.65774367524014,"1. Develop a strategy that keeps the price just slightly below the competitor, but adjust it depending on market trends to avoid perceived value loss.
   2. Evaluate optimal pricing intervals and frequency of adjustments based on changes in competitors' prices or sales patterns.
   3. Continuously monitor customer feedback for insights into their perceptions of the product and pricing sensitivity.","- Experiment with dynamic pricing by monitoring competitor prices and adjusting mine accordingly to stay competitive while maintaining profitability.
- Develop machine learning algorithms to automatically adjust prices in real time based on volume of sales, profit margins, and market trends.","1. Pricing just below the competitor could maximize both profitability and sales volume.
   2. It is crucial to remain responsive to changing market conditions and competitors' strategies when determining pricing decisions.","- Incorporating a dynamic pricing strategy can help capitalize on market opportunities by adjusting the price based on real-time competition and trends.
- Machine learning algorithms contribute to continuous optimization by using data from sales and market analysis to inform optimal pricing decisions automatically."
20,2.05,2.1,32.89329222889069,26.93074991777377,34.53795684033521,29.62382490955115,"1. Observe customer feedback closely for changing perceptions of the product and pricing sensitivities, adjusting pricing accordingly.
  2. Regularly monitor competitor strategies and price fluctuations to determine if a change in price is needed to maintain profitability while maximizing sales volume.","- Utilize dynamic pricing by monitoring market trends and competitors’ prices to adjust ours accordingly, focusing on staying competitive while ensuring optimal profitability.
   - Implement machine learning algorithms to continuously analyze sales data and market trends to optimize the price on a real-time basis.","1. Price sensitivity analysis suggests that prices between $1.90 and $2.15 could be the most profitable range, given both increased sales volume and reasonable profitability.
  2. Maintaining a competitive price strategy will help in maximizing profit and increasing sales volume over time.","- Dynamic pricing strategies can be effective in capitalizing on market opportunities by adjusting prices based on competition and trends to maximize profitability.
   - Machine learning algorithms contribute to continuous optimization by using data from sales and market analysis to inform optimal pricing decisions automatically, ensuring maximum profits."
21,1.95,2.05,40.17595785333554,26.9307499177738,38.16715996066876,28.277287413662485,"1. Continuously monitor and adjust the product's pricing based on real-time customer feedback to optimize for both profitability and sales volume.
     2. Evaluate competitor pricing strategies and adapt price accordingly to maintain a competitive edge while maximizing profits in the long run.
             3. Regularly analyze the profit earned during different pricing rounds to identify trends and opportunities for further optimization.","1. Adopt a hybrid approach where we primarily focus on maintaining our price close to the competitors but with periodic fluctuations designed to attract more sales through perceived discounts or promotions.
           - Implement a dynamic pricing strategy that incorporates market analysis and competitor monitoring for these planned adjustments, ensuring optimal profitability is met.
           - Develop machine learning algorithms to predict suitable windows of price increases or decreases while maintaining sales volumes and profit margins.","1. Adjusting the price to be slightly above the competition (as seen in Rounds 13 and 14) can lead to an increased sales volume and profit.
     2. Maintaining a competitive pricing strategy is crucial for maximizing both short-term profits and long-term market share.
             3. Continuous monitoring and analysis of data during different pricing rounds will provide actionable insights useful for optimizing the pricing strategy further.","1. A hybrid pricing strategy combining market sensitivity and competitor monitoring can maximize profits by balancing attractiveness, sales volumes, and optimal pricing.
         - By identifying suitable price fluctuations using machine learning algorithms, we can leverage market trends to optimize sales while ensuring profitability remains high."
22,2.15,2.05,23.180646674121864,34.58146121575098,26.65774367524014,36.31053427653852,"1. Monitor market trends by comparing prices with competitors in real-time and adjust product pricing accordingly, while maintaining a slight advantage for sales volume and profit.
   2. Regularly analyze the profits during different pricing rounds to identify trends and optimize the pricing strategy further.
     3. Adjust pricing on a quarterly basis to account for seasonal trends and market fluctuations.","1. Continue adopting a hybrid pricing strategy by maintaining the current price (around 2.05) close to competitors, but with periodic fluctuations designed to attract more customers through perceived discounts or promotions.
         - Implement a long-term machine learning model that predicts suitable windows for targeted price increases or decreases while considering market trends and maintaining profitability.","1. Maintaining a slight price advantage over the competition can drive incremental sales volumes while also increasing overall profit.
   2. Prices too low may result in lower profits despite high sales volume, suggesting the need to maintain competitive yet profitable pricing.
     3. Seasonal trends and market fluctuations should be considered when setting the initial pricing strategy for quarterly adjustments.","1. The effectiveness of a hybrid pricing strategy lies in balancing attractiveness, sales volumes, and optimal pricing, which can lead to increased profits if done correctly.
         - Machine learning algorithms provide the potential for identifying profitable moments for price adjustments within this framework, allowing us to optimize our pricing dynamically while maximizing profitability."
23,2.15,2.05,23.180646674121864,34.58146121575098,26.65774367524014,36.31053427653852,"1. Develop a proactive pricing strategy; adjust prices based on market trends while keeping in mind our cost and targeted profit margin.
2. Continuously monitor competitor’s pricing and adjust prices to maintain a slight price advantage when appropriate, but with the primary goal of maximizing profits.
3. Conduct further analysis to identify if seasonal fluctuations impact our product differently than the competitor's products.","1. Continue implementing hybrid pricing strategy while monitoring its effectiveness through A/B testing and market trends analysis.
   - Refine machine learning model by gathering more historical data, focusing on competitor’s pricing dynamics. Enhance predictive capabilities to identify profitable moments for price adjustments.
   - Review and revise the current hybrid pricing strategy based on competitor's actions and optimal pricing range observed in market data.","1. Proactive pricing can lead to higher profits despite lower sales volume.
2. Maintaining a slight but profitable price advantage over the competition is effective in driving incremental sales volumes.
3. Seasonality may not significantly impact profitability, or it might have a different effect compared to competitor products, warranting further investigation.","1. Effectiveness of a hybrid pricing strategy requires close monitoring of market trends and competitor’s behavior to optimize long-term profitability.
   - Leveraging machine learning algorithms can enhance our understanding of profitable moments for price adjustments within the framework of hybrid pricing.
   - It's essential to analyze competitor’s actions (both short-term and long-term) while adapting our own strategy to maximize profit opportunity."
24,2.1,2.0,25.102610716299612,37.448694641850196,27.612871787929574,37.448694641850196,"1. Continuously test various price points to identify the optimal balance between profit maximization and sales volume, while keeping an eye on cost and targeted margin.
   2. Conduct a pricing sensitivity analysis considering customer demand at different price levels.
   3. Analyze competition response and their customers' reaction to price changes when our prices are adjusted in order to inform future decisions.
   4. Incorporate learned insights about seasonality, if any, into the pricing strategies tested to understand its impact on profitability over longer periods.","1. Implement a more dynamic hybrid pricing strategy to optimize price adjustments based on market trends, using machine learning algorithms to analyze both historical data and current market conditions.
    - Gather additional information on competitor strategies, focusing on long-term behavior and predictable pricing patterns.
    - Continuously A/B test different price ranges to determine optimal profitability while taking into account market demand.
2. Develop a monitoring system for keeping track of the competition's prices over time, so adjustments can be made proactively.
3. Evaluate the impact of discounts and promotions on overall profitability, and determine if they should be utilized strategically to drive increased sales.
4. Continue analyzing and incorporating insights from market data, competitor analysis, and pricing strategies to improve long-term pricing decisions.","1. A lower price point may result in more units sold but at a lower profit percentage per unit sold.
   2. Higher price points could significantly decrease sales volume without necessarily reflecting into higher profit earned per unit sold. Thus, a 'sweet spot' pricing strategy is worth exploring further.
   3. It is essential to understand customer demand and competition reaction to our pricing changes before making adjustments to our prices.
   4. The interaction between price points, sales volume, and profit must be weighed carefully against the cost of production to maximize long-term profitability.","1. A more dynamic hybrid pricing strategy will help us maintain a competitive edge by adapting to market conditions and reacting swiftly to changes in demand or competition.
2. Leveraging machine learning algorithms, additional historical data collection, and ongoing analysis of competitor pricing patterns will contribute to improved profit maximization and pricing adjustments.
3. Strategic implementation of discounts and promotions may lead to increased sales, but will require careful consideration of long-term profitability."
25,2.05,2.0,29.04607870701908,35.476960646490454,30.49838264237003,35.476960646490454,"1. Continuously test a range of price points within the identified sweet spot (1.95 - 2.15) to find the optimal balance between profit maximization and sales volume, while keeping an eye on cost and targeted margin.
       2. Incorporate a feedback loop that accounts for demand and customer reaction when testing different prices in order to make informed adjustments.
       3. Analyze competition response at various price points to better understand their strategies and respond accordingly.
       4. Monitor changes in seasonality and understand its impact on pricing, profitability, and sales volume over longer periods.","1. Conduct a thorough analysis of recent historical data alongside competitor pricing patterns to identify emergent pricing trends and determine the optimal price range based on both profit maximization and market demand.
   - Examine the impact of promotions, discounts, and seasonal factors on overall pricing strategies and long-term profitability.
2. Develop a real-time monitoring system to closely track competitor prices in order to make proactive pricing adjustments as needed.
3. Implement A/B testing methodology when determining optimal prices across various price ranges; incorporate machine learning techniques to analyze market trends and optimize price adjustments in response.
4. Conduct ongoing research into market segmentation and consumer behavior, using the insights gathered to inform future pricing strategies tailored toward specific demographics or niches.
5. Continue gathering and analyzing competitor data on long-term pricing behaviors to remain agile in adapting to emerging market trends or competitive strategies.","1. A sweet spot exists between 1.95 and 2.15 where a balance can be found between profit optimization and sales volume maximization.
       2. Lowering the price might result in a higher number of units sold but with a lower profit percentage per unit sold, whereas higher prices decrease sales volume without necessarily increasing profit earned per unit sold significantly.
       3. Monitoring customer demand, competition reaction to our pricing changes, and considering long-term profitability is crucial when making adjustments to the price.
       4. The interaction between price points, sales volume, and profit must be carefully weighed against production costs for optimal long-term profitability.","1. A more dynamic hybrid pricing strategy, incorporating machine learning techniques to analyze both historical data and current market conditions, will help us adapt more swiftly to changes in demand and competition, maximizing profitability over the long term.
2. Continuously testing price ranges while monitoring overall profit margins will contribute to the identification of optimal pricing strategies.
3. Strategic and judicious use of discounts and promotions may lead to increased sales but must take into account long-term profitability; careful consideration should be given to their impact on sales trends and market positioning.
4. Utilizing insights from ongoing research into consumer behavior, market segmentation, and competitor analysis will inform targeted pricing strategies tailored toward specific demographics or niches.
5. Closely monitoring competitors' long-term price adjustments and adapting proactively to changing market conditions will remain crucial for ensuring competitive edge."
26,2.05,1.95,26.9307499177738,40.17595785333554,28.277287413662485,38.16715996066876,"1. Continuously test a range of price points within the sweet spot (1.95 - 2.15) and incorporate feedback from demand and customer reaction to make informed adjustments.
       2. Analyze how frequently competitors respond to our pricing changes, as this may have an impact on our overall strategy.
       3. Consider strategies that take advantage of our lower production cost by temporarily undercutting competitors or offering bulk discounts to boost sales volume when necessary.","1. Further analyze historical data alongside competitors' pricing behaviors over multiple rounds to determine optimal price ranges based on profit maximization and market demand.
  	* Test various pricing strategies using A/B testing methodology, incorporating machine learning techniques when possible to inform rapid adjustments in response to market dynamics.
  2. Develop real-time monitoring system that alerts for significant changes in competitor prices as a means of making proactive pricing adjustments if necessary.
  3. Continue conducting ongoing research on consumer behavior, market segmentation and niche markets, leveraging the gathered insights to inform targeted pricing strategies.
  4. Monitor long-term competitive behaviors and trends to ensure an optimized market positioning that maximizes overall profit potential.","1. The price range (1.95 - 2.15) identified from previous data appears to be optimal, with higher prices leading to a decrease in sales without significant profit increase.
       2. Lowering the price might not necessarily mean a lower profit percentage per unit sold due to the increased sales volume.
       3. Strategies such as temporary undercutting or bulk discounts could help us take advantage of our cost advantage to boost overall sales and profitability in the short-term.","1. Continuous testing of pricing across various price ranges while considering market dynamics will help identify optimal strategies for boosting long-term profitability.
  2. Strategic and targeted use of promotions may contribute to increased sales, but long-term profit implications must be carefully considered as well as potential impact on overall market positioning.
  3. Utilizing insights from ongoing research into consumer behavior, segmentation, and competitor analysis is vital for informing tailored pricing strategies.
  4. Remaining agile and informed about changes in competitors’ pricing patterns and adaptive to emerging market trends or strategic shifts will be essential in ensuring an competitive edge."
27,2.0,2.1,37.448694641850196,25.102610716299612,37.448694641850196,27.612871787929574,"1. Start by conducting A/B tests with varying price points within the sweet spot (1.95 - 2.05). Observe and record sales, profit levels, and competitor responses to each price change.
   2. If significant improvements are observed, refine pricing strategy accordingly but stay within the sweet spot range. Consider offering bulk discounts or temporary undercutting to boost profits when our competitors follow suit.
   3. Continuously analyze competitor strategies and adjust our own accordingly to maximize profitability in the long run.","1. Expand on existing A/B testing strategy by systematically increasing or decreasing price based on competitor's position and market demand to identify optimal price bands that maximize long-term profitability.
        * Implement machine learning techniques to automate the pricing adjustments process in real time, considering factors such as historical sales volume, profit earned, competitor’s pricing, and market trends.
   2. Enhance competitor monitoring system to provide more accurate tracking of competitors' price changes, including automated alerts for significant shifts that require the user to quickly adjust their own pricing strategy.
     3. Develop a more sophisticated approach to targeting promotions with machine learning-driven analysis of market dynamics and competitive scenarios. This could help minimize the impact on overall market positioning while still generating valuable short-term sales opportunities.","1. A/B testing pricing points within the identified sweet spot (1.95 - 2.05) will give us valuable insights into finding a more optimal price within this range.
   2. Taking advantage of our cost benefit by temporary undercutting or offering bulk discounts can help boost short-term sales and profitability but must be done strategically, taking competitor response frequency into account.
   3. It's crucial to keep an eye on competitors' strategies and adjust our own pricing accordingly to maximize long-term profitability.","1. The flexibility in pricing may contribute to greater profit potential by capitalizing on both high and low price points when applicable, as long as the selected pricing strategy is tailored to optimally respond to market demand.
     2. Strategic use of promotions is key when adjusting prices, balancing short-term sales increases with potential long-term implications for overall profitability and market positioning.
     3. Competitor behavior monitoring should be ongoing and adaptive to account for emerging trends or strategic shifts that could impact the user’s competitive edge and pricing strategies."
28,1.95,2.13,43.374858807451645,21.11281037647234,41.20611586707906,23.857475725413742,"1. Perform A/B testing on various price points within the sweet spot (1.95-2.05) and investigate how offering bulk discounts during this price range affects average purchase quantity and overall profitability.
   2. Monitor competitor responses to our pricing changes over a certain period, making adjustments as needed while ensuring that profit remains prioritized.
   3. Analyze the effectiveness of temporary undercutting as a strategy against competitors and determine when it is advantageous to implement this approach long-term.
+++++++++++++++++++++","1. Continue with A/B testing strategy, but refine it by systematically adjusting prices closer to the competitor's price points (within a range of 0.1$) and analyze their impact on sales volume and profit.
* Apply machine learning techniques to optimize price adjustments by considering historical sales volume, profit earned, competitor's pricing trends, and market dynamics.
   2. Monitor the competitive landscape more closely for emerging trends or shifts that could impact our optimal price levels.
     3. Develop a machine learning-driven approach to determine an appropriate discount strategy for promotions while minimizing potential long-term implications on profitability and market positioning.
+++++++++++++++++++++","1. A/B testing between 1.95 - 2.05 will provide valuable insights on finding the profit margin's sweet spot within that range, as well as identifying potential opportunities in taking advantage of temporary undercutting or offering bulk discounts strategically.
   2. Monitoring competitor pricing strategies and adjusting our own accordingly is crucial to maintaining short-term profitability while not compromising long-term profit goals.
   3. When considering implementing temporary undercutting, ensure our long-term profit objectives are met by evaluating competitor response frequency carefully.
+++++++++++++++++++++","1. The optimal pricing appears to exist within a range of the competitor's price (within 0.1$) in this specific market scenario. However, it is important to maintain flexibility in pricing to capitalize on high and low price points when applicable.
     2. Strategic promotions should be utilized while considering both short-term sales increases and potential impact on overall profitability and market positioning.
     3. Continuous monitoring of the competitive landscape is crucial for maintaining an adaptive pricing strategy that takes into account emerging trends or strategic shifts.
+++++++++++++++++++++"
29,2.05,2.13,33.92646065175114,24.635666733587552,35.62278368433869,27.83830340895393,"1. Analyze the price elasticity within our target range (1.95-2.05), focusing on finding the optimal balance between profit margins and quantity sold.
   2. Investigate implementing bulk discounts along with the price exploration in the aforementioned range to study its effect on average purchase quantities, overall profitability, as well as demand patterns.
   3. Conduct comparative pricing analysis of similar products across platforms for better understanding of our market position and potential for long-term profit maximization.
   4. Incorporate competitor's responses to price fluctuations when determining our strategic pricing plan in the next pricing round.
+++++++++++++++++++++","+ Continue A/B testing strategy, systematically adjusting prices closer to the competitor's price point (within 0.1$) and analyze impact on sales volume and profit
      - Optimize price adjustments using machine learning techniques based on historical sales volume, profit earned, competitor's pricing trends, market dynamics
   + Develop a new approach for determining discount strategy during promotions, taking into account both short-term sales increase and potential impact on overall profitability and market positioning
   + Enhanced monitoring of the competitive landscape for emerging trends or strategic shifts to maintain an adaptive pricing strategy","1. A/B testing across a larger range of prices, including the exploration of lower and higher prices within our current range, will provide insights into finding the optimal balance between profit margins, quantity sold, and long-term profitability goals.
   2. It is crucial to incorporate bulk discounts as a strategy when exploring pricing within our target range to analyze overall impact on demand patterns, average purchase quantities, and profit maximization.
   3. Comprehensive analysis of the competitor market will help us better understand our position in the market, potential opportunities for differentiation, and long-term profitability goals.
+++++++++++++++++++++","+ Optimal pricing exists within a range of 0.1$ from the competitor's price with flexibility to capitalize on high/low price points when applicable (Round 21 to present)
   + Strategic promotions should consider short-term sales increases and potential long-term implications on profitability and market positioning (consider new promotion strategy in PLANS.txt)
   + Continuous monitoring of the competitive landscape is crucial (validated by market data and consistent across pricing rounds)"
30,2.05,2.13,33.92646065175114,24.635666733587552,35.62278368433869,27.83830340895393,"1. Conduct a study on the impact of prices between 2.0 and 2.15 with varying increment steps, comparing profit margins, quantity sold, and long-term profitability goals.
      2. Introduce tiered discounts (e.g., 3-4 units purchase -> 2% off, 6-9 units purchase -> 5% off, 10+ units purchase -> 10% off) to analyze their overall effect on demand patterns, average purchase quantities, and profitability.
      3. Evaluate the potential for offering limited-time promotions to drive sales during slower periods.","+ Continue systematically adjusting prices closer to the competitor's price point, with a focus on maintaining a profitable margin within the observed optimal range.
      - Optimize price adjustments using machine learning techniques based on historical sales volume, profit earned, competitor's pricing trends, and market dynamics
   + Implement strategic promotions at specific intervals that take into account both short-term sales increase and potential long-term implications on overall profitability and market positioning.
   + Enhanced monitoring of the competitive landscape to quickly adapt pricing strategies in response to emerging trends or changes in the competitive landscape.","1. The data indicates that finding the optimal balance between price, quantity sold, and long-term profitability may reside somewhere between 2.0 and 2.15.
      2. Offering tiered discounts could help increase average purchase quantities while maintaining strong profit margins due to bulk sales, promoting customer loyalty.
      3. Limited-time promotions might be effective in driving sales during slower periods or in response to sudden competitor activity.","+ Optimal pricing remains within a narrow range, currently observed as 0.1$ below the competitor’s price (validated by market data).
   + Strategic promotions should be timed carefully to maximize short-term sales and maintain overall profitability and market positioning."
31,2.075,2.1,30.724833615216273,27.80097911797676,33.0291961363575,30.581077029774438,"1. Perform A/B testing on prices between 2.0 and 2.15 with incremental steps of 0.025, while maintaining previous strategies for tiered discounts and limited-time promotions to observe which combinations perform best in terms of quantity sold, profit margins, and long-term profitability goals.
      2. Continue monitoring competitor’s price fluctuations and adjust pricing accordingly to maintain an effective competitive strategy.","+ Systematically adjust prices using machine learning techniques based on historical sales volume, profit earned, competitor’s pricing trends, and market dynamics.
   + Optimize the frequency of price adjustments to find the optimal balance between short-term sales increase and long-term profit maximization.
   + Monitor the competitive landscape more closely for emerging trends that may affect our pricing strategy.
   + Implement strategic promotions carefully, considering both short-term sales impact and potential long-term effects on overall profitability and market positioning.","1. It is important to find the optimal balance between a competitive but profitable price range (2.0 - 2.15) to maximize profitability.
      2. Keep track of competitor’s pricing movements and adapt pricing strategies accordingly for an effective competitive edge.","+ The optimal price remains within a narrow range, currently observed at approximately $0.1 below the competitor’s price point.
   + Strategic promotions should be timed to maximize short-term sales while minimizing potential negative long-term effects on overall profitability and market positioning."
32,2.05,2.04,30.6540326095345,31.905047412448294,32.18673424001122,33.18124930894623,"1. Perform A/B testing on prices between 2.00 and 2.14 with incremental steps of 0.005 or 0.01 to optimize the price point while keeping previous strategies for tiered discounts and limited-time promotions.
      2. Continue monitoring competitor’s price fluctuations and adjust pricing accordingly for an effective competitive strategy.
   ++++++++++++++++++","+ Refine current pricing strategy to closely match the competitor’s pricing, while testing slight discounts to maximize sales volume without compromising long-term profitability.
  + Develop a system to continuously monitor market trends and adjust pricing accordingly in real time.
  + Collaborate with machine learning experts to predict customer demand for price ranges using historical data, competitor’s prices, and market dynamics.
  + Implement strategic promotions opportunistically based on the results from these tests.","1. To optimize profit, it is essential to identify the precise optimal balance in the low-price range (2.0 - 2.15) through granulated A/B testing and competitor analysis.
      2. Maintain vigilance on competitor’s pricing movements and adapt pricing strategies as needed to maintain a competitive edge.
   ++++++++++++++++++","+ The optimal pricing strategy so far seems to be slightly below the competitor’s price while maintaining a consistent edge in terms of sales volume and profitability.
  + Continuously monitoring market trends and making swift adjustments based on these insights appear crucial for success in this scenario."
33,2.05,1.95,26.9307499177738,40.17595785333554,28.277287413662485,38.16715996066876,"1. Perform A/B testing on prices between 1.95 and 2.10 with incremental steps of 0.01 or 0.005 to optimize the price point while maintaining tiered discounts and limited-time promotions.
     2. Continue monitoring competitor’s price fluctuations and adjust pricing strategies as needed for effective competitive positioning.
   ++++++++++++++++++","+ Implement a system for continuous real-time market trend monitoring and adjust pricing accordingly.
  + Collaborate with machine learning experts on developing predictive models based on historical sales data, competitor's prices, and market trends to find optimal price ranges and demand patterns.
  + Test slight price fluctuations based on insights from the predictive model and monitor their impact on sales volume and profitability.","1. To maximize profit, a precise balance point (between 1.95 to 2.10) must be found through granulated A/B testing and vigilant competitor analysis in the low-price range.
     2. Maintain adaptability in pricing strategies based on market conditions to remain competitive and maintain a favorable position relative to competitors.
   ++++++++++++++++++","+ It is crucial to maintain a competitive edge in sales volume while ensuring long-term profitability.
  + Market trends need to be monitored continuously, and pricing adjusted accordingly to maximize profits."
34,2.025,2.15,36.8772142256015,22.367161072618188,37.799144581241535,25.722235233510915,"1. Refine A/B testing on prices within the range of 1.95 to 2.05 with incremental steps of 0.01 or 0.005, emphasizing on finding the precise balance point that maximizes profit.
     2. Regularly monitor competitor’s price fluctuations and adjust our pricing strategies as needed to maintain competitive positioning.
   ++++++++++++++++++
   ++++++++++++++++++","+ Continue monitoring market trends and competitor's prices to adjust pricing accordingly in real-time.
    + Develop a predictive pricing model using historical sales data, competitor's price changes, and market trends to find profitable yet competitive price ranges.
      + Test small price fluctuations based on the predictive model and evaluate their impact on sales volume and average profit per unit.","1. Narrowing the testing range to 1.95 to 2.05 is crucial for maximizing profits while taking into account market sensitivity to price changes.
     2. A keen focus on competitor analysis and timely response to their pricing strategies are essential in maintaining a favorable position.
   ++++++++++++++++++
   ++++++++++++++++++","+ Adjusting the pricing strategy is essential to balance sales volume and long-term profitability.
    + Implementing machine learning models can help in understanding demand patterns and finding optimal price ranges.
    + It's crucial to test slight price fluctuations before making significant adjustments to gauge their impact on sales volume and profitability."
35,2.02,2.1,35.59433148558709,25.846789533540818,36.30621811529883,28.431468486894904,"1. Continue A/B testing prices within the 1.95 - 2.05 range with small incremental steps, aiming for precision in identifying the sweet spot that maximizes profitability.
     2. Perform more frequent competitor analysis to optimize pricing strategies and maintain a favorable market position.
   ++++++++++++++++++
   ++++++++++++++++++
   ++++++++++++++++++","+ Monitor competitor's price changes more closely to react swiftly when needed.
   + Develop a predictive pricing model using historical sales data, market trends, and competitor's price movements to find optimal price ranges.
     + Perform A/B testing of slight price fluctuations based on the predictive model and evaluate their impact on both sales volume and profit per unit.
      + Implement additional machine learning models to improve understanding of demand patterns and find optimal pricing strategies.","1. The tight range of 1.95 - 2.05 allows us to optimally maximize profit while staying attentive to market sensitivity to price changes.
     2. Timely and regular monitoring of competitor pricing strategies is vital in ensuring a competitive edge and maintaining optimal profitability.
   ++++++++++++++++++
   ++++++++++++++++++
   ++++++++++++++++++","+ Maintaining a moderate yet reasonable price that attracts customers while ensuring profitability is essential in this market.
     + Utilizing machine learning algorithms can help enhance our understanding of the market dynamics and improve pricing strategies.
      + Continuously evaluating competitors' pricing moves and adjusting ours accordingly is crucial for success in this competitive environment."
36,2.05,2.05,31.042377345300565,31.042377345300565,32.59449621256559,32.59449621256559,"1. Maintain a price of 2.05 as the base price, but perform A/B tests within small incremental steps around it (such as 2.03 or 2.07) to confirm that this is indeed the most profitable price point.
    2. Perform more frequent competitor analysis to react quickly when they adjust their pricing strategies, maintaining a competitive edge and optimizing profits.
   ++++++++++++++++++
   ++++++++++++++++++
   ++++++++++++++++++
   ++++++++++++++++++
   ++++++++++++++++++","+ Use the market data to find a narrow optimal price range by analyzing the impact of slight price differences on sales and profit.
     + Continuously compare our pricing strategy with competitors' adaptive response on product demand.
      + Implement predictive modeling to identify patterns in market trends to forecast optimal prices for different scenarios.","1. The price of 2.05 has proven to maximize profit in the observed market data, and should be maintained as a starting point.
     2. Adaptive pricing strategies based on competitor actions are crucial for maintaining an optimal market position.
   ++++++++++++++++++
   ++++++++++++++++++
   ++++++++++++++++++
   ++++++++++++++++++
   ++++++++++++++++++","+ Incorporating competitive analysis and reacting swiftly to competitor’s price changes remains essential.
     + Machine learning algorithms can help improve our understanding of the relationship between price and demand in this market.
      + Continuously evaluating various pricing strategies and their impact on both sales volume and profit per unit is crucial."
37,2.07,3.1,42.74647236026989,0.6943956875988145,45.738725425488774,1.4582309439575105,"1. Continue A/B testing small incremental adjustments around the current base price (e.g., 2.03 or 2.07) to find the most optimal pricing point that maximizes profit.
     2. Perform frequent competitor analysis and quickly adapt pricing strategy accordingly as needed to maintain a competitive edge.
   ++++++++++++++++++
   ++++++++++++++++++
   (Repeat #1 and #2 in subsequent rounds, potentially adding additional strategies)","- Adjust price based on the impact of slight price changes on sales & profit, focusing within a narrower range identified through market data analysis.
    + Continuously monitor and analyze competitor's pricing strategies and implement adaptive responses accordingly to ensure cost competitiveness.
     + Implement machine learning algorithms to study the relationship between price and demand more effectively for improved pricing decisions.
     + Evaluate the performance of different pricing strategies using both sales volume and profit per unit as key metrics.","1. Continued observations indicate that adjusting the price slightly higher or lower within certain limits could increase profit potential.
     2. It is crucial to maintain a competitive position by keeping an eye on competitor pricing strategies and adapt quickly when needed.
   ++++++++++++++++++
   (Include notes from previous insights whenever relevant)","- It is essential to maintain a balance between cost competitiveness, market demand, and maximizing profit when determining prices.
    + Identifying patterns in the relationship between price and demand through machine learning algorithms can lead to more profitable pricing strategies.
     + Continuously adapting to market trends and competitor pricing dynamics is critical for long-term success in this market."
38,2.07,2.1,31.15216032193,27.629487637409035,33.332811544465095,30.39243640114994,"1. Continue A/B testing small incremental adjustments around the competitor’s price ($2.05) to find the most optimal pricing point that maximizes profit, while still being competitive.
       2. Monitor the market closely and adapt pricing strategy accordingly as needed to maintain a competitive edge.
     3. Include psychological pricing strategies with rounded numbers (e.g., 2.10 or 4.20) in A/B testing to see if they have any impact on sales quantity and profitability.","- Conduct a more systematic analysis of the relationship between price elasticity and profit. Analyze various combinations of price increases/decreases and their impact on sales & profit using machine learning algorithms for a better grasp of optimal pricing.
    + Monitor overall market demand trends and assess whether any fluctuations influence customer sensitivity toward price changes and adjust pricing accordingly.","1. Pricing strategy should be adaptive and responsive to market dynamics, particularly competition pricing.
       2. The optimal price may be slightly higher than the current base price and competitive prices but not exceeding $4.24.
     3. Rounded numbers (e.g., 2.10 or 4.20) could potentially attract more customer sales due to psychological factors.","- Price elasticity plays an important role in determining the right balance between sales volume, profit per unit, and cost competitiveness. Finding the optimal point can lead to maximum profitability over time.
    + Adapting pricing strategies quickly in response to market demand fluctuations can help ensure long-term business success in this dynamic environment."
39,2.09,2.07,28.436424758049284,30.804811191306804,30.995702986273717,32.96114797469828,"1. Continue monitoring the market closely to track any shifts in consumer behavior or competitor strategies, as this could impact our chosen pricing approach.
       2. Conduct further A/B testing with pricing increments greater than the current small adjustments around the competitor's price to better understand the optimal price range for maximizing profit.
     3. Investigate the effect of combining subtle psychological pricing strategies with variations above and below the competitor's base price during testing, as this could potentially influence sales and profitability.
     4. Revisit the effect of rounded numbers (e.g., 2.10 or 4.20) on sales quantity and profitability, considering a broader range of tested pricing points, which may help uncover any potential trends in consumer decision-making influenced by psychology-based pricing strategies.
     5. Consider implementing dynamic pricing adjustments to better adapt to competition price changes while ensuring profit maximization.","- Conduct more systematic analysis of the relationships between price elasticity, sales volume, profit per unit, and cost competitiveness, focusing on smaller price adjustments rather than significant shifts in pricing.
    + Use machine learning algorithms to analyze different combinations of competitive reaction and their impact on sales & profit.
    + Monitor competitors' price changes and make timely adjustments based on market demand fluctuations to ensure optimal pricing.","1. Adaptive and responsive pricing, based on market dynamics such as competition prices, appears crucial in maintaining a competitive edge and maximizing profitability.
       2. The optimal price may lie somewhere between the current base price and the competitor's price, while still remaining below $4.24 to incentivize customer purchases.
     3. Test a broader range of pricing strategies (e.g., substantial increments and psychological pricing strategies combined with A/B testing) to further investigate the impact on sales quantity and profitability.
     4. Dynamic pricing could potentially increase competitiveness by adapting quickly to competition price changes, thus maximizing long-term profits.
     5. Incorporating insights from psychology-based pricing strategies might help optimize customer decision-making in terms of motivating purchases with perceived value for money.","- Pricing should account for a balance between volume, profit per unit, and cost competitiveness to reach maximum profitability over time.
    + Being mindful of competition's pricing can help maintain a competitive edge and maximize profits."
40,2.0,2.08,36.681780284229156,26.636439431541692,36.681780284229156,28.76735458606503,"1. Conduct further A/B testing with a wider range of incremental pricing (both above and below the current price). Examine the influence of these differences on quantity sold and profitability.
     2. Analyze the effect of combining various psychological pricing strategies, such as using .99 or even round numbers, in combination with incremental changes when testing new prices.
   3. Investigate the impact of dynamic pricing adjustments on sales and profit by adapting more swiftly to competition price changes.
   4. Examine the potential interaction between competitive pricing dynamics (e.g., responding to competitor's pricing moves) and the effect on market share and long-term profits.
   5. Conduct case study analyses of successful pricing strategies used by market leaders in our industry or closely related industries to gather insights for potential application within our product offerings.","+ Implement machine learning algorithm to analyze historical data across various combinations of competitive reaction and determine optimal pricing strategy.
    + Monitor competitor's prices more closely to make timely adjustments based on changing market demands and their reactions to price changes.","1. Adaptive pricing in response to competition price changes could yield greater profitability due to increased competitiveness, provided that the chosen price maximizes the profit per unit sold.
     2. A wider range of pricing approaches should be tested beyond small adjustments around the competitor's price to better understand their relationship with sales and profits.
   3. The use of psychological pricing strategies may generate more interest in certain price points, but this might not always lead to increased overall profitability in the long term.
   4. Keep in mind that market share considerations must be balanced against revenue generation to ensure sustainable growth in the long run.
   5. Gathering learnings from successful pricing strategies of industry leaders may provide valuable insights for devising innovative and profitable pricing approaches in our product lineup.","+ Machine learning algorithms can help optimize the long-term profitability by minimizing risk of incorrect pricing decisions and exploiting potential profitable opportunities uncovered through data analysis.
    + Being more attentive to competitor's strategies allows flexibility in adapting to market fluctuations, ultimately maximizing profits in the long run."
41,1.95,2.05,40.17595785333554,26.9307499177738,38.16715996066876,28.277287413662485,"1. Utilize dynamic pricing to swiftly adapt to competitor's price changes while ensuring the chosen price maximizes profit per unit sold.
     2. Test a combination of psychological pricing strategies like pricing with .99 or round numbers, along with the minimum and maximum acceptable prices for each test scenario.
   3. Conduct case study analysis on successful pricing strategies in closely related industries to gain valuable insights that can be potentially applied in our product offerings.","+ Continue testing price points between 2.05 and 2.15 while keeping an eye on market fluctuations and competitor actions.
    + Investigate the potential of lowering prices to reach a larger customer base, while ensuring profitability remains high.","1. Market share may not always equate to profitability; maintaining a price point below the competitor, while maximizing the profit per unit sold, can drive sales and increase long-term profits.
     2. Combining psychological pricing along with small incremental changes can potentially lure more customers in, but it must be validated that this approach leads to increased overall profitability in the long run.","+ Finding a balance between profit maximization and a large quantity of sales appears essential in this market.
    + Lowering prices can potentially attract more customers but may compromise overall profitability if not managed carefully."
42,2.05,2.01,29.455830375566624,34.56673715981821,30.92862189434495,34.912404531416385,"1. Adopt a hybrid pricing strategy by combining dynamic pricing with psychological pricing tactics to react swiftly to competitor price changes and appeal to customer psychology simultaneously. This includes employing prices ending in .99 or round numbers while keeping the chosen price within our range of $1.95 - $2.20 for testing.
   2. Incrementally adjust our chosen price based on competitors' price movements, and validate long-term profitability from such changes.
   3. Conduct case study analysis on pricing strategies in closely related industries where sales volume is also a critical factor.","- Continue testing prices within 2.00 – 2.15 while monitoring the impact on quantity sold and competitors’ pricing strategy.
- Research market trends and customer demand for potential pricing adjustments in different market segments.
- Analyze profitability in relation to quantity sold and consider implementing strategic discounts or promotions when necessary.","1. Pricing below the competitor can increase market share for short term but may not guarantee long-term profitability if the price difference is significantly less than the production cost.
   2. Achieving the right balance between psychological pricing tactics and competitor price tracking is essential to maintain sales volume while maximizing profits per unit sold.
   3. Case study analysis can provide valuable insights in applying successful pricing strategies across different markets, given our product offerings' similarities.","- Balancing between maximizing profit and increasing sales is essential in this market segment.
- Adjusting prices can impact the volume of sales but it's important to ensure that profitability remains high.
- Thorough understanding of customer behavior, market trends, and competitor actions are necessary for an effective pricing strategy."
43,2.15,2.05,23.180646674121864,34.58146121575098,26.65774367524014,36.31053427653852,"1. Adopt a hybrid pricing strategy by combining dynamic pricing with psychological pricing techniques to remain competitive while appealing to customer psychology simultaneously. This includes employing prices ending in .99, round numbers, or .25 while staying within the range of $1.95 - $2.20 for testing.
     2. Continuously monitor competitor price movements and adjust our price accordingly to maximize profit potential.
     3. Analyze successful pricing strategies in closely related industries and apply lessons learned to adapt to our unique market conditions.
     4. Conduct A/B testing on different price points and observe the impact on sales volume, average sales price, and overall profitability.","- Continue testing price within the range of 1.95 to 2.15 while closely tracking competitor's prices and quantity sold in response to different pricing strategies.
- Analyze seasonal trends and market fluctuations to make adjustments when necessary.
- Implement targeted promotions or discounts for specific customer segments to encourage sales during low demand periods.","1. Price sensitivity varies among customers, suggesting a need to test multiple tactics to optimize pricing strategy and overall profit potential.
     2. Aggressive pricing can lead to increased sales volume but may negatively impact average selling price, potentially limiting overall profitability.
     3. Adapting our pricing strategy to customer preferences across different market conditions is crucial for long-term success.
     4. Continuously monitoring and analyzing competitor strategies can provide valuable insights for price optimization and improved positioning in the market.","- Optimal price points need to be found by balancing volume of sales, profitability, and competitor actions.
- Seasonal trends should be taken into account when making pricing decisions.
- Strategic promotions or discounts can help maximize revenue during periods of low demand."
44,2.15,2.1,24.730917976320395,30.206411428110634,28.44055567276845,33.2270525709217,"1. Continuously monitor and update our pricing strategy to stay competitive, including using dynamic pricing techniques and adjusting prices based on competitor movements as needed.
     2. Test a wide range of price points in the $1.95 - $2.20 interval, focusing on those closer to $2 and observe the impact on sales volume, profit margins, and customer demand.
     3. Optimize our pricing strategy using insights from machine learning algorithms that analyze historical data patterns and predict future trends.","- Monitor and analyse the impact of maintaining the current price (2.15) versus lowering it slightly on profit, volume of sales, and competitor actions.
    - Conduct an in-depth study of customer segments' sensitivity to price changes to identify opportunities for targeted promotions or discounts during low demand periods.","1. The price range $1.95 - $2.30 is tolerated by customers, but closer to $2 provides a better balance between profitability and customer demand.
     2. It's important to stay dynamic with the pricing strategy and adjust accordingly based on competitor movements.
     3. Machine learning can be utilized for optimizing our pricing strategy and making data-driven decisions.","- It is essential to maintain a pricing strategy that balances volume, profitability, and competitor actions to maximize long-term profit.
    - Identifying customer segment sensitivities to price changes can lead to strategic opportunities for promotional offers or discounts during low demand times."
45,2.15,1.95,19.81116108674971,44.09054983951879,22.782835249762165,41.88602234754285,"1. Continuously monitor and update our pricing strategy, especially focusing on dynamic adjustments in response to competitor movements.
     2. Utilize machine learning algorithms to better predict future trends and price accordingly.
     3. Test a range of prices in the $1.95 - $2.30 interval, with a focus on small, incremental changes, and closely monitor market response.
     4. Implement an adaptive pricing strategy that adjusts prices more quickly to capitalize on potential shifts in the market.
     5. Regularly review sales data to ensure pricing remains competitive and profitable.","- Monitor and analyse the impact of systematically decreasing prices at regular intervals (for example, every five rounds) on profit, volume of sales, and competitor actions to find the sweet spot where both profit and sales are optimized.
    - Identify customer segment sensitivities to price changes by conducting targeted surveys or focus groups during low demand periods to gain deeper insights into their pricing preferences.","1. Competitor's price changes present opportunities for strategic pricing adjustments.
     2. Smaller, incremental price changes may be more effective than large, sudden shifts.
     3. A data-driven approach can lead to improved pricing decisions.
     4. Adaptive pricing strategies can help capitalize on market shifts quickly.
     5. Closely monitoring sales data and competitor movements is essential for making informed pricing decisions.","- It is crucial to maintain a competitive pricing strategy with periodic minor adjustments as market conditions change.
    - The relationship between price and quantity sold suggests that there exists an optimal price point where both profit and sales are optimized. Understanding what this optimal point is will help in making well-informed pricing decisions."
46,1.95,2.05,40.17595785333554,26.9307499177738,38.16715996066876,28.277287413662485,"* Monitor competitor prices closely and adjust our own accordingly
   * Evaluate the impact of price changes on profit and unit sales
   * Test and analyze different pricing strategies, such as adjusting prices at critical periods (e.g., seasonal demand)
   * Investigate customer feedback to better understand their pricing sensitivity","- Implement a dynamic pricing strategy that adjusts prices based on competitor actions and market conditions, with a focus on maintaining profitability while staying competitive. This strategy includes monitoring the number of units sold at different price points to find the optimal balance between profits and volume.
- Incorporate periodic analysis of customer feedback and purchasing trends to better understand changes in demand and price sensitivity among customers.","* Prices above $2.05 have a negative effect on unit sales and profits
   * Slight price variations have an immediate impact on both quantity sold and profit margins
   * Competitor actions play a critical role in determining the appropriate pricing strategy
   * Understanding customer sensitivity to prices can help in making data-driven decisions","- Lower prices generally lead to higher sales volumes but also increase competition, affecting profitability.
- Monitoring competitor actions and market conditions is essential for maintaining a profitable pricing strategy.
- Gathering customer feedback can help gain insights into changes in demand and price sensitivity among customers."
47,2.0,1.95,31.042377345300558,37.915245309398884,31.042377345300558,36.019483043928936,"- Monitor competitor's pricing strategies consistently
      - Adjust our price dynamically based on competitor's moves, focusing on a range between $1.95 to $2.05
      - Evaluate the impact of price changes on unit sales and overall profit in real-time","Experiment with a dynamic pricing strategy where we adjust our prices based on market demand. Set the optimal price (Price B) around $1.95 - $2.05, but also offer a slightly higher price (Price A) close to the market ceiling ($4.0) to attract customers seeking premium products. Monitor sales and adjust prices accordingly to maximize profitability.","- Pricing strategy should be dynamic and adaptable based on competitor's actions
      - Prices over $2.05 negatively impact both unit sales and profits","The optimal pricing strategy appears to be a balance between volume and margin. Lower prices drive sales volume while maintaining the target profitability; however, higher prices may result in fewer units sold but a higher average profit per unit due to the fixed cost. Maintain flexibility in the pricing strategy to adapt to market conditions and optimize profitability."
48,2.05,2.1,32.89329222889069,26.93074991777377,34.53795684033521,29.62382490955115,"1. Maintain prices close to but below 2.05 to optimize sales while still preserving a reasonable profit margin.
2. Monitor competitor pricing trends and adjust accordingly, aiming to position our product slightly lower to maintain or gain market share.
3. Consider offering promotions or bundle deals during periods of slower sales or when competitors introduce significantly lower prices.
4. Regularly re-evaluate pricing strategy based on market conditions and customer response.","- Keep monitoring competitor prices and react accordingly, aiming for a higher profit margin when possible (within market constraints)
   - Test slight price adjustments to gauge their effect on sales quantities
   - Regularly analyze the sales performance of different pricing strategies to determine which ones are most successful","1. Prices between 2.05 and 2.1 appear to have the best balance between unit sales and profit margin.
2. Avoid setting prices too low or too high compared to competitors as it may lead to cannibalization or the loss of market share.
3. Regular competitive pricing analysis is crucial in developing effective pricing strategies.
4. The introduction of promotions or bundle deals during slower sales periods might help boost sales without sacrificing profit margin.","- A flexible pricing strategy that adapts to competitor moves can help maximize profits in a competitive market
   - Small price adjustments have the potential to significantly impact sales quantities but care must be taken not to overprice or underprice
   - Regular analysis of pricing strategies is essential for optimization and future decision-making"
49,2.25,2.05,16.824189429781768,37.4429221646897,21.03023678722721,39.31506827292418,"- Monitor competitors’ pricing trends to remain competitive and exploit potential opportunities in periods of increased competitor pricing.
   - Implement a dynamic pricing strategy that adjusts based on competitor actions while maintaining a focus on profit maximization.
   - Analyze historical sales data to identify any significant differences in sales trends during certain time frames, as this could provide insights for pricing adjustments or strategic promotions.",Monitor competitor pricing closely and adjust our own prices accordingly. Implement tactics such as temporary discounts or promotions to entice buyers and increase sales quantity. Continuously experiment with different pricing strategies to identify the most effective one.,"- The competitor's price increases have led to less competitive scenarios in which the current product can potentially benefit from an increase in its own price.
   - Implementing a dynamic pricing strategy that considers competitors’ actions may help maximize profitability by taking advantage of their pricing fluctuations.
   - Analyzing historical sales data can uncover patterns in customer demand sensitive to specific periods or competitor moves, guiding further adjustments to the current pricing strategy.","The competitive environment plays a crucial role in determining sales quantity. Low prices tend to result in higher quantities sold; however, it is important to maintain an acceptable profit margin and balance between low prices and sufficient revenue generation."
50,2.5,2.05,6.925829563664981,41.8988272587821,10.388744345497471,43.993768621721195,"- Adopt a dynamic pricing strategy that considers the competitor's actions.
   - Continuously monitor sales volume, revenue, and average selling price to make data-driven adjustments.
   - Implement short-term promotions when necessary to drive sales or recapture market share.
   - Develop predictive analytics models to forecast the impact of pricing changes on key performance indicators.","* Analyze pricing trends over time to identify patterns and best-performing price points
* Test various pricing strategies such as dynamic pricing and competitive pricing
* Monitor competitors' prices and adjust accordingly","- Competitors with lower average prices tend to have higher unit sales and potentially larger market share.
   - Pricing decisions must consider not just our own costs but also the effect they may have on our sales volume, revenue, and overall market position.
   - Adopting a proactive, data-driven approach is critical to maintaining competitiveness in the face of dynamic pricing strategies.","* Lowering the price can increase sales, but it might also decrease overall profit if the price is too low
* Dynamic pricing may help maximize profits by setting prices based on market demand and competition
* Being aware of competitors' prices and making adjustments accordingly can lead to improved profits and a more resilient business model"
51,2.15,2.15,26.16349863059802,26.16349863059802,30.08802342518772,30.08802342518772,"Implement adjustable pricing to better respond to market conditions, monitor and analyze competitor strategies, and explore promotional offers to capture demand.","- Analyze competitor pricing strategies and identify trends
   - Implement dynamic pricing based on competitor actions and customer demand
   - Conduct A/B testing to compare price points and their impact on sales volume and profitability","There is a notable discrepancy in consumer perception between our product and the competition's offerings, which may necessitate unique marketing strategies to appeal to our target audience while maintaining profitability. In addition, being aware of current market trends and adaptable pricing can help optimize revenue streams.","- Lower prices may encourage higher unit sales but might not guarantee highest profits due to reduced margins
   - Higher prices can increase the perceived value of the product, leading to more loyal customers who are willing to pay a premium
   - Competitor analysis is crucial in making informed pricing decisions"
52,2.0,2.15,39.23397028791302,21.532059424173973,39.23397028791302,24.761868337800067,Implement a price adjustment strategy that considers competitor's price changes and market demand. Aim for competitive pricing while preserving our profits.,"- Monitor competitor's prices and adjust own prices accordingly
   - Implement dynamic pricing to respond quickly to market changes
   - Conduct regular market research to stay informed about trends and consumer preferences","Our lower prices seem to attract more customers, but we need to be careful not to reduce our profitability too much. Regularly monitoring the competition and adjusting our prices accordingly is crucial.","- Lower prices can stimulate sales growth, but choosing the optimal price involves balancing profit and demand
   - It is crucial to monitor competitor pricing strategies and adjust own accordingly
   - Regular market research will help stay informed about trends and consumer preferences"
53,2.0,2.0,33.333333333333336,33.333333333333336,33.333333333333336,33.333333333333336,"In order to maximize sales, we should take into account the competitor's pricing strategies but also adjust our own pricing based on historical data. We can use periods of increased sales as opportunities to raise prices slightly and maintain profitability while still being competitive.","- Monitor competitor's pricing strategy closely to adjust prices accordingly.
   - Implement a more flexible pricing model, adjusting prices based on competitor moves and market demand.
   - Consider offering promotions or discounts to attract customers during periods of high competition.","By regularly analyzing price changes, we can identify trends in customer behavior and make data-driven decisions on pricing strategy. For example, by lowering prices during periods of increased competition or when sales are decreasing, we can retain customers and potentially attract new ones.","- Lower prices generally result in increased sales quantity.
   - Competitors with higher prices tend to sell less despite having a larger customer base.
   - A flexible pricing strategy can help maximize profit by capitalizing on market opportunities and minimizing losses."
54,2.0,1.99,32.88596608796188,34.228067824076234,32.88596608796188,33.88578714583547,"Adjust pricing dynamically, taking into account current market conditions and competitor's price. Test a variety of prices within the range of $1.95 - $2.05 to find an optimal price that maximizes sales while staying competitive. Monitor closely to adjust strategy accordingly based on customer behavior and market dynamics.","* Maintain competitive pricing, but be mindful of situations where lowering the price could drive increased sales
* Monitor the competitor's pricing strategy and respond accordingly by matching or beating their prices when necessary
* Conduct regular market research to stay informed about consumer preferences and adjust prices based on these insights","Customers seem sensitive to price increases, particularly when the competitor's price remains low ($2.00 or less). It may be beneficial to capitalize on this observation by maintaining a competitive pricing strategy within this range. Additionally, it appears that higher prices (above $2.05) do not consistently lead to increased sales, suggesting a need to consider other factors in the pricing decision. Continuous monitoring and adjustment of strategy will be crucial for success.","* Lower prices tend to drive higher sales volumes in this market
* Maintaining a price above $2 may not be advantageous due to the competitor's pricing strategy
* Flexibility in pricing is important to adapt to consumer preferences and the competitive landscape"
55,2.0,2.15,39.23397028791302,21.532059424173973,39.23397028791302,24.761868337800067,"Maintain a competitive pricing strategy while remaining flexible to adjust during changes in consumer demand or market competition. Consider occasional price drops to attract large volumes of sales similar to rounds 4, 5, and 16 where prices were set at 2.0.",No plan found.,"The product's pricing strategy has an impact on volume of sales but may influence profit margin. It is crucial to monitor potential threats or opportunities posed by fluctuations in market competition or consumer preferences, and adjust pricing accordingly. Maintaining a balance between attracting higher quantities of sales at lower prices while still retaining a reasonable profit margin will help secure the product's competitiveness.",No insight found.
56,2.0,2.1,37.448694641850196,25.102610716299612,37.448694641850196,27.612871787929574,Consider adjusting the price dynamically based on competitor prices and market demand trends. Keep track of the effectiveness of this pricing strategy over multiple rounds.,"To remain competitive, it is crucial to be mindful of not only our current pricing strategy but also the actions of our competitors. Continuously monitoring market trends and customer demand is essential to maintaining a strong position.","Initial pricing at the same level as competitors seems to attract a good amount of customers, but lower pricing can lead to increased sales volume. It is essential to keep an eye on competitor strategies and price changes to optimize our own pricing dynamically.","Analyzing the effects of pricing strategies in this specific context reveals an important factor to consider- price elasticity. It seems that our product experiences some degree of price elasticity as changes in our price have resulted in varying volumes of sales, whereas with the competitor, larger shifts in price have corresponded to proportionately larger changes in sales. Understanding the price elasticity of your own product is key when making decisions about pricing strategy and adjustments."
57,2.0,2.0,33.333333333333336,33.333333333333336,33.333333333333336,33.333333333333336,"- Continue monitoring competitor's pricing strategy and adjust prices accordingly to maintain competitive edge.
   - Explore opportunities to offer promotions or discounts as needed to appeal to customers.
   - Collaborate with other departments (e.g., marketing, product management) to improve product value proposition and strengthen brand image.","* Monitor competitor pricing trends to adjust strategy as needed
   * Investigate additional marketing tactics to emphasize our product's uniqueness and value
   * Evaluate potential impact of offering discounts or promotions on profit margins","- Increase sales volume by maintaining competitive prices below the competitor.
   - Consistently low prices may be perceived as a sign of quality or superior value.
   - Analyze customer behavior during pricing fluctuations and adjust strategy accordingly.","* Competitor lowering their prices may be an attempt to gain market share
   * Higher pricing does not guarantee increased sales
   * Additional marketing efforts may be necessary to position our product effectively"
58,2.25,2.0,15.536240349696362,42.23187982515182,19.420300437120453,42.23187982515182,"Initiate market research to identify new pricing strategies that could maintain a reasonable profit margin but with increased sales units. Collaborate with marketing and R&D teams to develop targeted campaigns aimed at highlighting the value and quality of our products compared to the competition, helping us retain customers and gain market share.",Prioritize maintaining competitive pricing while monitoring customer willingness-to-pay and price sensitivity to optimize profitability and market share. Consider investigating promotional offers or discounts during periods of high competition to attract customers and increase sales volume.,Competitor price hikes have negatively impacted sales volume but maintained profit margins. There is a need to investigate alternative pricing strategies that may improve both sales units and profitability simultaneously. Market research and collaboration between various departments will be essential in devising a new approach.,"Customers tend to prefer lower prices, yet they are often willing to pay a premium for higher quality products (as evidenced by Rounds 3 and 4). Keep track of quality improvements and price adjustments for future use in pricing strategies. Analyze pricing data from multiple rounds to optimize overall profitability; this may include testing different sales strategies, such as limited-time offers or bundle deals, to appeal to a broader customer base and increase average order values."
59,2.1,2.0,25.102610716299612,37.448694641850196,27.612871787929574,37.448694641850196,"- Implement a more aggressive pricing strategy in response to competitor actions
   - Consider offering discounts or promotions to stimulate sales
   - Improve customer appeal through strategic positioning and marketing efforts
   - Monitor competitor pricing closely and adjust prices accordingly","To maximize profits, we should carefully monitor competitors' pricing strategies and adapt accordingly. Maintain our price around the competitor's price or slightly below it to maintain higher sales volumes and profitability. Regularly analyze the market for price fluctuations and adjust prices as needed.","- Customers are sensitive to price differences, particularly when competitors offer lower prices
   - Low profit margins may lead to financial instability in the long run
   - Price must be competitive without sacrificing quality or undermining brand image
   - Sales and profits are interconnected; finding a balance between them is essential for success","Competitors playing with different price points can significantly impact our sales volume and profit. Aggressive pricing strategies may not be beneficial if they result in lower sales and profits (e.g., rounds 3, 5, 7, 8). It is essential to understand the elasticity of demand for our product to optimize pricing decisions."
60,2.0,2.0,33.333333333333336,33.333333333333336,33.333333333333336,33.333333333333336,"* Keep monitoring competitor pricing and adjust as needed
* Maintain a competitive yet attractive price point
* Focus on customer satisfaction and quality to maintain a positive brand image","Adopt a competitive pricing strategy aimed at keeping the price either equal or slightly lower than that of the competitor while maintaining a profitable margin. Occasionally, consider dropping the price to drive increased sales in response to competitor actions (as seen in Rounds 11, 17).","* Competitors with higher prices do not always have higher sales volumes
* Price competition can lead to increased sales volumes, especially if prices remain consistently lower than competitors
* Customer satisfaction and reputation are key factors in long-term success","Lower prices seem to yield better results in terms of the quantities sold and overall profit earned compared to higher prices. However, when the price is dropped to match the minimum competitive price or below, a large quantity can still be sold (Rounds 11, 17). Higher prices (Rounds 5, 6, 8, 9) may initially seem profitable but yield very small quantities and relatively low overall profit."
61,2.15,2.0,21.532059424173973,39.23397028791302,24.761868337800067,39.23397028791302,"With the data suggesting that our product has a higher chance of success when the competitor's price exceeds $2.0, we should aim to exploit this opportunity by increasing the price slightly above the competitor's as long as possible while maximizing profits.","Focus on adjusting pricing strategy based on competitor actions while considering the volume of units sold per price point. Identify trends for potential price increases or decreases to maximize profit and maintain market share.

  Monitor customer feedback during this phase to ensure that price changes do not negatively impact buyer sentiments nor compromise perceived product quality. Communicate with customers effectively to minimize any adverse effects from pricing strategy changes.","The data supports the notion that maintaining a competitive price with minimal price fluctuations contributes positively to product sales. However, it is crucial to analyze the competition carefully before adjusting pricing strategies and be prepared to capitalize on opportunities when the competitor's price decreases.","Competitor dynamics significantly influence our pricing strategies in this market. Keeping track of competitor pricing and adaptability to market conditions is essential.

  Lower prices generally result in increased unit sales, while higher prices can maximize profit per unit but may lead to lower overall volume sold if competitor prices remain low. It's a delicate balance between profit maximization and attracting a sufficient number of customers to achieve our sales targets."
62,2.25,2.0,15.536240349696362,42.23187982515182,19.420300437120453,42.23187982515182,"To maintain or improve market share, I need to carefully monitor competitor pricing strategies and adapt mine accordingly. Consider exploring a price differential strategy to capitalize on perceived product differentiation and maintain profit margin.","Continue monitoring the competitor's pricing and adjust our own accordingly, focusing on maintaining or slightly undercutting their prices when possible. Monitor the market demand to ensure that we do not lower our prices too much.","The relationship between price and sales volume appears to have some non-linear characteristics - a significant drop in sales following my price increase from $2.00 to $2.50, but increasing sales as the competitor lowered their price significantly. This suggests that consumers are sensitive to both our product's price and the competitor's price, so striking a balance is crucial for success.","The competitor's higher price points in Round 3,6, and 8 caused a significant drop in sales, suggesting that their pricing may be deterring potential customers. Continuously monitoring both our own and the competitor's prices will be necessary to maintain market share and maximize profit."
63,2.0,2.5,46.83105308334812,6.337893833303762,46.83105308334812,9.506840749955643,"- Monitor competition pricing and adjust strategically to maintain advantage
   - Implement price-reduction campaigns during periods of higher competitor prices to attract more customers
   - Investigate market trends to identify opportunities for strategic price increases when demand is high or competition weak","Continue competitive pricing strategy focusing on maintaining our price around or below the competitor's average ($2.76). Keep a close eye on market trends and react accordingly to any significant changes in sales volume, buyer behavior, or competitor pricing strategies.","- Lower prices are generally attractive to consumers, helping increase sales volume and market share in the short term
   - Maintaining a competitive pricing strategy is essential to remain relevant in the market
   - Strategic pricing adjustments can help capitalize on competitor's price missteps or changes in market dynamics","The data suggests that maintaining a lower-pricing strategy compared to our competitor can help attract buyers, but it's essential to stay alert for market trends and competitor strategies. It appears that the market may be sensitive to higher pricing ($3.0), as seen in Rounds 6 - 8, with decreased sales volume during those rounds compared to lower-priced options."
64,2.0,2.0,33.333333333333336,33.333333333333336,33.333333333333336,33.333333333333336,"- Experiment with pricing our product competitively while maintaining a slight edge over the competition to gain market share and attract customers.
   - Analyze the performance of our product at different price points (especially $2.00 and higher prices) to determine if there are any ""sweet spots"" for profitability or volume sales.
   - Monitor sales, profits, and overall cost per unit while experimenting with pricing strategies (lower, raise slightly, or maintain) to optimize our market position and stay competitive.","Continue monitoring competitors' price changes, identifying trends and their impact on sales volume. Consider testing different price points while also analyzing the quality and features offered at each price point.","- Competitor pricing strategy varies between lower prices ($1.90 in Round 11) and significantly higher prices (up to $3.99) with substantial sales volumes maintained even at high price points. This indicates a strong brand presence or a unique value proposition.
   - There seems to be a possible correlation between price and sales volume, as prices over $2.5 tend to result in lower sales volumes. However, it's worth noting that our competitor maintains a substantial quantity sold at high price points (e.g., Rounds 5 and 4).
   - Our product performs well at the competitive starting price of $2.00, indicating potential for sales volume growth when priced competitively while maintaining quality or unique value proposition.","Pricing strategy appears to have a major influence on sales quantity. Lowering prices initially may attract more customers, but maintaining competitive offerings is crucial to sustaining growth over time. Offering consistent high-quality products in conjunction with strategic pricing changes can help businesses remain competitive within the market."
65,2.0,2.0,33.333333333333336,33.333333333333336,33.333333333333336,33.333333333333336,"- Develop tactics to capitalize on instances of high sales volume at competitive prices (e.g., round 5 and round 1).
   - Experiment with promotions or discounts at higher price points in an effort to increase sales while maintaining profit margins.","- Carefully analyze market trends before setting prices to maintain a competitive edge.
   - Monitor the competition's pricing strategies closely to gauge potential responses and opportunities.
   - Test different price points and sales strategies to evaluate their impact on market demand.","- Increasing the price above the competition might not always lead to a decrease in sales volume (e.g., round 5) but can impact overall profit (positively or negatively depending on the price point).
   - There appears to be a sweet spot for pricing where higher volumes are achieved without significant sacrifice of profit margin. This could potentially be exploited with a more aggressive pricing strategy.","- In general, lower prices lead to higher sales volume (round 1, round 2, round 6, round 7).
   - Higher prices may not always be profitable if market competition is stiff (round 3, round 9).
   - It's essential to find a balance between profits and market share in the pricing strategy."
66,2.0,2.15,39.23397028791302,21.532059424173973,39.23397028791302,24.761868337800067,"Analyze the factors leading to fluctuations in sales volume by comparing pricing changes, marketing efforts, and market trends, so we can better forecast our sales performance and market demand. Optimize distribution channels to quickly adapt to changing customer preferences and effectively reach target markets.","- Analyze potential markets that may have a preference for quality or specific features over cost, where our higher-priced option can maintain its value.
  - Monitor consumer behavior and feedback to identify which aspects of the product are worth investing in to enhance further, as differentiating factors could help justify a higher price point.
  - Test market response to temporarily lowering the product price to assess the elasticity of demand for our product in relation to its price.","- Price sensitivity among customers varies based on the product's perceived value. Adjust pricing accordingly to remain competitive without sacrificing profit margins.
- Marketing efforts should complement the chosen pricing strategy by communicating the product's unique selling points and emphasizing its value compared to competitors.
- Pay attention to market trends and adjust strategies to capitalize on emerging opportunities for growth.","- Aggressive pricing competition with the competitor may drive sales initially but could negatively impact profitability over time if our cost structure is not well-optimized.
  - Maintaining a strong brand image and unique selling proposition can help justify higher price points.
  - Identifying target market segments with varying levels of price sensitivity will enable effective, strategic pricing decisions based on consumer demands."
67,2.15,2.0,21.532059424173973,39.23397028791302,24.761868337800067,39.23397028791302,"- Monitor competitor pricing strategies and adjust our prices accordingly.
   - Develop a marketing strategy to promote our lower priced items effectively.
   - Offer discounts or Bundles to increase sales during slow periods.
   - Evaluate the cost-benefit of reducing production costs to accommodate lower prices.",Consider implementing a pricing strategy that takes advantage of our lower prices relative to the competition while still maintaining profitability. This could involve setting initial prices slightly lower than the competition but adjusting them based on sales trends.,"- Price elasticity is high, indicating that changes in price can significantly affect quantity demanded.
   - The market seems to favor lower priced products, with higher sales volumes observed.
   - Maintaining a competitive edge in pricing is essential for attracting customers and staying afloat in the market.","Our product has proven to be competitive despite occasional price increases, and the market responds well to prices that are lower compared to our competitors. It's essential to keep an eye on the competition's pricing strategy and adjust ours accordingly to optimize sales and profitability."
68,1.99,2.1,38.3902822551679,24.72473998798995,38.006379432616214,27.197213986788945,"Revisit pricing strategies more frequently, aiming to adjust prices upwards when the competitor undergoes significant price increases while maintaining our profit goal. Also, strive for a price that remains competitive with the competitor.","Maintain a competitive pricing strategy to drive sales growth while remaining profitable. Continuously monitor the competitor's pricing to adjust accordingly and take advantage of opportunities when they present themselves. Additionally, consider implementing periodic promotions or discounts to stimulate demand.","Consumers appear responsive to price changes, as can be seen in round 11 where a lower price (1.99) resulted in substantially higher sales volume compared with our usual pricing of 2.0. In addition, maintaining competitive prices can result in lower quantities sold but still yield increased overall profits when the competitor's prices are high.",Lower prices can attract a larger customer base when compared to higher competing prices. Aggressive price drops may not be sustainable in the long run due to profit margins but can help drive short-term growth. Continuously monitoring the competitor's pricing and adjusting strategy accordingly is key for success.
69,2.05,2.05,31.042377345300565,31.042377345300565,32.59449621256559,32.59449621256559,"In order to maintain our competitive standing, we should monitor the competitor's pricing strategy closely. If they continue to lower prices significantly, consider re-evaluating our pricing approach or potentially investigating potential cost optimization measures. Additionally, continue to emphasize the quality of our product and unique selling points in marketing materials to distinguish us from the competition.","- Analyze competitor pricing strategies in greater detail to identify trends and patterns, focusing on their correlation with sales volume.
   - Conduct additional research on how pricing affects consumer perceptions of value to inform future strategy.
   - Develop a new positioning concept that emphasizes our product's unique selling points while offering competitive pricing or alternative value propositions.","It appears that our competitor is willing and able to adjust their prices dynamically according to market conditions. This agility could allow them to capture more market share and may require us to be equally responsive with our pricing strategy going forward. It's also vital to keep monitoring the product quality, as lowering ours to match price points could damage our brand reputation in the long run.","- Competitive pricing in this market is complex and dynamic, with a range of different price strategies being employed by competitors.
   - Lower prices do not necessarily translate to higher sales volume, suggesting that other factors (e.g., perceived value, positioning) play significant roles in product success.
   - The product's unique selling points may be unclear or underemphasized to consumers, and could benefit from repositioning efforts."
70,2.0,2.0,33.333333333333336,33.333333333333336,33.333333333333336,33.333333333333336,No plan found.,Continue adjusting our pricing strategy based on competitor moves and monitor the effect it has on our sales. Test raising or lowering the price slightly to see how sensitive our customer base is to price adjustments. Consider developing targeted promotions or discounts to attract customers during periods of higher competition.,No insight found.,"Our pricing strategy seems to have an impact on sales, with lower prices resulting in increased sales volume. It appears that customers are sensitive to price changes and may be influenced by them when making purchasing decisions. Additionally, observing competitor moves can provide insights into adjusting our own pricing strategy to remain competitive."
71,2.0,1.95,31.042377345300558,37.915245309398884,31.042377345300558,36.019483043928936,"Adopt competitive pricing strategies when possible to maximize sales volumes and revenue. Monitor the competitor's price adjustments closely, as sudden changes may provide opportunities to capitalize on. Develop a more aggressive approach when the product quality sets us apart from the competition to justify a premium price without sacrificing volume.",Adjust pricing strategy to be competitively priced compared to the competitor to maximize sales volume. Flexible pricing may also be beneficial in certain rounds as seen with the success in price drops (Rounds 12 and 13).,"The pricing game is an essential element of a successful sales strategy. Carefully balancing price and product value is critical to maintaining market share, while staying competitive ensures growth in sales volumes and revenue. Continuously observing the competitor's pricing strategies and making adjustments based on market conditions will help maintain a competitive edge.","Higher prices have a detrimental impact on sales, while lower competitive pricing drives increased sales. It's crucial to monitor pricing adjustments made by the competitor and react accordingly as flexibility is key to staying competitive in the market. Keep a close eye on potential price gouging practices from competitors and respond appropriately."
72,2.15,2.0,21.532059424173973,39.23397028791302,24.761868337800067,39.23397028791302,No plan found.,"- Maintain competitive pricing that is lower than or similar to Company B to attract more customers.
   - Monitor price fluctuations of Company B and adapt pricing accordingly, aiming to maintain a slight advantage in the market.
   - Evaluate instances where Company A successfully increased its price significantly higher than Company B and determine if this strategy can be applied at specific times in future pricing rounds.",No insight found.,"- Lower prices attract more customers, particularly when competition is slightly less aggressive (rounds 1 through 5, for example).
   - Higher prices yield greater profits when there is limited competition (round 4 and round 7).
   - Monitor the pricing strategies of competitors carefully to adapt and remain competitive in the market."
73,2.1,2.0,25.102610716299612,37.448694641850196,27.612871787929574,37.448694641850196,"* Monitor competition prices closely to assess changes and respond accordingly.
  * Maintain a dynamic pricing strategy that is responsive to market conditions while ensuring profitability.
  * Study customer preferences to determine optimal pricing points that satisfy both our bottom line and their pocket.","Continue monitoring and analyzing competitor prices and adjust mine accordingly to maintain a competitive edge. Consider implementing strategies such as sales promotions, limited-time offers, or bundling products together to entice customers.","* The competition primarily uses an aggressive pricing strategy, but it might not always lead to the optimum sales volume or profit potential.
  * Understanding market trends and customer preferences can lead to opportunities to capture more of the available market share with competitive pricing.
  * A better-matched pricing approach tailored to specific rounds could potentially yield higher profits and increased sales volume.","Lowering my price led to an increase in sales volume, indicating that consumers are sensitive to pricing changes and may be more likely to purchase when prices are perceived as favorable or competitive. It's essential to strike a balance between maintaining profitability and appealing to cost-conscious consumers."
74,2.0,2.0,33.333333333333336,33.333333333333336,33.333333333333336,33.333333333333336,"To optimize our pricing strategy, we should aim for a balance between competitiveness and profitability. Analyze our competition's pricing and adjust our own accordingly to remain competitive while protecting our profit margins. Continuously monitor market trends to ensure that our pricing remains relevant and adaptable to consumer demand.","1. Maintain a price slightly below the competition to attract customer preference.
    2. Monitor the competitor's pricing strategy and adjust accordingly.","- Pricing plays a crucial role in determining product success but should be viewed within the context of a broader market and marketing strategy.
   - Understanding customer sensitivity to price changes is essential when adjusting our pricing strategy.
   - Monitoring and adapting to market trends can lead to improved sales performance and increased competitiveness.","1. Customer prefers prices near 2.0.
    2. Pricing above 2.5 results in a drop in quantity sold.
    3. Lower price points improve competitiveness."
75,2.0,3.0,49.54626425778431,0.9074714844313746,49.54626425778431,1.8149429688627492,"- Focus on a competitive yet profitable pricing strategy that takes market demand and competitor pricing into account.
   - Continuously monitor the performance of both the competition and our own products, as they may influence each other significantly.
   - Adjust pricing strategies based on trends observed in sales data (e.g., increasing sales with a lower price in some cases).","To optimize sales while maintaining profitability, we must focus on adjusting the pricing according to market dynamics and customer demand. We can conduct regular market research to monitor changes in competitor's prices and their strategies, as well as keep an eye on our own sales performance. Once gathered, this information can be further analyzed to identify trends that will help in setting effective pricing strategies.","- Lowering prices slightly can boost sales when it does not affect profit margins significantly (rounds 5, 10, 11, and 22)
   - A higher perceived value of our product may attract customers even at a lower price point when the competitor's product is more expensive (e.g., rounds 1, 4, and 7).
   - Pricing strategy needs to be flexible and adaptive based on market demand and competitor prices.","Our product has a higher demand at lower price points compared to competitors, but we also need to maintain profitability. To strike the right balance, we'll need to stay agile with our pricing strategy and closely monitor market trends. It is essential to understand that customers are sensitive to pricing changes, and this data can be used to influence sales and overall customer satisfaction."
76,1.9,2.0,42.723356033566034,28.638321983216983,38.451020430209425,28.638321983216983,"- Adjust price slightly lower than the competitor to capture more market share and gain an advantage on demand within this price elastic market. This approach can help build brand image focused on affordability, but maintaining product quality is essential to retain customer loyalty.","- Observe competitors' current pricing strategies more closely to identify patterns in sales and profitability
- Implement price adjustments based on observations, aiming for a competitive yet profitable price point","- Price elasticity exists in the provided market as demonstrated by changes in the number of units sold. Lowering the price allows Entity A to capture more market share and maintain a steady stream of sales, but it also means lower profits per unit in some instances.","- Lower prices appear to result in more sales compared to higher ones
- There doesn't seem to be a direct correlation between price and product quality or unique selling points in the market
- It is important to find an optimal balance between price, profit margins, and competitiveness in the market"
77,2.0,2.0,33.333333333333336,33.333333333333336,33.333333333333336,33.333333333333336,"- Observe competitor's pricing strategy and adjust own price accordingly.
   - Maintain a close watch on competitor's quantity sold at specific price points.
   - Monitor changes in customer demand as well as overall market conditions when making pricing decisions.","- Continue observing and understanding the competitor’s pricing strategy and market trends.
   - Maintain a competitive pricing structure while balancing profitability.
   - Regularly review sales data to adjust prices as needed to maximize revenue.
   - Consider offering promotions, discounts, or tiered pricing models during periods of increased competition.","- Pricing flexibility can lead to increased revenue opportunities by capitalizing on competitor weaknesses.
   - Prices around 2.0 tend to generate higher quantities sold but need further refinement for optimal results.
   - There may be potential in exploring strategic pricing tactics such as price skimming or penetration pricing, depending on specific market conditions.","- The competitor's pricing strategy appears cyclical, with fluctuations happening frequently and in response to the company’s actions.
   - Pricing is a crucial factor in maintaining market share and should be adjusted based on changing market conditions.
   - Balancing competitive pricing with profitability is essential for long-term business success.
   - A flexible pricing strategy, with regular updates based on market trends, can help maintain competitiveness without sacrificing profitability."
78,,2.0,,,,,Adjust pricing based on competitor's price and keep an eye on how it impacts sales volume and overall profitability. Consider offering promotions or discounts to attract customers at certain times.,"1. Continue observing the competitor's pricing strategy closely.
   2. Adjust our own pricing based on consumer response and competitor moves.
   3. Monitor trends in consumer sensitivity to price differences.","Pricing plays a crucial role in driving sales. Customers seem to be highly sensitive to price, making the difference between success and failure in attracting buyers. Price adjustments should take this into account to maximize sales while maintaining profitability. It's essential to monitor how alterations in pricing strategy impact both the quantity of units sold and overall financial results.","- Consumers are less sensitive to slight price differences but tend to gravitate towards lower prices when there's a substantial gap.
   - Consumers respond favorably to significantly lower prices than the competition (when feasible)."
79,2.0,2.0,33.333333333333336,33.333333333333336,33.333333333333336,33.333333333333336,"In order to compete effectively with the competitor, it's important to monitor their pricing strategy and adjust our own as necessary. In light of the data given, it appears beneficial to maintain a lower price point than the competitor in an attempt to attract more customers while ensuring profitability.","- Consider further researching competitor pricing strategies to better target specific markets or price segments.
   - Evaluate potential profit margin impacts of lowering price point to boost quantity sold as seen in Rounds 4-6.
   - Monitor the competitive landscape by keeping an eye on any changes or trends by competitors in terms of pricing and positioning.","Pricing needs to be flexible and responsive to market changes. It is crucial to monitor competitor pricing strategies closely and adjust our own accordingly. Additionally, offering a lower price point may aid in increasing sales volume, but it must be done without sacrificing profitability.","- Lowering price initially may lead to increased sales volume, but profits and overall revenue must still be analyzed for viability.
   - It is possible that certain price points can cater to specific market niches as demonstrated by the competitor in Rounds 9, 7, and potentially other rounds.
   - Competitors' pricing strategies may impact overall sales volumes, and it is important to stay aware of how their prices are positioned relative to ours."
80,2.0,2.05,35.476960646490454,29.04607870701908,35.476960646490454,30.49838264237003,Continue observing changes in market trends to determine an optimal pricing strategy that balances profits with sales volume. Consider monitoring competitor's strategies and adjust pricing accordingly.,Consider adjusting prices strategically in response to competitor actions. Investigate ways to improve production efficiency or reduce costs to maintain a competitive edge while increasing profits.,"The initial high price did not drive maximum profits but helped establish a larger customer base, which ultimately led to increased sales when the price was reduced. This demonstrates the importance of building customer relationships in addition to maximizing short-term profitability. It is important to study competitor pricing strategies closely and adjust pricing as needed to remain competitive in the market.","Competitor price changes have an impact on both our sales volume and overall profit potential. By monitoring their price movements, we can position our business to adapt and capitalize on market fluctuations."
81,2.5,2.0,6.337893833303762,46.83105308334812,9.506840749955643,46.83105308334812,"In upcoming pricing rounds, it would be beneficial to test pricing within the range of 1.99 - 2.5 as this seems to maximize profit potential without compromising too much on sales volume. If possible, gather data from marketing efforts like consumer surveys or social media analysis to ascertain what price point resonates best with our target audience and adjust pricing accordingly.","- Keep an eye on competitor's price fluctuations and be prepared to adjust our own pricing strategy accordingly.
   - Monitor the impact of different prices on sales volume and profitability to determine optimal pricing levels.
   - Consider implementing a combination of sales promotions, discounts, or loyalty programs to appeal to a wider audience while maximizing profits.","Our product appears to be most competitive when priced lower than the competition, but it's essential to consider all factors contributing to sales volume, such as quality perception and marketing efforts. A price that balances profitability with competitiveness should be selected based on market research and ongoing observation of pricing trends.","- Higher prices can potentially limit sales volumes but may result in higher profit per unit sold (depending on the competition).
   - Lower prices attract more customers and create opportunities for greater market penetration, while also posing a risk of lower profits due to increased competition and lower profit margins.
   - Balancing price competitiveness with profitability requires careful analysis of market trends, sales figures, and customer preferences."
82,2.0,2.0,33.333333333333336,33.333333333333336,33.333333333333336,33.333333333333336,Update pricing strategy to capitalize on the price differential advantage in lower-priced rounds while maintaining competitiveness in higher-priced rounds.,"In rounds where the competitor's price is significantly higher, consider adjusting our pricing to capitalize on this gap. It may also be beneficial to monitor the impact of price changes more closely and adapt strategies accordingly.","Price sensitivity exists among buyers; they are more likely to purchase when the product is priced lower than the competitor. However, there is also a market segment that prefers to pay a premium for perceived quality. Continued monitoring of consumer behavior and competitive pricing is essential.","The sales data indicates that a lower price does not necessarily correlate with fewer sales; in fact, it seems that more affordable pricing can lead to increased unit sales. However, higher pricing in specific cases appears to result in fewer sales. The competitor's pricing strategy may not always be optimal, offering opportunities for us to capitalize on the price gap."
83,30.0,2.0,1.1428468383593358e-47,50.0,3.314255831242074e-46,50.0,"Strategize pricing to balance cost effectiveness with competitive edge by considering both common and premium priced offerings. Experiment with dynamic pricing strategies that adjust prices based on demand, inventory, and competitor actions. Develop a system to identify potential market gaps and fill them with products priced accordingly.","1. Continue monitoring competitor pricing trends and adjust ours accordingly based on sales performance and market feedback.
    2. Consider introducing promotional offers or packages to attract new customers while sustaining an attractive pricing structure.
    3. Expand marketing efforts to better appeal to our target audience and effectively communicate the value of our product.
    4. Regularly review operational costs to reduce expenses and maintain profitability at lower prices when necessary.","Price sensitivity analysis reveals that customers are willing to pay more for certain items but seek bargains in others. The competition's pricing strategy seems to be centered on attracting price-conscious consumers, but offering a mix of high and low priced products could maximize profitability. It is important to monitor competitors' actions continuously and adapt pricing accordingly.","1. The sensitivity of the market allows for competitive pricing, and it is essential to regularly adjust accordingly.
    2. Consumers are responsive to pricing changes when a lower-cost option becomes available compared to competitors' offerings.
    3. Maintaining an attractive pricing strategy is crucial in attracting new customers while retaining existing ones.
    4. Monitoring and understanding the competition will help our product's positioning and long-term success.
    5. Balancing profitability, operational costs, and competitive pricing are essential aspects of effective pricing strategy development."
84,2.0,1.98,32.43291909092587,35.13416181814827,32.43291909092587,34.431478581785306,No plan found.,"- Maintain a low and competitive pricing strategy with frequent periodic adjustments to remain attractive to customers.
  - Monitor changes in competitor pricing and adjust our pricing accordingly to stay ahead of market trends.
  - Ensure that the production costs are considered when setting prices so as not to compromise profit margins.",No insight found.,"- Market demand appears to be more sensitive to lower priced items, as indicated by the higher sales volume at these price points.
  - Our product has experienced increased sales over subsequent rounds when our pricing is in line with or lower than competitor prices.
  - Competitors' prices seem less responsive to market conditions and may offer opportunities for us to further differentiate ourselves from the competition through pricing."
85,2.0,2.0,33.333333333333336,33.333333333333336,33.333333333333336,33.333333333333336,"In order to better compete and maximize sales, it is crucial to:
- Monitor pricing strategies of competitors to ensure our pricing remains competitive
- Be sensitive to changes in market conditions and consumer preferences when considering price adjustments
- Utilize a mix of strategic pricing tactics such as discounts, promotions, or tiered pricing to boost sales volume and attract consumers
- Consider implementing regular price adjustments based on the performance of individual rounds and our ability to adapt to changing market demands",Maintain a competitive price point around or slightly below the market average (1.99 - 2.5) to cater to a wider customer base while still generating reasonable profits. Monitor competitor pricing changes closely and adjust accordingly to maintain competitiveness.,"- Price sensitive product categories exist and adjusting prices accordingly can lead to increased sales (e.g., Round 3, 7, 9)
- Competitive pricing strategy significantly improves sales volume (e.g., Rounds 1-4, 8-21)
- Lowering price does not necessarily mean decreased profits as sales volume may compensate for the lower prices (Rounds 4, 5, and 8-11)
- Price drops followed by price increases can maintain or even boost unit sales (e.g., Rounds 13 and 16)","A lower price strategy leads to increased market share but decreased profit per unit. However, when balanced with moderate increases in price (2.0 - 2.5) that still remain competitive, sales can be maintained or even slightly improved while increasing overall profit. It is important to keep an eye on competitor pricing and adjust accordingly. Continuously monitoring the market and making data-driven adjustments will ensure profitability and success over time."
86,2.0,2.01,33.77477596942188,32.45044806115624,33.77477596942188,32.774952541767796,"* Develop a more adaptive pricing strategy based on real-time market trends and competitor behavior.
   * Utilize data analysis tools for efficient monitoring of competitor pricing and product offerings.","Adjust pricing strategy based on competitor actions, aiming for a balance between demand and profitability. Keep track of competitor's price changes and adjust prices accordingly to remain competitive while maintaining desired profits.","* Maintaining lower prices than competitors may bring in sales but also risk lower profit margins.
   * Flexibility in pricing strategy is essential for staying competitive in the market.","The demand for the product is sensitive to changes in the competitor's pricing strategy. It is essential to closely monitor competition and make decisive, informed adjustments to pricing when necessary. Understanding customer preferences regarding price points is crucial for long-term success in this market."
87,2.0,2.05,35.476960646490454,29.04607870701908,35.476960646490454,30.49838264237003,"Given the observations, future pricing attempts should focus on maintaining the price around $2 while keeping an ear out for competitor pricing adjustments. It is crucial to monitor sales data closely and be agile in our response to changes in market conditions.","- Maintain a competitive pricing strategy by frequently assessing market prices and adjusting accordingly
   - Monitor the profitability of different pricing levels to determine at which point a higher price becomes more profitable despite fewer sales","By analyzing past pricing efforts, we see that a 'sweet spot' exists around $2 in terms of price and quantity sold. It appears that the price should remain competitive while staying close to this optimum point to maximize sales. Further exploration into consumer behavior and competitive market conditions may provide additional insights for future strategic decisions.","- Lower prices generally lead to increased sales but may not be economically viable due to lower margins
   - When the competitor has much higher prices, maintaining our competitive pricing can result in greater sales and market share"
88,2.05,2.0,29.04607870701908,35.476960646490454,30.49838264237003,35.476960646490454,Adjust the selling price according to competitor strategies and aim to price slightly lower when the opportunity arises (to maximize profit by selling more while maintaining competitiveness),"- Continue monitoring competitor pricing and adjust our own pricing strategy accordingly
   - Focus on improving product quality to maintain competitive edge even with lower prices
   - Develop promotional offers to increase sales volume at strategic price points
   - Conduct market research to determine optimal pricing based on consumer perception of value","The ideal pricing strategy appears to be pricing slightly below the opponent while still ensuring a decent quantity sold, as it results in generating the highest profit. However, it is also essential to be adaptable and adjust the price based on the competitor's current strategies.","- Lower prices lead to increased sales volumes
   - The competitor's high price has minimal impact on our sales
   - Consumers are sensitive to price and may be more likely to purchase at lower price points"
89,1.9,2.0,42.723356033566034,28.638321983216983,38.451020430209425,28.638321983216983,"- Monitor competitor price movements closely.
   - Adjust our prices strategically based on competitor changes.
   - Consider offering promotions or discounts to remain competitive at our current price point.","- Continue observing the performance of our product across different price points.
   - Investigate the impact of lower prices (around 1.8-2.0 range) and their potential to attract a larger market share without compromising profitability.
   - Examine the performance of higher priced competitors in rounds 3 and 4, as there could be an opportunity for us to take advantage of any perceived value gaps.","- Our customers lean towards lower pricing, as demonstrated by the success of the $2.00 price point.
   - Lowering prices even further may help increase sales volume and market share, but care must be taken not to lose profit margins.
   - Monitor competitor strategies and adapt pricing accordingly to maintain competitiveness.","- Lower pricing has a positive impact on sales volume. However, profitability needs to be carefully considered as well.
   - The mid-price range (between 2.0 and 3.0) seems less effective in attracting customers compared to lower prices, but still generates revenue.
   - Maintaining awareness of competitor's pricing strategies is crucial for optimal market positioning."
90,2.0,2.0,33.333333333333336,33.333333333333336,33.333333333333336,33.333333333333336,"Adopt a competitive pricing strategy to maximize market share without compromising profitability. Regularly monitor competitor prices and adjust ours accordingly. Offer discounts or promotions when necessary to drive sales, but ensure it still remains profitable.","Plan strategies should include monitoring competitor pricing and being flexible with our own prices accordingly, while mindful of maintaining a minimum profit margin that still allows for market presence. Consider offering promotions or discounts when needed to boost quantity sold, but maintain the balance between quantity and revenue.","Aggressive pricing in the short-term can lead to increased demand and market share gains, ultimately leading to higher profits even though per-unit profit margin may be lower. Regularly evaluate the impact of pricing on overall profitability to make informed decisions about future pricing adjustments.","Lowering prices is an effective strategy in increasing product sales quantities, but it must be executed thoughtfully to ensure that the company maintains a profit margin that supports market presence. Monitoring competitor pricing as well as consumer demand can help inform strategic decisions regarding price adjustments."
91,3.25,2.0,0.33576616265026143,49.83211691867486,0.7554738659630882,49.83211691867486,"- Maintain competitive prices while being mindful of the need to drive sales and maximize total revenue, taking into account the competitor's pricing strategy.
   - Monitor sales quantities closely and adjust prices as needed based on market responses.","* Maintain a competitive pricing strategy, keeping an eye on our competitor's price movements.
   * Monitor the impact of changes in price and product demand closely.
   * Consider offering promotions or discounts during specific periods to boost sales.
   * Regularly review and adjust the pricing strategy as needed, based on market trends and consumer preferences.","- A lower price does not always guarantee higher sales; however, it tends to result in a greater number of units being sold compared to the competitor.
   - Higher pricing strategies can lead to significant profits but might not necessarily translate into high total revenue due to lower quantities of products being sold.
   - Customers appear to be responsive to price discrepancies between ourselves and our competitor, indicating a need to keep an eye on both prices and quantities while making strategic pricing decisions.","* Lower prices seem more attractive to consumers, resulting in higher quantities sold (e.g., Rounds 5 & 1).
   * Higher priced items may struggle to find buyers unless they offer a unique value proposition or meet a specific need (e.g., Round 3 pricing of 3.75).
   * Aggressive pricing can be an effective method to attract customers and gain market share, but it must be balanced with the product's perceived value and overall profitability."
92,2.0,2.0,33.333333333333336,33.333333333333336,33.333333333333336,33.333333333333336,Continue tracking competitor pricing and adjust our strategy accordingly. Monitor how volume of sales changes based on pricing adjustments. Consider offering discounts or promotions to maintain competitive edge in low-price rounds.,Revise pricing strategy to maintain a competitive advantage by keeping prices below the competition. Monitor sales and adjust pricing accordingly to maximize profit while retaining customers.,"Consumers are willing to purchase product at a lower price compared to the competitor even when the competitor's price is slightly lower. Lowering the price strategically might help increase sales volume, but it must be done carefully as there are instances where similar pricing does not affect sales (e.g., Rounds 9 and 10).","- Increasing our price above that of our competitor results in decreased sales
- A lower price strategy can help retain market share
- Consistently monitoring sales and competition is crucial for effective pricing decisions"
93,2.0,2.0,33.333333333333336,33.333333333333336,33.333333333333336,33.333333333333336,"In the next round, we should consider gradually raising our price to improve profit margins while still staying competitive. A price increase within a certain range could generate higher profits without affecting our competitiveness significantly.","The plans going forward involve a dynamic pricing strategy that takes advantage of periods where the competitor either lowers their price significantly (to undercut them) or raises their price beyond what the market seems willing to pay. This way, our company can maintain profitability while adapting to the competitor's moves and staying competitive in the market.","Insights suggest that price sensitively plays an essential role in attracting customers and generating sales, but maintaining low prices will negatively affect profit margins over time. Price differences between ourselves and the competitors should be leveraged to gain market share while balancing profitability.","It has been observed that customers are sensitive to price changes, and a higher-than-expected price can lead to lost sales. Customers often switch between brands based on price differences; this information highlights the importance of monitoring our competitor's strategies and adjusting our pricing accordingly. Additionally, it appears that there may be certain segments of the market that are more tolerant of higher prices, which could provide opportunities for targeted promotions or value-added features."
94,2.0,2.0,33.333333333333336,33.333333333333336,33.333333333333336,33.333333333333336,"To maximize sales, we should aim to maintain a competitive yet affordable price for our product. This may involve adjusting our pricing strategy based on the competitor's offers and market trends, while mindful of maintaining acceptable profit margins. A price monitoring system would help in staying informed about changes in the competitor’s prices.",Evaluate the impact of setting a competitive price based on the competitor's current pricing strategy while keeping an eye on profit margins and market share. Investigate potential benefits of price discrimination to cater to different customer segments.,"The data indicates that a lower priced product tends to generate more sales. Additionally, it appears that when our product is competitively priced, we maintain a strong market presence and better sales figures compared to the competition. It is essential to track fluctuations in the competitor’s pricing strategy as it can impact sales of our own product.","Lowering prices can lead to increased sales and profits, but a higher price might still attract customers when the competitor's price is significantly higher (provided the product offers sufficient value). Price sensitivity among customers varies across rounds, suggesting that different approaches could be beneficial at different times."
95,3.0,2.1,1.0846412315131464,39.69595407819774,2.169282463026293,43.66554948601751,Aim for a slightly higher price than the competitors to capitalize on increased sales volume. Carefully monitor sales and adjust prices accordingly within this margin.,"To stay competitive, I suggest monitoring our competitor's pricing strategy closely and be prepared to adjust ours accordingly. One potential course of action would be to lower our price slightly in rounds where our competitor has increased their prices or when it appears that they may be capturing significant market share. Additionally, we should consider offering incentives or introducing limited-time promotions to help attract customers.","Lowering the price significantly below the competitor (but not consistently) may lead to greater sales, while setting prices higher can negatively impact sales volume. Keep an eye on competitive pricing and be prepared to adjust based on market conditions.","In this simulation, it became apparent that competition can significantly impact pricing decisions and must be closely monitored. Offering competitive prices alone is not enough to guarantee sales success; understanding the market, target audience, and the performance of competitors is crucial in making informed pricing decisions. Moreover, our competitor's response time to our price changes may hint at their pricing strategy priorities, which could provide us with valuable insights for future planning."
96,2.0,2.05,35.476960646490454,29.04607870701908,35.476960646490454,30.49838264237003,"To remain competitive while maximizing sales, I will aim for a balanced approach to pricing, adapting my price points based on competitor strategies while continuously monitoring their moves to stay agile in the market.","To maintain market position during periods of aggressive pricing by the competitor, we should consider adjusting our prices downwards temporarily. However, this approach should be based on a thorough analysis of potential impact on unit sales and profits to avoid undercutting our own margins excessively.","It has been observed that a flexible pricing strategy can yield success as we saw throughout these rounds where adjusting prices accordingly allowed me to compete effectively. It is also noteworthy that setting higher prices during periods of competition with significantly higher priced competitors may not be profitable due to low sales volumes. Lastly, maintaining moderate price points has proven successful in certain situations when matching or surpassing competitor performance in quantities sold.","The competitor's pricing strategy indicates an adaptive approach to market conditions, reflecting strong product demand across different price points in the given range. It underlines the need for us to monitor competitor actions closely and adjust our own strategy accordingly to maintain competitiveness."
97,1.85,2.35,59.377242479382254,8.035835928756228,50.47065610747492,10.848378503820909,"To maximize profits, it may be beneficial to test a dynamic pricing strategy that adjusts based on competitor's prices. This will allow for an optimal balance between price and quantities sold. A careful observation should be maintained to ensure that the adjusted pricing is still competitive enough to attract enough customers while maximizing profit at the same time.","- Continue adjusting pricing strategy based on competitor's pricing and sales results. Strive to find a balance between maximizing quantity sold and generating the highest possible profit.
   - Monitor changes in competitor pricing trends to anticipate future moves and react accordingly.
   - Investigate any potential causes for low demand when our product is priced significantly differently than the competition's.","It has been observed that a higher selling price does not necessarily correlate with increased sales (e.g., Round 7, 9). Adjusting prices strategically can impact both profit and sales simultaneously in either positive or negative ways depending on various contextual factors. Careful analysis of market dynamics and competition is essential when determining the best pricing strategy to pursue. In conclusion, price should not solely be driven by maximizing profits but rather by creating a balance between profits and maintaining enough customers to sustain the business.","- Our lower-priced strategy has been successful in increasing demand, but it reduces profitability. When setting a lower price, we must ensure that production costs are low enough to still generate reasonable profits.
   - When our product is priced significantly higher than the competition's, even when we have higher quality or better brand reputation, it can create a barrier for customers that may limit sales and overall profitability.
   - There seems to be an optimal pricing range where our product becomes more attractive than the competitor's while still generating healthy profits.
   - It may be beneficial to conduct focus groups or surveys to gather insights from potential customers regarding their perceptions of ourproduct and the competition, as well as their willingness to pay different price points."
98,2.0,2.0,33.333333333333336,33.333333333333336,33.333333333333336,33.333333333333336,"Revise pricing strategy to focus on price point competitiveness while ensuring profitability and maximizing market share. Conduct regular price monitoring to stay competitive, as the current market shows sensitivity to price changes.","To maintain market share and maximize profits, it is essential to monitor competitors' pricing strategies closely. Consider offering occasional promotions or discounts to attract customers when the competitor raises its prices. Additionally, explore opportunities to differentiate our product or service offering to increase perceived value in the eyes of consumers.","Our product exhibits demand elasticity in relation to price. By lowering prices significantly, we can increase the number of units sold while maintaining profitability by optimizing costs and considering volume discounts or bulk sales deals. It is important to monitor our competitor's pricing as well and adapt accordingly to maintain a competitive edge and attract more customers to our product. Our current market analysis indicates that this pricing strategy could lead to market growth.","- Price wars with competitors can impact market share and profitability.
   - Price increases may lead to reduced sales volumes.
   - Flexibility in pricing can help maintain market share and attract customers.
   - Differentiating the product or service offering can increase its perceived value and competitiveness in the market."
99,2.0,2.0,33.333333333333336,33.333333333333336,33.333333333333336,33.333333333333336,"To remain competitive, we should monitor the competitor's price changes and respond accordingly. We should continue appealing to our loyal customer base by maintaining a reasonably low price while ensuring that our product maintains its quality and unique qualities.",Continue adjusting pricing strategies based on the competitor's actions and market trends. Keep track of our sales performance under various pricing scenarios to identify trends in customer behavior.,"The competitor is trying various pricing strategies to maximize profits, from lower prices to target new customers to higher prices to increase revenue. Our product seems to have consistent demand with around 33 units sold per round. This suggests a loyal customer base or unique qualities that set our product apart.","We may need to reconsider our pricing strategy when the competitor lowers their price significantly, as it often leads to increased sales for them. However, we should not always follow their lead; maintaining a differentiated value proposition can be crucial in the long run."
100,,2.0,,,,,"- Adjust pricing strategy to stay competitive and maximize sales volume while maintaining profitability.
   - Regularly monitor competitor prices, sales volumes, and strategies to respond effectively.
   - Consider implementing a promotional offer or tiered pricing system to attract new customers while retaining existing ones.",Maintain slightly lower prices compared to competitors to attract more customers and capture market share. Keep an eye on competitor price fluctuations and adjust pricing accordingly.,"- Lowering the price generally leads to higher sales volume, but maintaining a certain level of profitability is essential.
   - Competitor prices impact sales volume, with lower prices typically driving more sales. However, it's important to consider market perception and brand reputation when deciding on pricing levels.
   - Sales volume appears to be sensitive to both our business and the competitor's pricing strategies, warranting continuous monitoring and adjustments as necessary.",Price wars with competitors may not always be advantageous; strategic pricing can result in increased sales and market growth. Regular monitoring of competitors' prices is crucial to make informed decisions about pricing strategy.
101,2.0,2.0,33.333333333333336,33.333333333333336,33.333333333333336,33.333333333333336,"- Continue with a dynamic pricing strategy to adapt to changes in market conditions and competitors' actions.
   - Focus on maintaining or slightly lowering prices compared to the competing entity, while ensuring profits remain stable or increase.
   - Monitor and analyze data from previous pricing rounds to identify trends and adapt strategies accordingly.","```
   Focus on competitive pricing strategies, especially when attempting to break into new markets or during periods of intense competition. Utilize dynamic pricing tactics to take advantage of premium markets but be cautious not to alienate the price-conscious consumers.
   ```","- The competitor with a less consistent pricing strategy consistently outperforms the higher-priced competitor in terms of profit and quantity sold.
   - Maintaining or adjusting prices slightly below those of competitors can help drive more sales without significant losses or diminishing returns.
   - A dynamic pricing strategy, backed by regular analysis of market conditions and competitor actions, appears to be effective in achieving higher profits over a prolonged period.","```
   The product appears to be more competitively priced for the majority of rounds, resulting in significant quantity sold. However, there are opportunities for premium pricing at specific intervals without a drastic decrease in demand, indicating that pursuing niche markets may generate additional revenue.
   ```"
102,2.0,2.3,43.4556976905065,13.088604618987013,43.4556976905065,17.015186004683116,"To beat the competitor, focus on finding the right balance between lowering prices to increase quantity while still maintaining profitability over long-term sales. Continue analyzing competitor’s pricing strategy and adjust your own accordingly. Analyze how lower prices affect unit sales, overall profit, and market reputation.",Consider pricing adjustments to remain competitive while maximizing profits by finding a suitable balance between price and volume of sales. Continuously monitor competitor's pricing strategies to adapt effectively.,"Prices that are higher than the competition may lead to fewer sales but still produce decent profit in certain instances (e.g., round 3). Lowering the price significantly (e.g., from round 10 to 5) can boost unit sales and total profits. Consider implementing a pricing strategy with periodic adjustments based on market data and competitor behavior for optimal results.","Lowering the price can lead to increased sales, but careful consideration should be given to ensuring profitability in this scenario. Identify price points that maximize profit margins while attracting a sufficient volume of customers. Monitor market conditions and competitors' strategies to ensure pricing remains competitive."
103,2.1,2.0,25.102610716299612,37.448694641850196,27.612871787929574,37.448694641850196,"- Review pricing strategy frequently and remain flexible, willing to adjust prices as needed to maintain or increase profit margins and market share.
   - Continuously monitor competitor's pricing strategies and sales volume to adapt accordingly.
   - Leverage price-sensitive marketing techniques like sales promotions, bundles, and discounts strategically to boost sales when necessary.","Analyze sales data in more detail across various price points to identify optimal price range for both competitive advantage and maximum profits. Also, consider introducing discounts or promotions during periods of high competition to boost sales without sacrificing profit margin significantly.","- Adjusting prices lower than competitors can lead to increased sales volume and profitability, as seen in several rounds of data.
   - Remaining competitive in pricing is crucial for maintaining market share, but profitability should also be a primary focus.
   - Monitor the market for pricing trends, as changes in competitor's strategies may indicate shifts in consumer behavior or external factors affecting the market.","Competitor's pricing strategy appears to be opportunistic and exploratory, testing various price points in an effort to find the optimal market position. It is important to stay agile and monitor competitor actions closely while maintaining focus on maximizing profits for our own company."
104,2.05,2.0,29.04607870701908,35.476960646490454,30.49838264237003,35.476960646490454,"We should adjust our pricing strategy to be more competitive in the lower price range, between $1.99 to $2.05, taking advantage of the higher demand in this segment due to lower prices offered by competitors. In parallel, we can focus on improving product quality and marketing efforts, so that our brand becomes synonymous with value and excellent service.","Focus on product differentiation strategies such as enhanced features, unique packaging, and exceptional customer service. Explore partnerships with complementary businesses to increase brand visibility and drive sales.","The importance of competitive pricing is essential for success, yet it must be balanced with overall profitability. Identifying key competitive factors beyond pricing, such as product differentiation and marketing efforts will help us gain a lasting advantage in the market.","The price-sensitive market requires a delicate balance in setting our pricing strategy. Adjusting the price according to competitor dynamics can lead to increased sales volume, but it is crucial to maintain a focus on profit per item sold through differentiation and value proposition."
105,,2.0,,,,,"Adjust our pricing strategy to remain competitive while maintaining a focus on maximizing profit margins. To do this, we should keep an eye on the competitor's price movements and be prepared to lower our prices when the competitor raises theirs or when sales volume drops.",Update pricing strategy to focus on matching or setting prices lower than the current competitor's average (around 2.15).,"Our competitor appears sensitive to pricing changes, which provides opportunities for us to exploit price elasticity of demand in our favor. By closely monitoring market trends and competitor actions, we can make informed decisions about our own pricing strategy. It is essential to prioritize profit margins while maintaining a commitment to providing high-quality products.",Observing increased demand at lower price points with less impact on profit margins for our lower-priced offerings compared to higher ones. It is essential to balance price reductions with maintaining profitability and market competitiveness.
106,2.15,2.0,21.532059424173973,39.23397028791302,24.761868337800067,39.23397028791302,"- Maintain a higher starting price to create the image of a premium product.
   - Monitor competitor pricing closely and adjust our price when necessary to maintain a competitive advantage.
   - Foster customer loyalty and trust through excellent product quality and service.
   - Regularly analyze market demand and re-evaluate pricing based on observed patterns.",It is essential to monitor competitor price trends closely and be prepared to adjust pricing strategy in response to their moves. Maintain a competitive edge by evaluating our unique selling points regularly and communicating these effectively to customers.,"- The competitor tends to respond rapidly to changes in market conditions, using pricing as a tool for customer acquisition.
   - Our higher starting price does not necessarily guarantee higher sales volumes since customers may be price-sensitive.
   - There is an opportunity to increase average selling volume by improving customer service and product quality.
   - Identifying the optimal price point requires careful consideration of both market conditions and the long-term impact on customer perceived value.
   - Maintaining a competitive advantage requires continuous monitoring and adaptation to changes in the market.","By offering competitive pricing and emphasizing unique features, we can expect substantial demand from customers seeking value for their money. It is crucial to adapt to changing market dynamics while also emphasizing product differentiation to maximize our sales potential. A flexible yet strategic approach will help us remain profitable in this dynamic pricing environment over time."
107,2.75,2.05,2.6645219968701745,43.81712305234821,4.6629134945228055,46.00797920496561,"- Continue monitoring sales metrics and market trends.
   - Consider a more aggressive marketing campaign to emphasize our product's quality and unique selling points.
   - Regularly reevaluate pricing strategy based on competitor actions and market shifts.","- Maintain lower or competitive pricing to boost sales and market share.
  - Monitor competitor's moves closely and adjust prices accordingly.
  - Test higher prices when the product is in high demand but tread carefully to avoid losing customers.","- The initial price point of 2.5 dollars was not competitive and led to low sales.
   - Increasing the price to 2.75 resulted in more sales compared to our lower-priced competitor, indicating a perceived value for our product's higher quality.
   - A new competitor entering the market at a significantly lower price (3.0 dollars) will likely impact our sales unless we take action to remain competitive.","- Lower prices increase overall sales, but lower profits per unit.
  - Higher prices can yield higher profit margins, but only if demand remains strong.
  - Competitor pricing strategy influences the market landscape, so continuous monitoring is essential."
108,2.15,2.0,21.532059424173973,39.23397028791302,24.761868337800067,39.23397028791302,"In order to maintain profitability and market share, it will be crucial to keep a close eye on my competitor's pricing strategy and adjust prices accordingly. Consider offering promotions or discounts when necessary to remain competitive. Maintaining good customer relations and a solid brand reputation can also help mitigate the impact of price fluctuations.","In light of the pricing dynamics observed, we should carefully consider adjusting our prices to remain competitive while preserving profitability. Additionally, we need to analyze consumer behavior and preferences more closely to better target our pricing strategy.","- The relationship between product quality, perceived value, and pricing appears to be a key factor in this market.
   - A more aggressive pricing strategy may work in certain situations but could lead to lower overall profits or negative impacts on the brand image and customer relationships.
   - It is essential to find the right balance when adjusting prices, taking into account both the short-term impact on sales and the long-term effects on the company's reputation and bottom line.","- Our higher prices may deter some customers who are price-sensitive but can potentially attract those who prioritize quality (e.g., rounds 13 and 14).
- Competitor's lower prices during specific periods may lead to a decrease in our market share, necessitating a flexible pricing strategy to respond appropriately."
109,20.0,2.0,2.6900930800105692e-30,50.0,5.111176852020082e-29,50.0,"To counteract the competitor's pricing fluctuations effectively, we should consider a more stable pricing strategy that emphasizes our product quality while remaining competitive. To cater to potential discount-seeking customers, consider offering occasional promotions strategically rather than matching every price drop by our competitor. This will enable us to maintain our profit margins and overall market position.","- Continue to closely monitor competitor's pricing strategy and sales numbers.
   - Adjust our own prices strategically, aiming at a competitive pricing but ensuring profitability.
   - Focus on maintaining quality and customer satisfaction to maintain a strong brand reputation.","- Our competitor is utilizing a flexible pricing strategy, adjusting prices based on market dynamics and promotional periods.
- Significant price drops by our competitor could indicate an attempt to target specific customer segments or increase sales volume.","- Lowering the price can lead to an increase in sales (round by round analysis).
   - It is crucial to monitor the competitor's pricing strategy closely, as they seem aggressive in their approach.
   - Focus on maintaining a strong brand image as it plays a significant role in customer loyalty and retention in the long run."
110,2.0,2.05,35.476960646490454,29.04607870701908,35.476960646490454,30.49838264237003,No plan found.,Continue observing competitor moves and determine optimal pricing strategy for maintaining a profitable position while staying competitive. Keep in mind that fluctuating the price slightly may make our offer appear more attractive.,No insight found.,"Lower prices tend to result in increased sales, but this must be balanced with the need to maintain profitability. Competitive market dynamics suggest there is some flexibility in pricing as both parties are using a range of prices throughout the data provided. Further research is needed to determine at which price point our competitor is less competitive and we can take advantage of that weakness."
111,2.15,2.05,23.180646674121864,34.58146121575098,26.65774367524014,36.31053427653852,"- Monitor our competitor's price fluctuations more closely for any consistent trends or patterns that could indicate a pricing strategy.
   - Maintain a competitive edge by being mindful of our production costs and adjusting prices as needed to ensure profitability.
   - Consider exploring new market segments that prioritize quality over quantity, where we may have a competitive advantage due to the higher-end products we offer.","Keep monitoring competitor's price changes and adjust our strategy accordingly. If necessary, raise or lower the price to maintain competitiveness while maximizing profits. Regularly analyze sales data to identify patterns and trends that may indicate the need for a change in pricing strategy.","- Our competitor has been experimenting with various pricing strategies, but their results seem inconsistent, indicating potential opportunity for us to differentiate ourselves in the market through our pricing.
   - There appears to be a segment of the market that values quality over quantity, which we should explore further to potentially find untapped demand and increase share of market.
   - It may also be valuable to assess whether there are adjustments we can make to improve our cost structure in order to remain competitive while still maintaining healthy profit margins.","The competitor's sudden drop in prices suggests they are having difficulty maintaining market share. This might be due to overproduction, operational costs, or other internal factors. Leveraging this information can help us tailor our strategy and possibly gain a bigger market share."
112,2.07,36.0,43.04537760607712,4.914501115875918e-58,46.05855403850251,1.7200753905565714e-56,"To remain competitive and maintain profitability, I will consider adopting a more flexible pricing strategy in response to the competitor's moves. This could involve lowering my prices when it makes economic sense (e.g., lower price points increase quantity sold) or choosing specific instances when raising my prices can maximize profit potential (e.g., higher demand periods). It will be essential to closely monitor market trends, customer preferences, and the competitor's pricing strategy in order to make informed decisions.","- Monitor competitor pricing and adjust ours accordingly, but avoid undercutting the competition significantly.
   - Implement a more aggressive price differentiation strategy when we have a pricing advantage (e.g., Round 20) to maximize profitability.
   - Investigate potential market segmentation based on price sensitivity to expand our reach among various consumer groups.","The data suggests that customers are willing to pay a premium price for our product, but a more flexible pricing strategy may increase our overall sales volume. By understanding when and why competitors lower their prices, I can strategize accordingly to capitalize on missed opportunities or gain an advantage in certain pricing ranges. It is also important to remember that profit is not only determined by the sale price but also by the quantity sold, so focusing simply on maintaining a high price point without considering market dynamics could result in reduced overall profitability.","- Aggressive undercutting may not be sustainable in the long run (Rounds 36-37, where competitor matches low prices).
   - Certain pricing strategies can lead to increased market share and greater profits (e.g., Round 20 with a $2.05 price point).
   - Consumer price sensitivity varies between rounds; adjusting prices accordingly can yield substantial results (e.g., Round 15 with a $1.90 competitor price)."
113,2.07,2.07,30.09211365404399,30.09211365404399,32.19856160982707,32.19856160982707,"- Monitor pricing strategies of competitors more closely to adjust our own prices accordingly
   - Expand market research to identify new target segments that might find our product more attractive at slightly lower prices
   - Develop promotional offers or bundle deals to attract more customers and boost sales volume","Update pricing strategy to stay competitive while ensuring profitable sales, monitor competitor's moves and respond accordingly, consider implementing dynamic pricing if possible.","- Lowering the price could increase our competitiveness, but it may also impact profit margins if sales volume doesn't increase proportionately
   - The market appears to have a preference for prices in the range of $2.00-$2.15; finding a sweet spot within this range could help maximize both unit sales and overall profit
   - It would be useful to track competitor pricing patterns over time, looking for trends or cycles that we can capitalize on","The price elasticity of demand can be significant in this scenario, with substantial shifts in both quantity sold and profit earned based on changes in pricing; it is essential to anticipate such elasticity when making pricing decisions, and maintain a balance between attracting customers and realizing profitability. Additionally, observe competitor's behavior closely as it could impact our own sales."
114,1.95,2.05,40.17595785333554,26.9307499177738,38.16715996066876,28.277287413662485,"Based on the observations, we will try to adjust our pricing strategy by maintaining our initial price of 1.95 while closely monitoring the competitor's response. If necessary, we can lower our price slightly in subsequent rounds to maintain a competitive edge or increase it if there is an opportunity for differentiation.","1. Maintain close attention to competitor's pricing strategy to adapt accordingly.
  2. Regularly review profit margins at different price points to optimize overall profits.
  3. Consider conducting market research on consumer perception and sensitivity to pricing changes.
  4. Monitor sales volume and adjust prices incrementally, rather than making drastic increases or decreases.","Initial observations suggest that customers are responsive to slight pricing differences with the competitor. It appears that maintaining a lower price point could help us capture more market share, but we must also carefully balance costs and perceived value in adjusting our pricing strategy. Future rounds will provide additional insights into our competitive position and potential opportunities for differentiation.","- Pricing appears to be a critical factor in influencing sales volume and profit.
  - Competitor's pricing strategy has a significant impact on the market dynamics, with their price adjustments often initiating follow-up changes from competitors.
  - There exists some evidence of consumer willingness to pay higher prices if the perceived value justifies the cost; this could justify testing slightly higher prices in certain cases.
  - Future research should focus on understanding more about the factors influencing consumer perception of our product and potential price sensitivity, in order to refine the pricing strategy for even better results."
115,2.05,2.1,32.89329222889069,26.93074991777377,34.53795684033521,29.62382490955115,"To compete effectively, we need to focus on pricing strategies that maximize profits while maintaining or increasing our market share compared to the competitor. This could involve setting our price just below theirs or offering promotions that help draw customers away from them. However, it is crucial to monitor changes in price and quantity trends regularly to optimize our strategy.","Consider analyzing the competitor's pricing strategy in more detail, looking for patterns or trends that may influence their decisions. This could help us plan our own pricing more effectively. We should also consider offering additional value to our customers through services or bundle deals.","Our competitor seems more focused on securing a larger market share than maximizing profits, given their higher prices compared to sales quantities. This approach may be unsustainable in the long run due to lower overall profit margins. By contrast, our data shows that setting competitive prices and maintaining high-volume sales yields consistently favorable returns.","Our competitor responds dynamically to changes in our prices, raising and lowering theirs accordingly. This indicates a focus on market share and could lead to potential price wars if left unchecked. It's essential to emphasize product quality and customer satisfaction to differentiate ourselves from the competition."
116,2.05,1.95,26.9307499177738,40.17595785333554,28.277287413662485,38.16715996066876,Maintain a pricing strategy that balances profitability with market appeal. Regularly monitor competitor prices and adjust ours accordingly to ensure optimal sales volume.,Adopt a flexible pricing strategy that accounts for market dynamics and competition while also considering changes in production costs and demand elasticity. Regularly monitor price-adjustments by the competitor to respond accordingly.,"Price competition with the competitor causes fluctuations in sales volume, but when we adjust our prices to match theirs, overall revenue tends to increase due to higher sales volumes. Maintaining a balance between profitability and perceived value will be crucial going forward.","The pricing strategy between the product and the competitor seems to be sensitive to changes in price, with lower prices leading to higher quantities sold. It is important to be aware of this and adjust pricing strategies appropriately to optimize revenue. Additionally, a flexible pricing approach allows for agile responses to market shifts while minimizing potential losses due to outpriced competitors or missed sales opportunities."
117,2.05,2.07,31.801365065776007,29.356359929626738,33.3914333190648,31.411305124700604,"- Maintain a competitive pricing strategy with occasional slight increases designed to entice customers and maximize profits
   - Monitor competitor's prices closely and adjust as needed to maintain an advantage in pricing
   - Consider offering occasional promotions or discounts to capture more market share when appropriate
   - Study the impact of price changes on customer behavior, sales volume, and profitability to inform future pricing decisions",Adjust our pricing strategy to remain competitive by matching or slightly undercutting their prices during periods of low competition while maintaining higher prices when we have an advantage. Continuously monitor the market and adjust our approach as needed.,"- Customers demonstrate a willingness to pay more for our product if the competitor's price is significantly higher
   - By adjusting our prices slightly above the competition, we can generate additional revenue and maintain a unique market position
   - A consistent monitoring of competitor's pricing strategies is crucial in staying competitive and maximizing our profitability
   - Occasional promotions or discounts may help capture more market share and generate increased sales volume","Our competitor's pricing seems to be more aggressive, which could indicate an attempt to win market share. We should prioritize maintaining profitability over capturing market share at any cost."
118,2.15,2.05,23.180646674121864,34.58146121575098,26.65774367524014,36.31053427653852,"In light of the competitor's dynamic pricing strategy, we need to adapt ours accordingly. To remain competitive, we should monitor their moves closely and be prepared to adjust our own prices based on market conditions. It might also be beneficial to consider implementing a more aggressive response to their price drops and a slower increase after our price increases.","Moving forward, it would be strategic to closely monitor our competitor's pricing movements and adjust our own price accordingly. We should focus on maintaining a competitive yet profitable pricing strategy in order to maximize sales while also considering the potential impact on our profits.","By observing the interaction between pricing and quantity sold, it appears that increasing the price may lead to reduced sales in some cases but still result in higher profits due to the significant markup in prices compared to sales volumes. This suggests that our competitor is sensitive to changes in their own pricing and that strategic decisions based on these observations could potentially yield favorable results.","Observing our competitor's strategies can provide valuable insights into market dynamics, customer preferences, and overall demand for the product. Adjusting prices based on these insights could help optimize our revenue streams and stay ahead of the competition in terms of value proposition. Maintaining a competitive yet profitable pricing approach is key when aiming to grow market share."
119,2.07,2.07,30.09211365404399,30.09211365404399,32.19856160982707,32.19856160982707,"We should continue to monitor competitor prices and adjust our own accordingly. Lower prices may help increase sales volume temporarily, but strategic pricing will ensure long-term profitability. Increasing marketing efforts could also help retain a steady customer base.","Given the observed patterns, continue with slightly fluctuating pricing strategy, keeping an eye on competitor's moves. Introduce occasional promotional pricing to attract more customers while maintaining a stable customer base.","Sales data indicates that lower prices tend to attract more customers, but this doesn't always result in higher overall profits due to reduced per-unit margins. Higher prices yield less sales volume but provide greater profitability per unit. Balancing these two factors will be essential in maintaining a competitive edge.","- Lower pricing strategies can attract and retain more customers if executed smartly (competitor also benefits from this)
- Increasing the price does not always lead to a proportional drop in quantity sold (customers are loyal or see additional value despite higher prices)
- Staying responsive to competitor's pricing strategy is crucial but must be balanced with maintaining a profitable pricing structure and customer retention"
120,1.95,2.05,40.17595785333554,26.9307499177738,38.16715996066876,28.277287413662485,"- Analyze the impact of incremental price increases based on competitors' response
   - Study customer segment behavior and willingness-to-pay across different price points
   - Develop a data-driven dynamic pricing strategy to optimize revenue and market position","To better compete against the competitor, consider adjusting pricing strategy based on their actions. Lower the price slightly in rounds when they increase it and observe the result. Keep in mind that a constant battle of undercutting may not be optimal either, as competition could lower profitability for both parties or push prices too low and devalue the product.","- Lower prices may attract more customers but result in lower margins
   - Higher prices can secure higher profit margins if the product is perceived as premium
   - The strategic balance between capturing a larger market share and maximizing revenues needs to be considered when setting pricing levels","Competitor tends to use sporadic price drops to compete more aggressively for specific rounds (e.g., Rounds 28). Keep an eye on these rounds as it may indicate potential discounts or promotions and help tailor our pricing strategy. Also, note that the competitor sells fewer quantities compared to us despite their higher prices, which could indicate a customer base with higher price sensitivity."
121,2.1,1.95,23.180646674121853,42.23789211012718,25.49871134153404,40.12599750462082,"Let's develop two pricing strategies based on the current situation:

  1. A Lower-Price Strategy: Maintain lower prices compared to the primary competition (Competitor A) with a goal of capturing more market share and expanding customer base, while still ensuring profitability with higher volume sales.
  2. A Dynamic Pricing Strategy: Adjust prices adaptively in response to competitor A's price changes while keeping a close eye on maintaining some level of price premium over them at all times, with the goal of maximizing revenues and profitability.","Optimizing overall sales volume through lower pricing strategies, while occasionally adjusting prices upwards during peak demand periods as necessary.","- Competitor A seems to be pursuing a lower-price strategy in this market, resulting in higher quantities sold.
- Competitor B appears to adjust their pricing more dynamically compared to competitor A, but their higher prices lead to fewer sales than the primary competition.
- To increase profitability for competitor B, they need to find a balance between retaining price premium and adjusting their prices strategically in response to competitor A’s moves.","Fluctuating prices between 1.95 and 2.15 seem to generate positive results, with peaks around the 2.10 range due to increased customer demand during these times. A lower starting price near 1.95 drives higher sales volume."
122,2.05,2.02,29.860554705543223,33.66768141691367,31.35358244082038,34.34103504525195,"Continue monitoring price sensitivity, keep observing the impact of changing the price incrementally around the 2.05 ""sweet spot"". Explore more aggressive pricing strategies if the market stabilizes or shows signs of elasticity.","Given the variability in competitor pricing, we should consider adjusting our price downward to align with the lower end of the range (1.95 - 2.02) to see if it increases the overall sales quantity while maintaining healthy profit margins.","Pricing strategy has a substantial impact on sales volume, with sensitivity being especially high when increasing the price. The 2.05 price point appears to be stable, and further analysis is needed to understand if decreasing or increasing it could optimize profits. Future research should focus on market elasticity and potential long-term trends in customer responses.","Our current price does not seem to provide a consistent advantage over our competitors, as they can match or undercut us in certain rounds, leading to increased sales quantities. To maintain competitive edge and potentially increase sales, lowering our price may be beneficial. It's essential to monitor this change closely to ensure that profitability remains stable or improves."
123,2.0,2.06,35.885667188343554,28.22866562331288,35.885667188343554,29.922385560711657,"* Focus on improving product quality consistently to remain competitive and provide an incentive for customers to pay a premium.
* Implement strategies to reduce delivery times without adding additional costs.
* Monitor customer service closely and train staff to improve user experience, as positive reviews could help offset lower prices.
* Offer promotions or discounts to build customer loyalty and encourage repeat business.
* Maintain an active social media presence to engage with customers and gather valuable feedback about product preferences and pain points.","Adjust pricing strategy to remain competitive and more adaptive in the market. Experiment with strategic discounts, bundling, or other promotions that can be quickly adapted to counteract our competitor's price changes while maintaining brand value.","* The market is sensitive to pricing changes, making it essential to maintain a competitive price while maximizing profits.
* Finding a balance between price and offering superior customer service, delivery, and product quality will help differentiate my brand from competitors.
* Actively listening to customer feedback can help understand their needs better and drive more informed pricing decisions.
* Monitoring competitor pricing changes and adjusting strategy accordingly is essential for success in this market.",Our current pricing strategy may require fine-tuning to maintain a competitive edge in the market and keep pace with our competitor's changing prices without compromising quality or service standards. Regularly monitoring the competitor's pricing changes will be essential.
124,2.05,2.05,31.042377345300565,31.042377345300565,32.59449621256559,32.59449621256559,"* Monitor the competitor's pricing strategy and make adjustments accordingly
   * Consider implementing a more aggressive pricing strategy in certain pricing rounds to gain market share
   * Investigate potential customer segments that may be underserved or unaware of our product","- Continue monitoring competitors' pricing strategies to avoid under- or over-pricing
  - Consider the impact of production costs when adjusting prices upwards
  - Conduct customer surveys to gauge their perceptions of value and willingness to pay","* A balance between competitiveness and profitability must be maintained
   * The market appears sensitive to price changes, suggesting the need for precise pricing strategies
   * Continuous monitoring of the competitor's pricing is essential for staying competitive","- Customers are generally price-sensitive, with a slight increase in price leading to increased profit earnings
  - Competitor pricing influences the market, necessitating adaptability and quick decision-making
  - Adjusting prices upwards can potentially yield higher profits provided the change remains subtle enough to maintain customer attraction"
125,2.07,2.05,29.356359929626738,31.801365065776007,31.411305124700604,33.3914333190648,"In the upcoming rounds, I intend to closely monitor the competitor's price adjustments and determine whether their new strategy yields positive results. If their sales remain consistent or improve, I may need to adjust my pricing to stay competitive. However, if their sales decrease as a result of these lower prices, it could be an opportunity for me to maintain higher profit margins by keeping a slightly higher price point.
   Additionally, I will analyze the relationship between pricing and customer demand in this specific market segment to determine whether there are price points that consistently yield optimal results.","To remain competitive, it would be beneficial to adjust my pricing strategy more regularly and possibly consider a slightly lower starting price. I should also monitor the impact of price changes on my sales closely and strive for a balance between profitability and attracting customers.","This game demonstrates the importance of flexibility and adaptability when it comes to pricing strategies. By closely monitoring competitor actions and market trends, one can more effectively adjust their own pricing strategy to maintain market share and maximize profits. Additionally, it highlights the need for careful analysis of customer demand and price sensitivities when making pricing decisions.","By observing the competitor's behavior, it is clear that they are sensitive to changes in pricing and seem to use lower prices as a strategy to increase sales at times. However, their pricing strategy does not always lead to higher quantities sold and sometimes results in a lower overall profit compared to my own approach. Adhering to a consistent but adaptable pricing strategy may be key to maintaining competitiveness."
126,2.03,2.05,32.780294816358484,30.260025984353618,33.76370366084923,31.77302728357129,"Add a note about considering prices just below the common competitor range (2.05) in order to potentially attract customers looking for a slightly cheaper option, as there seems to be a preference for more affordable prices based on the sales data provided.","- Maintain a flexible pricing strategy that is responsive to the competitor's price changes
- Regularly monitor the impact of pricing adjustments on profit margins to maximize profitability
- In instances where the seller has an edge in terms of competitive advantage, utilize this to maintain or raise prices without significantly impacting sales volume","Mention the observation that pricing around 2.05 is common among competitors, but raising prices too high (3.1 in this case) appears to hinder sales and reduce the quantity of goods sold. Emphasize that identifying competitive price levels and understanding customer preferences appears crucial for successful pricing strategies.","- The relationship between price and sales volume is not always linear in this scenario; there are instances where lower prices lead to higher profit margins due to increased sales volumes
- Keeping an eye on the competitor's pricing strategy is crucial for developing an effective and profitable pricing strategy"
127,2.05,2.05,31.042377345300565,31.042377345300565,32.59449621256559,32.59449621256559,"- Monitor pricing trends closely and adjust our pricing strategy if necessary based on the competitor's actions.
   - Maintain a slightly higher price point to position ourselves as a premium provider.
   - Continuously evaluate our costs and margins to ensure we can remain competitive while also maintaining our profitability.","To remain competitive and attract more customers while maintaining profitability, we should watch for competitor's price changes closely. It would be beneficial to offer promotions or discounts when our competition increases their prices. Maintaining a competitive edge without sacrificing profit is crucial.","- The competitor appears to be more responsive to pricing changes, often adjusting their prices quickly.
   - Customers seem willing to pay a premium for high-quality products in this industry.
   - There may be room to explore other sales channels or methods to reach untapped customer segments.","Insights indicate that customers are less likely to purchase the product at a significantly higher price compared to the competitor, even if they perceive it as better quality. However, when the competitor raises their own prices, our product may regain some lost market share, indicating a potential price sensitivity among customers."
128,2.05,2.04,30.6540326095345,31.905047412448294,32.18673424001122,33.18124930894623,"Consider carefully adjusting our pricing strategy to remain competitive and capture market share, but do not sacrifice our profitability. Monitor cost structures regularly to ensure we can still turn a profit at lower prices if needed.","To gain more market share, I will aim to be competitive yet profitable by adjusting my prices slightly lower than my competitor's while ensuring quality remains uncompromised. I will also focus on providing excellent customer service and promoting our brand through various marketing channels to build consumer trust and loyalty.","The current price war has resulted in varying sales volumes based on pricing strategy. Setting competitive yet strategic prices, while keeping a close eye on costs, could help capitalize on increased demand from the competitively priced items. Continuously monitor and adapt pricing accordingly to maintain profitability and market position.","Insight #1: Consumers are sensitive to price fluctuations, so maintaining consistent pricing throughout the year can help stabilize sales volume and establish trust with customers.

  Insight #2: Being competitively priced relative to similar products in the market increases the likelihood of gaining more market share, but it's crucial to ensure that any price cuts do not compromise profit margins or product quality."
129,2.05,2.05,31.042377345300565,31.042377345300565,32.59449621256559,32.59449621256559,"- Consider expanding marketing efforts for the next pricing round, as improved sales have been observed despite occasional pricing differences with the competition.
   - Monitor market trends and stay reactive to any price changes by my competitors to optimize my own pricing strategy.
   - Explore opportunities to improve product quality or introduce new features to differentiate from the competition and maintain market advantage.","It may be necessary to continue monitoring the competitor's pricing strategy and adjust our own accordingly. This may involve a series of small price decreases to remain competitive while still maintaining a healthy profit margin. To stay informed, we should set up alerts for any significant changes in our competitors' pricing or market conditions.","- Demand can be sensitive to price changes, as observed in Round 36 where both mine and my competitor's prices dropped to 2.05 resulting in an increase in sales.
   - Despite having a higher pricing strategy than the competition at times, I was still able to sell more products due to superior product quality or marketing efforts.
   - It appears that the market demands frequent adaptations to competitor pricing and marketing strategies, as demonstrated throughout rounds 1 to 71.","The data suggests that customer demand exists at the lower end of the suggested price range. Furthermore, it appears that slight price decreases can lead to increased sales, indicating potential elasticity in demand. These insights may inform our future pricing decisions and help us remain competitive while maximizing profits."
130,2.05,2.01,29.455830375566624,34.56673715981821,30.92862189434495,34.912404531416385,"In future pricing rounds, we should carefully monitor competitor prices to maintain our slight price advantage. We could also explore introducing minor, strategic discounts to attract additional customers when necessary. Additionally, consider developing partnerships with complementary businesses in order to cross-promote and reach a broader market audience.","In the next round, we should monitor competitors' pricing trends and consider lowering our price if it is found that budget-focused customers are attracted towards our competitor with a lower price. If premium consumers continue to choose premium priced competitors, then maintaining or raising our price could be beneficial due to higher profit margins.","Observed that a competitive pricing strategy, coupled with partnership development and promotions, could help us stay competitive in the market while differentiating ourselves from direct competitors. Furthermore, it has become evident that remaining sensitive to competitor pricing is crucial for short-term adaptability in the marketplace.","Competitors are employing a mix of pricing strategies to address different market segments. By tracking which strategy works best, we can better position our product in the market and potentially increase competitiveness. Furthermore, understanding market segment demands could help inform product enhancements or additions to cater to unmet needs in specific consumer groups."
131,2.03,2.01,31.14504199436249,33.73902121468639,32.079393254193356,34.076411426833246,Maintain a competitive edge by monitoring competitor's pricing and making timely adjustments to optimize sales volumes. Continue tracking the impact of various price points on sales.,Explore dynamic pricing to adjust price points accordingly when competitor lower prices below mine. Monitor competitor's pricing trends closely and consider responding with price cuts of my own.,"Sales volumes are more sensitive to changes in prices than expected, especially compared to previous rounds. The ability to quickly adapt pricing strategy in response to market dynamics may help maintain a strong position. Consider developing tools or processes to automate this process in the future to gain an even greater advantage over competitors in terms of speed and efficiency.","Competitor adjusts their pricing dynamically to undercut me in some instances, indicating a need for more aggressive pricing strategy. Maintaining static pricing may not be advantageous in this market due to the competitor's dynamic approach."
132,2.05,2.1,32.89329222889069,26.93074991777377,34.53795684033521,29.62382490955115,"- Monitor competitor price fluctuations and adjust pricing strategy as necessary.
   - Consider offering promotions or bundle deals to maintain competitive advantage.
   - Explore alternative marketing strategies to attract new customers and increase brand recognition.","To remain competitive and maintain profitability, consider adjusting the selling price slightly higher than the competition while maintaining product quality. This will help maintain our customer base and increase profit margins.","- Maintaining a higher selling price may be justified due to market demand.
   - Competitor's pricing strategy is flexible, indicating an intent on capturing more market share.
   - Promotions or bundle deals can help maintain competitive advantage while appealing to consumers.","The target audience seems to be responsive to higher pricing when presented with quality products; however, it is essential to carefully evaluate the pricing position compared to competitors. Adjust pricing strategy as needed to remain competitive while maintaining profitability."
133,2.0,2.07,36.28731764967001,27.425364700659998,36.28731764967001,29.345140229706193,"- Observe market trends and competitor strategies more closely to determine optimal pricing.
- Consider tweaking prices slightly lower than the current competitor offering as a potential strategy to attract more customers.
- Monitor customer feedback and market reactions to adjust pricing accordingly.","- Maintain a competitive price range while keeping an eye on the competition's actions and adjusting accordingly
   - Investigate offering larger quantity packages with slight discounts to attract bulk buyers
   - Monitor the profit margin closely and prioritize offering prices that maximize revenue","- Competitors often change their pricing strategy in response to market conditions.
- Maintaining a flexible pricing strategy can help stay competitive in the market.
- Researching and understanding underlying patterns or trends in the data is crucial to make informed pricing decisions.","- Lower price points (1.95, 2.01, 2.05, 2.07, 2.08, 2.09) tend to result in larger sales volume but lower profit margins per item
   - Higher price points (3.1) may attract fewer sales but provide higher profit margins per item sold
   - There is a sweet spot between 2.0 and 2.1 where both volume and profit margin appear favorable"
134,2.07,2.07,30.09211365404399,30.09211365404399,32.19856160982707,32.19856160982707,"```
1. Implement pricing strategies that strike a balance between sales volume and profitability, focusing on the 2.05 - 2.1 price range.
2. Monitor competitor's pricing moves closely to adjust our own prices in response.
3. Expand our product offerings or services to create more value for customers, helping to maintain and justify higher price points.
4. Focus on quality and marketing initiatives to differentiate ourselves from the competition.
```","We need to monitor and analyze the effects of our competitive pricing strategy on profitability. It may be worth considering adjusting our price slightly higher to improve profits if demand remains strong, while still remaining competitive with our competitor. It is also important to assess whether we can effectively increase our production or sourcing costs to offset any potential rise in price and maintain competitiveness.","```
1. Lowering prices can result in increased sales volume but lower profit per round, making it crucial to consider overall profitability when setting pricing strategies.
2. Aggressive undercutting by competitors can force prices down and potentially harm profitability, so it's essential to find ways to differentiate ourselves from the competition.
3. Focus on value creation (through products or services) as a means of justifying higher price points that offer better profit margins over lower but higher-volume sales.
4. Monitor pricing trends and make strategic adjustments accordingly, considering both the short-term impact on sales volume and the long-term effects on overall profitability.
```","The volume of sales suggests that a lower price strategy has positive effects on consumer attraction. However, it's crucial to carefully balance the volume with profitability, as increased sales volume doesn't necessarily equate to greater profits when prices are too low. Also, keep an eye on production and sourcing costs, as they could increase if we opt to raise our price slightly."
135,2.15,2.1,24.730917976320395,30.206411428110634,28.44055567276845,33.2270525709217,Continue monitoring competitor pricing strategies closely. Adjust prices dynamically to outperform competitors while maintaining profit margins sustainably. Consider offering promotions or bundling with other products during periods of high price competition or stalled sales.,"- Monitor competitor's pricing strategy and adjust accordingly when needed to maintain profitability and market share.
   - Implement targeted promotions and discounts to boost sales during periods of reduced demand or increased competition.
   - Develop partnerships with complementary businesses to improve product offerings and increase overall value for the customer.",Competitors are sensitive to each other's price changes and often make countermeasures such as increasing or decreasing their own product prices. It is essential to maintain a competitive edge by analyzing the market trends while keeping in mind both short-term and long-term benefits.,"- Our competitor reacts quickly when we lower our prices, suggesting that they closely monitor pricing adjustments among market competitors.
   - Maintaining a moderate price point is likely to be important in ensuring long-term profitability while still being competitive in the market.
   - Developing partnerships may provide opportunities for growth and increased market share in the future."
136,2.05,2.1,32.89329222889069,26.93074991777377,34.53795684033521,29.62382490955115,"- Develop a contingency plan for adjusting prices in response to immediate competitor action or market trends
- Investigate potential cost savings through optimizing production processes
- Explore partnerships with complementary businesses to increase customer appeal and differentiate our product from the competition",Maintain a competitive pricing strategy with regular adjustments based on the market response. Experiment with increasing the price to see if it can still drive sales while maintaining profit margins. Consistently monitor competitor prices and adjust accordingly.,"- Competitor price sensitivity has a significant impact on our sales volume, indicating that customers are somewhat price-conscious
- A slight premium over our competitors can lead to increased profitability and may be acceptable to our target market, as demonstrated by our success when the competitor prices higher
- Adapting quickly to changing market conditions could offer a competitive advantage while minimizing potential losses due to pricing mistakes or misjudgments","Higher prices may lead to increased sales, but this needs further exploration as it could be a result of fewer adjustments at higher price points. It is essential to maintain a competitive edge, but monitoring the market response to pricing changes will be crucial in making informed decisions. Analyzing these trends over time can provide valuable insights into customer behavior and market dynamics."
137,2.07,2.1,31.15216032193,27.629487637409035,33.332811544465095,30.39243640114994,"Target a competitive yet profitable pricing strategy. Keep an eye on the competition's price changes, but aim to maintain higher profit margins when possible.","To counter the competition's price-based strategy, let's focus on highlighting the unique features and benefits that set us apart from our competitors. We can also explore bundling deals or adding new services to create perceived value and increased overall customer satisfaction. Additionally, it would be beneficial to analyze our cost structure to identify areas where we could cut costs without compromising product quality, thus allowing for flexible pricing options.",Maintaining a high-profit margin strategy is not always feasible due to competitive pressures; it may be beneficial to consider lowering prices strategically in specific rounds while ensuring that the overall profit remains positive.,"The competitor's strategy to undercut prices in some cases has led to an increase in market share, but it seems that customers are not always prioritizing the lowest price over quality or unique offerings. By emphasizing our distinct product offerings and added benefits, we can maintain a competitive edge while also staying profitable. Furthermore, understanding the cost structure is crucial for pricing flexibility moving forward."
138,2.05,2.05,31.042377345300565,31.042377345300565,32.59449621256559,32.59449621256559,"- Maintain current price at 2.05 and monitor sales trends
- Test slight price increases around the 2.0 mark to gauge potential additional sales
- Analyze situations where lowering the price significantly below 2.05 results in increased sales and attempt to replicate these results, if possible
- Keep a close eye on competitor pricing strategies and adapt accordingly","1. Continue to price competitively based on market trends: maintain a price close to the average market price of around 2.0.
   2. Monitor sales data closely to identify when changing prices may be beneficial (e.g., increasing profit margin in periods of lower consumer demand).","- Price of 2.05 tends to generate steady sales of around 33 units per round
- Reducing price below 2.05 does not consistently result in increased sales but can have a notable effect (e.g., Round 40 with 36.68 units sold)
- Increasing the price slightly from 2.05 can lead to additional sales, such as Round 41 with 40.18 units sold
- Maintaining close attention to competitor pricing and sales trends is important for adapting strategy when necessary","1. Lower pricing strategy results in higher sales volumes on average.
   2. In some cases, raising the price can lead to a substantial increase in profits when demand is high (e.g., Rounds 46 and 62)."
139,2.05,2.01,29.455830375566624,34.56673715981821,30.92862189434495,34.912404531416385,"- Continue to price competitively
   - Analyze competitors' pricing changes and adjust accordingly
   - Consider offering discounts during periods of low demand or increased competition","- Consider adopting strategies that maintain a lower overall price point but remain competitive with the competitor to generate higher sales volume while still ensuring profitability.
   - Test out occasional price increases (e.g. 2.25, 2.5) to explore their impact on profit per sale and balance it against the lower sales volume that results from this strategy.
   - Analyze trends in customer behavior when adjusting pricing to determine which strategies are most effective over time.","- Price changes significantly affect the sales volume
   - Lower prices can lead to higher sales volumes but may negatively impact profitability
   - Monitor competitor pricing trends and adjust accordingly","- It appears customers are generally more attracted to lower prices, with a potential higher volume of sales at a slight discount compared to the competitor's price. However, it is crucial to ensure profitability when adopting this approach.
   - The use of occasional higher-priced items (e.g. 2.25, 2.5) may have potential as a psychological tactic to boost perceived value for some customers, but this strategy must be used carefully as it can lead to lower sales volume and may not be sustainable in the long run.
   - Matching or slightly underselling the competitor's price (e.g. 2.01) seems to generate competitive advantage while still maintaining profitability."
140,2.1,2.05,26.93074991777377,32.89329222889069,29.62382490955115,34.53795684033521,"- Continue adjusting prices based on competitor's pricing strategy while keeping an eye on target audience needs and market conditions.
   - Regularly review the average cost-per-customer acquisition (CPA) and adjust pricing accordingly to maintain a healthy profit margin.
   - Monitor competitor reactions to pricing changes, as it may reveal potential vulnerabilities or strategies that could be exploited.",Consider pricing adjustments to remain competitive with market trends and cater to buyer preferences. Analyze price sensitivity of buyer behavior in various rounds.,"- Pricing is influential in the number of customers you can attract and how profitable your business will be. A higher price might yield a smaller customer base but larger profits, whereas a lower price can reach more customers but have lower overall profit margins.
   - Being competitive when it comes to pricing helps maintain your presence in the market and encourages customers to choose your product over others.
   - Frequent price adjustments may indicate volatility to potential investors or stakeholders, so it's essential to ensure long-term sustainability through careful evaluation of market trends and customer preferences.","In rounds where the seller's price was higher, sales volume remained strong due to greater demand. However, lower prices by the competitor in specific rounds led to increased sales volume for them. It appears that buyers are sensitive to pricing and will favor lower costs when possible."
141,2.05,2.0,29.04607870701908,35.476960646490454,30.49838264237003,35.476960646490454,"- Continue monitoring competitor's pricing strategy and adjust our own price accordingly to maintain a competitive advantage with minimal price differentiation.
   - Consider conducting market research to identify additional factors that may influence demand and potentially increase revenue generation.","Moving forward, it is essential to keep monitoring the competitor's moves and be prepared to adjust our pricing strategy accordingly. We should continuously aim at finding the perfect balance between gaining market share (with lower prices) and retaining profitability (by keeping prices relatively high). Collaborate with sales teams to get market insights that will help make informed decisions.","- The customer base appears stable given consistent demand for the product despite minor fluctuations in competitor pricing, indicating a loyal customer base.
   - Competitive pricing seems essential to maintaining market share; adjustments to pricing strategy can have a significant impact on revenue.","By examining the correlation between price adjustments, quantity sold, and total revenue, we can learn that our pricing strategy greatly impacts our product's performance in the market. Adjusting prices based on competitor moves generates immediate changes in both unit sold and profits per unit, but continuous market monitoring and adaptability is crucial for long-term success."
142,2.1,2.15,30.206411428110634,24.730917976320395,33.2270525709217,28.44055567276845,"```
Price optimization is crucial in this highly competitive market. To succeed against the competitor, we need to analyze their pricing strategy more closely and find a price point that will attract customers while still maximizing profit per unit. Continuous monitoring and potential adjustments of our prices will be necessary to stay ahead.
```",Plan adaptive pricing strategies to maintain a competitive edge and optimize revenue by considering market trends and competitor moves. Regularly analyze data to make informed decisions.,"```
- Lowering the price significantly can lead to increased sales volume, but this might not always translate into higher profits as in the case of the competitor's prices below $2.0.
- Seller should analyze competitor's pricing strategy more closely and identify opportunities for profitable price points within their range.
- Find a middle ground between attracting customers and maximizing profit per unit can help increase sales volume without sacrificing too much on gross margin.
```","Insights suggest that adjusting price based on competition, sales volume, and profitability is crucial in ensuring profitable growth. It is important to balance attracting customers with maximizing profits."
143,2.01,2.05,34.56673715981821,29.455830375566624,34.912404531416385,30.92862189434495,"- Analyze historical data to identify consistent high-sales-volume price points
   - Develop strategies to maintain competitive pricing while capitalizing on identified price-point strengths","1. Monitor the competitor's pricing changes closely and adapt our own prices accordingly to stay competitively priced.
2. Implement a more flexible pricing model that allows for adjustments in response to competitor pricing changes.
3. Consider offering promotional deals or bundles to attract customers when the competitor increases their prices significantly.","- Competitor's dynamic pricing strategy appears to be trying to balance profit margins and sales volume
   - Current pricing strategy of matching competitor's prices is effective in maintaining competitiveness","1. The competitor's strategy of changing their prices occasionally seems designed to attract customers and gain market share, especially when they lower their prices.
2. Our company's traditionally higher pricing may not always be a disadvantage if we can effectively manage our costs and maintain attractive profit margins while offering competitive pricing.
3. Adjusting our pricing strategies based on competitor moves can help us stay competitive without sacrificing profits or compromising quality."
144,1.95,2.1,42.23789211012718,23.180646674121853,40.12599750462082,25.49871134153404,"To remain competitive and potentially increase profits, I need to adjust my pricing strategy. One approach could be to occasionally lower my price below 2.0 during certain rounds to encourage higher sales like the competitor has achieved. It would be beneficial to monitor their behavior more closely and analyze any trends in sales and profit based on their changing prices.",Consider testing a variety of prices between 1.95 and 2.25 in the upcoming rounds. Monitor closely the impact on sales volume and profit margin to identify the optimal price.,"By observing the competitor's pricing strategy, I can identify that lower prices correlate with higher sales volumes. However, the increased sales do not necessarily result in higher profits due to price cuts. This indicates the importance of strategic pricing that balances volume and profit margins. It may be useful to develop a more dynamic pricing approach based on market conditions and competitor behavior to optimize both sales and profits.","Lower prices may be effective for attracting customers but at the cost of lower profits, while higher prices meet resistance among consumers. It seems that determining an optimal balance between these two aspects is crucial. In addition, being aware of competitors' price changes and adapt accordingly can help maintain a competitive edge in the market."
145,2.0,2.05,35.476960646490454,29.04607870701908,35.476960646490454,30.49838264237003,"Continue monitoring pricing strategies to identify the optimal pricing level that maximizes profit while maintaining a competitive edge in the market. Additionally, consider implementing promotions or strategies to entice more customers when the price is set lower to increase sales and enhance customer loyalty.","- Continue monitoring price sensitivity in customer behavior.
   - Experiment with lowering the price to attract more customers while ensuring a reasonable profit margin.
   - Consider targeted promotions and discounts to further entice buyers.
   - Keep a close eye on competitor pricing strategies and adjust accordingly.","The data indicates that setting a price of around 2 results in a steady number of sales without significant increases in quantity but with an acceptable profit margin (e.g., ROI and COGS). However, when the price is reduced to attract more customers, while resulting in increased sales, the profit margin becomes tighter. Optimization is necessary to find the balance between price and profitability for long-term success.","- Lower prices generally lead to higher sales volumes but may reduce overall profits.
   - Price drops need to be strategic and calculated in order not to compromise profitability.
   - It is essential to remain competitive with the market while also staying aware of individual product costs and desired profit margins."
146,2.15,2.05,23.180646674121864,34.58146121575098,26.65774367524014,36.31053427653852,"""Analyze market trends and competitor pricing strategies quarterly to ensure our competitive edge. Monitor sales volume changes with different price points, considering both costs and potential revenue.""","* Maintain a competitive pricing strategy
      * Monitor competitors' price adjustments and react accordingly
      * Offer a slightly lower price compared to competitor with a similar quality product
      * Strive to maintain a minimum profit margin","""Lowering prices increases short-term gains but may not provide long-term profits in a highly competitive market. Focus on understanding total cost of products and customer price sensitivity to make informed pricing decisions.""","* Pricing strategy can have a significant impact on sales and profitability
      * Competitors' pricing trends play an essential role in determining one's own pricing
      * Offering slightly lower prices than competitors with similar quality products may lead to increased sales
      * Maintaining both competitive and unique pricing options can be beneficial for staying ahead of the competition"
147,2.1,2.05,26.93074991777377,32.89329222889069,29.62382490955115,34.53795684033521,"Maintain a price slightly above the competitor's, ensuring a healthy profit margin while staying competitive in the market. Monitor fluctuations in demand closely and be prepared to adjust pricing accordingly.","- Maintain a competitive price close to $2, but adjust occasionally to be lower than the competitor (e.g., when they are above $2)
   - Monitor competitors' pricing strategies and adjust ours accordingly to maintain or increase market share","The market responds positively when our prices are competitive but not too low; increasing profits without sacrificing volume. Adjustments in competitor's pricing should be taken into account, as they impact sales volumes and the overall profitability.","- Lower prices can sometimes lead to increased sales, suggesting potential market sensitivity to price fluctuations
   - Competitor price manipulations may be an attempt to regain market control or maximize profits
   - Regularly monitoring competitor strategies is essential for an effective pricing response"
148,2.15,2.1,24.730917976320395,30.206411428110634,28.44055567276845,33.2270525709217,"To maintain market position and profitability, we should monitor the competitor's pricing strategy closely and be prepared to adjust our own price as needed. Identifying trends in customer behavior could help us determine if it is beneficial to stay competitive with lower prices or stick to more premium offerings.","- Continuously monitor the competitor's pricing strategy to identify any trends or patterns.
      - Develop a flexible pricing strategy that can adapt to changes in demand and competition.
      - Investigate external factors impacting consumer behavior, such as economic conditions or market trends.","Our customers appear sensitive to price changes, particularly when the competitor's product is offered at a lower price. Continuous monitoring of both the market and the competitor's pricing strategies will help us maintain profitability in this dynamic setting.","- Lower prices result in increased sales; however, care should be taken not to undercut the competitor too drastically.
      - Analyze data from previous rounds to determine optimal pricing range based on unit sales and profit margin.
      - The market seems sensitive to price changes, making it crucial to adapt pricing strategies swiftly to capitalize on favorable opportunities and minimize potential losses."
149,2.0,2.06,35.885667188343554,28.22866562331288,35.885667188343554,29.922385560711657,"- Maintain competitive pricing strategy but be aware of competitor's moves.
   - Monitor the impact of price changes on the quantity sold and profit earned.
   - Consider offering a unique product or service to differentiate from the competition.","Implement dynamic pricing strategy. Lower price temporarily to attract customers when a competitor raises their price, but maintain a slightly higher price during other times to increase revenue. Monitor market conditions and adjust pricing as needed.","- Increasing prices slightly has minimal impact on the quantities sold but can reduce profits in some cases.
   - It seems that the seller can maintain profitability even at lower price points, indicating potential opportunities for discounting or promotions to increase market share.
   - The impact of competitor pricing changes should be closely monitored and responded to accordingly.","- Prices of competitors follow trends, which can be exploited in our pricing strategy
- Lowering price temporarily can help attract customers, especially when a competitor increases theirs
- It is essential to closely monitor competitor prices and adjust pricing strategies accordingly
- A slightly higher average price has the potential for increased revenue"
150,2.0,2.0,33.333333333333336,33.333333333333336,33.333333333333336,33.333333333333336,"- Maintain a competitive base price of $2.00 during stable market conditions, allowing for occasional price adjustments based on competitor actions.
   - Implement a data-driven approach to pricing, utilizing historical sales data and market trends to inform pricing decisions and optimize profits.
   - Regularly review and update the pricing strategy as needed, to ensure it remains competitive and responsive to changes in market conditions.","Given these observations, it would be prudent to maintain a lower pricing strategy and continue to closely monitor sales volumes, competitor's prices, and customer demand. Maintaining a price competitive with the lower ends of our competitors’ price range is expected to optimize our market share without compromising profitability.","- Consistent pricing is crucial to build a loyal customer base but pricing flexibility may be key in adapting to changing market dynamics.
   - Monitoring the competitor's prices can provide valuable insights into their strategy and help inform our pricing decisions.
   - Adjusting prices strategically based on observed trends in sales data can result in increased profits, without alienating customers through excessively high or fluctuating prices.
   - A combination of a competitive base price and occasional price adjustments is essential for our business to remain financially sustainable in the long term.","Competitor analysis reveals that customers prefer your product at lower prices compared to their higher priced alternatives, indicating a potential opportunity for increased sales and profit margins by maintaining lower pricing strategies. Customers appear to be sensitive to price but not significantly so, as increases in prices have only resulted in slight decreases in sales volumes."
151,2.1,2.1,28.63832198321698,28.63832198321698,31.50215418153868,31.50215418153868,"In order to maintain competitiveness and maximize sales, I plan to continuously monitor competitor prices and adjust ours accordingly within a reasonable range (from 1.9 - 2.5). Additionally, I will consider periodically offering discounts or promotions to create more demand during slower times.",Keep an eye on the competitor's pricing strategy and adjust ours accordingly. Consider testing a slight increase in our price if we can still maintain similar sales volume or test a slight decrease if it could drive more customers due to competitive pricing advantage.,"- A price slightly higher than competitors can lead to high volumes of sales
- Maintaining a lower price (around 1.9 or 2.0) can work well in certain situations
- Continuously monitoring competitor prices and adjusting ours accordingly within a reasonable range is important for maintaining competitiveness
- Periodically offering discounts or promotions may help increase demand during slower times","Price sensitivity appears to exist, with higher sales volumes when prices are between 2-2.15. Customers seem to be more likely to buy when the pricing of both products is closer together, but they prefer a slight pricing advantage over the competitor. Keeping an eye on and adjusting our pricing strategy in relation to the competition could result in increased sales volume."
152,2.05,1.99,28.631539191512193,36.39781986960384,30.063116151087797,36.033841670907805,"- Monitor competitor pricing strategy closely and adjust prices accordingly to maintain competitiveness without undermining profits.
   - Investigate potential opportunities for differentiation to provide our customers with unique benefits and justify higher prices.
   - Optimize production costs and efficiency to support more aggressive pricing strategies when necessary.","The pricing strategy should focus on offering competitive prices that are slightly below or at par with the competitor's price to increase sales volume and overall market share. Further investigation is needed to determine if there are specific price intervals that result in a higher profit margin, given the observed trend of increased sales at lower prices.","- Competitor is sensitive to price changes and adjusts their strategy accordingly, leading to a dynamic market environment.
   - Higher prices can lead to smaller sales volumes but potentially higher profits per unit.
   - Customers may be more responsive to differentiation than simply pricing offers.","By observing the impact of different pricing strategies on sales volumes and overall profitability, it's clear that customers are more price-sensitive than initially anticipated. This suggests adjustments to the pricing strategy may be necessary for maximum return on investment. Additionally, continuous monitoring of the competitor's pricing movements is important to ensure a competitive advantage in the marketplace."
153,2.15,2.0,21.532059424173973,39.23397028791302,24.761868337800067,39.23397028791302,Strategy: Focus on maintaining a price competitive with the competitor while aiming to stay slightly higher. Regularly observe their price changes and be quick to react to reduce or increase my price accordingly.,"Continue monitoring and analyzing competitor prices to maintain a competitive edge. Develop strategies for lowering production costs to accommodate lowering prices, if necessary, to drive increased sales.","Insight: My competitor is sensitive to pricing changes, often adjusting their price to match mine. They also tend to lower their prices more frequently than raising them. Keep a close eye on their movements in order to gain an advantage.",Lower prices yield higher demand for our product compared to pricing above competition's rates. Further research should be conducted to ensure sustainable pricing and cost reduction efforts are pursued.
154,2.0,2.0,33.333333333333336,33.333333333333336,33.333333333333336,33.333333333333336,"* Maintain competitive pricing around the 2.0 range to maximize sales and appeal to market sensitivity.
   * Be cautious of raising prices during periods of intense competition, as it may lead to decreased sales.","Based on this extensive data, it would be beneficial to analyze pricing strategies with respect to competitor's pricing and market trends. Additionally, we should review any unusual patterns in the data, such as when our price deviates significantly from the norm. Lastly, consider testing different price adjustments and monitoring their impact on sales and profitability.","* The market appears to favor slightly lower prices versus slightly higher prices.
   * It is essential to be attentive of competitor pricing and act accordingly to maintain a competitive advantage.
   * Price sensitivity can fluctuate with time, so it's crucial to remain flexible in the pricing strategy.","It seems that the competitor tends to maintain a relatively stable pricing strategy compared to our varying prices. However, there appear to be instances where lowering our price led to increased sales, suggesting that price sensitivity may exist within this market. Furthermore, it's notable that our highest sales occurred during times when both our price and the competitor's price were near the $2.0 mark, possibly indicating a ""sweet spot"" for pricing in this specific market."
155,2.0,2.13,38.54276663109657,22.914466737806862,38.54276663109657,25.893347413721752,Consider lowering prices slightly to increase quantity sold while maintaining or potentially improving overall profitability. Experiment with different price points and observe the impact on both sales volume and total profits.,"- Analyze consumer behavior and response to different prices during weekdays vs weekends/holidays.
   - Investigate possible price adjustments that maintain profitability while attracting more consumers.
   - Monitor competitor's price fluctuations and consider counter strategies when appropriate.","Observing your pricing strategy, it appears that a more competitive pricing approach might lead to increased sales volumes. By adjusting prices strategically, there is an opportunity to capitalize on the larger market share while maintaining or possibly improving profit margins.","- Our competitor appears to have a dynamic pricing strategy that responds to changes in demand, which could be beneficial for our business modeling.
   - Consumers may be more likely to shop with the competitor during specific periods when they offer lower prices, such as weekends or holidays.
   - There are opportunities to optimize our price strategy by adapting to consumer behavior and competitors' movements."
156,2.05,2.3,38.620742082811084,14.207777015050947,40.551779186951634,18.47011011956623,Maintain a pricing strategy that stays slightly below the competitor's while considering market trends and demand fluctuations. Use price flexibility to take advantage of any potential opportunities offered by competitive missteps or changes in consumer sentiment.,Consider adjusting my pricing strategy to remain competitive with the competitor but maintain profitability by finding a sweet spot between their minimum and maximum prices.,"- Pricing competition appears to play a significant role in shaping market dynamics. Slight pricing differences can significantly impact sales volume and overall revenue.
   - Consumers seem sensitive to price changes. Even small adjustments in pricing strategy can lead to noticeable shifts in demand.","Price sensitivity can lead to increased sales, as demonstrated in rounds 70, 68, and 75 where I lowered or raised my price relative to the competitor. However, maintaining consistent pricing may also be an effective strategy depending on market conditions."
157,2.05,2.0,29.04607870701908,35.476960646490454,30.49838264237003,35.476960646490454,"Adapt pricing strategy based on competitor's trends
   Monitor competitor's pricing changes closely
   Maintain a competitive edge without compromising profit margins","Consider continuously monitoring and adjusting the selling price based on competitor's actions, but maintain a balance between attracting customers and maximizing profits. Regularly analyze customer sensitivity to various prices to make informed decisions.","Competition has had lower price points more frequently than expected
   Understanding and responding to their pricing strategy could lead to increased market share
   It would be wise to stay nimble in adjusting our own pricing strategy over time","Customers seem to favor lower prices with an average quantity sold of 33 units at 2 dollars. Prices above 2.25 appear less attractive, as can be seen by a significant drop in the number of units sold. Keeping this insight in mind, it may be beneficial to consider price reductions or promotions. The competitor's price fluctuations also seem to have an impact on the seller's sales volume and should be closely monitored."
158,2.1,2.0,25.102610716299612,37.448694641850196,27.612871787929574,37.448694641850196,"* Monitor competitor pricing and adjust our own price based on their strategy—maintain a competitive edge without undercutting ourselves excessively
* Analyze potential impact of pricing changes on sales volume to ensure overall profitability remains optimal
* Explore ways to differentiate our product from the competitor's while maintaining or improving upon perceived value (e.g., better quality materials, additional features, promotions)","- Monitor competitor strategies closely, particularly their pricing adaptations in response to our own movements
   - Maintain awareness of market trends and adjust prices accordingly to remain competitive
   - Consider occasional discounts or promotions to attract customers, while maintaining a reasonable profit margin","* The competitor adjusts pricing based on an apparent strategy aimed at positioning their product as premium but also capitalizing on potential volume-based sales opportunities
* Maintaining a competitive price is crucial to attract and retain customers; however, it's essential to analyze how changes in pricing may impact sales volume and overall profitability
* Considering differentiation strategies can help set our product apart from the competition, potentially driving customer preference and loyalty.","- Competitor A's pricing strategy seems aimed at capturing a larger market share by offering lower prices
   - The effectiveness of competitor B's higher price strategy appears to depend on the round and specific competitive environment
   - It may be beneficial to study customer demand sensitivity to pricing in order to optimize our pricing strategy for maximum profitability"
159,1.98,2.0,35.13416181814827,32.43291909092587,34.431478581785306,32.43291909092587,No plan found.,Analyze competitor's pricing strategies and identify patterns. Consider adjusting our price in response to competitor's moves but not deviate too far from our initial $2.00 base price. Monitor the impact of price changes on sales volume to ensure profitability.,No insight found.,"Initial pricing stability at $2.00 provides a strong foundation, but occasional competitor price increases may indicate an opportunity for us to adjust our strategy. The sales volumes during these periods remain relatively consistent with occasional fluctuations, indicating that a slight price adjustment within reasonable limits may have minimal impact on customer demand."
160,2.0,2.05,35.476960646490454,29.04607870701908,35.476960646490454,30.49838264237003,"To optimize profitability, we should consider a dynamic pricing strategy that takes into account both market trends and sales volume responses. This might involve lowering the price slightly when necessary to stimulate sales, while maintaining a higher price during periods of strong demand or stable competition.","* Maintain a dynamic pricing strategy based on observing competitor actions but stay slightly cheaper.
* Monitor sales data closely to identify any potential changes in consumer demand or competitiveness.
* Initiate occasional promotional offers during periods of low competitor activity.","The market appears to respond positively to slight price decreases, suggesting room for adjustment in our pricing strategy. It's important to watch the competitor's price movements and sales volume to find opportunities to capitalize on their actions or missteps. In general, a balanced approach that considers both profitability and unit sales is likely to be most effective.","* Competitor seems more aggressive with pricing, targeting growth and maximizing revenue.
* My current competitive advantage may diminish if I do not respond to price increases appropriately.
* Customer perception of value may shift with competitor price changes, potentially impacting sales."
161,2.0,2.1,37.448694641850196,25.102610716299612,37.448694641850196,27.612871787929574,"- Monitor competitor's pricing strategies and adjust our prices accordingly to maximize sales while maintaining profit margin.
   - Investigate ways to improve product differentiation to increase our price resilience in the market.",Consider adjusting pricing strategy to subtly increase our prices while still presenting value compared to the competition. Monitor customer feedback to gauge their willingness to pay slightly more for our product.,"- Our customers are sensitive to price, but we can still maintain a slight price advantage over the competition to boost sales.
   - Maintaining a close eye on competitor pricing is crucial for staying competitive in this market.
   - There may be opportunities to improve our product or present it differently to justify higher prices and increase profit margin.","Competitors' prices tend to be slightly higher, creating potential opportunity to attract cost-conscious customers with lower pricing. However, adjustments should be made cautiously to not compromise perceived value of the product."
162,2.0,2.0,33.333333333333336,33.333333333333336,33.333333333333336,33.333333333333336,"- Continue observing and comparing pricing strategies between competing products.
   - Keep an eye on how fluctuations in price impact demand for both products.
   - Consider implementing promotions or discounts to stay competitive when facing a higher competitor price.","- Maintain current pricing strategy of price matching and occasional lower pricing to stay competitive
   - Continuously monitor competitor pricing to make informed decisions
   - Keep an eye on pricing trends to identify opportunities for strategic adjustments","- Demand appears to be consistent for both products across pricing rounds, with the exception of a more significant customer response to major differences in prices.
   - The customers seem sensitive to small changes in competitors' pricing, indicating that maintaining a competitive price is essential for retaining customers.
   - Monitoring competitor's actions and reacting swiftly may provide an opportunity to gain more market share.","- Our average pricing and consistent sales demonstrate a strong customerbase that values our products
   - Lower prices can effectively increase demand, but maintaining lower pricing over long periods may negatively impact profits
   - Competition plays a crucial role in determining optimal pricing strategies, making regular competitor analysis essential"
163,2.0,1.98,32.43291909092587,35.13416181814827,32.43291909092587,34.431478581785306,"- Maintain our competitive price point of 2.00 while monitoring the competitor's pricing strategies.
   - Explore potential discount schemes or promotional offers to attract customers during periods when competitor prices are higher.
   - Improve marketing efforts to highlight the quality and value of our product compared to similar offerings from the competition.","- Continue monitoring competitor's pricing strategies closely.
   - Analyze customer behavior in relation to price and make necessary adjustments based on findings.
   - Consider offering unique features or benefits that differentiate my product from the competition.","- Identified the competitor's use of variable pricing as a key strategic move in adjusting to market conditions.
   - Market research may reveal that consumers place higher importance on quality and value, regardless of price fluctuations.
   - It is essential to remain adaptable and flexible when responding to changes in the competitive landscape.","- Customers appear more willing to purchase my product over the competitor's when it is priced lower, yet they tend to choose the competitor's product if there is a significant price difference in my favor (e.g. round 75).
   - It may be beneficial to adjust pricing slightly to stay competitive versus the market average of 2 dollars per unit."
164,2.0,2.05,35.476960646490454,29.04607870701908,35.476960646490454,30.49838264237003,"- Continue setting competitive pricing relative to the competitor's range (1.9-3.0) within our comfort zone.
   - Monitor sales closely and adjust prices when necessary to maximize profit while maintaining market share.
   - Consider running special promotions or discounts at strategic times to boost sales or attract new customers.
   - Continue tracking competitor's strategies and respond accordingly, maintaining a flexible pricing policy.",Continue monitoring pricing and quantities sold. Test a slight decrease in price to remain price competitive while maintaining profit margins.,"- Lower prices tend to sell well but may impact profit margin significantly.
   - Higher prices can still yield good sales despite the lower quantities.
   - The relationship between price and quantity sold suggests that consumers are sensitive to price changes.
   - Monitoring competitor's pricing strategies is essential for strategic decision making regarding our own pricing policy.
   - Adapting to market conditions and adjusting our pricing accordingly is crucial for long-term success in this industry.","My competitor's lower prices allow them to sell higher quantities, but my product or service appears to have a perceived value that allows me to maintain sales at similar or slightly increased levels compared to them when I set my price close to theirs."
165,2.15,3.0,35.020233828810355,1.1687397176426313,40.27326890313191,2.3374794352852626,"Continue raising the price in small increments, but be mindful of how this affects the quantity sold compared to the competitor's prices. Keep track of overall profitability in order to adjust pricing strategy based on the balance between revenue and units sold.","* Continue adjusting prices slightly above competitor's to maintain a competitive edge
* Consider pricing strategies during periods with price parity to potentially boost short-term sales","It appears that a slight increase in price can have a significant impact on overall profits, especially when volume is considerable. Maintaining flexibility in the pricing strategy can help balance between higher revenue and steady sales volumes. The competitor's prices should be closely monitored for opportunities to profitability outperform them.","* Price adjustments have some positive impact on sales and profit compared to the competition
* Maintaining a slight price difference appears to help secure more profitable sales
* Price parity with competitor may offer opportunities to boost short-term sales while maintaining profit levels."
166,2.05,2.15,34.58146121575098,23.180646674121864,36.31053427653852,26.65774367524014,"- Monitor the competitive landscape more closely to identify opportunities for strategic pricing moves.
   - Develop a flexible pricing strategy that can capitalize on potential openings in the market created by competitor pricing erraticities.","- Continue pricing strategically higher than the competitor to capitalize on customers who are willing to pay more
   - Monitor the competition closely to adjust our pricing accordingly as needed","- The market has a tendency to favor stability with regard to both price points and quantity of goods sold.
   - Identifying and exploiting instances where the competitor deviates from this pattern may yield potential short-term profit opportunities.","- Our customers appear to value our product more, allowing us to price higher with similar or better results compared to the competitor
   - Keeping an eye on the competition's trends will help guide our pricing strategy and maximize profit"
167,2.05,3.0,44.56777774683526,0.9970155881107448,46.79616663417702,1.9940311762214895,"- Maintain a flexible pricing strategy to adapt to market conditions
   - Monitor competitor's pricing closely and adjust pricing accordingly
   - Consider offering occasional discounts or promotions to attract customers
   - Investigate potential partnership opportunities to reduce production costs and improve profit margins","Continue adjusting our pricing strategy, keeping an eye on the competition and their response to our price changes. We should maintain a slightly higher price, even when necessary to remain profitable, while monitoring customer reactions.","- Aggressive pricing by the competitor could lead to a decrease in our market share if not addressed promptly
   - Occasionally offering low prices may draw customers during slow periods, but can also harm brand value over time if abused
   - Collaboration with other industry players could provide opportunities for cost savings and potential future growth
   - Keeping an eye on both short-term (e.g., day-to-day price fluctuations) and long-term trends (e.g., overall pricing direction) will be essential to a successful pricing strategy","Pricing seems to have some impact on sales volume, with lower prices potentially leading to increased Q but at the cost of higher competition and potential margin compression. It would be beneficial to focus not only on price adjustments but also on product differentiation and targeting specific customer segments."
168,2.05,2.0,29.04607870701908,35.476960646490454,30.49838264237003,35.476960646490454,"```
1. Continue monitoring competitor's pricing strategies, but aim to be more competitive when possible.
2. Analyze sales data to identify trends and areas of opportunity for improving pricing strategy.
3. Develop contingency plans if market conditions change significantly or if the competitor makes drastic pricing changes.
4. Collaborate with sales team to improve negotiations and close deals when presented with favorable opportunities.
5. Maintain open communication across departments to stay informed about industry trends and developments.
```",Adjust pricing strategy by maintaining a consistent price point closer to the competitor's range ($1.9 - $2 in most cases) to stay competitive and attract more sales. Continuously monitor the sales data and make adjustments as necessary depending on market reactions.,"```
1. Pricing agility is important in maintaining competitive positioning.
2. Monitor competitor's pricing strategies closely to identify potential opportunities to gain market share.
3. Sales data can provide valuable insights into customer behavior and preferences.
4. Continuous collaboration between departments ensures a well-informed, coordinated approach to the business.
5. Remain adaptable in response to changing market conditions or competitor actions.
```","Observed a strong relationship between product pricing and sales volume. Price adjustment can significantly impact the total number of units sold, warranting careful consideration during each pricing round"
169,2.0,2.1,37.448694641850196,25.102610716299612,37.448694641850196,27.612871787929574,"Maintain a competitive yet flexible pricing approach to encourage sales while maximizing profitability. Adjust prices downward when the competitor's price is higher, and upward only when there is a strong reasoning or market condition to justify it.",Maintain a competitive pricing strategy by adjusting prices dynamically based on market fluctuations and sales trends. Monitor competitor's prices and the impact of our own price changes to increase sales while maximizing profit margins.,"Lowering the price to meet or slightly undercut the competition can drive more sales and increase overall profitability, as demonstrated in rounds 71, 70, and others. On the other hand, raising prices above the competition's price results in no sales at all. This indicates that a flexible pricing strategy may be beneficial for long-term success.","The lower pricing range (around $1.9 - $2.0) seems to work well in terms of attracting a larger number of buyers. However, higher prices can also yield substantial profits when products are purchased. It's essential to find the right balance to maximize sales volume and profit margins."
170,2.0,2.0,33.333333333333336,33.333333333333336,33.333333333333336,33.333333333333336,"- Analyze sales data thoroughly and identify trends in customer buying behaviors in relation to price changes.
   - Monitor competitor pricing closely to ensure a competitive advantage whenever possible.
   - Experiment with strategic price increases accompanied by promotional offers.",Adjust pricing strategy to remain competitive while minimizing the risk of market saturation due to low prices. Continue monitoring competitor's tactics and assess potential impact on market share.,"- Customers seem more likely to purchase larger quantities when the product's price remains competitive or slightly below that of the competitor.
   - Premium pricing can be effective at certain intervals, but it should not become a consistent tactic as sales could suffer in other pricing rounds.
   - Maintaining a solid understanding of the competitor's pricing strategy is crucial for making informed decisions regarding our own pricing.","The market response shows that consumers are responsive to more affordable pricing strategies, as evidenced by higher quantities sold at lower price points. However, there is a need to differentiate our product or service from low-priced competitors through improved quality, customer service, or unique features."
171,2.05,2.24,37.18758912990751,17.391386937496353,39.046968586402876,21.56531980249548,"Consider pricing strategies that balance volume and profit margins, such as maintaining competitive pricing while offering special promotions or discounts to drive sales. Keep an eye on the competitor's pricing changes and respond strategically when necessary.","- Assess opportunities to adjust prices strategically based on the competition's offering, keeping in mind product differentiation where applicable.
   - Increase emphasis on market research and understanding of key competitors during periods with less demand for our product at higher price points.
   - Examine and optimize production costs to maintain a healthy profit margin during periods when lowering prices may be necessary.","Pricing dynamics can affect both sales volume and profits per sale; a higher price leads to higher profit margins but lower sales, while a lower price leads to higher sales volume with lower profit margins. It may be beneficial to adjust pricing based on the business's goals, as well as monitoring competitors' moves.","- Our competitive pricing strategy seems to work relatively well, achieving consistent sales volumes around 33 units on average when priced comparably to competitors. However, opportunities to increase net revenue exist by capitalizing on periods with higher demand for our product at the higher price point (e.g., Round 96-97, 99-102).
   - Considering price elasticity during decision-making processes will be crucial in maximizing sales and profitability potential. Be prepared to adjust prices strategically as needed based on market conditions."
172,2.5,1.9,5.151391016217805,56.784691777421465,7.727086524326708,51.10622259967931,Consider implementing agile pricing strategies and monitor the competitive landscape closely to capitalize on opportunities to price lower or higher than competitors to optimize sales and maximize profits.,"The seller should continue being more competitive when the competitor raises their price to attract customers with a lower price. However, in instances where the competitor lowers their price, the seller may consider decreasing their price slightly to maintain a competitive edge and prevent loss of customers.","Lowering prices can help increase sales, but it may not always result in maximum profit. Keep an eye on the competition and try implementing a variety of pricing strategies to capitalize on their weaknesses and exploit market opportunities.","When prices are above $2, the demand appears to be lower, while there is higher demand for prices below $2, with spikes at the initial $3 and around $1.9. This suggests that the ideal price range for this product lies between $1.9 and $3. These insights could be useful in adjusting pricing strategies in future scenarios or similar products."
173,3.0,2.0,0.9074714844313746,49.54626425778431,1.8149429688627492,49.54626425778431,"- Monitor competitor pricing, adjust as needed
- Test price elasticity through strategic price increases
- Evaluate how changes in quantity can affect overall profitability","Consider offering attractive bundles or discounts during periods of increased competition to maintain customer appeal, while keeping an eye on profit margins to ensure long-term viability.","- Lower pricing does not always guarantee increased sales
- Competitive pricing is important to remain competitive in the market
- There may be an opportunity to experiment with dynamic pricing strategies","It is essential to understand market dynamics and the impact of pricing on unit sales when setting product prices. Adopting a flexible pricing strategy can lead to increased revenue generation while keeping an edge against competitors, provided that profit margins are maintained at acceptable levels."
174,2.05,2.0,29.04607870701908,35.476960646490454,30.49838264237003,35.476960646490454,"- Monitor competitor's price adjustments more closely and be prepared to adapt our strategy accordingly.
   - Implement a more flexible pricing approach that takes market sensitivity into account.
   - Explore opportunities for limited-time promotions to drive sales when competing in the higher-priced segments.",Focus on maintaining a competitive starting price of 2.0 while keeping an eye on competitors' prices and adjusting mine accordingly to remain competitive. Consider lowering my price slightly if needed to boost sales during periods where sales volume is low.,"- Higher prices may not always result in decreased sales, indicating possible market demand for higher-cost items.
   - Competitor's dynamic pricing strategy seems to pay off by adjusting pricing according to the shifting market demands effectively.
   - Adopting a more agile and adaptive pricing approach is essential to remain competitive in this market setting.","Price elasticity seems to be significant, as decreasing the price from 2.0 even slightly can lead to increased sales volume. Conversely, increasing the price above 2.0 results in substantial reductions in sales. Additionally, offering a lower starting price may attract more customers initially, creating brand loyalty through competitive pricing and higher sales velocity."
175,2.0,2.0,33.333333333333336,33.333333333333336,33.333333333333336,33.333333333333336,"The strategic price should aim to stay competitive with the market average while capitalizing on high demand moments by adjusting pricing slightly below 2.0. Explore opportunities to expand product offerings, improve packaging design, and execute targeted marketing campaigns tailored to attract additional customers at key pricing points.","Maintain a competitive pricing strategy by carefully monitoring the competitor's price movements. Adjust pricing as needed to maintain relative parity with the competition, while aiming to maximize profits when potential exists without significantly harming market position.","In order to remain competitive, focus on understanding the psychological factors that influence customer purchasing decisions, as well as market trends. Continue analyzing competitor strategies, paying close attention to their product offerings and marketing tactics. Develop a strong brand image and build consumer loyalty by providing outstanding customer service and consistently high-quality products or services. Collaborate with subject matter experts such as behavioral economists and data analysts to uncover hidden insights that can inform pricing decisions.","The competitive nature of this market dictates that maintaining a similar price point as the competitor is crucial for market share retention, with instances where deviating from the norm can lead to either increased profit (higher pricing) or lower risk (lower pricing). It's essential to closely track competitors' price movements and adjust pricing accordingly while always considering the potential impact on market position."
176,2.0,2.0,33.333333333333336,33.333333333333336,33.333333333333336,33.333333333333336,"- Analyze price trends and identify any patterns that might help determine the competitor's strategy
- Keep an eye on average quantity sold at each price point to gauge customer demand
- Monitor sales data daily to quickly adjust pricing strategies if necessary
- Be ready to adapt the pricing approach based on emerging insights",Maintain a competitive price around 2.0 to maximize profit and unit sales. Monitor competitor pricing closely and adjust accordingly. Consider targeting niche markets or differentiating the product to increase demand and profitability.,"- Significant price fluctuations indicate competitor uncertainty or experimentation
- Average quantity sold at higher prices is generally lower, suggesting customers have limited budgets
- Customers may be more likely to purchase when products are priced below 2 USD, but profits will also decrease at these lower prices
- Price points above 2.5 USD result in very few sales and low profit margins, indicating these prices may not be feasible for this product line","Keeping the price around 2.0 appears to yield stable profits, but a higher price may lead to fewer sales in certain rounds. Competitor pricing seems to impact the market, with lower competitor prices potentially affecting our own sales and profits. It is crucial to maintain a competitive edge while still maximizing profit margins."
177,3.0,2.0,0.9074714844313746,49.54626425778431,1.8149429688627492,49.54626425778431,No plan found.,Monitor competitors' pricing strategies more closely during future rounds and consider strategic response if the competitor lowers their prices significantly or offers a special promotion.,No insight found.,Customers appear to be sensitive when product price exceeds $2.5. The $3.0 price point does not seem profitable for this particular market.
178,2.05,1.98,28.21246469346488,37.328753115440726,29.62308792813812,36.58217805313191,"In light of the current situation, our focus should be on maintaining a competitive yet distinguishable pricing strategy. We will monitor competitors' moves closely while seeking opportunities to differentiate ourselves. This could involve creating packages, improving product quality or customer service in strategic ways.","Consider conducting a series of tests to see how varying the price slightly (e.g., -0.1 or +0.1 from 2.0) impacts sales and profit. Also, analyze any external factors that may affect demand, such as market trends or competitor actions.","The data suggests that the market is not especially price sensitive, but customers do prioritize value and quality when making their purchasing decisions. Additionally, there seems to be a moderate level of competition with prices ranging from $1.85 to $3.25. The most successful competitors appear to differentiate themselves in some way, either through packaging, marketing or perceived quality.","Pricing around the competitor's price (2.0) seems to be a good starting point, but finding the optimal pricing requires careful testing and analysis of sales, profit, and market conditions. Adjusting the price significantly away from 2.0 does not necessarily lead to more sales."
179,2.35,1.95,9.99177438041207,49.48958248342142,13.488895413556294,47.01510335925035,"- Monitor competitors’ pricing trends closely
   - Consider introducing multi-tiered pricing strategies to maximize profits while maintaining sales volume
   - Explore promotional tactics during periods of low competitor activity",Reduce the base product price slightly within reason to remain competitive while maintaining profit margins. Investigate potential profit-maximization strategies through offering premium versions of our product or exploring discounts for larger quantities purchased.,"- Higher prices may not always translate to increased profit if the product is still desirable at lower price points
   - Periods where competitor pricing drops can represent opportunities for market share expansion
   - Analyzing sales data over time is crucial in determining effective pricing strategies","Price plays a significant role in demand, with a price of 2.0 producing the highest average quantity demanded per round. Lower prices tend to increase demand, while higher prices lead to decreased demand. Offering premium versions at a higher price point may contribute to increased profitability."
180,1.98,1.95,32.78029481635847,36.95967919928791,32.1246889200313,35.11169523932352,"For future pricing decisions, it would be beneficial to consider pricing slightly below the competitor's price when possible to gain a competitive edge and attract more buyers. Additionally, paying attention to customer feedback on product quality can ensure that pricing is consistent with perceived value.","To optimize sales and achieve profitability, we should maintain a competitive price below the average of 2.0, with occasional strategic price increases to boost margins. It may also be beneficial to analyze competitor strategy during their pricing rounds without competition to identify potential opportunities for market expansion or product differentiation.","Keep tracking sales volume against various price points to determine the elasticity of demand for our product. Be attentive to changes in the market and adjust pricing strategies accordingly. Regularly monitor competitor prices and promotions, as well as customer feedback on value perception.","Customers are more likely to purchase the product when it is competitively priced and at a lower price point. Furthermore, offering no competition during certain rounds may lead to increased sales. It will be crucial to monitor competitor pricing strategies closely and adjust accordingly in future rounds."
181,2.0,2.0,33.333333333333336,33.333333333333336,33.333333333333336,33.333333333333336,"* Monitor competitor's pricing and adjust accordingly
* Consider offering promotions or discounts during periods of lower sales
* Ensure a balance between staying competitive with price and maintaining profitability","Gather more data on the market behavior and competitors' actions
Perform a thorough analysis of price sensitivity in our target audience
Investigate the feasibility of temporarily offering discounts or promotions
Assess the potential impact of inflation on pricing strategy","* Competitor adjusting pricing strategy throughout rounds
* Higher quantities sold at similar price points suggest competitiveness
* Possibility of promotions or discounts to spur more sales","Pricing is an essential component of business success - finding the right balance is crucial
Be aware of competitor actions and adjust pricing accordingly, but avoid blindly matching them
Offering discounts or promotions can drive sales when used strategically, but may impact long-term profitability
Understanding price sensitivity among customers can help identify opportunities for differentiation and growth"
182,2.0,2.0,33.333333333333336,33.333333333333336,33.333333333333336,33.333333333333336,"- Continue to monitor competitors' pricing and sales strategies
- Explore opportunities to differentiate our product from competitors through added features or improved quality
- Conduct regular market research to understand shifting consumer preferences and adjust pricing accordingly","To maximize sales, we need to strike a balance between competitiveness and profitability. Based on the data provided, adjusting our price slightly lower than the competitor's could potentially increase demand while maintaining a reasonable profit margin. A more precise pricing strategy may require further research into market conditions, consumer behavior, and product differentiation.","- Lowering the price can lead to increased sales quantity
- Maintaining a competitive price point is crucial for maintaining market presence
- Consumers may not be willing to pay significantly more for this particular product, as evidenced by low sales quantities at higher prices","- Price elasticity appears to be moderate, as variations in price resulted in fluctuations in unit sales but not drastically so.
   - Higher prices (above the competitor's) seemed to result in lower sales volumes, suggesting that our product may be perceived as less favorable when priced higher.
   - Lower prices (below the competitor's) did not necessarily guarantee increased sales, perhaps due to market perceptions of inferior quality at a cheaper price point.
   - Pricing strategy should account for external factors such as market conditions and consumer behavior trends to maximize effectiveness."
183,2.0,1.85,26.163498630598017,47.67300273880396,26.163498630598017,40.52205232798337,"- Maintain a competitive pricing strategy to maximize sales and profit.
- Regularly assess competitor prices and adjust ours accordingly.
- Monitor sales volume and adjust pricing as needed based on the response from customers.","It would be beneficial to periodically review pricing strategies based on market trends and our financial goals. We should also consider offering discounts during slow season or promotions to clear out inventories. Additionally, we could analyze competitor pricing and adjust ours accordingly.","- Customers are responsive to price changes, demonstrated by fluctuating sales numbers.
- Profits are affected significantly by both price and sales volume.
- Competition plays a crucial role in determining sales and profits.","By observing the data, it is evident that customers respond positively to competitive pricing while still expecting a reasonable profit margin. Offering consistent service and high-quality products may help us maintain a loyal customer base, even when faced with steep competition. Furthermore, adapting our pricing strategies can lead to increased sales volumes and higher profits."
184,2.0,2.01,33.77477596942188,32.45044806115624,33.77477596942188,32.774952541767796,"* Identify price points where we outperform the competition and focus on maintaining them through advertising and marketing efforts.
* Monitor competitor price changes and adjust our own pricing accordingly to maintain competitiveness.
* Investigate potential new market segments that can tolerate higher prices and develop strategies to tap into those markets.
* Conduct regular price sensitivity testing to guide pricing decisions.","In order to maximize profits, we should analyze the sensitivity of our customer base to price changes and make adjustments accordingly. The data suggests that a balanced approach — finding a sweet spot between higher prices with lower volumes and lower prices with increased volumes — will help us optimize our profitability over time.","* Adjusting the price strategically can significantly impact sales performance.
* It's crucial to monitor competitors but not always necessary to closely match their price point.
* There are market segments that support higher prices, and it may be beneficial to explore these segments further.
* Regularly testing price sensitivity is important in informing pricing decisions.","Observing the trends over multiple rounds, we can see a mix of successful pricing strategies employed by both competitors, such as maintaining high fixed prices to minimize competition (e.g., Round 100) and making strategic price reductions to drive sales (e.g., Round 87). This highlights the importance of monitoring market trends and adapting our strategy accordingly."
185,2.35,2.0,10.976466535811447,44.51176673209428,14.818229823345455,44.51176673209428,"```diff
Fluctuate prices slightly based on observed market dynamics
Monitor competitor pricing trends and adjust accordingly
Consider strategic price rises during high-demand seasons
Adjust sales strategy if necessary to maximize profit margins
```","- Analyze market trends more closely to determine optimal pricing strategies, considering both sales volume and profit margins.
   - Conduct customer research to understand price sensitivity and potential demand at various price points.
   - Develop a well-rounded pricing strategy that accounts for both high-price, low-volume scenarios and lower-price, higher-volume opportunities.","```yaml
Competitive pricing is key in maintaining consistent sales volume
Occasional price hikes may be profitable during high demand or low competitor supply
It is essential to track market dynamics and adapt the pricing strategy accordingly
```","- It appears that maintaining competitive prices (around 2.0) can lead to more consistent sales volumes, resulting in stable profits.
   - Higher pricing strategies might be suitable when demand is low or market conditions favor it, as we saw profit margins reaching up to ~46 dollars per unit in some cases.
   - It will be important to maintain a close eye on the competitor's pricing strategy and adapt our own as needed to stay competitive while still targeting maximized profits."
186,2.0,2.0,33.333333333333336,33.333333333333336,33.333333333333336,33.333333333333336,"To compete effectively, we should adjust our price strategically. At this moment, considering the pattern and success of the competitor's approach in lowering their prices, lowering our price could help us regain market share and increase sales in the short term. However, it is essential to analyze potential changes in the market and anticipate future developments to ensure that our strategy remains profitable in the long run.","* Maintain competitive pricing to attract more customers while maximizing profitability. Keep an eye on competitor's price changes to adjust my own accordingly.
* Focus on product differentiation and promotional strategies to provide value and incentivize customers to choose my products","- Price wars may lead to profit decrease when engaged for extended periods (e.g., rounds 106-90)
   - Lowering prices can help increase sales, but must be carefully monitored for long-term profitability and market share loss
   - Finding a unique selling proposition that differentiates us from the competition could prove beneficial in the long run","* Pricing plays a crucial role in influencing sales; maintaining competitive pricing has the highest potential for success
* Keeping up with competitor's price changes is essential as shifts in pricing strategy can affect market share and profitability
* Customers respond positively to products offering good value and competitive pricing; consider product differentiation strategies"
187,3.0,2.0,0.9074714844313746,49.54626425778431,1.8149429688627492,49.54626425778431,"* Experiment with a higher price point when competitor is at $2.00
   * Consider temporary promotional offers to attract more customers while managing costs effectively
   * Regularly monitor competitor's prices and adapt strategies accordingly",No plan found.,"* Competitor prefers a stable price strategy
   * Potential for profit at various price points, but careful cost management required during promotions
   * Importance of monitoring competitor's prices for future pricing decisions",No insight found.
188,2.5,2.1,7.495078437320482,37.123366523433,11.242617655980723,40.8357031757763,"Tweak prices closer to, or even slightly below, the competitor's price range for most rounds as it appears this strategy leads to better sales performance. Consider monitoring changes in the competition's pricing and adjusting our own prices accordingly.","In order to remain competitive, we should consider adjusting our pricing strategy when appropriate. A potential approach could involve strategically lowering prices when the competitor's price is significantly higher than ours in an attempt to gain market share or maintain it. However, we must always ensure that our price remains profitable for our business.","Maintain awareness of competitive pricing and respond swiftly when the competitor makes significant price changes. Closely monitor the effects on sales volume when adjusting our own prices, as there is evidence that large price differences can significantly impact sales quantities. Consider developing a dynamic pricing strategy that adapts to the competition's behavior.","1) The competitor has a cost advantage based on their lower pricing strategy, but appears to have limited success in increasing quantitative market share due to inconsistency.
2) Our consistent quantity sold suggests that we have a robust demand or effective marketing strategies compared to the competitor.
3) An opportunity for growth may present itself when the competitor sets a significantly higher price than our own."
189,2.0,2.0,33.333333333333336,33.333333333333336,33.333333333333336,33.333333333333336,"- Continue monitoring competitor's pricing strategies to ensure competitiveness in the market.
   - Research alternative pricing models to explore different pricing methodologies if needed.
   - Utilize analytics to optimize pricing for specific product offerings based on buying patterns observed.","To capitalize on increased demand, we should consider setting our price strategically below our competitor (around 2) to attract more customers. We can also explore offering sales promotions or discounts during specific periods to boost sales. Additionally, we should monitor our competitor's pricing strategy closely and adjust ours accordingly.","- Maintaining a competitive price point is important in this market to attract and retain customers.
   - A moderate price increase may be possible given the market's responsiveness, but careful consideration must be given not to outprice competitors significantly.
   - Analysis of customer demand trends can help guide pricing decisions in order to maximize profits while maintaining customer satisfaction.","Price plays a critical role in determining the product's sales success. Lower prices often lead to increased demand, while higher prices can dissuade potential customers. It is crucial to strike a balance between profitability and attracting customers by setting competitive pricing that appeals to our consumer base."
190,1.85,2.0,47.67300273880396,26.163498630598017,40.52205232798337,26.163498630598017,"Develop a unique selling proposition to differentiate our product from the competition and attract more customers. Increase marketing efforts to highlight these differences. Additionally, consider bundling our product with complementary items or incentives to boost sales.","Consider offering competitive pricing at the 2.0 level to drive sales, while still maintaining higher priced items as part of my product mix. Evaluate the cost-to-profit ratio for each price point and make adjustments where necessary to increase overall profit margin.",Adjusting our price too significantly does impact sales quantity dramatically. It is essential to find the balance between competitive pricing and maintaining profitability. We must focus on offering superior value and creating a unique selling proposition to justify any price increase over the competition.,"The 2.0 pricing tier seems to be more competitive than expected and drives higher quantity sales, but it might not necessarily equate to increased overall profit if the cost-to-profit ratio is poor. Higher priced items may struggle in a more price-sensitive market, but they can contribute to the overall product mix if carefully managed."
191,2.0,2.05,35.476960646490454,29.04607870701908,35.476960646490454,30.49838264237003,"```
   Analyze the pricing strategy of both companies carefully. Pay attention to periods where one company had an advantage over the other in terms of price, quantity sold, or profit earned. Consider factors such as market demand, competition, and costs associated with production.

   Investigate the potential impact of the discrepancy in rounds 100 and 99 on the overall analysis. Does this affect our conclusion regarding each company's pricing strategy?

   Identify any trends or patterns that suggest adjustments to the current pricing strategies.
   ```","Consider implementing a dynamic pricing strategy that fluctuates based on historical data and market trends, with the goal of capitalizing on high-profit periods.","```
  - Company A and Company B appear to engage in competitive pricing, with neither consistently maintaining a significant advantage over the other.
  - There are periods where adjusting prices led to increased profit (e.g., Round 112 by Company A). However, there are also instances where lowering or raising the price resulted in reduced sales and profit (e.g., Round 107 by Company A and Rounds 94-96 by both companies).
  - It is evident that market demand plays a role in the sales quantities, as shown by the higher number of sales at lower prices (e.g., Round 102 by Company B or Rounds 93-98 for both companies).
  ```","There seems to be sensitivity in sales volume to price changes, with significant drops observed during higher priced intervals. Also note that the lack of consistent sales may indicate pricing is too expensive for customers to justify purchases, or that other factors are at play (e.g., quality, branding, timing)."
192,2.05,2.15,34.58146121575098,23.180646674121864,36.31053427653852,26.65774367524014,"It is important to consider the competitive landscape while pricing our product. We must strive to keep our price slightly below the competitor's, but the strategy should not be too aggressive so as to ensure profitability of each unit sold.","Continue experimenting with pricing strategies by adjusting the price point in small increments to understand the relationship between price, volume sold, and profit. Consider offering discounts during specific periods (e.g., holidays) to increase sales volume while maintaining a profitable margin. Also, monitor competitor prices closely to ensure competitive positioning.","In several instances, we observe that lower prices result in higher sales volume, whereas higher prices lead to fewer units sold. However, it is crucial to consider costs associated with production and distribution, as well as market demand and perceived value.","Lower prices can lead to higher volumes of sales but may not always result in the highest profit per unit. Be mindful of the delicate balance between pricing and profitability when making adjustments. It may be beneficial to set prices at a level that offers competitive advantage while still maintaining an acceptable profit margin. Additionally, promotions and discounts can be utilized strategically to increase sales volume during specific periods or to stimulate demand in saturated markets."
193,2.0,1.85,26.163498630598017,47.67300273880396,26.163498630598017,40.52205232798337,"* Implement a competitive pricing strategy, taking into account the competitor's price range and fluctuations.
* Analyze the impact of each pricing decision on sales and overall revenue.
* Monitor competitors’ pricing trends and adjust our own prices accordingly.","We should analyze our costs carefully and find a price that enables us to maintain reasonable profit margins while remaining slightly cheaper than our main competitor ($2.00) in most cases. Further, we should monitor the market for pricing fluctuations from the competition.","* Lowering the product price can lead to more sales, as demonstrated by the competitor with lower prices in most cases (0.00 - 2.00).
* Maintaining a higher quality product, while possibly priced slightly higher, may create an exclusive market niche and improve overall profitability.
* Regularly analyzing competitors’ pricing trends is crucial in maintaining a competitive edge.","Lower pricing strategy can lead to increased sales as demonstrated by rounds $96 and $97. However, not setting a price could hinder success, highlighting the importance of being strategic in determining whether to charge a premium or reduce prices to gain market share."
194,2.15,2.05,23.180646674121864,34.58146121575098,26.65774367524014,36.31053427653852,"- Regularly review and adjust pricing strategy based on market demand and sales performance to optimize profits.
  - Investigate the feasibility of introducing discounts or promotions at strategic times to boost sales.
  - Further analyze competitor pricing strategies and customer preferences to inform new pricing decisions.","Consider adjusting the price more closely to the competitor to increase quantity sold and diversify revenue stream. Simultaneously, explore options for upselling the product to retain a higher profit margin.","- Higher prices may deter potential customers, resulting in decreased sales volume and profits.
  - Competitive pricing can increase the number of customers, but earnings per sale will be reduced.
  - A balanced approach to pricing is crucial to maximize both profitability and customer appeal.","Our higher initial prices have generated more profit in some rounds, but it has not been consistent as lower quantities sold were also recorded. It is essential to understand the market dynamics better and adjust our pricing strategy accordingly to increase sales volume without significantly compromising on the profit margin."
195,2.0,2.0,33.333333333333336,33.333333333333336,33.333333333333336,33.333333333333336,Maintain a flexible pricing structure to stay competitive and respond to market dynamics. Monitor the competitor's prices closely and adjust yours accordingly. Consider lowering the price when trying to regain lost market share or stimulate demand.,"Maintain competitive pricing with variations around 2.0, aiming to consistently match or undercut competitor pricing where feasible, while considering the impact on profit margins and overall business strategy. Continue monitoring competitor's pricing and customer demand trends to adjust strategy as needed.",Price sensitivity exists among consumers. Competitors are actively influencing each other's pricing strategies to gain an advantage in the market through volume sales. Adopting a data-driven approach can reveal actionable insights on effective pricing tactics and help optimize the overall pricing strategy.,"- Pricing significantly impacts sales volume: lower prices lead to higher volume sales (e.g., rounds 102, 97)
- Customers seem sensitive to price differences between similar items: capitalizing on this by lowering prices can drive more unit sales (e.g., round 108)
- Strong brand or customer loyalty with competitor may necessitate strategic pricing decisions (e.g., round 104)"
196,2.0,2.1,37.448694641850196,25.102610716299612,37.448694641850196,27.612871787929574,"- Continue analyzing competitor pricing trends
- Identify times when we can use our competitive edge to maximize profits
- Develop pricing strategies based on product demand and market saturation
- Implement dynamic pricing adjustments in real-time","- Consider adjusting prices slightly above the competitor's rates while staying close to the market average of 2.0.
   - Identify and monitor key factors that influence price elasticity within the market, such as fluctuations in supply and demand or external economic events.
   - Continuously analyze competitor pricing strategies and adjust accordingly.","- Competitor pricing is not a direct determinant of quantity sold
- Market fluctuations cause price oscillation by competitors
- Identifying our competitive edge could unlock opportunities for increased profits","- The market appears to respond better to competitive pricing while maintaining a slight premium compared to the cheapest option.
   - Aggressive pricing like in Rounds 106-108 may lose potential customers by being perceived as too cheap or of lower quality.
   - There seems to be a price floor of 2.0 in this market, with prices below this level failing to generate significant sales (Rounds 99-101)."
197,2.05,2.1,32.89329222889069,26.93074991777377,34.53795684033521,29.62382490955115,"To sustain and improve sales, Competitor 1 should maintain a competitive yet profit-generating pricing strategy. This will require close monitoring of Competitor 2's price adjustments and a willingness to shift the price when necessary. It would also be beneficial to analyze the market demand during periods of price drops (rounds 105-107) to determine whether those lower prices would generate consistent long-term sales or lead to financial losses.","- Monitor competitor pricing strategies to adjust our own.
    - Maintain a competitive pricing strategy while ensuring profitability.
    - Analyze market demand trends and adjust prices accordingly.
    - Consider implementing promotional events or strategies to maintain competitive edge, especially when facing prolonged periods of price parity with the competitor.","The impact of pricing strategy on sales was significant, as shown by the frequent adjustments made by both competitors. It was also evident that equal pricing did not necessarily generate more sales (rounds 98-104). Analyzing market trends during periods of low or no sales (rounds 105-107) could offer insights into potential strategies for improving overall sales.","- Lowering prices too significantly results in low sales numbers due to reduced profit margins ($1.95 and $0.0 price).
    - Aggressive pricing strategies (price reductions) may negatively impact long-term profitability.
    - Maintaining a competitive pricing strategy helps us capture market demand and maintain our presence in the industry."
198,2.0,2.0,33.333333333333336,33.333333333333336,33.333333333333336,33.333333333333336,"Monitor the competitor's pricing strategy, make adjustments based on market trends, and stay competitive without compromising our desired profit margins.","Consider conducting further analysis to identify potential patterns or trends between price points and sales quantities. Additionally, investigate if adjusting the pricing strategy based on specific competitor moves (price drops, etc.) could lead to increased profitability.","The market appears to react positively to lower prices, as indicated by increased quantities sold in such rounds. However, it is essential to maintain a balance between attracting customers and ensuring an acceptable profit margin.","The sales data suggests a complex relationship between price and unit sales. It appears that while a higher price may result in greater profit per item sold, it might also limit the overall number of units sold. Conversely, a lower price can lead to a larger volume of items being sold but generate less profit for each unit. Further investigation is required to fully understand these relationships and the optimal pricing strategy for maximizing sales and profits."
199,2.05,2.07,31.801365065776007,29.356359929626738,33.3914333190648,31.411305124700604,"Implement strategy of tracking competitor's pricing and making calculated adjustments. Pay close attention to successful pricing rounds (higher profit, increased quantity sold) and unsuccessful pricing rounds (lower profit, no change in quantity or even loss of market share).","To succeed in this market, it's crucial to maintain a flexible pricing strategy. Keep close tabs on the competition and adapt prices quickly based on their moves. Monitor market demand and adjust prices accordingly to maximize profits while retaining market presence (i.e., avoiding zero sales). Frequent price adjustments may be necessary to stay competitive, but it's essential not to sacrifice profit margins in the pursuit of increased market share.","Competitor continues to keep market position at 2.0 price point, but there is opportunity for additional profits in some cases by taking advantage of temporary lower competitor prices. Additionally, it appears that a pricing floor may be necessary at certain times to maintain profitability despite lower quantities sold. The data also indicates the need to monitor quantities closely during periods of price adjustment as sudden changes in quantity can impact profit margins significantly (e.g., Round 109).","- Competitors have different strategies with one focusing more on maintaining a lower base price and the other on higher prices with occasional discounts (likely using demand-based pricing).
   - Both competitors seem to monitor each other's moves closely, adjusting prices accordingly to maintain market presence and maximize profits.
   - Price fluctuations can have a significant impact on sales volume, but there doesn't appear to be a clearly optimal pricing strategy as both methods result in substantial sales.
   - Occasional higher-than-usual prices (e.g., Round 107) seem to be aimed at maximizing profit during periods of high demand or limited supply.
   - Frequent price adjustments appear necessary to stay competitive, while maintaining a consistent base price is also important for retaining market presence.
   - The data suggests that a balanced approach, combining flexibility and strategic pricing, is key to succeeding in this market."
200,2.05,2.05,31.042377345300565,31.042377345300565,32.59449621256559,32.59449621256559,"- Monitor competitors' prices closely and identify trends
   - Adjust our pricing strategy based on these observed trends
   - Implement a more aggressive pricing strategy when competition reduces their prices significantly
   - Offer promotions or discounts during periods of low sales to boost demand","Consider adjusting prices dynamically based on competition. Monitor our competitor's pricing strategy and mimic their approach when they are successful in boosting sales, while avoiding extreme price drops that may compromise profitability.","- Maintaining a high price when the competition offers significantly lower prices leads to very low or zero sales (e.g., Round 107) and negatively impacts overall profitability.
   - Lowering our price slightly during some rounds led to increased sales and higher profits (e.g., Rounds 102, 120).
   - It's essential to find the right balance between pricing competitively and not undercutting ourselves too much in order to maximize profit.","Our competitor seems to have a flexible pricing strategy, taking advantage of opportunities to push sales by lowering prices temporarily. This strategy appears to be effective in certain situations but should be carefully monitored for potential impact on overall profit margins."
201,2.05,2.05,31.042377345300565,31.042377345300565,32.59449621256559,32.59449621256559,"- Monitor competitor pricing trends and adjust our prices accordingly
   - Consider implementing promotions or discounts when the competitor overprices their product","The current pricing strategy seems to be working well overall, yielding decent profit and ensuring we remain competitive. However, there could be more room for analysis at specific price points to maximize profits without compromising sales volumes.","- A lower price point can help retain customers, especially in periods of high competition
   - Higher prices can generate more profits when there is reduced competition
   - Be prepared to respond quickly when the competitor changes their pricing strategy","One crucial observation is the significant difference in sales volume when our prices are lower compared to the competitor's. Additionally, it appears that customers tend to prioritize slightly higher price points if no other products offer significantly better value or unique features. Continuous monitoring of competitor pricing and customer preferences will be essential for future strategies."
202,2.05,2.05,31.042377345300565,31.042377345300565,32.59449621256559,32.59449621256559,No plan found.,"To regain and maintain market share, it seems crucial to adjust our pricing strategy and avoid increasing prices excessively. We should analyze competitor strategies more closely, especially in cases where they have no set price (such as Rounds 96-104). Tactically lowering the price may increase sales and strengthen our position in the market.",No insight found.,"In general, lower prices seem to correlate with higher sales volumes. However, it is essential to be mindful of fluctuating competition and adjust pricing strategies accordingly. Monitoring competitor movements can help us better understand optimal pricing decisions for our product in the market."
203,2.05,2.01,29.455830375566624,34.56673715981821,30.92862189434495,34.912404531416385,Maintain a competitive but profitable pricing strategy. Be prepared to adjust prices based on market dynamics. Monitor competitor's movements closely and remain adaptable.,"To capitalize on the price sensitivity of our target market, we should develop a pricing strategy that aims to attract cost-conscious customers without sacrificing profitability. This can be achieved by setting our prices lower than that of our competitors but optimizing them to maximize revenue and maintain acceptable profit margins.","1. Competitor pricing strategies can have a significant impact on sales quantity.
2. Maintaining stability in pricing is key to remaining competitive even amidst price changes by competitors.
3. Adaptability is crucial when navigating through dynamic market conditions.","By monitoring competitor prices and adjusting ours accordingly, we are able to increase sales volumes when demand is high and maintain reasonable profit margins. It is crucial to strike a balance between attracting cost-conscious customers and ensuring adequate profits to maintain business sustainability. The data suggests that there may be potential for further price experimentation to optimize both volume and margin."
204,2.05,2.15,34.58146121575098,23.180646674121864,36.31053427653852,26.65774367524014,"Review the current pricing approach and consider adjusting prices in relation to competitor actions, aiming for a balance between attracting buyers and maintaining profitability. Experiment with dynamic pricing models to adapt more quickly to market changes. Analyze the impact of promotional offers on sales volume and revenue.","Investigate my competitor's marketing strategies in price points where they successfully managed to sell a large number of units (e.g. Rounds 107, 109, and 112). Identify key factors that contributed to their success and consider implementing those tactics when possible.","Pricing should be flexible and responsive to competitor actions, as price plays a major role in product appeal. Dynamic pricing strategies can help account for external factors in real-time and ultimately increase overall income. Promotions may stimulate sales but require careful consideration due to their potential impact on long-term revenue streams.",Competitor's pricing strategy is unpredictable but effective in certain rounds; they have a strong customer base willing to pay premium prices for specific items; it would be beneficial to study their marketing strategies in successful price points to possibly replicate success.
205,1.95,2.05,40.17595785333554,26.9307499177738,38.16715996066876,28.277287413662485,Analyze competitors’ pricing strategies more closely and adjust our pricing accordingly. Keep in mind that we need to be competitive without losing profitability. Identify opportunities for targeted promotions or product bundles to attract new customers.,"In order to increase sales and profit, I should consider lowering my price to attract more customers, focusing on competitive pricing. However, it would be strategic to monitor my competitor's pricing strategies to avoid undercutting them.","At 1.95, we achieved the highest sales volume and profit. In comparison, at higher prices, our sales significantly decreased. We must pay attention to competition pricing but not sacrifice revenue-generating opportunities.","It seems that a higher price does not necessarily equate to greater profits as sales can decrease significantly due to lower demand. Customers appear to be responsive to lower prices, so maintaining a competitive and flexible pricing strategy might lead to increased sales and overall profitability."
206,2.05,104.0,45.01660026875222,3.532506528002425e-176,47.26743028218982,3.6384817238424977e-174,"* Monitor market prices closely to stay competitive and avoid setting a higher price than competitors
* Adjust prices as needed to remain attractive to customers while still maintaining profitability
* Investigate ways to improve product quality to justify offering slightly higher prices when necessary",Adjust the pricing strategy to be competitive with the lowest competitor's price while aiming for the optimal pricing sweet spot identified between rounds 104 and 108.,"* Setting a high initial price may deter potential customers and reduce sales volume
* Price adjustments can help boost sales volume, but finding the right balance is crucial for success
* Quality plays a significant role in customer perception of value and willingness to pay a higher price","It is essential to remain competitive in pricing, but also important not to neglect the impact of reduced unit sales due to a higher price. In rounds 108 to 116, I was able to boost sales by adjusting my pricing strategy accordingly."
207,2.05,2.05,31.042377345300565,31.042377345300565,32.59449621256559,32.59449621256559,"* Maintain consistent pricing strategy for the time being while observing competitor's actions.
   * Monitor sales and profit data closely to ensure financial viability.
   * Consider developing new marketing strategies to counteract a price decrease by the competitor, such as targeted promotions or special offers.","In order to maximize our profits, it seems crucial to consider the price-quantity relationship. Lower prices may attract more customers but will result in lower profit margins per unit sold. To balance this, we might want to focus on increasing efficiency and reducing costs while maintaining a competitive price point (around 2.05 or slightly below).","* Competitor prices may be sensitive to market fluctuations and changes in their own sales strategy.
   * Lowering our price could lead to increased sales volume but may reduce overall profitability.","We've learned that consumers are sensitive to both our price and the competitor's price, and it can significantly affect their purchasing decisions. It seems prudent to be mindful of the competitive landscape and adjust pricing accordingly, while also focusing on maintaining a positive brand image and value proposition to justify higher prices when necessary."
208,2.07,2.05,29.356359929626738,31.801365065776007,31.411305124700604,33.3914333190648,Maintain a slight edge over competitor B by being flexible with pricing while keeping an eye on their reactions.,"- Maintain current pricing strategy (2.05) as it is currently profitable and popular among consumers.
- Keep a close eye on the competitor and adjust pricing if necessary to remain competitive.
- Continuously monitor sales performance, profit margins, and customer feedback to optimize our product's market position.
- Consider increasing advertising budget to boost brand recognition and increase market share if needed in future rounds.","The market is responsive to price changes, allowing both competitors to gain sales depending on who adjusts their prices strategically. It is important to remain adaptable and watchful of competitor actions.","- Pricing has a direct impact on consumer purchasing decisions, with a balance between sales quantity and profit margin being key determinants.
- Competitor dynamics can influence sales patterns, so it's essential to remain flexible with pricing based on the competition's strategies.
- Regular evaluation of market trends and consumer preferences is crucial for staying competitive in the long term.
- Diversifying sales channels or expanding the product line might help generate additional revenue and increase overall market presence."
209,2.05,2.07,31.801365065776007,29.356359929626738,33.3914333190648,31.411305124700604,"- Monitor competitor pricing regularly for potential strategic adjustments.
- Diversify product offerings to cater to different market segments.
- Expand customer base by targeting new regions or demographics.","For immediate pricing adjustments, we can consider raising our prices slightly from current levels to 2.07 (previously found success at this level). However, it might be useful to monitor competitors' price fluctuations and adjust accordingly if the opportunity arises for a more significant increase while still maintaining market competitiveness.","- Lower prices can drive increased sales volume and profitability, while risking a perception of lower quality.
- Competitive pricing is crucial in maintaining market position and attracting buyers.
- Periodic price increases may be necessary to maintain profitability without impacting sales volume and customer base.","Observations of the pricing battle between our product and competitors reveals that customer sensitivity exists and can be exploited in making strategic decisions about pricing strategies. Keeping an eye on competitive movements will be essential to establish and maintain market positioning. Additionally, it appears that finding a balance between maximizing profit and selling volume is critical for long-term success in this market segment."
210,2.05,2.07,31.801365065776007,29.356359929626738,33.3914333190648,31.411305124700604,"- Continue market research to monitor competitor pricing trends and adjust pricing accordingly.
- Develop marketing materials that highlight the unique value proposition of our product to potential customers.
- Collaborate with sales team to develop strategies for highlighting our product’s advantages in negotiations with clients.
- Keep an eye on costs and seek opportunities for cost savings to maintain a competitive pricing strategy.
- Consider offering promotional discounts or package deals to attract new customers and boost sales during slow periods.",Analyze market responses at varying price ranges and examine how the competition reacts. Implement targeted marketing campaigns to emphasize our product's unique competitive advantage in terms of quantity per price.,"- Customers are willing to pay more for a high-quality product with unique features and a strong brand reputation.
- The competitor seems to be adjusting their pricing strategy frequently, likely in response to market conditions or changes in costs.
- Offering promotional discounts or package deals can help attract new customers and boost sales during slow periods.
- It is important to emphasize the benefits of our product over the competition when negotiating with clients.",Incorporating a dynamic pricing strategy that adjusts based on real-time market reactions may result in maximizing profits while staying competitive. It is crucial to monitor competition closely and remain adaptive with our pricing strategy.
211,2.03,2.03,31.97445265196681,31.97445265196681,32.93368623152581,32.93368623152581,"Going forward, we need to carefully consider our pricing strategy. Continuing to be competitive with the current prices may lead to higher sales but with reduced profits due to lower margins. To maximize both sales and profit, it would be beneficial to perform research on potential customers' preferences and price sensitivity. Additionally, it could be wise to analyze the costs associated with production or procuring the products to find a pricing sweet spot that optimizes both our competitiveness and bottom line.","- Monitor market trends and competitor pricing closely, with a particular focus on the price points of 2.05 and 36.0.
   - Adjust our pricing strategy based on the observation that lowering prices slightly may drive increased demand.
   - Explore potential partnerships or collaborations with brands that target a similar customer base in order to expand our reach.","- The market appears to respond well to lower prices, but profitability may suffer.
   - It is crucial to strike a balance between competitivity and maintaining profit margins.
   - Competitors react to changes in pricing, so it's essential to monitor their movements.
   - Researching customer preferences and price sensitivity can aid in determining an optimal pricing strategy.
   - Analyzing production or procurement costs is fundamental in identifying the ideal pricing sweet spot for maximizing sales and profits.","- Customer preference of our products at around 2.05, evidenced by high quantity sold at this price point.
   - Competitors may be intentionally manipulating their highest recorded sale as a pricing strategy tactic to drive demand (or it could simply be an anomaly).
   - Monitoring market trends and staying competitive with pricing will contribute to long-term success and revenue growth."
212,2.07,2.07,30.09211365404399,30.09211365404399,32.19856160982707,32.19856160982707,"Price flexibility seems to be key in maximizing sales volumes. Consider implementing a dynamic pricing strategy, adjusting prices based on market competition, demand fluctuations, and other relevant factors. Regularly review and adjust pricing strategy as necessary to optimize profits while maintaining competitiveness.","Experiment with strategic pricing that remains slightly above the competition's average while being responsive to changes in the market (specifically when the competitor lowers its price drastically). If our prices are significantly different, try lowering our price momentarily to increase sales volume, but then gradually raise the price and maintain it at a competitive level.","The price-sensitive nature of the market is evident from the sales volumes displayed. Lowering prices can lead to increased sales but may impact profit margins negatively, especially when competitors offer similar prices. Conversely, setting too high a price reduces the appeal of the product and leads to lower sales volumes.","Consumers may be enticed by a slightly higher priced product if they perceive it as a premium or higher quality item. Lower prices can also drive increased sales volume when market conditions permit, but this approach should be used judiciously to avoid devaluing the brand."
213,2.05,2.05,31.042377345300565,31.042377345300565,32.59449621256559,32.59449621256559,"Consider implementing a dynamic pricing strategy, adjusting my price based on external factors such as demand, competition, and costs. Additionally, I should continually monitor market trends and customer responses to pricing changes.","It's recommended to keep the pricing competitive while keeping an eye on the effects on market share and profit margin. Aim for prices slightly above 2.05 when possible, but adjust based on competitor moves to maintain a slight advantage.","Lowering the price can lead to an increase in sales but may not necessarily translate into higher profits due to the law of diminishing marginal returns. Raising the price results in fewer sales, but higher profit per unit. Finding a balance between the two could optimize overall profits.","Pricing fluctuations greatly impact sales figures—lower prices can boost quantity sold quickly, while higher prices may help preserve profit margins over time. Additionally, the market seems sensitive to price changes made by both yourself and your competitor."
214,2.07,2.05,29.356359929626738,31.801365065776007,31.411305124700604,33.3914333190648,"Continue pricing at the same range as competitors, focusing on maintaining a competitive edge while staying close to your target demographic's budget.",Consider pricing strategies that balance profitability with market competitiveness. Pay attention to the competitor's price fluctuations and adapt the product's price accordingly while ensuring a reasonable margin. Regularly review performance based on both quantity sold and profits gained.,"The market responds favorably to prices within 2.0 - 2.15 with slight preferences toward rounded numbers (e.g., 2.0 or 2.10). It is essential to strike a balance between keeping costs reasonable for customers while staying competitive against the other product in the market.","The data suggests that pricing too low compared to the competitor might lead to missing out on potential profits. However, charging too high can also result in reduced sales volume. It's essential to find a balance between these two factors while staying aware of the competitor's actions and consumer preferences."
215,2.05,2.05,31.042377345300565,31.042377345300565,32.59449621256559,32.59449621256559,"In light of the observed trends, it would be prudent to adjust our pricing strategy to balance lower prices with periods of higher demand to maximize both unit sales and overall profit. This may involve closely monitoring competitors' moves and staying agile in our approach.","```
Maintain a flexible and competitive pricing strategy, ensuring our price remains lower than or closely follows the competitor's. Regularly analyze data and adjust pricing accordingly to optimize sales volume.
```","Our current price seems to have a correlation with the quantity sold, with lower prices resulting in increased unit sales. This suggests that setting competitive pricing strategies could help capture more of the market share. Additionally, it is crucial to understand that even though higher prices mean fewer sales, it may still be profitable if the quantities sold are high enough.","```
The market exhibits sensitivity to price variations; as a result, maintaining a competitive pricing strategy is essential in increasing our sales volume. It was observed that a sharp decrease in price led to a larger increase in quantity sold compared to smaller adjustments, suggesting potential for short-term, strategic price drops. However, it appears there may be a ceiling on the maximum quantity that can be sold at present market conditions, around 31-32 units.
```"
216,2.05,2.03,30.260025984353618,32.780294816358484,31.77302728357129,33.76370366084923,"- Monitor competitor pricing trends and be prepared to adjust prices accordingly to remain competitive while minimizing potential price wars.
    - Continuously analyze sales data to determine optimal pricing strategies for maximizing profits per round.","- Conduct further analysis on pricing trends to identify patterns and optimal price points for the product.
- Investigate if there are any external factors influencing the demand (e.g., holidays, promotions etc.) that could be exploited in our favor.","- Adjusting our prices dynamically based on competitor actions may help secure more market share without compromising profitability.
    - Consider offering periodic promotions or discounts to counteract price increases by the competition and maintain a competitive edge in certain rounds.","- Lower prices result in higher buyer quantities for the product, indicating an opportunity to capitalize on buyer sensitivity towards price reductions.
- Seasonality may play a limited role in demand for this product; however, more research is needed to identify any potential opportunities during periods of lower or higher demand."
217,2.07,2.07,30.09211365404399,30.09211365404399,32.19856160982707,32.19856160982707,"- Maintain a competitive pricing strategy with some adjustments to maintain the premium image
   - Monitor market trends and competitor actions closely
   - Analyze customer feedback to identify opportunities for price adjustments that lead to increased customer satisfaction and loyalty
   - Use promotions and discounts strategically to incentivize sales during specific periods or product launches","Analyze the relationship overtime between price and the number of units sold, to develop an informed pricing strategy.","- Lower prices generally lead to higher sales volumes but may impact profit margins
   - Price adjustments should be data-driven based on market trends, competitor actions, and customer feedback
   - Understanding the optimal balance between price and volume is crucial in driving profitability
   - Maintaining a premium position in the market can help build brand loyalty and enhance perceived value","Preliminary review of data suggests that while a lower price can result in higher sales, there are scenarios where a higher price still leads to profitable outcomes (e.g. rounds 90-105). Additionally, the number of units sold seems correlated with price, but further analysis is needed to accurately gauge this relationship."
218,2.05,2.05,31.042377345300565,31.042377345300565,32.59449621256559,32.59449621256559,"```
Strategies for pricing fluctuations:
- Monitor competitors' prices closely and adjust accordingly
  (e.g., raise price if competitor increases it or lower price if they decrease it)
- Maintain a consistent average price while also offering occasional discounts to boost sales
- Keep an eye on sales trends and customer feedback to better understand market demand
```","- Analyze and track previous pricing performances to identify long-term patterns.
- Implement a strategy of lowering prices slightly during periods of increased competitor's price.
- Explore demand forecasting methods to predict sales in advance.","```
Insights gained from pricing performance:
- Lower prices seem to drive higher quantity sold, but at the risk of lower profit per unit
- Maintaining a consistent price can result in steady sales and profits, given an average market demand
- It's crucial to stay attentive to competitor actions and adjust our pricing strategy accordingly to better compete for market share
```","- There is potential for increasing sales through strategic pricing, taking advantage of competitor's higher prices.
- Maintaining a balance between high and low pricing can generate substantial profits while still appealing to a wide customer base.
- Further studies on demand forecasting techniques could lead to improved pricing decisions based on predicted sales."
219,2.03,2.03,31.97445265196681,31.97445265196681,32.93368623152581,32.93368623152581,"- Continue monitoring changes in the market and competitor pricing strategy
   - Consider implementing a more dynamic pricing approach, potentially using machine learning to predict demand and adjust prices accordingly
   - Explore potential partnerships or collaborations with other brands in the industry to increase bargaining power and better compete against the competition","- Monitor competitor's pricing strategy closely and adjust prices accordingly to remain competitive, while maintaining profit margins.
   - Consider implementing a dynamic pricing strategy that allows for quick reactions to changes in the market. This could potentially give us an edge over competitors who may be slower to respond to price fluctuations.
   - Continue analyzing sales data to determine if there are specific price brackets that result in higher quantities sold. Focus on optimizing prices within those brackets.","- There is a competitive market for this product, with multiple players offering similar solutions
   - Customers seem to be sensitive to price changes, as demonstrated by fluctuations in demand when prices are altered
   - Collaborating with other industry brands could potentially lead to increased bargaining power and more effective competition against the current market leaders.","- Our product appears to hold competitive value, as indicated by increased quantity sold when our competitor's price is comparatively higher.
   - The fluctuations in the market suggest that a dynamic pricing strategy may prove beneficial for staying ahead of competitors and maximizing profit potential.
   - It is crucial to be mindful of not compromising profit margins while responding to competitor pricing changes."
220,2.04,2.07,32.675132994525455,28.98024322529574,33.982138314306475,31.008860251066437,"To remain competitive, it might be beneficial to adjust our prices slightly downwards in line with the competitor's trends. However, we should maintain profit margins to ensure our financial stability and product quality. It would also be wise to reevaluate our marketing strategy to increase brand recognition and customer loyalty, helping us retain our current customer base while gaining new ones.","To maintain sales volume while minimizing competition and optimizing profitability, I propose reviewing and potentially adjusting the product branding, emphasizing unique selling points and leveraging customer feedback to refine our messaging. Additionally, exploring partnerships with complementary products or services could help increase market reach and attract new customers.","Competitor pricing seems to be more reactive than proactive, indicating possible market pressure or low margins. If we are able to maintain a balance between being competitively priced and ensuring profitability, it could help stabilize our market position and potentially attract new customers. It is also important to note the fluctuation in customer demand as we adjust our pricing strategy.","It is essential to monitor competitor reactions to any pricing adjustments closely since they also appear to be sensitive to changes in the market. Continuous analysis of sales data, customer feedback, and market trends will help determine whether our current strategy should be maintained or refined further."
221,2.05,2.05,31.042377345300565,31.042377345300565,32.59449621256559,32.59449621256559,Consider adopting a flexible pricing strategy that allows for adjustments based on current market competition and desired profit margins. Maintain awareness of competitors' pricing strategies while keeping an eye on the quantity and profitability at various price points.,Maintain prices slightly higher than competitor's but within a reasonable range to balance sales volume and profit. Keep monitoring the data closely to ensure price elasticity does not become too high.,"Price sensitive consumers may be willing to purchase when prices are lowered (e.g., round 123), but it is crucial to ensure that the overall average price still supports desired profits. Additionally, raising the price slightly can result in increased sales when there is less competition at a higher price point (e.g., rounds 136, 144).","Customers are sensitive to price changes, with even small differences in prices leading to significant variations in sales volumes. Price elasticity appears to be moderately high, but with careful monitoring and appropriate pricing strategy adjustments, it can be managed effectively. Consider conducting customer surveys or focus groups to better understand their sensitivity to price changes."
222,2.03,2.05,32.780294816358484,30.260025984353618,33.76370366084923,31.77302728357129,Keep track of competitor's prices and our own sales to identify potential trends in the market. Stay flexible and adapt prices accordingly while still maintaining profitability.,"I will need to carefully consider my pricing strategy moving forward. Given that selling more units at a lower profit per unit might lead to higher overall profits in the long run, I could experiment with reducing my prices slightly while keeping an eye on my competitor's actions. It would also be wise to analyze trends over longer periods to understand if and when customers tend to shift their purchasing behavior.","Despite a slight correlation between price and quantity sold, there appear to be various outliers that do not fit the trend such as Rounds 87 and 139. These suggest the market may have unpredictable factors at play affecting sales. Understand these factors to better navigate pricing decisions in the future.","Based on this data, it appears that customers respond more positively to lower prices, leading to increased quantity sold. This could indicate a price-sensitive market overall. It's also interesting to note that my competitor has successfully capitalized on this price sensitivity by constantly adjusting their pricing strategy. This insight should be considered when forming future pricing decisions."
223,2.05,2.0,29.04607870701908,35.476960646490454,30.49838264237003,35.476960646490454,"Flexible pricing strategy that considers both high and low price points based on market dynamics and competitive analysis
Continuously monitor the market to identify trends and opportunities for price adjustments
Consider implementing occasional promotional offers or discounts to drive sales while maintaining profitability","- Continue to monitor competitor's pricing strategies and adjust accordingly.
   - Monitor demand sensitively to determine appropriate pricing level without undervaluing the product.
   - Experiment with strategic price increases to gauge customer responsiveness, but be cautious not to cause a significant drop in sales.","Price fluctuations do not necessarily result in predictable sales patterns
Slight changes in pricing have led to noticeable variations in quantity sold, suggesting the need for a dynamic pricing approach
It might be beneficial to reconsider our current pricing strategy and explore more flexible options that take into account market conditions and competitor movements.","- Customers are generally sensitive to price changes and respond positively when the seller's price is lower than the competitor (e.g., rounds 124 and 137).
   - A price floor may exist below which increasing the price further does not yield significantly more sales. This can help the seller avoid underselling their product (rounds 130, 133).
   - Strategic price reductions can be effective in increasing sales when used sparingly and judiciously (e.g., round 125)."
224,2.1,2.05,26.93074991777377,32.89329222889069,29.62382490955115,34.53795684033521,"* Maintain a slight premium over competition and round prices up to make them easier to understand ($2.xx)
* Keep an eye on customer reactions and sales volume following price adjustments, as some recent changes have led to increased sales
* Monitor competitor pricing and make strategic adjustments to maintain market share",Consider pricing the product competitively to attract more customers without affecting quality perception. Review average market prices often and adjust accordingly.,"* Lower prices generally lead to increased sales, so occasionally testing lower prices could yield positive results
* It may be beneficial to offer promotions or discounts in order to encourage additional sales when necessary
* Pay attention to customer feedback and overall market trends to inform future pricing decisions","Observed that demand shifts depending on price point, with a slight preference towards higher prices. However, higher prices also come with a risk of losing potential customers due to perceived high cost. Need to balance price competitiveness with maintaining perceived value."
225,2.05,2.0,29.04607870701908,35.476960646490454,30.49838264237003,35.476960646490454,"Maintain or slightly adjust the price to be competitive with the current market rate, while attempting to differentiate through other factors such as quality, customer service, or additional features. Continuously monitor and analyze competitor prices and adjust pricing strategy accordingly.","Target slight price decreases in the next pricing rounds, aiming to retain market share and achieve a higher sales volume while monitoring the impact on overall profit margin.","Maintaining a competitive price appears effective in maintaining sales volume. It is crucial to keep an eye on the competitor's pricing strategy and make adjustments as needed. Additionally, offering value-added services or enhancing product quality could be potential differentiators. In future pricing decisions, consider balancing short-term revenue gains with long-term market share growth and customer retention goals.","The sensitivity of customers to price changes impacts both sales volume and profit margin. Optimizing our strategy by maintaining a moderate priced item may yield a better balance between the two factors, providing insights on pricing effectiveness in competitive markets."
226,2.05,2.05,31.042377345300565,31.042377345300565,32.59449621256559,32.59449621256559,"In future pricing decisions, I recommend keeping a close eye on competitor prices but maintaining somewhat competitive advantages through occasional price increases when possible. Aim to find a balance between offering a low enough price to be attractive yet high enough to maintain profits.","- Continue implementing dynamic pricing strategies based on historical data
   - Monitor competitor's prices and adjust accordingly
   - Focus on maintaining a high-quality product to justify higher prices","Some key takeaways from this data are that customers seem to respond positively to lower prices, but not always; sometimes they will pay more when the competitor's price is significantly higher. Adjusting the price slightly lower or higher than the competitor can be an effective strategy, depending on their offerings at that particular moment. Continuously monitoring competitors' actions and adjusting pricing accordingly seems to be the most suitable approach.","- Consumers are sensitive to changes in price, even subtle ones
   - A balance must be found between profitability and market demand to maximize sales
   - Competitor analysis is crucial for effective pricing strategies"
227,2.05,2.05,31.042377345300565,31.042377345300565,32.59449621256559,32.59449621256559,Consider monitoring competitor price changes and adjusting prices accordingly to ensure competitive advantage while maintaining profitability. Implement a system for tracking sales at different price points to better understand optimal pricing ranges. Test different pricing strategies through A/B testing or other methods to explore potential price sensitivity of customers.,"- Revisit pricing strategies: Consider implementing a more structured approach that takes into account factors such as cost, competition, market demand, and profit goals.
    - Analyze historical data to identify trends and correlations between price changes and sales volume/profit.
    - Develop key performance indicators (KPIs) for tracking progress in pricing adjustments and overall business performance.","- Our business operates in a moderately competitive market, with both lower and higher priced competitors nearby.
- Our sales fluctuate drastically when our prices deviate too much from average competitor pricing, indicating that our customers are price sensitive.
- The optimal pricing range for profit maximization lies between ~2.03 and 2.07, however there may exist other pricing strategies to explore further.","- Prices are highly variable, with wide swings both upwards and downwards. This indicates a lack of consistency in the seller's pricing strategy over time.
    - Lower prices typically result in increased sales volume but lower individual profit per unit sold. Higher prices lead to reduced sales volume but increased earnings on each sale made.
    - Competitors' pricing appears to influence the seller's own pricing decisions, but their impact may not be immediate or consistent."
228,2.04,2.05,31.905047412448294,30.6540326095345,33.18124930894623,32.18673424001122,"To maintain a dominant market position and maximize profits in the next pricing round, I recommend the subject should closely observe the competitor's movements and aim to offer a slightly lower price while keeping quality consistent with that of the product. The objective here is not only to beat the competition on price but also to sustain value perception in the customer's minds.","Adjust the price based on competitor's actions, aim to maintain a slight edge over them while maximizing overall revenue. Consider using a pricing strategy that takes into account their moves and offers flexibility when demand is high.","1. Competitor often sets higher prices and occasionally undercuts the subject, indicating that they may have lower production costs or less stringent profit margins.
2. Prices are more likely to decrease when there is excess demand, suggesting a potential opportunity to raise prices during periods of lower supply.
3. The competitor seems to be sensitive to small fluctuations in their own pricing strategy and appears eager to regain the lead when the subject slightly undercuts them.","The data clearly shows that demand is sensitive to price changes in both directions, but customers are willing to pay more if the perceived value is high. Monitoring competitor behavior and staying agile with pricing can help maximize revenue while maintaining a competitive edge."
229,2.07,2.03,28.598877910665756,33.56109412633382,30.600799364412353,34.56792695012383,"```makefile
Adjust pricing strategy dynamically according to competitor's moves, balancing market demand and profit margins.
Monitor the fluctuations in competitors' prices more closely to predict potential shifts in strategy.
Consider implementing occasional slight price increases to test reaction from competition and market.
```",Plan for next pricing round involves setting a competitive price that is lower than the current competitor's price but not so low as to substantially reduce the profit margin. This strategy aims to draw more customers towards my product by appealing to their cost-sensitivity while ensuring sustainable profits.,"```makefile
The competitive environment appears somewhat volatile based on frequent price adjustments.
The observed trend suggests that pricing slightly above the current competitor’s offering may lead to increased sales, but could also impact profit margins.
Further research is needed to understand if customers are more sensitive to price changes in this market segment.
```","The data clearly shows that adjusting the price can significantly impact the total sales volume, with a lower price generally driving higher sales but potentially lower profit margins. Additionally, there is evidence of consumer sensitivity to cost, which indicates that offering a competitive yet attractive price point could appeal to cost-conscious consumers and thus boost sales."
230,2.03,2.05,32.780294816358484,30.260025984353618,33.76370366084923,31.77302728357129,"- Analyze historical data to identify pricing strategies that maximize sales and profit.
- Implement dynamic or flexible pricing based on market conditions and competitor actions.
- Monitor the impact of pricing changes on the quantity sold, revenue, and market share.
- Regularly reassess our competitive position and adjust pricing accordingly to capitalize on opportunities or counter potential threats.","Given the trend observed, it may be strategic to adjust our price slightly downwards to maintain competitiveness and encourage more sales when the competitor's price is higher by $0.10 or more. However, it's important we monitor this closely and consider raising our price when there seems to be an opportunity to do so and still maintain steady sales volume.","- There seems to be a higher demand for the product at lower price ranges when compared to the competitor prices (e.g., rounds 136, 154, and 150).
- Price elasticity appears to be relatively high, as changes in price can have a significant impact on the quantity sold (e.g., rounds 133 and 145).
- The sales data suggests some pricing thresholds where demand increases significantly (e.g., around $2.03 – $2.07).
- It appears that our competitor adjusts their price slightly more frequently, indicating they may be actively responding to market dynamics or consumer behavior trends.
- An analysis of the revenue and profit over time can provide valuable insights to inform the strategic pricing decision (e.g., identifying periods where a higher price might be justified due to a higher margin).","The fact that the overall sales volumes remain consistent despite slight pricing fluctuations suggests a loyal customer base or market demand that is not greatly affected by small price adjustments. It is yet unclear, though, whether there's room to increase sales volume further by strategically altering our price more frequently in line with competitor movements without causing significant impact on overall profit margins. This will need to be investigated further."
231,2.05,35.0,45.01660026875222,2.590359124670057e-56,47.26743028218982,8.807221023878193e-55,Keep a close eye on the competitor's pricing strategy and adapt my prices accordingly to gain a competitive edge in terms of unit sales while maintaining profit margins. Consider exploring promotions or pricing discounts to entice potential buyers when appropriate.,"Consider implementing a dynamic pricing strategy that adjusts based on consumer demand. This would involve lowering prices when facing high competition or increased demand, aiming to attract new customers while maintaining a profitable revenue stream. Conversely, increase the price when the product is in low demand or faces minimal competition to maximize profits.","Lowering the price to match or slightly undershoot the competitor's price consistently results in increased unit sales and may warrant a review of long-term competitive pricing strategies. It is important to consider maintaining healthy profit margins while ensuring a high volume of sales, as evidenced by the strong correlation between lower prices and sales increase.","As observed previously, lower prices do not necessarily translate into higher profits. It might be beneficial to test different price points to find an optimal balance between profit and quantity sold. Additionally, understanding market trends, competitors' strategies, and consumer behavior will help adapt the pricing strategy appropriately in response to changing conditions."
232,2.05,2.0,29.04607870701908,35.476960646490454,30.49838264237003,35.476960646490454,"- Aim to set prices higher than the competition when possible, but not so high that the number of units sold drops significantly.
   - Implement small adjustments on a regular basis to test how changes in pricing impact sales volume and profit.
   - Monitor the performance of similar products in the market to identify trends and make data-driven decisions about pricing strategy.",Evaluate price points that result in profitable yet competitive sales volumes while keeping an eye on market trends and competitor's actions.,"- Adjusting price slightly upwards can increase unit sales within a range.
   - Regularly tracking the competition's prices is crucial to maintain competitiveness in the market.
   - Identifying the perfect balance between price and quantity sold will depend on various factors such as product demand, production costs, and market trends.","Aggressive pricing may lead to higher sales volumes, but it might not always guarantee higher profits compared to the competitor's pricing strategy. Finding a balance between price and profit margins is crucial to remain competitive in the market. Market trends have shown that a slight competitive edge in pricing can attract customers while maintaining overall profitability."
233,2.05,2.08,32.17168670388107,28.53372642133374,33.78027103907512,30.81642453504044,"Consider implementing a dynamic pricing strategy that takes both historical sales data and competitor price changes into account. This approach would allow the product to remain competitive while maximizing profits, adapting prices based on market conditions.","Moving forward, I will maintain a nimble pricing strategy that responds quickly to both my own performance and the competitor's pricing adjustments. By carefully analyzing market dynamics and understanding our relative strengths, I aim to exploit opportunities for further market share growth.

I will continue to price my product slightly lower than the competitor in periods where I perceive market weakness or when I can justify a higher value proposition. Moreover, I will increase prices strategically in times of greater demand and customer willingness to pay higher premiums.","The interaction between product pricing, quantity sold, and profit earned demonstrates a delicate balance that businesses must consider when setting product prices. Understanding the impact of various price points on sales and profits can yield valuable insights into pricing strategies and overall business performance. It is essential to track pricing trends, competitor moves, and customer behavior to develop effective and adaptable pricing policies.","Observing these pricing moves over time reveals that the competitor seems to have a slight aversion to losing market share, as demonstrated by their reluctance to lower prices during periods of intense competition. This offers an opportunity to capitalize on short-term price differentials and gradually chip away at their overall market presence.

It is additionally worth noting that there is a trade-off between quicker, more frequent pricing adjustments and the potential loss of consumer trust due to perceived instability. Balancing these two considerations will be crucial in achieving long-term success."
234,2.05,2.05,31.042377345300565,31.042377345300565,32.59449621256559,32.59449621256559,Adjusting our pricing strategy to maintain a slight edge over the competition by being reactive to their changes while ensuring we don't lose significant market share.,"Develop a price strategy that adjusts the price based on market demand, starting at $2.15 and gradually lowering it if necessary to boost sales without significantly impacting profits.","The competitor is aggressive with constant price adjustments, but they seem to stick within a certain range. Our potential for increased profit may lie in finding opportunities where we can increase our pricing without jeopardizing our market position. Additionally, it's crucial to monitor the impact of competitor actions on overall sales volume and revenue.","Lowering the price to $2.05 attracts more customers and increases quantity sold, but further investigation is needed into how this pricing level impacts overall profitability and whether it can be sustained long-term. The competitor's consistent sales at around 30-35 units per round suggest a stable market demand for the product."
235,2.01,2.0,32.45044806115624,33.77477596942188,32.774952541767796,33.77477596942188,"- Continue monitoring competitor's price movements and make adjustments as necessary to stay competitive.
   - Increase market research to better understand consumer preferences and expected price ranges for the product.
   - Consider offering discounts, limited-time promotions, or bundle deals to attract customers during periods of high competitor price increases.","- Maintain competitive pricing within 0.1 of the lowest stable price point (2.0) but try to slightly undercut it when feasible to capture more market share.
   - Monitor and react quickly to any temporary deviations in competitor's price, aiming to capitalize on any short-term advantages.
   - Regularly assess our cost structure for potential savings or ways to increase efficiency, allowing us to reduce our own prices without compromising profit margins.","- Lowering our prices slightly results in a significant increase in sales (as seen in rounds 134 to 140).
   - Increasing prices slightly can also lead to increased sales (as seen in round 137). Slight price increases should be done cautiously and monitored closely.
   - The competitor's price tends to be higher than ours on average, but they are able to maintain sales through fluctuating their price within the range of 2.01 to 2.15.","- Competitor pricing seems responsive to short-term fluctuations in market demand and competitor strategy, making it important to closely monitor the market and adjust pricing accordingly.
   - A minor price reduction can lead to significantly increased market share, indicating sensitivity of consumers to slight affordability differences between similar products.
   - Pricing dynamics appear cyclical, with competitor price points converging over time before diverging due to short-term strategies or adjustments."
236,2.1,2.07,27.629487637409035,31.15216032193,30.39243640114994,33.332811544465095,"Keep a close eye on competitor's pricing strategies, be ready to adjust prices swiftly to maintain a competitive edge. Adapt pricing based on consumer demand while ensuring profitability remains viable. Invest in marketing efforts to capture a larger share of the market when it is advantageous to do so.","To increase sales and maintain a competitive edge, it is crucial that we monitor our competitor's actions closely. Adjust and optimize our pricing strategy to capitalize on price differences with similar quantities sold. Focus on delivering quality products and consistent customer service to retain existing customers while attracting new ones.","Lower prices can lead to increased quantity sold, but may not always result in the highest profit margin. Be cautious about lowering prices excessively or too frequently; consider the potential impact on brand image and long-term profits. High price points can sometimes be successful when used strategically, such as during periods of high consumer demand or intense competition from other players in the market.","The market is quite dynamic, with prices fluctuating between 1.95 to 2.10 and the sales volume corresponding accordingly. The key takeaway is to have a flexible pricing strategy that can adapt swiftly to market changes while maintaining profitability. Factors such as reputation, quality, customer experience, and timeliness in responding to market fluctuations will all play essential roles in determining our competitive position."
237,2.0,2.04,35.06134592051757,29.87730815896486,35.06134592051757,31.072400485323453,"Monitor competitors' prices closely and adjust mine while keeping an eye on target audience preferences, striving always to offer the best value for money without compromising profit margins. Periodically analyze consumer feedback and consider offering promotions or discounts to attract more customers.",Maintain our pricing strategy of slightly undercutting the competition during pricing rounds to boost sales and maintain our market presence. Regularly analyze this trend for any fluctuations or changes in competitor behavior.,Identified that a consistent yet competitive pricing strategy is crucial in this market. Competitor's price reductions to boost demand indicate the need for continuous monitoring and quick response. Consumer feedback will be essential in maintaining a competitive advantage by offering the best value for money.,"The data suggests that a pricing strategy based on undercutting the competition can lead to increased sales, but it is essential to keep analyzing the performance of both businesses as the market conditions may change over time. It's also worth monitoring our competitors for potential changes in their pricing or market presence strategies."
238,2.05,2.05,31.042377345300565,31.042377345300565,32.59449621256559,32.59449621256559,"- Focus on monitoring competitor's pricing strategy more closely and predicting potential adjustments.
   - Continue analyzing sales data to assess demand sensitivity and optimize price points accordingly.
   - Investigate potential opportunities to differentiate our product offerings from the competitor (e.g., superior quality, additional features) and use these advantages to justify premium pricing.",Strategize pricing adjustments based on competition and volume potential. Aim to maintain a profitable margin while maximizing sales volume.,"- Dynamic pricing is crucial to maintaining a profitable position in this market.
   - Our competitor seems to be sensitive to our price changes and responds accordingly, creating a competitive relationship.
   - The market environment appears to be demanding, with a continuous battle for market share and profits.
   - By setting prices that take into account both demand sensitivity and the competitor's strategic moves, we can potentially gain an advantage over them.","Price reduction increases sales volume, but profit margins may be sacrificed. It is essential to find the right balance between price and volume to maximize overall revenue."
239,2.0,2.0,33.333333333333336,33.333333333333336,33.333333333333336,33.333333333333336,"Consider adjusting the current price point downwards in an effort to increase sales without compromising profitability. Additionally, monitor other factors such as promotions and competitors' pricing strategies to determine their influence on sales volume.",Implement strategies to consistently monitor and respond effectively to market sensitivity towards price changes. Continuously track sales data to ensure competitive pricing.,"Adjusting the price to a lower point may result in increased sales, but it is important to consider the potential impact on profit margins. The data shows a higher propensity for buyers preferring lower price points. Monitor competitor actions and be cautious not to sacrifice too much profit in the name of increased sales.","Market is price-sensitive, with customers gravitating towards lower prices when given the choice. There are opportunities to increase sales by aligning our own price more closely with the lower competitor's price at strategic times."
240,2.1,2.05,26.93074991777377,32.89329222889069,29.62382490955115,34.53795684033521,"Analyze competitor pricing and sales trends more closely. Consider testing price increases with the intention of achieving greater profit margins, while maintaining competitive market positioning.",Develop a pricing strategy that takes into account competitor's actions while ensuring our product offers sufficient value to justify the price. Monitor sales closely to evaluate the effectiveness of our strategy and make adjustments as necessary.,"Our current strategy of slightly underpricing competitors appears to maintain steady sales volume. However, continuous monitoring of the market is crucial to ensure we are neither leaving potential profits on the table nor alienating customers by appearing too expensive.","Our pricing seems to be responsive to competition's actions, but with a focus on maximizing profit. It is important to keep an eye on market trends and customer preferences to optimize our pricing further. Additionally, it appears that both businesses are sensitive to changes in their selling price, showing that they value each sale and revenue generation."
241,2.05,2.1,32.89329222889069,26.93074991777377,34.53795684033521,29.62382490955115,"To effectively compete in this market, we should continue to monitor competitor pricing frequently and adjust our own pricing based on changes in their strategy. We might also consider offering promotions or discounts during periods when the competition raises their prices significantly.","Pricing strategy will need to remain adaptable, with continued monitoring of competitor moves and changes in demand over time. Periodic adjustments based on market analysis will help maximize profits while maintaining a competitive edge.","The unstable competitive landscape suggests that customers are price-sensitive, with price being a significant factor in purchasing decisions. Additionally, it seems that our target market may comprise more budget-conscious consumers given the recurring low pricing from our competitor. It's essential to focus on value creation in other areas, such as quality or service.","The provided market data shows that there is elasticity in demand at various price points, suggesting that customers' purchasing decisions can be somewhat influenced by pricing changes (though the impact may not be consistent or linear). Additionally, the market seems to have room for products with slightly higher prices (above 2.0) if sold competitively, as evidenced by occasions where a relatively higher price resulted in more units being sold than at lower prices."
242,2.15,1.95,19.81116108674971,44.09054983951879,22.782835249762165,41.88602234754285,"To remain competitive and potentially capture more market share, it would be prudent to consider lowering our price by a slightly smaller margin when adjusting it, aiming to maintain a minimal price difference with the competitor. Additionally, explore possible ways to enhance our offering through improved quality or additional features to better justify our pricing strategy.","To improve sales volume, consider adjusting our price strategy to slightly undercut the competitor's price. This could potentially attract more customers and increase our market presence.","The data highlights the importance of monitoring the competitor's moves and responding strategically to their price adjustments. It also shows that customers seem to respond positively to lower prices, but maintaining a healthy margin is vital for long-term success and profitability.",Our competitive advantage can lie in offering a higher volume of product at a competitive price point. It is crucial to monitor the effect of pricing adjustments on both profits and sales volumes.
243,2.1,2.05,26.93074991777377,32.89329222889069,29.62382490955115,34.53795684033521,Evaluate the potential benefits of adjusting our pricing strategy based on the competitor's fluctuations and identify an optimal price range to maximize both consumer preference and profit margins.,Consider maintaining our price similar to the competitor or slightly lower at specific instances where demand appears higher. Monitor customer reaction closely to adjust prices accordingly.,"By maintaining a consistent price, we have been able to maintain or exceed our competitor's sales volume consistently. Potential for higher profit margins can be achieved by strategically adjusting the pricing based on the competitor's moves while taking care not to lose consumer preference or market positioning.",High demand observed when our product is priced lower compared to the competitor in most instances. Further research needed on potential customer perception of cost vs quality differences between our product and the competitor's. Keep close watch on market trends and changes in customer preferences moving forward.
244,2.05,2.1,32.89329222889069,26.93074991777377,34.53795684033521,29.62382490955115,"* Maintain a lower price point to discourage direct competition (around 2.0).
    * Monitor competitor pricing and adjust the selling price as necessary based on changes in competitor prices.
    * Consider offering promotions (e.g., temporary discounts) or improved product features during periods of intensified competition to increase appeal to customers.","- Monitor competitor's pricing strategy closely and adapt accordingly
   - Analyze profit margins at various pricing levels to determine optimal pricing
   - Consider potential impact of pricing decisions on market share
   - Test price increases at different intervals to gauge customer response and competition reactions","* Lower-priced competitors present a potential risk to sales volume, particularly when their prices are significantly lower than the seller's price (e.g., around 2.05 and 2.1).
    * Offering a slightly higher price (up to 2.15) may help attract customers who prefer products with slightly better quality or unique features.
    * A steady pricing strategy, combined with diligent monitoring of competitor pricing, has resulted in relatively consistent sales volume for the seller. However, increasing competition from low-priced competitors could potentially lead to a reduction in sales volume.","- Competitor seems more aggressive in price adjustments, suggesting an attempt to seize market share
   - It is possible that my business could lose market share by maintaining a lower price compared to the competitor over extended periods
   - A higher price may lead to higher profit margins and better financial performance for our business, but it should be carefully considered due to potential customer loss
   - In order to remain competitive, it is essential to closely monitor and adapt pricing strategies in response to the competitor's actions."
245,2.05,2.0,29.04607870701908,35.476960646490454,30.49838264237003,35.476960646490454,"To stay competitive within this market, it is crucial to closely monitor our competitors' prices and adjust ours accordingly to maintain a pricing strategy that encourages sales while maximizing profits. One approach could be to lower the price temporarily in response to increased competition or to boost demand during slow periods. However, it is important to ensure the price remains above the bottom end of the range (1.98) to avoid undervaluing our product.","In light of the competitor's pricing strategy, it might be wise to closely monitor their price adjustments and respond accordingly. If they continue undercutting us, we should consider lowering our own price slightly while emphasizing the value of our product over theirs through marketing efforts. Additionally, we should review the cost structure of our production process with an eye toward identifying any expenses that could be reduced to maintain profitability with a Lower Margins strategy.","Pricing sensitivity exists within this market as shown by fluctuations in sales when prices deviate from the 2.0 range significantly in either direction, with customers generally being more responsive to lower prices. Adapting our pricing to target and capture these price-conscious consumers can lead to increased sales. The optimal price appears to be around 2.0, but ongoing market research should be conducted to determine if there is scope for further price optimization.","* Our competitor is using price as a strategic tool to gain market share by undercutting us.
   * The competition seems to be intense, with customers sensitive to pricing differences.
   * Price is not the only factor at play here; customer loyalty, product quality, and other factors likely have an impact on sales volume."
246,2.05,2.1,32.89329222889069,26.93074991777377,34.53795684033521,29.62382490955115,"- Continue monitoring competitor's pricing strategy to adjust my own accordingly. This will help maintain our position in the market while staying competitive.
    - Analyze the impact of different sales volume and price points on profit margins, to further optimize pricing going forward.","To maintain a competitive edge, it is essential to closely monitor the competitor's pricing fluctuations and adjust our own prices accordingly. When I identify an opportunity to raise prices without significant loss in sales volume, I should consider taking advantage of that opportunity to increase profits. Furthermore, it may be beneficial to have price strategies in place for various market conditions—such as offering discounts during periods with reduced demand—and monitor their effectiveness over time.",- Observed that higher prices do not always result in a proportional increase in sales volume. It would be beneficial to investigate the factors influencing this relationship between price and volume.,"Competitor's dynamic pricing strategy can help them attract cost-sensitive customers, capture market share, and take advantage of reduced demand periods. It is vital to monitor their price changes closely and adjust our prices accordingly to stay competitive in the market. Offering strategic discounts during periods with reduced demand could also prove beneficial for profit maximization in certain cases."
247,2.05,2.05,31.042377345300565,31.042377345300565,32.59449621256559,32.59449621256559,Let us continue monitoring our rivals' pricing tactics while maintaining our eye on customer demand and adjusting prices accordingly to maximize revenue potential. Regularly analyzing sales data will help in making informed decisions about price fluctuations.,"```
   - Analyze competitors' pricing strategies and identify patterns
   - Experiment with variable pricing based on sales patterns
   - Be prepared to adapt quickly in response to competitor moves
   ```","Our product has a flexible market with customers responding well to slight changes in our pricing strategy. By observing the competition and studying customer behavior, we can capitalize on this flexibility to increase profits and maximize sales volume when needed.","```
   - Competitor sets lower average price, resulting in more customers but lower profit per sale (Round 176, price $3.0)
   - Slightly higher prices may not impact sales volume as significantly as originally anticipated (Rounds 150-152, identical prices)
   - Keep close watch on competitor's moves and react accordingly to maintain market share
   ```"
248,2.05,2.05,31.042377345300565,31.042377345300565,32.59449621256559,32.59449621256559,"- Maintain current pricing strategy, ensuring our product remains slightly more costly than the competition without losing market share.
   - Monitor customer feedback and adjust prices if necessary based on changing market dynamics.
   - Keep a keen eye on competitor moves and price adjustments to maintain competitive advantage.",Consider analyzing the competitor's pricing strategy more closely to predict potential price changes. Monitor customer demand and consider adjusting prices accordingly to maximize profits while maintaining a competitive edge.,"- Competitors may change their pricing strategy frequently, requiring an adaptable approach to stay ahead in the market.
   - Customers are sensitive to small changes in prices; it's important to find a pricing sweet spot that maximizes profit while maintaining customer loyalty.","Pricing seems to have a significant impact on product demand, with lower prices driving higher demand in some cases. Additionally, the competitor's pricing appears to play a role in shaping the optimal price for the product during each round. It is important to keep an eye on both market conditions and competition when determining pricing strategies."
249,2.15,2.0,21.532059424173973,39.23397028791302,24.761868337800067,39.23397028791302,"Consider creating additional promotions or marketing campaigns to emphasize the perceived superior quality of our products over the competition. This could help maintain customer loyalty and ensure a higher conversion rate during periods when our competitor undercuts our prices. Additionally, consider investing in better market research to identify any weaknesses in the competitor's offerings that we can exploit to gain a stronger market position.","- Continue observing price-quantity relationships with the competitor
   - Experiment with lower prices to increase sales volume when appropriate
   - Monitor the impact of price changes on profit margins
   - Maintain awareness of market trends and adjust pricing strategy accordingly","Despite occasional price fluctuations from our competitor, our sales volume and profitability remain strong, suggesting our perceived quality is solid within the market compared to their offerings. However, it is crucial to stay vigilant about our pricing strategy and remain aware of any potential weaknesses in our competitor's products that could give us an opportunity to gain a stronger market position.","- Lower prices can lead to increased sales, but may negatively affect profit margin
   - It's essential to find the right balance between competitiveness and profit
   - Volume of sales is a significant factor in our favor compared to the competitor
   - Monitoring pricing trends with the competitor will help us make informed decisions"
250,2.05,2.0,29.04607870701908,35.476960646490454,30.49838264237003,35.476960646490454,"* Maintain a competitive pricing strategy and remain flexible to adjust as needed based on competitor behavior
* Monitor sales data closely to identify patterns and trends
* Consider targeting price-sensitive customers with periodic discounts or promotions",Start by keeping our price at current market value to attract customers not wanting to pay a premium but also be able to adjust quickly based on competitor's actions. Consider offering promotions or bundles to increase perceived value and encourage repeat purchases.,"* Pricing seems to have a direct impact on customer decisions as demonstrated by the significant increase in sales at $2.0 compared to higher prices
* Competitor tends to struggle with maintaining consistent pricing and often fluctuates their price point
* There are opportunities to experiment with promotions or discounts to attract pricing-conscious customers","Competitor is sensitive to market conditions and customer demand, and adjusts its pricing strategy accordingly. This suggests that a flexible pricing approach would be beneficial in order to maintain competitiveness while staying responsive to changes in the market."
251,170.0,2.1,8.53706263472412e-291,40.131233988754786,1.4427635852683764e-288,44.14435738763027,"It is essential to maintain competitive pricing while observing shifts in market trends, remaining flexible to adapt prices as needed to remain attractive to customers without sacrificing profits.","Based on the price trends, it is advisable to maintain a competitive pricing strategy. When necessary, experiment with increasing prices to gauge market response. Monitor competitors' moves closely and adjust prices accordingly to ensure profitability and minimize any negative impacts from price escalations.","By raising prices when demand increased and observing customer preferences, the seller demonstrated the ability to respond dynamically to changing market conditions. However, overreliance on price adjustments may risk losing market share, indicating a need to balance competitiveness with other strategic considerations such as product quality, marketing, and customer service.","- Higher prices can potentially result in greater sales, provided the pricing remains competitive compared to similar products in the market (examples: Round 156, 172).
   - Aggressively lowering prices may result in increased unit sales but may not always lead to a commensurate increase in profit margins.
   - Regularly monitoring competitors' pricing strategies and reacting promptly is essential for maintaining market share and profitability."
252,2.05,2.1,32.89329222889069,26.93074991777377,34.53795684033521,29.62382490955115,"- Monitor and respond to the competitor's pricing changes
- Analyze sales data to gauge demand for different price points
- Experiment with undercutting the competitor on certain products
- Implement targeted marketing strategies to capitalize on increased sales during lower price periods","```
Maintain an average price near 2.05 to align with market trends, but occasionally price higher (up to 2.15) to generate more sales if competitor prices are relatively low. Monitor competition pricing carefully and consider adjusting the strategy accordingly.
```","- Lowering prices can lead to increased quantity sold, but higher prices also have the potential to yield significant revenue (e.g., Round 176)
- Understanding demand and adjusting pricing strategies accordingly is crucial for long-term success
- Competitor's higher prices might create an opportunity to gain market share through offering more competitive pricing
- It may be advantageous to offer a mix of low and high-priced products, catering to various customer segments","```
Pricing above 2.05 when competitors price below this level significantly increases sales. It is uncertain if this same logic applies to higher prices (above 2.15) but monitoring sales trends will shed light on the matter. Adjust pricing strategy as needed to optimize for maximum sales.
```"
253,2.05,2.05,31.042377345300565,31.042377345300565,32.59449621256559,32.59449621256559,Adjust my pricing strategy based on market competition and sales volume. Maintain a slightly lower price than my closest competitor while keeping an eye on profitability.,"For the short term, we could consider setting our price at a competitive level of $2.05 to capture market share and attract potential customers. In the long run, our strategy for differentiation might involve focusing on unique selling points or higher quality to justify a premium price. However, as observed throughout this pricing analysis, setting prices much higher than average may not be ideal in this competitive environment.","The current pricing strategy is effective in attracting more sales but may not maximize profits. To optimize profits, it's essential to balance the volume and price relationship, considering competition and market dynamics. Keep monitoring the impact of the chosen price on both quantity sold and overall profitability.","1. The market is highly competitive with comparable products.
2. A price below the current average of $2.05 might attract more customers but may not lead to significant profit margin due to low margin per unit.
3. Adopting a differentiation strategy in product quality and unique selling points can potentially justify higher pricing levels in the long run.
4. Regular market analysis should be conducted to monitor competitor's prices, adapt our pricing to stay competitive while maintaining profitability."
254,2.5,2.0,6.337893833303762,46.83105308334812,9.506840749955643,46.83105308334812,"Begin analyzing historical competitor pricing and mine to identify patterns. Examine the factors that contribute to increased sales (e.g., quantity, discounts, timing). Explore potential price adjustments based on insights gathered through this analysis.",Adjust pricing strategy to reflect competitor's lower price point to increase sales volume while maintaining a profitable margin. This can be achieved either by matching the competitor's current price or slightly reducing our price if necessary. It is important to consider consumer perception and positioning in our pricing decisions.,"- By offering lower prices, we might attract more customers, but it can result in reduced profit margin per sale.
- Factors such as market conditions and customer perception should be considered before making any significant changes to our pricing strategy.
- Identifying the instances where lower prices yield increased profits will help inform potential strategies for price optimization.
- The competitive landscape is dynamic, so it's essential to regularly reassess our pricing position within the market.","Competitive pricing plays an essential role in maintaining or increasing sales volume. In our case, the higher price initially boosted revenue but also led to decreased sales volume and increased competition. Consumers appear to be more sensitive to price changes when the difference between competitors is considerable, as demonstrated by the reduction in sales volume from round 156 onwards."
255,2.05,2.05,31.042377345300565,31.042377345300565,32.59449621256559,32.59449621256559,"Identify pricing trends on a regular basis, adjust our prices to maintain a competitive edge and maximize profitability based on competitor movements and overall market conditions.",Investigate competitive pricing strategies and test different price points to optimize sales and profit margins. Regularly monitor the competitor's prices and adjust accordingly. Consider offering promotions or bundles during slow periods to boost sales.,"The market appears to be sensitive to price fluctuations, with even minor changes affecting sales volume significantly. Additionally, customers seem to respond positively when our product is priced lower than the competition. It will also be important to monitor ongoing trends in pricing and consumer behavior to make informed decisions about optimal selling prices.","The market is responsive to both lower and higher pricing, although the competition generally sells at a slightly cheaper price. It's essential to remain competitive while also ensuring a healthy profit margin. Sales volume can be influenced by pricing adjustments, promotions, and timing (e.g., seasonal trends)."
256,2.1,2.0,25.102610716299612,37.448694641850196,27.612871787929574,37.448694641850196,Continue monitoring competitor pricing and adapt accordingly to ensure competitive advantage. Consider introducing slightly higher-priced tiers for increased profit margins while still offering lower-tier options with attractive pricing. Regularly review sales volume and profit margin trends to fine-tune the pricing strategy.,"- Adjust pricing dynamically based on competition, with a focus on lower prices that still maintain profitability
   - Regular monitoring of competitor's pricing strategies and market response to ensure optimal adjustments
   - Utilize marketing efforts to highlight distinct product features and value when pricing is higher than the competition","Fluctuating the price point has proven to be a flexible response to market dynamics, but maintaining affordable pricing appears crucial to capturing a broader customer base. It is essential to understand that while increased profit margins can boost earnings, sales volume plays an equally important role in overall growth potential.","- It seems that undercutting the competition can result in increased sales and profit; however, it is important not to undervalue the product during these adjustments
   - Higher prices may still be competitive if they are justified by the product's unique features or significant customer demand
   - Maintaining an agile pricing strategy that takes into account competitor's moves will be key for continuing success in this market"
257,2.0,2.5,46.83105308334812,6.337893833303762,46.83105308334812,9.506840749955643,"Based on the given data, maintaining a competitive price with slight fluctuations could be an effective strategy to adapt to market conditions and attract customers. This may also allow for occasional increases in profit margin when the competitor raises their prices. Continuous monitoring of competitor actions is crucial for informed pricing decisions.","To optimize our pricing strategy, we need to strike a balance between profit margin and increased unit sales. As such, we will experiment with pricing between the range of $2 and $3 initially to find the most profitable price point.","Observing that the seller periodically sets a price 0.05 units below the competitor raises questions about a possible exploitation strategy or a subtle attempt to gain market share and position themselves as the more affordable option. Additionally, the observation that the seller raises their prices during certain rounds could indicate an interest in maintaining profit margins and perceived value among customers.",Keeping an eye on competitors' pricing is crucial as it affects our sales volume significantly. Adopting flexible pricing can help us capitalize on their higher prices while remaining appealingly priced compared to lower-priced alternatives in the market. It would also be beneficial to perform regular price sensitivity analysis to better understand customer behavior and preferences.
258,2.05,2.0,29.04607870701908,35.476960646490454,30.49838264237003,35.476960646490454,"Maintain a competitive price, but analyze the impact of prices slightly lower than my competitor on sales quantities.","- Adjust prices dynamically by monitoring both the seller's own market position and the competition's pricing.
   - Offer attractive profit margins while staying competitive with the market and appealing to cost-conscious customers.
   - Regularly analyze sales data to identify trends and patterns that can inform future pricing decisions.","Pricing below my competitor might result in increased sales, but it's not consistent across all pricing rounds. The relationship between price and sales is complex.","- Lower prices tend to lead to higher quantities sold, but at a lower profit per unit.
   - Competitor's pricing does not appear to consistently influence the seller's sales volumes.
   - Dynamic pricing and regular data analysis are essential strategies for maintaining market competitiveness."
259,2.05,2.0,29.04607870701908,35.476960646490454,30.49838264237003,35.476960646490454,"```
Analyze competitor pricing strategies and adjust our own accordingly
Monitor sales volume at different price points to optimize profits
Maintain a competitive edge while maximizing our profit margins
```",Consider offering discounts or promotions to increase sales volume without sacrificing profit margin. Identify periods with lower competition and adjust prices accordingly to capitalize on these opportunities.,"```
Competitors are selling at various price points, giving us flexibility to test different pricing strategies.
Lower prices may not necessarily mean increased sales volume if the competition is too stiff.
A middle ground price point may be beneficial to maximize both profit and sales potential.
```",The data indicates that a pricing strategy which balances both profit margin and sales volume could be beneficial. It's crucial to monitor competitor pricing as the seller may gain market share by being more price competitive without significantly impacting profits.
260,2.0,2.05,35.476960646490454,29.04607870701908,35.476960646490454,30.49838264237003,"Pricing Strategy: Initiate with $2.0 as our base price, consider adjustments based on competition and customer demand. Monitor sales trends and respond accordingly.","It would be beneficial to continue monitoring competitor prices and adjust our own slightly to capitalize on any gaps in the market that may arise. However, we should also aim for consistency and avoid drastic changes in pricing to maintain customer trust and loyalty.","Insights: Our product has the potential to attract steady sales at $2.0 due to competition in the same price range. Higher-priced competitors present opportunities for additional revenue, but careful consideration must be given to maintain competitiveness and retain customers.","Data shows that consumers are sensitive to minor price fluctuations when compared to the competition. This suggests that small variations in our pricing can have a meaningful impact on sales, but it is crucial not to deviate too far from the market average as it may harm trust and loyalty with customers. The sweet spot for our business appears to be slightly higher prices compared to the competition while maintaining consistent and predictable pricing changes."
261,2.05,2.0,29.04607870701908,35.476960646490454,30.49838264237003,35.476960646490454,"Continue observing competitor pricing trends and adjust our own prices accordingly. Monitor sales volume, profit margins, and customer feedback to ensure optimal revenues.","- Analyze competitor pricing strategies
   - Monitor customer feedback on different price points
   - Implement pricing adjustments gradually if necessary","The market response indicates a demand for lower pricing strategies that provide reasonable profits; however, it's essential to find the balance between profitability and competitiveness to maintain our position in the market and appeal to price-conscious consumers.","- Lower prices seem to increase demand, but should be done cautiously
   - Higher prices do not attract much demand
   - It is essential to find a balance between pricing and profitability"
262,2.0,2.05,35.476960646490454,29.04607870701908,35.476960646490454,30.49838264237003,"- Analyze competitor pricing strategies in more detail to find patterns and trends.
   - Offer promotions or discounts on bulk orders to increase sales volume.
   - Consider expanding the product line to cater to various market segments with a range of price points.","```
- Analyze competitors' pricing strategies and identify trends (pricing lower vs. only slightly more expensive)
- Conduct market research on consumer preferences towards price points and quantity purchased
- Consider experimenting with dynamic pricing to adjust cost based on demand/supply
```","- Lower prices might be more effective in capturing a larger share of the market, but it could also lead to lower profits.
   - The profitability of selling a single item at a higher price is often less than selling multiple items at moderate price points.
   - Analyzing the overall costs associated with production, marketing, and shipping will provide valuable insights for pricing strategies.","```
- Lower prices may lead to higher demand but smaller profit margins
- Competitor seems to employ a pricing strategy that is slightly more expensive than the querant's product to gain an advantage
- Market research should be conducted on consumer preferences and behaviors towards different price points and quantity purchased
```"
263,2.05,2.05,31.042377345300565,31.042377345300565,32.59449621256559,32.59449621256559,"Adjust pricing according to the current market demands and competition level, aiming for prices slightly below the competitor while ensuring profitability. Regularly review pricing strategy based on changing customer preferences.",Keep monitoring the market for trends and adjust pricing as necessary. Research potential ways to differentiate our product from competitors to increase perceived value. Continue marketing efforts to highlight these differences.,"Competitive pricing plays a crucial role in attracting customers. Although lowering prices may lead to increased sales, it's essential to maintain profitability by carefully analyzing the impact of each price adjustment and being mindful of the overall market conditions. It might also be beneficial to consider introducing promotional strategies or bundling options to generate interest.","It seems that a lower price point is more appealing to consumers, but with a focus on quality and unique selling points. It may also be beneficial to research why higher-priced competitors are not more successful in terms of quantity sold. Continue analyzing trends and adjust pricing strategies accordingly."
264,2.05,2.05,31.042377345300565,31.042377345300565,32.59449621256559,32.59449621256559,"- Monitor competitor pricing trends and adjust my prices accordingly to stay competitive while maximizing profit
   - Consider offering a lower-priced version or bundle of the product to attract more customers and increase overall sales volume
   - Investigate ways to reduce production costs to allow for further price reductions if necessary",Consider a pricing strategy that keeps our product competitive around the median market price to maximize sales and profitability while monitoring specific cases where a slightly higher price may be justified due to a lack of competition.,"- Lower prices generally lead to increased sales volume but may not guaranteemaximum profitability
   - Consumers are often sensitive to price increases, especially when there is a cheaper alternative available
   - Competitor's pricing and product offerings play a significant role in market share and sales performance","- Competitive pricing seems critical to attract consumers and maximize profitability
- Monitor specific situations where setting a higher price may prove beneficial due to lacking direct competition from cheaper alternatives
- Be aware that higher prices lead to fewer sales but greater profit per sale, while lower prices result in more sales with smaller profits per sale"
265,2.25,1.98,15.008341532235539,44.194756405381405,18.760426915294424,43.31086127727377,"- Consider conducting market research to identify optimal pricing strategies based on competitor analysis and target demographics.
   - Implement a data-driven approach to dynamically adjust product pricing based on real-time demand, thus maximizing profits while maintaining customer satisfaction.",Continue with competitive pricing that positions our product near or slightly below the market price ($2.00). Monitor the sales trends closely and be prepared to change course if necessary.,"- Lowering the price below 2.0 could potentially increase sales volume but may negatively impact profit margins.
   - Aggressively raising the price above 2.5 might deter customers, leading to lower sales volume and a diminishing competitive advantage.
   - There appears to be room for experimenting with slightly higher pricing while still appealing to a wide customer base. This could potentially increase revenue without significantly impacting overall sales volume.","The impact of pricing on sales volume is significant, particularly when prices are close to the market average. A slight decrease in price can drive a notable increase in sales. Furthermore, raising prices above the market average may result in lower sales."
266,1.85,2.35,59.377242479382254,8.035835928756228,50.47065610747492,10.848378503820909,"To capitalize on this information, we could consider lowering our prices temporarily to 1.85 to boost sales volume. However, it is crucial to keep an eye on profit margins and make sure that we are still making a reasonable return. In light of lowering the price, we should adjust for increased demand where possible to avoid stockouts or inefficiencies in production.","For the coming rounds, it would be beneficial to keep observing the competitor's pricing strategy and adjust our own prices strategically. It seems that a dynamic pricing approach may work best, considering the demand levels and the competitive landscape. We should also consider exploring new marketing strategies or product features to drive sales growth in case of market saturation around current price points.","Pricing plays a crucial role in the success of our product, as demonstrated by the fluctuation between high and low prices. A more competitive pricing strategy could help increase sales volume without sacrificing too much profit per unit sold. However, it is important to strike a balance between profitability and generating enough sales to stay ahead of the competition. Additionally, monitoring competitor strategies and understanding their impact on our sales can help inform future pricing decisions.","Dynamic pricing is essential in this market environment where competitors frequently adjust their offerings' prices. Monitoring competitor pricing and demand levels could help optimize our own pricing strategy, ultimately leading to increased revenue and a better customer experience. Additionally, it appears that there has been market saturation at specific price points, warranting the exploration of new marketing strategies or product features to stimulate demand."
267,2.0,2.3,43.4556976905065,13.088604618987013,43.4556976905065,17.015186004683116,"To remain competitive and potentially increase profit margins, it is essential to monitor our competitors' pricing strategies closely and adjust our prices accordingly. We should continue analyzing the impact of pricing changes on demand and aim to react swiftly when necessary.","For future pricing decisions, continue monitoring competitor's price changes to maintain a competitive edge. Consider occasional promotions or discounts to attract customers when needed. Regularly evaluate the profit margin to ensure sustainability of the business model.","Identifying patterns in competitor price changes can provide insights into their marketing objectives, production costs, or overall business strategy. By keeping track of these trends, we may be better equipped to predict and respond to pricing initiatives, resulting in a more competitive pricing approach.",Prices should be regularly adjusted based on market conditions and competitors' pricing strategies. A flexible pricing approach may help achieve a balance between appealing to customers and maximizing profits. Frequent evaluation of price performance is essential in order to continuously improve upon the sales figure.
268,2.0,2.0,33.333333333333336,33.333333333333336,33.333333333333336,33.333333333333336,"Monitor sales data closely and determine if an optimal pricing sweet spot exists based on both volume and profit margins. Additionally, analyze competition trends and opportunities for differentiation.","To optimize profits and maintain a healthy sales volume, consider introducing dynamic pricing strategies that vary based on competition levels. Implement price adjustments to approach the price of 2.0 when there is less competition or no competition at all, and slightly increase in competitive environments without reaching a high-price point like 3.0.",Sales volume appears to be most effective when priced around 2.0. Competitors' price points are relatively consistent within the same range as our product. This may suggest an opportunity for differentiation or diversification in future strategy.,"Dynamic pricing seems essential to ensure optimal profitability while maintaining a steady sales volume in dynamic market conditions. A price of 2.0 balances overall performance between profit and volume, but adjustments should be made based on competition levels. Offering lower prices when there is less or no competition may generate more business, enhancing customer loyalty, and boosting future sales."
269,2.5,2.0,6.337893833303762,46.83105308334812,9.506840749955643,46.83105308334812,"- Continue monitoring competitor pricing and identify potential opportunities for price differentiation based on unique selling points.
   - Test price increases when the product's value proposition is emphasized more effectively.
   - Explore partnerships or collaborations with other businesses to potentially reach a wider audience and justify higher prices.","- Adopt a pricing strategy focusing on finding the optimal low price (around 2.0)
    - Continuously monitor sales data and adjust price accordingly to maintain consistent high sales
    - Offer promotions or discounts around this price point, if necessary, to increase customer interest","- Competitor pricing is generally below 3$, but there are possibilities to price the product higher when marketing efforts focus on its unique selling points.
   - Inconsistencies in competitor pricing strategies suggest that there may be potential opportunities for differentiation based on quality or value proposition.","- Price appears to be the key factor influencing demand for this product
    - An optimal low price around 2.0 generates consistently high sales and attracts customers
    - Competitor prices seem insignificant compared to the effect of our own price on sales figures, so focusing on optimizing our pricing strategy seems appropriate."
270,2.05,2.05,31.042377345300565,31.042377345300565,32.59449621256559,32.59449621256559,"- Continue monitoring competitive pricing and adjust our price accordingly to maximize potential sales.
   - Explore other marketing strategies that may help attract more customers to our lower-priced products. This could include promotions or targeted advertising.","* Monitor competitor's prices closely and be prepared to adjust ours accordingly
   * Consider running a price promotion or discount to boost sales volume
   * Regularly assess profit margins at different pricing levels to ensure sustainability","- The relationship between price and quantity sold is complex, with higher prices not always leading to higher profits due to reduced sales volumes.
   - Competitive pricing plays a crucial role in attracting customers, but it's essential to find the optimal price balance that maximizes both sales and profits.","* Lower prices may lead to higher sales volume, but profit margins should be considered
   * Competitor's lower price points can impact our own prices if not careful
   * Flexible pricing strategy may be essential to maintain competitiveness and profitability"
271,2.35,2.0,10.976466535811447,44.51176673209428,14.818229823345455,44.51176673209428,"* Explore price differentiation strategies, utilizing our unique selling points to justify increased prices (i.e., better materials, superior quality, additional features)
   * Offer promotions or temporary discounts around the 2.35 price point to attract customers and increase sales
   * Monitor competitor pricing closely, adjusting our own prices as needed to remain competitive without compromising profit margins","Consider adopting a competitive pricing strategy, aiming to match or slightly undersell the competitor's price. This strategy appears to lead to consistent sales and may occasionally result in increased sales due to the attractiveness of lower prices.","* Customers appear willing to pay higher prices when offered a superior product or additional features
   * Low priced items (1.85-2.05) are selling in greater quantities than more expensive alternatives (3.0), suggesting price sensitivity among customers
   * The prices 1.9 and 2.35 may have unique significance for this market, warranting further investigation into pricing strategies and customer behavior at these levels","A competitive pricing strategy, involving matching or slightly undercutting the competitor's prices, can generate regular sales. Selling at significantly higher prices usually results in fewer sales, while occasional lower prices may lead to increased sales. It is crucial to constantly monitor the competition and adjust prices accordingly to maintain a competitive edge."
272,1.98,2.05,37.328753115440726,28.21246469346488,36.58217805313191,29.62308792813812,"Adjust pricing strategy to maintain low prices relative to competitor, while also exploring the impact of $2.35 as an experimental price point. Continue monitoring sales volume and adjusting as necessary based on competitor's actions.",Continue observing the impact of different pricing strategies on sales volume and maintain an eye on competitor moves. Consider testing various intermediate price points to find a sweet spot where profitability and demand balance well.,"Sales performance consistently correlates with pricing strategy; lower prices result in increased sales volume, while higher prices lead to decreased sales volume. It appears that specific price points (such as $2.00 and $3.00) have an impact on overall sales performance, and the customer should consider expanding their exploration of these price points for experimental purposes.",Sustainable profits can be achieved by carefully selecting appropriate price levels that consider market demands and competitor pricing strategies. It is crucial to monitor customer response and make adjustments as needed to optimize sales volume while maintaining a profitable margin.
273,2.05,2.35,39.6416871923584,11.93984673277241,41.62377155197631,16.118793089242754,"In order to stay competitive, it would be wise to keep prices low and monitor the movements of our primary competitor. By closely watching their pricing strategy, we can adjust ours accordingly to maximize sales quantities without sacrificing profitability.","* Continue monitoring the performance of different pricing strategies to identify optimal price points that bring a balance between sales quantity and profit per unit.
   * Explore offering bundle deals (two or more items for a lower total price) to attract customers and promote higher unit sales without significantly impacting overall profits.
   * Test raising prices slightly to improve average profit per sale while ensuring that the increase in price doesn't discourage potential customers from making purchases.","Pricing competition seems to exist between our company and one main competitor at two dominant price points: 2.0 and 3.0. It is important to watch their pricing strategy carefully in order to remain competitive. We should also consider the impact of other factors, such as product quality or brand image, on customer purchase decisions, especially when there are no apparent differences in prices between us and our competitor (e.g., Round 189-196).","* Lower-priced items can generate more sales, but overall profit per unit is lower compared to higher-priced items.
   * Higher-priced items, while resulting in fewer sales, produce greater profits when sold due to their elevated price points.
   * The performance of a product appears not to be greatly affected by the competitor's varying price, indicating that customers may not be sensitive to changes in small variations in competitor prices or that the market is highly competitive."
274,2.0,2.0,33.333333333333336,33.333333333333336,33.333333333333336,33.333333333333336,"- Monitor competitor pricing strategies and adjust prices accordingly to remain competitive.
   - Explore strategic bulk purchasing and reselling for potential increased profit margins.
   - Evaluate the possibility of introducing differentiated product offerings to command a higher price point.","- Continue to monitor price sensitivity in the market and react accordingly to maintain competitive advantage.
   - Consider occasional promotions or discounts to stimulate sales during lull periods in demand.
   - Keep an eye on key competitors' pricing strategies and remain ready to adjust if needed.","- Aggressive pricing below 2 dollars can lead to substantial sales volume, but narrow profit margin.
   - Lowering prices attracts more customers, but may also stimulate competition leading to a race-to-the-bottom scenario.
   - Differentiated product offerings or value-added services could potentially command a higher price point, providing a sustainable competitive advantage.","- Pricing competitively, especially when the competition is undercutting prices, can lead to higher sales volumes (as seen in Rounds 193-186).
   - Maintaining a high relative price with slight reductions still maintains a consistent sales volume over time (Round 178).
   - Pricing significantly above competitors may result in decreased sales volumes (Round 187)."
275,2.0,2.0,33.333333333333336,33.333333333333336,33.333333333333336,33.333333333333336,"To remain competitive and maximize profit potential, it's important to analyze the impact of various pricing strategies on the market response (quantity sold and price) while keeping an eye on the competitor's moves. One strategy could be to monitor the competitor's prices and adjust ours accordingly when we have a more attractive offering or notice a decline in their effectiveness.","To maintain competitiveness, adjust prices based on competitor's changes and leverage the success of higher-priced items when appropriate. Regularly monitor price sensitivity and adapt pricing strategies accordingly.","It appears that setting a competitive price is crucial for attracting customers, as this can significantly impact the quantity of items sold. However, it seems that there may be an opportunity to increase profitability either by experimenting with higher prices when our offering has clear advantages over the competitor or by adjusting pricing based on market conditions and demand.","Lowering prices leads to increased sales (e.g., from 2.0 to 1.85, or 1.98). However, the optimal balance between price and quantity sold needs to be found, considering profit margins and maintaining product value. Higher prices can lead to lower quantities sold but potentially higher profits."
276,2.05,2.35,39.6416871923584,11.93984673277241,41.62377155197631,16.118793089242754,"For future pricing decisions, focus on prices that are close to 2.0. However, when demand is high and prices can be raised without losing too many potential customers, consider a slight increase (up to 2.1 or so). Keep a close eye on the competition's price movements as well.","- Continue to adjust prices based on competitor moves but be cautious about drastic increases or decreases.
   - Consider offering promotions or discounts at certain times to increase sales volume when needed.
   - Monitor the impact of different pricing strategies on customer retention and loyalty.",Maintaining a competitive price point is important in maintaining a steady customer base. Frequent and significant increases may lead to lower sales due to potential customer loss. Regular monitoring of competitor pricing can help inform strategic decisions about price adjustments.,"- Adjusting prices slightly above the market average can lead to higher profit margins.
   - Lower pricing can yield more sales, but it may also decrease profit per sale.
   - Careful consideration should be given to sudden large price increases as it may deter customers."
277,2.0,2.0,33.333333333333336,33.333333333333336,33.333333333333336,33.333333333333336,"Consider a dynamic pricing strategy that takes into account the competitor's pricing patterns. Monitoring the range of competitor's prices and reacting quickly when they undercut me could help minimize potential losses due to price competition. Also, analyzing customer behavior during fluctuations in competitor's pricing might provide insights for further optimization of the pricing strategy.","Refine pricing strategy to better compete with lower prices while maintaining profitability, increasing sales volume when possible with premium offerings when relevant, and carefully consider the impact on brand perception.","The data suggests that a reactive dynamic pricing strategy could be beneficial in this market context, as it allows for timely adjustments to maintain competitive advantage and minimize potential losses due to pricing undercuts by competitors. Additionally, analyzing customer behavior during fluctuations in competitor's pricing provides valuable insights into their sensitivities towards price changes, allowing for the refinement of the pricing strategy over time.","Prices between 1.85 to 2.0 have a consistent appeal, whereas higher priced offerings do not significantly increase sales or contribute to increased market share. Brand perception needs to be carefully balanced when considering lower prices versus premium pricing options that provide additional revenue in specific rounds without greatly impacting overall units sold (33.33 per round average)."
278,2.05,2.0,29.04607870701908,35.476960646490454,30.49838264237003,35.476960646490454,"Update strategies to maintain similar or slightly lower pricing than the competitor when possible. Implement price adjustments according to market trends, but be cautious about drastic changes in order to preserve profitability.","To optimize profits, a dynamic pricing strategy appears necessary. The price should remain competitive with the market but offer enough premium to cover costs and make a profit. This means gradually adjusting the price based on sales volume and competitor pricing. For example, maintaining a steady price around 2.0 but dropping it when a lower-priced competitor emerges or when high sales volume suggests excess supply in the market.",Maintaining competitive and flexible pricing enhances sales quantity and overall profitability. Prices that are significantly higher than the competition can result in reduced sales. The data suggests that our strategic pricing has provided a competitive edge and ensured continuous business growth.,"Key insights include the importance of monitoring industry trends and competitive prices, as well as understanding customer demand sensitivity to price changes. Additionally, offering limited quantities at a premium price (e.g., round 185) can serve as a way to generate additional revenue and create a perceived value among customers. Finally, maintaining consistent communication with customers regarding pricing adjustments can help manage their expectations and facilitate trust in the brand."
279,2.0,2.0,33.333333333333336,33.333333333333336,33.333333333333336,33.333333333333336,"Identify competition price range (2.0 - 2.15), aim to be competitive while maximizing profits. Continuously monitor market trends and adjust pricing accordingly.","- Analyze historical data of quantity sold at different prices to identify patterns or trends in consumer behavior.
  - Conduct targeted surveys or focus groups to gather insights into consumer preferences and price sensitivity.
  - Experiment with a range of pricing options, from competitive pricing to premium pricing, and measure the impact on sales and profitability.","Lowering the price can increase sales, but it might come at a cost of decreased profit margin. Conversely, increasing prices results in fewer sales and lower profit. The optimal pricing seems to be around 2.0 - 2.35 based on current data, while carefully monitoring market trends and competitor behavior.","- Consumer behavior is sensitive to price changes significantly influencing sales volume.
  - A deeper understanding of consumer preferences can provide valuable insights into effective pricing strategies.
  - Experimentation is essential in determining the optimal pricing strategy for maximum profitability and market share."
280,2.1,,,,,,"- Develop a well-researched pricing strategy that is competitive yet offers a unique value proposition
   - Monitor market trends and competitor prices consistently to adapt our strategy when necessary
   - Gather and analyze customer feedback regarding the product's perceived value to inform future price adjustments","- Monitor price changes by both the seller and competitors to identify trends and patterns
- Keep a flexible pricing strategy to respond quickly to changes in competitor prices
- Consider implementing dynamic pricing based on demand fluctuations
- Investigate market segmentation to target price-sensitive buyers who are attracted to lower prices (but ensure this doesn't alienate high-paying customers)","- Fluctuating prices may cause confusion and make it difficult for customers to understand our product's true worth
   - A consistent pricing strategy across all rounds could help build trust with customers
   - Carefully balancing competitor prices while maintaining a competitive advantage is crucial for success","- Customers generally purchase more when the seller's price is similar or slightly lower than that of competitors
- Lowering prices can sometimes result in increased quantity sold, but this is not always the case and may impact profit margins
- Dynamic pricing and monitoring competitor moves could help optimize sales in this market
- It might be beneficial to study and reach out to price-sensitive customers, balancing their needs with those of high-paying customers to maintain a profitable business"
281,1.95,1.85,30.206411428110655,45.06267059556896,28.696090856705123,38.30327000623362,"Maintain a competitive price strategy closely aligned to the competitor's pricing, aiming for slightly lower prices when feasible to drive increased volume. Implement dynamic pricing adjustments based on consumer demand and market trends to maximize profits.","- Observe prices more carefully during each round to identify any patterns or trends.
   - Consider running a survey among potential customers to gain more insight into their willingness-to-pay for our product.
   - Evaluate our manufacturing costs and determine if we can lower prices while maintaining profitability.
   - If possible, explore partnerships with other businesses to increase production volumes and reduce production costs.
   - Analyze our competition's products and consider any potential opportunities to differentiate ourselves by offering unique features or benefits that could justify a higher price point.","Our customers demonstrate a strong preference for reasonable pricing while still showing willingness to pay higher premiums in certain situations (e.g., Round 187). It appears that maintaining a balance between competitive pricing and perceived value will be key to our long-term success.","- Our competitor is sensitive to pricing changes but usually prices their product slightly higher than ours on average.
   - There may be room to lower our prices while maintaining profitability, but it's essential to analyze all associated costs first.
   - Customers appear to be price-sensitive and willing to pay around $2.0 for similar goods, according to market data.
   - Further research is needed to determine whether there are opportunities for differentiation to justify a higher price point or attract more customers willing to pay premium prices."
282,2.05,2.05,31.042377345300565,31.042377345300565,32.59449621256559,32.59449621256559,Monitor competitor pricing strategies closely to maintain competitiveness but avoid constant price reductions as they may impact perceived quality. Consider investments into marketing and branding to differentiate Yours from competitors while keeping a consistent pricing strategy.,Maintain prices within the competitive range. Explore slightly lowering prices to attract more customers while monitoring profit margins closely. Keep an eye on competitors' strategies and match successful pricing trends when appropriate.,"Lower prices do not always lead to increased sales, especially if the difference in price is minimal. Customers value higher-quality products and may choose businesses that offer comparably priced goods instead of going with the lowest option. Developing strong marketing and branding could help Yours appeal to this consumer base.","Offering significantly lower prices does not guarantee success as it can impact profitability, but competitive pricing with a focus on both price and volume can result in favorable outcomes. Be cautious of major fluctuations in your competitors' pricing strategies to avoid potential negative impacts on sales volumes."
283,1.95,2.05,40.17595785333554,26.9307499177738,38.16715996066876,28.277287413662485,"In order to stay competitive, we need to consider adjusting our pricing strategy to match the market trends, with a focus on maintaining profitability while responding to customer demand. One potential approach could be to gradually lower prices during periods of lower demand and increase them during peak seasons.","To remain competitive and maximize sales, it seems crucial to adapt our pricing strategy based on competitor actions. In cases where the competitor lowers their price, it may be beneficial to do so as well. Conversely, when the competitor raises their price, we can capitalize by maintaining or increasing ours.","- Customers respond more favorably to products priced between 1.85 and 2.0.
- The market is sensitive to price changes, with shifts in price resulting in changes in demand.
- It is important to monitor competitor pricing strategies and adapt accordingly to stay competitive.","The data suggests that there is a significant volume increase for both sellers and competitors when prices are lower (2.0 or below). On the other hand, higher prices seem to generate fewer sales. It's essential to find the optimal balance between price competitiveness and profitability. Additionally, it may be advantageous to closely monitor the competitor's pricing strategy and react accordingly to maximize our market share."
284,2.05,2.05,31.042377345300565,31.042377345300565,32.59449621256559,32.59449621256559,"- Monitor competitor's pricing strategy closely
   - Be prepared to adjust our prices based on market trends
   - Invest in improving the perceived value of our product or service
   - Strengthen our focus on customer relationship management
   - Keep an eye on the unique features and services offered by competitors","Continue monitoring market conditions and adjust our pricing strategy accordingly, targeting specific occasions or promotions that can leverage our product's quality to maximize profitability.","- Our competitor struggles to hold a consistent high price over multiple rounds
   - Lowering our prices can help attract customers, but it's important to monitor the competitive landscape during this time
   - Maintaining a focus on customer experience and perceived value is crucial for long-term success","Dynamic pricing can be effective in reacting to competitor movements, but it is important to maintain a balance between price and profitability. In some cases, lower prices may result in higher overall profits due to increased sales volume. Furthermore, quality can serve as a valuable differentiator that allows for successful competition even at relatively higher pricing points."
285,1.85,2.0,47.67300273880396,26.163498630598017,40.52205232798337,26.163498630598017,"Maintain competitive pricing closer to the range of the competitor (1.85 to 2.1), with an eye towards lower prices when possible, as it appears that lowered prices can result in increased sales volume. Periodically test higher price points to determine potential market demand and sensitivity.",Adjust the pricing closer to the competitor's average price (around 2.00) with occasional fluctuations to gauge market response and maximize profits. Monitor sales data for patterns and trends that could suggest an optimal price range.,"Customers seem to be sensitive to price changes, as evidenced by the decrease in sales at a higher price point (3.0). Lower prices can attract more customers, while maintaining competitive pricing is essential to prevent significant loss of market share. Monitoring the competitor's pricing strategy and adjusting accordingly is crucial for maximizing sales volume.","The market seems relatively sensitive to price changes, as evidenced by the variation in sold quantities based on price differences. Competitors occasionally set prices lower or higher than mine, suggesting that both higher and lower prices can be profitable depending on the situation. It may also be beneficial to analyze sales trends over time to identify any potential patterns or market shifts that could warrant a change in strategy."
286,2.05,1.85,22.48735469714783,50.04652825202977,23.611722432005216,42.539549014225315,"Continue tracking sales volume, average selling price, and total revenue, while carefully balancing my pricing strategy to maximize both volume and profitability. Focus on identifying opportunities to leverage marketing or operational efficiencies to increase the attractiveness of our offerings compared to the competition.","Explore a balanced approach to pricing that considers competitor strategies while maintaining profitability. Tailor pricing based on specific product offerings to leverage niche markets, like Round 187.","Adjusting our price dynamically based on market conditions appears crucial. To remain competitive, we must keep a close eye on our competitors' pricing strategies and adapt our approach accordingly. Additionally, exploring opportunities to differentiate our product or service from those of the competition may help maintain a steady profit margin even at lower prices.","Competitors often adjust their prices based on their own position in the market and our product offerings. A nimble pricing strategy, accounting for these adjustments, can help improve sales and profitability."
287,2.0,2.05,35.476960646490454,29.04607870701908,35.476960646490454,30.49838264237003,"```
   - Analyze competitors' pricing strategies to determine appropriate competitiveness of our product price point
   - Continue monitoring the relationship between the product price and its corresponding quantity sold in each round
   - Consider implementing a dynamic pricing strategy that adjusts with market conditions and consumer behavior over time
   ```","To remain competitive while maintaining profits we should implement the following strategies:
     1. Monitor and adjust our pricing based on competitor movements
     2. Experiment with lower prices to reach new market segments and increase sales volume (be mindful of profit margins)
     3. Invest in targeted marketing efforts to attract customers interested in our product range","```
   The correlation between lower prices and increased sales indicates that potential customers may be more likely to purchase the product if it is priced competitively or seen as a good value for their money
   It seems that adjusting the price in response to market conditions and consumer preferences can lead to higher profits overall, even if individual round profits are slightly lower
   ```","1. Competitive pricing is crucial in this market as many consumers react sensitively to price changes (risk avoidance)
      2. Lower price points have proven successful in increasing sales volume but may affect profit margins
      3. Higher price points are less competitive and may not appeal to all consumer segments
      4. Dynamic pricing could be advantageous and help us remain in line with industry standards while maximizing profits
      5. It's essential to balance quantity sold versus overall profitability when making pricing decisions and implementing marketing strategies"
288,10.0,2.05,6.963188766485372e-13,45.016600268751915,6.266869889836835e-12,47.2674302821895,"- Maintain high-quality product offerings while continuously looking for ways to improve and innovate.
   - Monitor competitor pricing strategies closely and be prepared to react swiftly when necessary.
   - Launch targeted marketing campaigns to highlight our product's quality and value.
   - Consider offering occasional promotions or discounts that still provide a higher perceived value compared to the competition.
   - Strengthen existing customer relationships through exceptional post-purchase support and follow-up communication.",Adjust prices strategically based on competitor's pricing behavior to maximize profit,"- Highlighting product quality and value can help solidify our market position and attract price-conscious customers who prioritize quality.
   - Continuously monitoring the competition is crucial to adjust our own pricing strategy and maintain a competitive edge.
   - Customer relationships are essential for creating brand loyalty and generating positive word-of-mouth marketing.
   - Periodically offering promotions can help us remain price competitive while still holding onto a premium image.","Competitor's pricing strategy seems erratic, providing an opportunity to make adjustments and potentially increase profits by capitalizing on their higher prices and undercutting them during their lower price periods."
289,2.05,2.0,29.04607870701908,35.476960646490454,30.49838264237003,35.476960646490454,"Continue monitoring the competitor's pricing strategy. Look into implementing a tactic that takes advantage of their higher prices while ensuring our product remains competitive in terms of profitability. In addition, explore opportunities for occasional price drops that might attract customers and boost sales volume when appropriate.","- Continue maintaining a price range of 2.0 to 2.15.
   - Monitor competitor's activities closely.
   - Consider testing lower prices (like 1.95 or 2.0) as an experiment to assess demand elasticity and potential market share gains.","While increasing the price can result in lower sales volume, it also potentially increases profits per unit sold due to higher profit margins. Conversely, reducing prices significantly to boost sales quantity may not necessarily bring in more overall profits if the profit margin is decreased as a result. Developing a dynamic pricing strategy that balances optimal price points and sales volumes might lead to increased profits over time.","- Customers are sensitive to price changes, but the product remains in high demand across various price points.
   - Lower prices can lead to higher volumes when dealing with competitive pressures, though lower profit margins should be expected.
   - Maintaining a close eye on competitor activities is essential for strategic pricing decisions."
290,2.05,2.05,31.042377345300565,31.042377345300565,32.59449621256559,32.59449621256559,"- Continue monitoring competitor pricing
- Adjust our pricing dynamically to maintain market competitiveness","- Maintain a competitive pricing strategy to stay attractive in the market while maintaining profitability.
   - Monitor competitor price changes and adjust prices accordingly.
   - Consider implementing a promotional strategy to boost sales during periods of low demand.","- Competitor follows dynamic pricing strategy affecting our market share and demand slightly
- Importance of closely monitoring competitor pricing","- Lowering prices increases sales volume, but also reduces profits.
   - Competitors appear to be responsive to price changes.
   - The market seems to be demand-driven, as higher sales volumes are observed during lower price points.
   - Maintaining a consistent pricing strategy may not be the most effective approach in this market."
291,2.05,2.05,31.042377345300565,31.042377345300565,32.59449621256559,32.59449621256559,"- Maintain a moderate price point between 1.85 and 2.15 to attract the most customers while maximizing profit.
   - Monitor competitor's prices and adjust pricing strategy accordingly, as shown in this data, we have competitive pricing.","- Monitor the competitor's pricing strategy more closely
   - Continue adjusting prices slightly downwards but carefully, as lowering too much may hurt profit margins
   - Consider offering special deals or promotions to incentivize sales when the competitor drops their price significantly
   - Maintain close communication with the marketing team to ensure consistent messaging that highlights our product's unique value proposition","- Our pricing strategy has a significant impact on sales volume, with moderate pricing leading to the highest number of customers.
   - Adjusting pricing too drastically (too low or too high) can lead to reduced sales volumes.","- Customers may be willing to pay a premium for our product compared to lower-priced alternatives
   - Pricing changes can substantially affect sales, but there is no one-size-fits-all strategy for pricing adjustments
   - The competitor's pricing does impact sales slightly, but not always in proportional or predictable ways"
292,100.0,1.85,2.0229623590169617e-169,64.56563062257953,2.002732735426792e-167,54.880786029192606,Analyze the average unit profit across pricing rounds to establish an optimal balance between volume and margin for this product. Continuously monitor competitor trends to determine opportunities to increase pricing slightly while still maintaining a competitive edge in the market. Keep track of the relationship between price increases and sales/profit to gauge the elasticity of demand for our product.,"To remain competitive and maintain market share, we should consider lowering our price to meet or match the competitor's current offering (1.85), with the possibility of further adjustments based on customer reaction and future competitor actions. We also need to track potential changes in the product supply costs that may affect profit margins.","In general, our customers are sensitive to price differences with competitors but are also willing to pay more when they perceive a greater value or unique selling proposition (USP). Monitoring competitor pricing can help us take advantage of their higher prices while still maintaining a competitive position in the market. The relationship between price and profit shows that there are opportunities for upselling, so it's essential to focus on delivering a high-quality customer experience alongside competitive pricing to drive sales.","The market seems sensitive to minor price variations, with a noticeable decrease in sales volume when prices rise above the competition's pricing range. Aggressive pricing on the competitor's side might indicate an effort to win more market share and gain advantage as our product is perceived as similar to theirs by customers. This can be an opportunity for us to examine possible improvements in quality, services, or brand promotion to strengthen our position despite price competition."
293,2.05,2.05,31.042377345300565,31.042377345300565,32.59449621256559,32.59449621256559,"- Monitor the market trends in terms of competitor pricing and customer preferences
   - Analyze the effect of promotions on sales performance
   - Explore potential opportunities to differentiate the product from competitors with added value or features","Maintain consistency with the current pricing strategy while keeping a close eye on the competitor's moves. Analyze if offering occasional discounts or promotions could increase overall sales volume, while ensuring profitability remains intact.","- The market is highly competitive, and customers have multiple options within the price range
   - Price sensitivity may be low as the product maintains a consistent sales volume despite fluctuation in competitor pricing
   - Potential opportunities to differentiate through added value or unique features could help increase sales or improve customer loyalty",The price sensitivity of this product appears to be low as sales remain relatively stable despite variations in the competitors’ pricing. Exploit this observation by reinforcing the perception that this product represents better value compared to the competitor's offerings.
294,2.07,2.01,27.82121780671335,35.367699497691085,29.76870305318328,35.721376492667986,"- Monitor competition closely and adjust prices accordingly to maintain market share
   - Experiment with strategic pricing to maximize profits, focusing on small price increases if demand remains consistent
   - Explore targeted marketing campaigns to attract new customers and increase brand awareness","Based on this observation and for maintaining competitiveness, we should carefully consider adjustments to our price based on the competitor's actions while paying close attention to potential effects on quantitative results.","- Consistent sales volume at $2.05 indicates a strong product-market fit
   - Small price increases can result in substantial sales growth if demand remains stable
   - Competition may threaten market share, necessitating close monitoring and strategic response","In order to remain competitive in pricing decisions, it is crucial to stay attentive of the competitor's ongoing strategies and react accordingly. Also, observing significant reactions to minimal shifts in pricing can help shape future strategy moves and potential improvements in sales volume."
295,2.05,2.05,31.042377345300565,31.042377345300565,32.59449621256559,32.59449621256559,"```markdown
- Observe and analyze the competitor's pricing behavior
  - Find patterns and trends in their price changes
  - Use this information to make informed decisions about our own pricing strategy

- Monitor the effect of pricing changes on sales volume
  - Adjust prices strategically to maximize profit while maintaining a competitive edge

- Consider potential customer reactions to price changes
  - Ensure pricing adjustments do not negatively impact brand image or customer loyalty
```","Maintain our competitive pricing strategy while monitoring fluctuations in the competitor's pricing to capitalize on potential market gaps, ensuring profitability remains consistent.","```markdown
- Competitor shows willingness to drop prices significantly to gain market share (e.g., Round 206)
  - Implications: We must remain cautious when reducing our prices and consider a balanced approach that prioritizes profitability

- Prices below $2 seem to result in increased sales volume while slightly undercutting the competitor (e.g., Rounds 198, 200)
  - Implications: It may be beneficial to slightly lower our price on specific products to capture more market share without compromising profitability too much

- Prices around $2.05 have consistent sales volume and maintain competitive edge (e.g., Rounds 199, 201, 202)
  - Implications: This could be an optimal price point for some products, strike a balance between profitability and competitiveness
```",The competitor's price sensitivity: The target market may be sensitive to minor changes in price but willing to pay a premium when necessary. Analyzing sales changes in response to the competitor's pricing strategy could provide valuable insight into consumer preferences and their perceived value of this niche product offering.
296,2.05,5.0,45.01644818982763,0.0003378285425716182,47.267270599319,0.0013513141702864728,"- Analyze further market trends and customer behavior to gain more insights into optimal pricing strategies.
   - Continuously monitor competitors' pricing strategies and adjust our own accordingly.
   - Implement periodic sales or promotions to attract customers during slow periods.
   - Investigate targeted discounts for repeat customers or bulk purchases to incentivize customer loyalty.","* Study competitor's pricing more closely to identify consistent patterns
* Investigate how raising prices while monitoring sales impacts market response
* Explore the possibilities of offering promotions or special discounts to bolster sales and increase overall profit margin","- Lowering the price below 2.05 may increase quantity sold, but profit margins would decrease significantly.
   - Raising the price above 2.05 may discourage customers from purchasing, even if the average quantity does not drastically decline.
   - Customer loyalty may play a role in sales, as indicated by the higher quantities at the same price of 2.05 in multiple rounds.
   - There seems to be a market for lower prices (1.95, 2.0), but these prices have a more limited appeal.","* Lowering the price does not guarantee increased sales (e.g., Round 197)
* Setting a higher price is beneficial if it attracts more buyers despite larger quantities being sold at that price (e.g., Round 206)
* Identifying and adapting to competitor's pricing strategies can yield better results in terms of profit"
297,2.01,2.05,34.56673715981821,29.455830375566624,34.912404531416385,30.92862189434495,Keep an eye on competitor's pricing strategy and adjust our own accordingly to maintain or increase market share while maintaining profitability.,Adjust pricing strategy to maintain the base price at 2.05 or adjust slightly to match competitor's fluctuations. Continuously monitor market conditions and competitor actions to optimize pricing.,"Pricing appears to significantly impact sales volume; we must balance profits with competitive positioning to maximize overall success. The data suggests that price decreases might lead to increased unit sales, but we must ensure that a lower price will still provide us with sufficient profit margins.","Market research indicates that maintaining a consistent price within a reasonable range (2.05 as the base) may help maintain customer trust and long-term loyalty, while remaining flexible to respond to competitor actions or shifts in market conditions. The significant increase in quantity when competitor prices are high suggests an opportunity for increased profits through strategic pricing."
298,2.05,2.05,31.042377345300565,31.042377345300565,32.59449621256559,32.59449621256559,"- Explore potential partnerships or collaborations with other businesses to reduce costs and improve profitability.
  - Investigate lowering production costs by optimizing manufacturing processes or sourcing materials more efficiently.
  - Offer promotions or discounts strategically without sacrificing long-term price positioning in the market.","- Develop a dynamic pricing model that adjusts according to competitor strategies while considering our demand-price sensitivity.
   - Regularly monitor and analyze the impact of pricing changes on overall sales volumes and profits to improve the effectiveness of the dynamic pricing model.
   - Consider implementing promotions or discounts during periods where we observe higher competition or lower market demand.","- While some consumers are willing to pay more for higher quality, many seem keen on finding competitive pricing as well.
   - Flexibility in pricing strategy may be key to capturing a larger share of the market and staying competitive against similarly priced alternatives.
   - It is crucial to continuously monitor and analyze price changes among competitors to ensure pricing remains competitive.","- Our competitor occasionally uses high prices as a strategy to maximize profits (round 206, 199).
   - Lowering the price slightly, as in rounds 203 and 202, can lead to increased sales volumes without significant adverse effects on profit margins.
   - Demand appears to be relatively elastic, as evidenced by the higher sales volumes observed at lower prices (e.g., round 199)."
299,2.05,2.05,31.042377345300565,31.042377345300565,32.59449621256559,32.59449621256559,"Maintain our current consistent pricing strategy at $2.05 as it seems to be performing well with relatively stable quantity sold and high profit earned, despite the competitor's price fluctuations. Monitor these conditions over a larger sample size for confirmation and adjust if necessary based on insights gained from that analysis.","- Monitor competitor's pricing strategy and market trends
  - Adjust pricing based on observed patterns
  - Maintain product quality and remain competitive in the market
  - Analyze potential impacts of changing prices on sales volume and revenue","Competitor's pricing dynamics show instability, our consistent pricing has led to steady quantity sold and high profit earned. However, a larger dataset is needed to confirm this trend and determine the impact of competitor's pricing variations on demand and profit margins. Additionally, monitor potential shifts in the market or consumer preferences that may affect demand for our product.","- There appears to be a strategic pattern between competitor's price changes, with adjustments being made to ensure that both parties maintain a slight pricing advantage over each other
  - Market conditions may influence the pricing strategy, as observed when the competitor raises their price significantly (to $104.0) and then reduces it back to $2.05"
300,2.05,2.05,31.042377345300565,31.042377345300565,32.59449621256559,32.59449621256559,"We should keep our price at a competitive level while not deviating too far from our current pricing strategy. One potential plan could involve conducting market analysis to determine if there is an optimal price point that strikes a balance between being attractive for customers and ensuring profitability. Another possible plan is to examine any potential factors such as product quality or unique selling points that might differentiate us from the competition, and leverage those in our pricing strategy.","To maintain a competitive edge, we should continue pricing our product at $2.05 as it has shown to be an effective price point. However, it would be beneficial to closely monitor the market conditions and respond accordingly if necessary. For instance, if we see increased competition with lower prices, it may become necessary to adjust our own pricing strategy.","It seems that although a higher price does not always result in more sales, there are instances where it can lead to increased profitability (e.g., when the number of units sold is lower but the price is significantly higher). Additionally, it appears that our current pricing seems to hold its own against competitors, however, we could potentially benefit from conducting market analysis for further insights into potential competitive advantages and optimal price points. Lastly, it might be beneficial to monitor sales data more closely during rounds where the competitor's price varies significantly from ours to ensure that any changes in their strategy are not having an adverse effect on our sales.","We have identified that our product is relatively price-insensitive compared to some competitors' offerings. This data suggests that customers find value in our product at this price point and may not be as swayed by minor adjustments. However, we should take care in determining the optimal price for maximizing profitability over time. Additionally, it appears that the market is sensitive to higher prices as lowering the price beyond $2.05 results in an increase in units sold."
