round,price_0,price_1,qty_0,qty_1,profit_0,profit_1,plan_0,plan_1,insight_0,insight_1
1,5.0,8.99,84.70293436792501,0.5779027051364244,152.46528186226502,3.346056662739897,"- Research market trends and competitor pricing in the product category (Week 1)
     - Test discount strategies (Week 2)
       - Offer volume-based discounts
       - Implement temporary sales or promotions
   - Analyze customer feedback on price sensitivity and willingness to pay more (Week 3)
     - Adjust prices based on insights gained from customer feedback (Week 4)","1. Test dynamic pricing strategies based on demand to identify the highest profitable price point and adjust accordingly.
   2. Experiment with tiered pricing to create a sense of perceived value and encourage larger purchases.
   3. Analyze competitor pricing and adjust prices competitively while maintaining profitability.
   4. Investigate Psychological pricing strategies, such as using prices ending in ""9"" or rounding up or down slightly, to manipulate customer decisions.","- High profit margin might limit potential sales, as customers are likely to perceive the product as overpriced
   - Discount strategies could potentially increase sales volume and attract more customers while maintaining a profitable price point
   - Understanding customer willingness to pay will help set an optimized price","- Dynamic pricing can maximize profits by adjusting price based on demand and competition, potentially leading to higher sales volume.
   - Tiered pricing can encourage customers to purchase more items at once by offering attractive deals, driving up average order value.
   - Researching competitor pricing can inform strategy and help maintain a competitive edge in the market.
   - Psychological pricing can impact customer behavior and perception of value when making purchasing decisions."
2,7.5,8.49,19.065103358002894,5.530950130684914,81.97994443941244,29.258726191323195,"- Test different discount strategies (Week 1)
        - Offer tiered volume-based discounts (e.g., buy 3 get 1 free, buy 5 get 20% off)
        - Implement permanent discounts or price reductions
      - Analyze customer feedback on perceived value and acceptance of discounts (Week 2)
        - Adjust prices based on insights gained from customer feedback (Week 3)
        - Re-evaluate market trends and competitor pricing (Week 4)","1. (keep) Test dynamic pricing strategies based on demand to identify the highest profitable price point and adjust accordingly.
    Adding: Conduct a thorough analysis of competitor’s pricing dynamics for a more informed strategy.
          2. (update) Experiment with tiered pricing to create a sense of perceived value, but prioritize adjustments that maximize average order value.
          3. (keep) Analyze competitor pricing and adjust prices competitively while maintaining profitability.
    Adding: Examine the impact of psychological pricing on sales and average order value when competing with a higher-priced competitor.","- Discount strategies can help increase sales volume by making the product more appealing to customers while maintaining profitability
       - Understanding the customer's perceived value of the product will aid in setting an optimized price based on their willingness to pay and accept discounts
       - Monitoring market trends and competitor pricing is crucial for staying competitive and adjusting strategies as needed","- (keep) Dynamic pricing can maximize profits by adjusting price based on demand and competition, potentially leading to higher sales volume.
    - (update) Tiered pricing can encourage customers to purchase more items at once by offering attractive deals, driving up average order value but needs refinement for optimal results.
    - (keep) Researching competitor pricing can inform strategy and help maintain a competitive edge in the market.
    - (add) Understanding competitor’s pricing dynamics is critical to develop a competitive yet profitable pricing strategy.
    - (add) Psychological pricing might have a crucial role when competing with similar high-priced competitors as it influences customer perception and decision-making processes."
3,6.5,6.0,24.99128797141698,46.6898727236243,82.47125030567604,130.731643626148,"-Test price elasticity by adjusting product price (Week 1)
        - Implement a range of price points and monitor sales and profitability
    -Analyze competitor behavior and price sensitivity (Week 2)
        - Investigate why our competitor’s price is lower than ours despite producing similar quality goods
    -Gather customer feedback on perceived value, price elasticity, and willingness to pay for discounts (Week 3)
        - Adjust pricing based on insights gained from customer feedback (Week 4)
    -Analyze market trends and adjust pricing strategically as needed (Ongoing)
      -Monitor competitor pricing, sales volumes, and adjust our strategy accordingly","1. Refine tiered pricing strategy to focus on attracting more high-value customers and increasing average order value when competitive prices are low, and vice versa.
   2. Investigate the use of a hybrid dynamic/tiered pricing strategy that adjusts prices based on market conditions and customer behavior.
   3. Research the impact of psychological pricing on sales volume, profitability, and competitive standing in specific market scenarios.
     4. Analyze customer segmentation and personalized pricing strategies to cater to different customer groups effectively.","-Adjusting prices within a competitive range can help maintain or increase sales volume without significantly affecting perceived value
       - A lower price can make the product more appealing to customers while ensuring profitability
       - Understanding our cost structure and competitive landscape is essential for setting an optimized price that balances volume, profitability, and customer acceptance
       - Monitoring competitor behavior, price sensitivity, and market trends will help make informed pricing decisions","- Adjusting pricing strategy has a significant impact on sales volume and corresponding profits in different market conditions.
       - A balance between profitability, sales volumes, and competitive position is crucial in determining optimal pricing strategies.
        - Hybrid dynamic/tiered pricing strategies may prove effective in maximizing both sales volume and profit per unit.
          - Understanding customer segments and tailoring pricing to fit their preferences can lead to improved profits in the long run.
           - Psychological pricing continues to be relevant, especially when competing with similar high-priced competitors."
4,5.0,7.25,81.04853387289235,4.867342785138166,145.88736097120622,19.71273827980957,"- Testing lower prices to maximize sales volume without compromising profitability (Week 1)
        - Analyze the impact of different lower price points on quantities sold, sales volume, and profitability
    - Monitor competitor pricing closely and adjust our strategy accordingly (Weeks 2 - Ongoing)
        - Adjust prices to maintain a competitive edge while capitalizing on our customers' price elasticity
    - Collect customer feedback on price sensitivity and willingness to pay for discounts (Week 3)
        - Adjust pricing based on insights gained from customer feedback (Week 4)
    - Keep tracking market trends and adjust pricing strategically as needed (Ongoing)","1. Develop and test a hybrid dynamic/tiered pricing strategy that adjusts prices based on market conditions and competitor's behavior, focusing on increasing sales volume and profitability when competing with similar high-priced competitors while maintaining maximum profit margins during periods of lower competition.
   2. Further analyze customer segmentation to create targeted pricing strategies for high-value customers without compromising the overall profit margin.
     3. Incorporate psychological pricing techniques to improve sales volume and generate additional profits.","- A lower price can make the product more appealing to customers, maximizing sales volume without compromising profitability
       - It's essential to understand our cost structure and competitive landscape when setting a price that balances volume, profitability, and customer acceptance
       - Monitoring competitor behavior, price sensitivity, market trends, and customer feedback will help make informed pricing decisions
       - Keep in mind that lowering prices can increase sales volume but may also affect the perceived value of our product","- A hybrid dynamic/tiered pricing strategy is crucial for long-term maximization of sales volume and profit per unit, especially when competing with high-priced competitors.
      - Understanding customer segments allows for tailored pricing strategies that cater to specific market niches, leading to improved profitability.
       - Incorporating psychological pricing techniques can help attract more customers without compromising overall profit margin during periods of high competition."
5,6.99,5.1,7.294922844532235,77.45356576929724,27.64775758077717,147.16177496166472,"- Examine the impact of medium and slightly higher priced points on quantities sold, sales volume, and profitability (Week 1)
        - Analyze competitor pricing trends along with our elasticity to determine optimal price level (Weeks 2 - Ongoing)
    - Gather customer feedback on our new, medium-priced strategy to assess impact on their perception of value and willingness to pay (Week 3)
        - Adjust pricing based on insights gained from customer feedback in the next round (Week 4)
    - Monitor market trends, and adjust pricing strategically as needed to maintain competitiveness (Ongoing)","1. Continue adapting pricing strategies based on market conditions and competitor's behavior, focusing on maximizing profitability by staying competitive while maintaining a high price when possible (similar to Round 1).
     2. Implement a strategy that will allow me to increase my price in circumstances where the competitor sets a very low price, such as in Round 4 to ensure a reasonable profit level without compromising profit margins.","- Medium-range prices may attract more customers while maintaining acceptable profit margins, requiring careful consideration of both volume and pricing elasticity.
       - The perceived value of the product is a critical factor when making pricing decisions; customers might be more willing to pay higher prices for our product if they perceive it as having greater value.","- A dynamic pricing strategy is necessary to stay competitive while maximizing profitability depending on market conditions and competitors' behavior.
    - The initial price of $5.00 can be used as a starting benchmark, with adjustments made during periods of increased competition from lower-priced alternatives."
6,5.5,6.25,58.26629476507629,22.817408875612795,134.01247795967546,69.59309707061902,"- Continue testing different price points to find the optimal balance between volume and profit (Week 1)
              - Monitor competitor pricing trends more closely and adjust pricing strategically if necessary (Weeks 2 - Ongoing)
        - Implement a customer survey to understand their perception of value and willingness to pay, using the insights gathered to inform pricing decisions (Week 3)
              - Adjust pricing based on insights gained from customer feedback in the next round (Week 4)","1. Experiment with prices slightly below competitor's price when market conditions indicate greater competition or lower demand, ensuring profit margins are maintained while remaining competitive (similar to Round 4).
2. Monitor customer feedback and sales data to gauge the minimum acceptable price that maintains both market competitiveness and product quality perception.
3. Adapt pricing strategies depending on the product's life cycle stage, adjusting prices more frequently during introduction and growth phases.
4. Explore bundle pricing options for slow-moving products to increase overall sales without compromising profitability.","- It's essential to strike a balance between volume and profit when setting prices, as both are crucial for long-term success.
       - Our customers place a higher perceived value on our product compared to competitors, suggesting that they might be willing to pay more for our product if the price is right.","- Moderate competitive pricing can attract more customers while ensuring reasonable profitability.
  - It is important to maintain a strategic balance between perceived product quality and market competitiveness, considering the life cycle stage of the product.
  - Gathering customer feedback and monitoring sales data will help to determine the minimum acceptable price point that ensures both market competitiveness and positive perception of product quality."
7,6.0,5.0,19.619870436465018,68.48007660422945,54.935637222102045,123.264137887613,"- Refine pricing strategy weekly based on competitor trends and sales data (Week 1 - Ongoing)
        - Continue customer survey with the emphasis on understanding their perception of value and price elasticity (Week 2 - Week 4)
          - Analyze customer feedback and adjust pricing tactics accordingly (Week 5)
                - Monitor changes in competitor pricing strategy to capitalize or react if necessary (Week 6 - Ongoing)","1. Continue experimenting with prices slightly below competitor's price while monitoring market conditions; adjust when necessary to maintain reasonable profit margins (similar to Round 4).
2. Monitor customer feedback and sales data to gauge the optimal pricing strategy based on product life cycle stage and competitive landscape.
3. Be prepared to readjust pricing strategies if necessary to account for seasonal factors or changes in market supply and demand.
4. Analyze slow-moving products to determine if bundle pricing options are feasible and beneficial without compromising profitability (similar to Round 5 plan #4).","- A more flexible pricing strategy is required due to volatile competitor pricing trends and customer willingness to pay a premium.
        - The customer feedback gathered from the survey will enable us to price more appropriately, maximizing both volume and profit.","- Lower prices may attract more customers and yield higher overall profits in the short term, but a balance must be maintained between market competitiveness and product quality perception.
  - It is essential to closely examine the competitive landscape when choosing a pricing strategy. Even though lower prices can yield larger profits, they potentially undermine long-term strategies if not done strategically.
  - A careful analysis of product life cycle stage, market demand, and competition will help determine the best pricing approach for each round."
8,6.35,5.25,16.96499674017959,67.09786371150769,53.4397397315657,137.55062060859075,"- Continue refining pricing strategy weekly based on competitor trends and sales data (Week 1-Ongoing) but pay special attention to the relationship between price and unit profit when making adjustments.
   - Analyze customer feedback in greater detail with focus on understanding how much consumers value perceived differences in quality or added features, and update pricing strategy accordingly (Week 2-Week 4).
   - Monitor competitor's pricing changes for potential opportunities to capitalize or react swiftly if necessary (Week 5, Ongoing) while keeping our cost structure in mind.","1. Continue experimenting with prices slightly below competitor's price while closely monitoring market conditions and adjusting pricing strategies when necessary; aim for reasonable profit margins.
     2. Regularly analyze sales data and customer feedback to refine pricing strategy based on product life cycle stage, competitive landscape, and seasonal factors or changes in market supply and demand.
     3. Explore bundle pricing options for slow-moving products as a potential strategy to increase overall profitability without compromising the long-term product's value proposition.","- Customers are willing to pay a premium for perceived differences in quality or added features, which justifies testing higher pricing tiers when there are valid warranties or unique offerings included.
   - The competitive market requires a more flexible pricing strategy that takes into account both competitor pricing trends and volatile customer perceptions of value.","- Finding the optimal balance between price point, market competitiveness, and profitability can yield high returns in the long term.
   - Bundle pricing could be a viable strategy to improve sales of slow-moving products while maintaining appropriate profitability."
9,6.0,6.0,38.36517311905507,38.36517311905507,107.4224847333542,107.4224847333542,"- Fine-tune the pricing strategy by actively monitoring competitor's responses and proactively adjusting our price when necessary (Week 1-Ongoing).
          - Analyze relationship between price, quantity sold, profit earned to create models that can predict optimal pricing strategies based on these factors (Week 2-Week 4) and integrate them into the weekly sales analysis.
        - Investigate potential for creating a premium product line with unique features or expanded warranties and test varying price points accordingly (Week 5).","1. Continue exploring bundle pricing strategies with slow-moving products as a way to drive overall profitability without compromising long-term value proposition.
   2. Analyze sales data more thoroughly to better understand customer behavior, preferences and price sensitivities in different market conditions.
   3. Monitor the competitive landscape closely, adjusting pricing strategies when necessary based on competitor actions or market changes.
   4. Regularly reassess profitability thresholds to determine optimal balance between price point, market competitiveness, and desired profit margins.","- The competitive market requires a more agile pricing strategy that actively reacts to changes in competitor's pricing, while ensuring maximum profitability.
       - Existing data suggests a sweet spot for profit lies somewhere between $5 and $6.5, with the potential for higher profits via premium product offerings.","- Pricing strategy should leverage sales data to understand customer purchasing decisions, including price sensitivity, during different stages of the product life cycle.
    - Bundle pricing could help increase overall profitability if applied judiciously and in line with market conditions and customer preferences.
    - Optimal balance between price point, market competitiveness, and desired profit margins may shift over time due to changes in market supply and demand or customer preferences."
10,6.0,5.5,28.77882840197299,53.765929821621654,80.58071952552437,123.66163858972979,"- Implement a proactive pricing strategy that considers long-term profitability (Week 1-Ongoing). This includes actively monitoring competitor's responses and adjusting price as necessary, but not reactively to every small change in the market.
          - Develop models based on historical data for the relationship between price, quantity sold, and profit earned (Week 2-Week 4) to predict optimal pricing strategies and integrate them into the weekly sales analysis for further improvements.
        - Test varying prices in the $5-$6.5 range to maintain market competitiveness while maximizing profits (Week 1). Begin testing premium product offerings with unique features or extended warranties at varying price points after understanding the baseline profitability (Week 5 onward).","1. Fine-tune current pricing strategy by incorporating additional data analysis on customer purchasing decisions at varying price points.
         2. Test bundle pricing strategies, considering the competitive landscape and available slow-moving products as leverage points to drive overall profitability without compromising long-term value proposition.
         3. Regularly reassess optimal balance between price point, market competitiveness, and desired profit margins after assessing changes in customer preferences or market conditions.","- A more strategic, proactive pricing approach is required to achieve long-term profit maximization.
   - The competitive market must be closely monitored, but our primary focus should remain on maximizing our own profitability, not just keeping up with competitors.
   - Premium product offerings have the potential for higher profits in addition to the sweet spot for profit (between $5 and $6.5).","- Pricing sensitivity analysis is critical to understanding customer purchasing decisions during different stages of the product life cycle.
          - Optimal pricing strategies may require testing bundle pricing structures while considering the competitive landscape and available slow-moving products.
          - Adjust pricing continuously to ensure long-term profitability by striking an optimal balance between price, market competitiveness, and desired profit margins."
11,6.25,5.98,30.955260200306313,43.381927732788895,94.41354361093425,120.60175909715313,"- Conduct a more detailed analysis on the relationship between our price, the competitor's price, and profit earned, focusing on identifying the optimal price range where maximum profit can be consistently achieved (Week 1-Ongoing).
          - Implement adjustments to our current pricing strategy based on this analysis, aiming to maintain market competitiveness while increasing profits (Week 2 onward).
        - Continue monitoring competitor strategies and their reaction to price changes, making strategic adjustments only when necessary to maintain profitability (Ongoing).
        - Consider expanding our product line with premium offerings that cater to specific customer needs or preferences, gradually integrating them into the market for potential higher profits (Week 5 onward).","1. Continue analyzing customer purchasing decisions at varying price points to further fine-tune pricing strategy.
         2. Test bundle pricing strategies while considering competitive landscape and slow-moving products, with ongoing assessment of its impact on long-term value proposition.
         3. Analyze market trends and make regular adjustments to strike an optimal balance between price point, market competitiveness, and desired profit margins.
          4. Monitor competitor's pricing strategies and respond accordingly in a way that maximizes profit while still meeting customer demand.","- The market is sensitive to price changes within the $5-$6.5 range, so determining the optimal price point that maximizes profit is crucial.
      - Continuously monitoring competitor strategies and their response to price adjustments can help us stay competitive while focusing on maximizing our own profitability.","- Leveraging competitive pricing as a key factor to optimize profitability is crucial, especially when the competitor's price exceeds the ceiling of what customers are willing to pay.
       - Bundle pricing strategies should be tested and continuously reassessed to drive overall profitability without compromising long-term value proposition.
     - Continuous market monitoring and agile adjustments in response to changing customer preferences or market conditions can help maximize profitability over the long run."
12,6.2,5.98,32.30671782936724,42.53278502665465,96.9201534881017,118.24114237409994,"- Continue analyzing the relationship between our price, competitor's price, and profit earnings with a focus on fine-tuning the optimal price point within $5-$6.5 range, aiming to maximize profit consistently while increasing market share (Week 1-Ongoing).
          - Make incremental adjustments to our pricing strategy based on this analysis, adjusting both upward near the competitor's range and downward below their price point to determine profitability in both scenarios (Week 2 onward).
            - Further explore introducing premium product offerings catering to specific customer needs or preferences while keeping an eye on market demand for these products (Week 5 onward).","1. Optimize current pricing strategy by analyzing price elasticity of demand and how it affects customer demand and overall profitability.
      2. Continuously monitor the market and adjust pricing as needed based on competitor's price changes and its impact on the quantity sold, maintaining a focus on maximizing long-term profit.
      3. Investigate potential strategies for creating bundles with slow-moving products to increase overall profitability considering market dynamics and customer preferences.","- Striking a balance between profit and quantity sold appears crucial, requiring a careful examination of our pricing strategy within the $5-$6.5 price range to maximize profits (updated insights).","- Fine-tuning the price within the range that maximizes profit is essential, as this can have a significant impact on overall revenue.
       - Adjusting the price strategically in response to competitors' moves helps maintain an attractive value proposition for customers and preserve profitability."
13,5.98,6.0,38.95802437299627,37.996147324024655,108.30330775692964,106.38921250726902,"- Explore pricing strategies within the optimal range of $5-$6 taking into account direct competitor's price impact, aiming to find the most profitable pricing point (Week 1-Ongoing).
           - Analyze the effect of slight price increases and decreases above and below the optimal range on revenue and profitability, utilizing incremental changes to fine-tune the ideal pricing (Week 2 onward).
             - Further investigate a potential tiered pricing model or limited-time promotions that may incentivize customers to purchase more while preserving profit margins (Week 3 onward).","1. Continuously monitor price elasticity of demand and reactively adjust pricing strategy based on competitor's moves maintaining a focus on maximizing long-term profit.
2. Investigate optimal bundle strategies considering market dynamics and customer preferences to improve overall profitability.","- Finding the optimal balance between profit and quantity sold is crucial, requiring careful examination of our pricing strategy in the $5-$6 range (updated insights).
                        - Direct competitor's price has an impact on market share and may require strategic adjustments to remain competitive while maximizing profit.
                                - Tiered pricing or limited-time promotions may be effective in boosting sales without compromising profit margins (new insight).",- A reactive pricing approach can help maintain a competitive advantage in response to market changes by matching or slightly exceeding competitor prices based on the specific situation.
14,5.98,5.95,38.02617732121891,39.479233498050306,105.71277295298857,108.56789211963834,"- Analyze the effect of prices between $5.0 and $6.0 with a focus on identifying the most optimal price that maximizes both sales volume and profit (Week 1-Ongoing).
         - Investigate potential tiered pricing or limited-time promotions that can be utilized to incentivize customers to purchase more while preserving profit margins (Week 2 onward).
           - Assess the impact of competitor's price fluctuations on our market position and adjust pricing strategy accordingly to stay competitive in the long run (Ongoing).","1. Test a dynamic pricing strategy whereby our price fluctuates based on market conditions, with the aim of finding the optimal price that balances competitiveness and profitability. This will involve continuous monitoring of both customer demand and competitor's prices to make informed adjustments.
   2. Analyze historical data to identify any patterns or trends in customer behavior and use these insights to refine our pricing model over time.","- Optimal balance between sales volume and profit maximization lies within $5.0 and $6.0 range (updated insights).
         - Competitor's price impact on market share requires strategic adjustments to remain competitive while maintaining profitability (updated insight).
           - Tiered pricing or limited-time promotions may be effective in boosting sales without compromising profit margins (new insight).","- A proactive, data-driven approach to pricing can lead to improved profitability by taking advantage of customer demand at various price points.
    - Keeping our price slightly below the competitor's price can help maintain a competitive advantage while still maximizing profits."
15,5.98,5.47,28.708400755790453,54.30899077472937,79.80935410109747,123.28140905863565,"- Analyze the effectiveness of tiered pricing or limited-time promotions at various price points between $5.0 and $6.0 for maximizing both sales volume and profit (Week 1-Ongoing).
            - Develop a plan to monitor competitor's price changes and adjust pricing strategy accordingly, focusing on maintaining sales volume and preserving profit margins (Ongoing).
              - Assess the impact of potential tiered pricing or limited-time promotions on long-term market share in competitive environments (Ongoing).
      - Evaluate the potential effectiveness of offering bundle deals with adjacent products to increase sales volume while maintaining profitability (Week 2 onward).","1. Continue testing dynamic pricing strategies whereby our price fluctuates based on market conditions and customer demand, with the aim of finding an optimal balance between competitiveness and profitability. This will involve monitoring both competitor's prices and customer response to inform adjustments.
        2. Explore a more data-driven approach to pricing that accounts for seasonality in pricing decisions.","- Optimal balance between sales volume and profit maximization lies within $5.0 and $6.0 range, as seen through recent data. Offering tiered pricing or limited-time promotions can further optimize this balance (updated insights).
            - Competitor’s price impact on market share requires active monitoring and strategic adjustments to remain competitive while maintaining profitability (updated insight).
              - Bundle deals may be an effective strategy to boost sales even further while preserving profit margins (new insight).","- Prices closest to the competitor's may risk reducing profitability due to increased competition.
       - Lower prices can drive higher volume sales, but may not always result in maximized profits due to lower margins.
       - Proactive, data-driven pricing strategies can aid in optimizing short-term and long- term profitability."
16,5.85,7.0,57.45962723903714,13.647857726735785,152.26801218344838,51.86185936159598,"- Implement tiered pricing strategy with a lower initial price to boost sales volume and gradually increase prices as sales volume decreases, maintaining long-term profitability (Next round).
            - Continuously monitor competitor's price changes and adjust pricing strategy accordingly to maintain market share (Ongoing).
              - Explore bundle deals with adjacent products while preserving profit margins, to further increase sales (Week 2 onward).
      - Assess the effectiveness and optimal balance of various pricing strategies within the $5.0 - $6.0 range, accounting for long-term market share in competitive environments (Ongoing).","1. Continue testing dynamic pricing strategies, but pay closer attention to competitor's price adjustments and their effect on short-term and long-term profitability.
   2. Explore seasonal pricing adjustments based on historical data, with the goal of optimizing sales volumes for both peak and off-peak seasons while maintaining profitability.","- Tiered pricing strategy or limited-time promotions can optimize the balance between sales volume and profit maximization (updated insights).
            - Competitor’s pricing impact on market share requires active monitoring and strategic adjustments to remain competitive while maintaining long-term profitability (confirmed insight).
              - Bundle deals may be an effective strategy for boosting incremental revenue through expanding product offerings (confirmed insight, more data required to optimize).","- Be cautious when setting prices too close to or matching competitors', as this may risk reducing profitability in an attempt to boost sales volume.
    - Profit optimization strategies require striking a balance between attractive pricing and maximizing margins, considering market conditions and customer demand."
17,5.98,6.0,38.95802437299627,37.996147324024655,108.30330775692964,106.38921250726902,"- Implement price testing within the range of $5.85 - $6.25 while keeping a close eye on sales volume and overall profit (Ongoing).
       - Analyze competitor's pricing strategies and adjust pricing accordingly to remain competitive in the market (Weekly).
         - Develop bundle deals with adjacent products while maintaining profit margins, focusing on testing various combinations to find optimal bundles (Week 2 onward).","1. Continue monitoring competitor's pricing adjustments and their effect on short-term and long-term profitability. Pay closer attention to the sweet spot that maximizes both sales volume and profit while avoiding setting a price too close to or matching competitors'.
       2. Investigate more aggressive seasonal pricing strategies, with the goal of optimizing sales volumes for peak seasons and maintaining profitable margins during off-peak times.
   3. Test dynamic pricing strategies in response to market conditions and customer demand patterns while keeping an eye on competitor's moves.
   4. Consider conducting surveys or focus groups to better understand customer's price sensitivity and preference, and adapt pricing strategies accordingly.","- Pricing within the range of $5.85 - $6.25 offers a balance between sales volume and profit maximization (confirmed insight, more data required for optimization).
       - Competitor’s pricing impact on market share requires active monitoring and strategic adjustments to remain competitive while maintaining long-term profitability (confirmed insight).
         - Developing bundle deals may be an effective strategy for boosting incremental revenue through expanding product offerings (confirmed insight, further data required to optimize).","- Finding the optimal price point is crucial for maximizing profit- it must balance attractiveness with maintaining high enough margins.
    - Seasonal pricing adjustments can help optimize sales volumes during peak seasons without compromising long-term profitability.
    - Dynamic pricing strategies that adapt to market conditions and customer demand patterns can lead to increased profitability."
18,5.75,5.98,45.581263919714395,34.19217282581656,116.2322229952717,95.05424045577006,"- Widen the tested price range from $5.85 - $6.25 to include lower pricing options ($4.95-$5.75) while carefully evaluating profit margins and sales volume (Ongoing).
          - Continue monitoring competitor's pricing strategies and adjust pricing accordingly to gain market edge while maintaining long-term profitability (Weekly).
            - Conduct experiments with bundle deals by partnering with adjacent products, focusing on variations that optimize profits in the short run and generate incremental revenue in the long run (Week 2 onward).
            - Perform sensitivity analysis to better understand the relationship between pricing, sales volume, and overall profitability for future decision making.","1. Test a range of prices near $5.98 and closely monitor the resulting profit and sales volume to identify the ideal price point that maximizes both.
    2. Implement and analyze seasonal pricing adjustments to optimize sales volumes during peak seasons while maintaining profitable margins.
   3. Investigate dynamic pricing strategies in response to market conditions and customer demand patterns, keeping an eye on competitor's moves.
   4. Consider conducting surveys or focus groups to better understand customer price sensitivity and preferences and adapt pricing strategies accordingly.
   5. Continue monitoring competitor pricing adjustments and their effect on short-term and long-term profitability. Pay closer attention to sweet spot that maximizes both sales volume and profit while avoiding setting a price too close to or matching competitors'.","- Lower pricing offers an opportunity to attract customers by positioning as a more affordable alternative to competitors while maintaining desired profit margins (preliminary insight).
          - Aggressive pricing strategies may help establish a market presence and secure long-term customer loyalty, but careful evaluation is necessary to determine optimal pricing levels that balance short-term gains with long-term sustainability (preliminary insight).
            - Developing bundle deals can increase revenue through expanding product offerings while requiring close examination of profit margins, sales volume, and market dynamics for successful implementation.","- Fine-tuning the pricing strategy can optimize sales volumes, profitability, and maintain competitive positioning in the market.
  - Seasonal pricing adjustments, dynamic pricing strategies and understanding customer preferences can lead to increased long-term profitability.
  - Finding the optimal price point is an ongoing process that requires continuous assessment and adjustment based on market conditions and customer response."
19,5.7,5.8,43.490382920112665,38.380128219217454,108.72595730028166,99.78833336996537,"- Fine-tune pricing within the existing range ($4.95-$5.75) by gradually decreasing prices and closely monitoring profit margins and sales volume (Weekly, continuous adjustments).
          - Mimic competitor’s pricing strategy when it results in higher sales volumes and adjusted pricing accordingly to maintain a competitive edge in the long run (Daily, as needed).
            - Continue analyzing historical data to identify patterns of demand, customer behavior, and the relationship between price points, quantity sold, and overall profitability for effective pricing decisions.
            - Evaluate potential revenue streams from bundle deals with adjacent products while ensuring optimal profit margins and market viability (Week 2 onward).","1. Test more prices close to $5.75 (perhaps try prices like 5.68, 5.70, 5.80 and closely monitor the resulting profit and sales volumes to identify optimal range that maximizes both parameters.
       2. Analyze the impact of competitor price adjustments on short-term and long-term profitability and adapt accordingly.
      3. Implement dynamic pricing strategies for certain periods of time to take advantage of high demand when possible (e.g., temporary reduction from $5.75 to $5.60 during Black Friday sale).
      4. Continue monitoring customer preferences through surveys or focus groups and adjust pricing strategy accordingly.","- Lowering prices to maintain a competitive advantage can increase sales quantities but may require careful examination of pricing levels that balance short-term gains with long-term sustainability (updated insight).
          - Monitoring competitor’s pricing and swiftly adapting our own pricing strategy based on market conditions is crucial for market presence and profit maximization (updated insight).
            - Further investigation into bundle deals and adjacent products is essential to explore incremental revenue opportunities while ensuring long-term growth and profitability.","- Pricing strategies in the vicinity of $5.75 can significantly affect profit maximization while maintaining competitive positioning in the market.
     - Dynamic pricing and monitoring competitor activity is crucial to adapt pricing and ensure profitability under ever-changing market conditions.
     - Further investigation into customer preferences using surveys or focus groups would help refine pricing strategy on a continuous basis."
20,5.35,5.72,52.66335001910438,33.162501611406704,113.22620254107439,83.56950406074488,"- Continuously monitor the relationship between price and quantity sold, with a focus on staying competitive but slightly below the competitor to maximize sales quantities. This will require close examination of pricing levels that balance short-term gains with long-term sustainability.

    - Further investigate pricing strategies that maintain an attractive gap with the competitor to encourage customer perception of product value while driving sales volumes and profitability.

    - Evaluate potential revenue streams from bundle deals with adjacent products once a profitable price point is found for this individual product, ensuring optimal profit margins and market viability.","1. Continue testing prices close to $5.75 while closely monitoring profitability and sales volumes (e.g., 5.73, 5.72, 5.69).
     2. Analyze the effect of competitor price changes on long-term profitability and adjust pricing accordingly.
    3. Implement dynamic pricing strategies during periods of high demand to maximize potential profits (e.g., temporary lower price on Black Friday sale).
    4. Organize a survey or focus group to better understand customer preferences and adapt pricing strategy based on the feedback obtained.","- A slight decrease in price relative to the competitor often increases sales quantities at minimal cost to overall profit per unit (updated insight).

    - Maintaining a competitive edge with the competitor’s price is crucial for increased market presence, higher profitability, and long-term growth.","- A balance between profitability and sales volumes can be achieved by testing prices close to $5.75.
      - Adapting pricing strategies based on competitor activity is necessary to maintain profitability while remaining competitive in the market.
     - Gaining insight into customer preferences will further refine pricing strategy for long-term success."
21,5.53,5.73,47.2621314391145,36.807784974406,110.12076625313678,93.12369598524718,"- Continue monitoring the relationship between price and quantity sold, focusing on pricing strategies that keep our product slightly below the competitor's price within a range that encourages sales volumes while maintaining long-term profitability.
   - Begin testing a mid-point pricing strategy, finding the sweet spot where we are competitive with the competitor but maintain higher profit margins due to offering more value.","1. Continue testing prices between $5.73 and $5.75 while closely monitoring profitability and sales volumes to find the optimal balance between profits and volume.
2. Introduce a dynamic pricing strategy during high demand periods, like Black Friday sale, keeping in mind not to sacrifice long-term profitability for short-term gains.
3. Perform a survey or focus group to better understand customer preferences regarding price sensitivity and product quality. Use the feedback obtained to adapt the pricing strategy accordingly.
4. Analyze the effect of competitor price changes on sales volumes, profitability, and adjust pricing accordingly while maintaining a competitive market position.","- Maintaining a competitive edge with the competitor's price is crucial (updated). However, slightly decreasing our price relative to the competitor may lead to increased sales quantities and overall profitability (new insight).
   - Testing mid-point pricing strategies could generate improved results due to offering more value and maintaining higher profit margins while still being competitive with the competitor.","- A balance between profits and volume can be achieved by testing prices close to $5.75 with an emphasis on understanding customer preferences to refine the pricing strategy further.
  - Keeping price too high may lead to decreased sales volumes while keeping it too low may affect profitability."
22,5.46,5.73,49.4469126856794,35.282942190006494,111.75002266963544,89.26584374071643,"- Utilize the insights gained from the market data to further refine the mid-point pricing strategy by iteratively adjusting the price while monitoring changes in quantity sold and overall profit earned.
- Continue focusing on maintaining a competitive edge with the competitor's price, but experiment with slightly lowering our price when there is evidence that doing so would result in increased sales volume and overall profitability.","1. Iterate prices between $5.73 - $5.98, closely monitoring profitability and sales volumes to achieve an optimal balance between profits and volume while keeping customer feedback in mind to refine the pricing strategy further.
   2. Perform a survey or focus group to understand customer preferences regarding price sensitivity and product quality.
   3. Continue analyzing competitor price changes, adjust pricing accordingly based on the impact on sales volumes, profitability and maintain a competitive market position.",- Experimenting with pricing strategies that remain competitive with the competitor while incorporating slight decreases to maximize sales quantities can potentially lead to improved overall results.,"- Prices around $6 generate higher profits but have lower sales volumes in general compared to slightly lower or equal prices with still profitable lower margins.
   - Understanding customer preferences regarding price sensitivity and quality is essential for refining the pricing strategy further.
   - Keeping a competitive market position is crucial for profitability while balancing short-term gains with long-term goals."
23,5.46,5.98,54.618998835255404,28.5136176728599,123.4389373676772,79.26785713055054,"- Adjust pricing strategy by continuously comparing our price with the competitor's and finding the optimal price point where profitability is maximized while maintaining a competitive edge. This will involve subtle price decreases to induce greater sales quantities without compromising overall profit.
- Develop models to estimate the break-even price based on historical data, allowing for more informed pricing decisions that take into account both quantity sold and profit earned.","1. Perform further iterations of pricing within the range of $5.73 - $6 while closely monitoring profitability, sales volumes, and customer feedback.
     2. Schedule a survey or focus group to better understand customer preferences regarding price sensitivity and product quality.
     3. Keep track of competitor's price changes and adjust pricing accordingly based on the observed impact on sales volumes, profitability and maintaining a competitive market position.
     4. Analyze the results from the survey/focus group and use that data to refine the pricing strategy further.",- It is crucial to consider the impact of increased sales volume along with the overall profit to optimize pricing strategies in this market.,"- Pricing within $5.73 - $6 range may optimize profitability while taking into account sales volumes. Customer feedback is crucial in refining the pricing strategy.
   - Thoroughly understand customer preferences regarding price sensitivity and quality can aid in enhancing long-term profitability.
   - It's essential to balance short-term gains with maintaining a competitive market position."
24,5.3,5.8,55.925251783701775,29.934630160028416,117.4430287457737,77.83003841607388,"- Refine pricing strategies by testing incremental price reductions to find optimal balance between profitability and maintaining a competitive market position. Monitor sales volume closely to ensure that decreases in price do not result in significant drops in unit sales.
    - Develop models to identify the most profitable range of prices in the long term, taking into account historical data on both quantity sold and profit earned.","1. Test pricing between $5.40 - $6.25 while closely monitoring profitability, sales volumes, and customer feedback.
     2. Organize a customer survey or focus group to better understand their satisfaction with the current price point and any possible areas of improvement for both price and quality.
     3. Follow competitor’s pricing changes while observing its impact on sales volume and profit.
     4. Analyze the results from the survey/focus group and use that data to refine the pricing strategy further.","- Aggressive pricing can yield immediate high profits at the cost of reduced sales volume but may pay off in the long run if it allows to establish a competitive market position and gain loyal customers.
    - It is important to consider both the short-term gains (profit earned) and the potential long-term impact (customer acquisition, branding, etc.) when making pricing decisions.","- Testing pricing in the $5.40 - $6.25 range may optimize profitability while considering sales volumes and maintaining a competitive market position. Customer feedback is critical to refining the pricing strategy.
  - It's essential to balance short-term gains with a long-term strategy that takes into account customer perceptions of value, potential competition changes, and quality improvements."
25,5.35,6.0,58.380740383765406,25.906296505837748,125.5185918250956,72.53763021634569,"- Develop a systematic approach to testing price reductions from current price while monitoring sales volume closely, focusing on finding the optimal balance between profitability and maintaining market position.
        - Analyze historical data to identify any patterns or trends in customer behavior regarding price sensitivity.","1. Continue testing pricing between the $5.40 - $6.25 range to find an optimal price point which maximizes long-term profitability while considering customer feedback.
     2. Monitor sales and profits closely during these tests, identifying any trends or patterns emerging from them.
     3. Once a stable price range is found, consider increasing the unit cost slightly if it allows us to continue profiting at similar levels without sacrificing sales.
     4. Schedule a customer survey to gather more data on satisfaction with the product's current price and how it compares to competitors in terms of perceived value.","- It is essential to consider the impact of competitor pricing on decision-making, as it can significantly influence sales volume and profit earned.
        - Aggressive pricing may yield immediate high profits but requires careful monitoring to ensure that decreases in price do not result in significant drops in unit sales.","- Fine-tuning the pricing strategy within the $5.40 - $6.25 range may lead to profits optimized over both short and long term, taking into account customer perceptions of value and potential competition changes.
      - While maintaining competitiveness is important, it's crucial to avoid underpricing and undermining profitability. Focus on finding the ideal balance between price, quality, and market positioning."
26,5.3,5.45,48.033768569670485,39.82139280019531,100.870913996308,89.59813380043946,"- Test a range of lower prices while closely monitoring sales volume and profits over multiple rounds, identifying the optimal balance between maintaining profitability and competing with competitors without sacrificing market position.
          - Analyze historical price reductions to assess their impact on sales volume and profits, seeking to determine under what circumstances price reductions yield maximum profit.
    - Study competitor's price fluctuations to better understand their pricing strategy and the potential impact of future changes in our own pricing.
      - Consider implementing a more flexible pricing model that takes into account customer feedback, allowing for periodic adjustments based on market conditions.","1. Continue testing prices within the $5.40 - $5.60 range, fine-tuned closer to 5.45 to determine the optimal price point that maximizes profit over both short and long term.
       2. Monitor sales and profits closely, continuing to identify any persisting trends or patterns in customer behavior.
     3. Reach out to competitors for pricing intelligence to stay informed about potential changes in market dynamics.
     4. Schedule a customer survey to gather more data on satisfaction with the product's current price and how it compares to competitors in terms of perceived value.","- Lower prices may lead to immediate profit gains while still maintaining long-term competitiveness and market position.
          - Price reductions can serve as an initial hook for potential customers, drawing them in before adjusting pricing back towards a profitable level.
    - It's essential to be aware of competitor's pricing, but overemphasizing price parity may force us into pricing wars that lead to decreased profits.
      - Our pricing should reflect both immediate profit objectives and the long-term strategy for market positioning, ensuring overall business success.
      - A flexible pricing model allows for adaptability in rapidly changing markets and can help retain customers by meeting their specific needs.","- Maintaining consistency within the $5.40 - $5.60 range may further optimize profits over both short and long term, while balancing customer perceptions of value and competitive pricing.
       - Identifying the optimal price point in this range could potentially yield even higher profits in subsequent pricing rounds due to customer loyalty and increased sales volume."
27,5.3,5.16,40.91509368940856,48.739950559848054,85.92169674775796,95.53030309730218,"- Continue testing lower prices, but stay above competitor's price level to maintain market position;
  - Monitor the impact of price changes on sales volume, profits, and market position over multiple rounds;
    - Conduct a detailed analysis of historical pricing data to identify trends that maximize profit.
      - Analyze our current pricing strategy in comparison with competitors’ strategies in order to find an optimal balance between short-term profit objectives and long-term market success.","1. Continue testing prices within a range slightly below the competitor’s price (about 5% lower or $0.27). This should help draw more customers and potentially boost sales volume without undermining profitability.
          2. Conduct customer surveys to gather more data on satisfaction with the product's current price and how it compares to competitors in terms of perceived value.
     3. Evaluate competitor pricing trends closely, taking note of any potential market shifts that could affect our optimal pricing strategy.","- A lower price can attract more customers, but it's essential not to compromise on long-term market position and profitability;
  - Periodic adjustments of our pricing strategy based on market conditions and customer feedback can help maximize profit while maintaining competitiveness.
    - Maintaining a balanced approach in our pricing strategy is crucial for optimizing both short-term profits and long-term market success.","- Adjusting prices slightly below the competitor’s price may help balance customer acquisition and profitability in the long run.
           - Customer feedback regarding price perception and product value will aid in further optimizing our pricing strategy."
28,5.01,5.0,45.69259970113039,46.26734185223663,82.70360545904599,83.28121533402593,"- Perform a thorough analysis of market conditions and customer feedback to inform an adaptive dynamic pricing approach;
    - Develop predictive models to identify trends that optimize both short-term profits and long-term market success;
      - Continuously monitor the impact of price changes on sales volume, profits, and market position over multiple rounds.","1. Continue adjusting our price to be approximately 5% below the current competitor’s price, maintaining a range from $4.8 (which is 95% of $5.16) to $5 (exactly 5% lower than $5.3). This should help us draw more customers while potentially boosting sales volume.
     2. Monitor the effectiveness of our new pricing strategy closely by comparing profit margins with prior rounds, and adjust as needed based on the results.
         3. Gather customer feedback regarding price perception and product value through surveys to ensure that our chosen pricing point maintains a balance between attracting customers and maximizing profitability in the long run.","- A balanced approach in pricing strategy is crucial to optimize both short-term profits and long-term market success;
    - Responding appropriately to market fluctuations by adjusting the price based on customer feedback and market conditions can maximize profit;
      - Analyzing historical data and competitor strategies can help inform the optimal balance between short-term objectives and long-term market success.","- A slightly lower pricing strategy could help increase competitiveness in the market without compromising overall profitability in the long run.
          - Surveying customers about their perception of product value will ensure that our pricing point is appropriately tuned to maximize long-term profitability while attracting more customers."
29,6.0,5.0,19.619870436465018,68.48007660422945,54.935637222102045,123.264137887613,"- Begin by implementing a dynamic pricing approach, adjusting prices based on market fluctuations, trends, and competitor actions to optimize both short-term profits and long-term market success;
        - Constantly analyze sales volume, profits, and market position during multiple rounds to gauge the impact of price changes and adapt accordingly;
          - Use historical data and competitor strategies to identify the optimal balance between short-term objectives and long-term market success.","1. Adjust our price to approximately 5% below the current competitor’s price but within a range of $4.9 (which is 95% of $5.33) and $5 (exactly 5% lower than $5.36). This adjustment aims to continue drawing more customers while maintaining a balance between volume sales and maximizing profitability in the long run.
         2. Carefully monitor the effectiveness of our pricing strategy by comparing profit margins with previous rounds, and make necessary adjustments if profit growth slows or if the pricing approach no longer appears competitive within the market context.
         3. Prioritize obtaining customer feedback regarding price perception and product value through surveys to ensure that our chosen pricing point remains appropriately tuned to maximize long-term profitability while attracting and retaining customers effectively.","- Adopting a dynamic pricing approach, in which prices are adjusted based on market conditions, can help achieve the desired balance between short-term profits and long-term market success;
        - Identifying and adhering to market trends is crucial to maintain competitiveness while maximizing profitability.","- Maintaining a slightly lower pricing strategy compared to the competitor can help increase our competitiveness without compromising overall profitability in the long run, as indicated by the analyzed market data.
          - Collecting customer feedback regarding price perception and product value is crucial for ensuring that our pricing point remains appropriate for maximizing long-term profitability while attracting more customers effectively."
30,7.5,4.98,3.534675357418138,82.48541241337641,15.199104036897994,146.82403409581002,"- Test higher pricing strategies with incremental adjustments to understand the market's reaction;
        - Evaluate profit margins, sales fluctuations during multiple testing rounds, and compare them against different price points;
          - Fine-tune the pricing strategy based on insights gained from testing to achieve optimal balance between profits and demand.","1. Adjust our price slightly lower (approximately 3%) than the current competitor's price, which would mean a new price range of $4.84 to $5.0 (3% below $5.29) while maintaining close competitiveness in the market and attracting more customers due to perceived value for money.
        2. Carefully monitor profit margins to identify the optimal pricing point where volume sales can be increased without compromising overall profitability over an extended period.
        3. Implement customer feedback collection methods, such as surveys or product reviews, to continuously gather insights regarding price perception and maintain appropriate pricing based on the feedback received.
         4. Analyze market trends, competitor strategies, and evolving customer preferences regularly to make informed decisions about pricing changes when necessary.","- Higher price points could lead to lower sales volume but could potentially increase overall profit, assuming that there are no changes in the demand curve or competitor actions;
        - It's essential to continually evaluate the market response to pricing adjustments and adapt accordingly while keeping an eye on long-term objectives.","- Lowering our price slightly can help increase sales volume while staying competitive within the market context, as long as overall profitability is not compromised over a long period.
       - Gathering customer feedback regarding price perception and product value will enable effective adjustments to pricing strategies and improved customer satisfaction in the long run."
31,8.0,5.01,1.98483850402563,83.3490784424114,9.527224819323024,150.8618319807646,"I propose testing a series of higher price strategies (around $8 or above) with incremental price adjustments, while simultaneously monitoring the effects on demand and overall profit. Concurrently, I intend to keep a close watch on competitor actions and adapt pricing strategies accordingly. Once sufficient data has been accumulated, compare the results at different price points and fine-tune the pricing strategy to achieve an optimal balance between profits and demand.","1. Adjust our price slightly lower (approximately 3%) than the competitor’s current price to attract more customers while maintaining a reasonable profit margin.
2. Regularly analyze sales across multiple rounds to identify patterns in quantity sold and profit earned at various price points.
3. Implement A/B testing strategies on pricing to isolate the impact of pricing changes on sales volume and overall profitability.
4. Utilize market research tools to compare our product with competitors regarding pricing trends, customer preferences, and perceived value.
5. Continuously monitor competitor pricing changes and adjust ours accordingly based on the identified patterns in sales and profit.","The experiments carried out so far suggest that it is important to consider the long-term objectives when making pricing decisions. While lower prices can result in higher sales, it may not maximize profitability (as demonstrated when moving from Round 29 to Round 30). By taking deliberate actions over a series of rounds with incremental price adjustments, we can better evaluate the market's reaction and adapt accordingly while striving to achieve optimal balance between profits and demand.","- A price slightly below the competitor's can attract more customers while maintaining reasonable profit margins.
- Sales data across multiple rounds is essential for identifying the optimal pricing point.
- A/B testing helps isolate the impact of pricing on sales and overall profitability.
- Regular market research enables informed decisions about pricing changes."
32,9.0,6.56,2.087434954291186,44.07690801950875,12.107122734888879,148.09841094554938,"Conduct an A/B test on pricing at incrementally increasing price points from previous higher-pricing rounds (e.g., $8 to $9 or even slightly above $10). Simultaneously, adjust prices based on competitor actions while remaining mindful of the effect on demand and overall profitability. As always, accumulate data over multiple pricing rounds before making any drastic changes.","1. Continue monitoring competitor pricing and adjust our price accordingly, being careful not to match exactly to maintain distinctiveness.
2. Analyze sales data more frequently (daily or after every round) and look for patterns in relation to the quantity sold and profit.
3. Implement A/B testing of a wider range of price points to better isolate the impact on sales and profitability.
4. Investigate if offering promotions such as temporary discounts or bulk deals can increase the quantity sold while maintaining reasonable profit margins.
5. Explore dynamic pricing strategies that adjust based on fluctuations in supply, demand, or competitor actions.","The data suggests that it is essential to keep a balance between price and quantity sold while not neglecting the ultimate goal of maximizing profits. By taking deliberate actions to gradually increase or decrease prices, we can assess market reactions and adapt accordingly while focusing on achieving an optimal balance between short-term sales growth and long-term profitability.","- A slight discrepancy from the competitor’s price may improve our relative competitiveness and potentially increase sales volume without necessarily reducing profit margins.
- The sweet spot for pricing lies between moderately higher and moderately lower than the competitor's price, as extreme deviations can lead to fewer units being sold.
- Frequent analysis of sales data and a wide range of price points in A/B testing is crucial to achieving an optimized pricing strategy."
33,6.98,5.98,15.255357776877936,53.246430580086596,57.6652523965986,148.02507701264074,"- Continue to conduct A/B testing on pricing with incrementally increasing price points around $6~$7 to pinpoint an optimal price that maximizes profits while maintaining a reasonable demand volume. Monitor competitor actions and make adjustments accordingly.
   - Collect data over multiple pricing rounds before making any drastic changes, and repeat this process until the most profitable price is identified.","1. Continue analyzing the impact of minor price deviations from competitors while monitoring profit and volume sold (quantity_sold_vs_price.py).
2. Investigate offering temporary discounts or bulk deals to stimulate demand (discounts_and_bulk_deals.py).
3. Implement dynamic pricing strategies in response to fluctuations in supply, demand, or competitor actions (dynamic_pricing.py).
4. Conduct ongoing A/B testing with a wider range of price points to better isolate the impact on sales and profitability (A_B_testing.py).","- Aggressive pricing may lead to increased sales volume but decrease overall profits, especially when facing strong competition at lower price points.
   - Gradual adjustments in pricing are crucial for achieving an optimal balance between sales and profit over the long run.
   - It is important to remain aware of market fluctuations and competitor actions while focusing on maximizing both short-term sales growth and long-term profitability.","- The pricing strategy should try to keep prices slightly below or equal to competitors while analyzing the volume sold and profit earned.
- A more precise optimal pricing point can be determined through frequent analysis of sales data and A/B testing with a wide range of price points.
- Dynamic pricing strategies adjusting based on fluctuations in supply, demand, or competitor actions could help improve overall profitability."
34,6.82,6.98,28.49660786595239,23.33104921825916,103.15772047474766,88.19136604501963,"- Conduct A/B testing on pricing with incrementally increasing price points around $6 and $7 to pinpoint an optimal price that maximizes profit while monitoring competitor actions, keeping in mind the customer limitation.
     - Collect data over multiple pricing rounds before making any drastic changes, then reassess and make adjustments based on the analysis of market trends and competitor actions.","1. Implement a dynamic pricing strategy adjusting prices according to fluctuations in supply, demand, or competitor actions (dynamic_pricing.py).
   2. Conduct ongoing A/B testing to better isolate the impact of price on sales and profitability (A_B_testing.py).
   3. Investigate offering temporary discounts or bulk deals to stimulate demand and increase total revenue (discounts_and_bulk_deals.py).
   4. Continue analyzing the impact of minor price deviations from competitors while monitoring volume sold and profit earned.","- Market conditions and competitor reactions can impact profit maximization strategies; thus, adaptability is crucial.
     - Aggressive pricing while remaining aware of the customer limitation may lead to increased sales and greater profits over the long term.","1. The optimal pricing strategy should take into account fluctuations in supply, demand, and competitor actions to make adjustments as needed (e.g., dynamic pricing).
   2. A more precise optimal pricing point can be determined through ongoing monitoring of sales data and testing a wide range of price points (A/B testing).
   3. Offering temporary discounts or bulk deals may generate increased demand and revenue in the short term, but long-term profitability must also be considered.
   4. Pricing slightly above production cost while remaining competitive appears to lead to optimal sales volume and profit."
35,7.0,6.0,15.134676736529919,52.82521236080878,57.51177159881369,147.91059461026455,"- Continue A/B testing with incrementally increasing price points around $6 and $7 to pinpoint an optimal price, but adjust quickly if competitor actions indicate a need for additional flexibility in pricing.
     - Monitor market trends and adjust prices accordingly based on the analysis of sales data, while maintaining adaptability and responsiveness to competitor moves.","1. Refine dynamic pricing strategy to take market fluctuations into account while considering potential impacts on volume sold and profit earned.
     2. Utilize A/B testing to better understand the effects of various price points on sales and profits.
     3. Continue analyzing temporary discounts or bulk deals if they enhance long-term profitability without decreasing overall profit margins.
     4. Analyze the potential benefits of introducing tiers to offer incentives for bulk purchases by customers while minimizing the impact on per-unit profit.","- Aggressive pricing within the customer limitation can maximize profits over the long term but may require flexibility and responsiveness to market conditions and competitor actions.
     - Maintaining a balance between price, quantity sold, and profit is essential in a competitive market.","1. It seems that a price slightly above production cost leads to optimal sales volume and profit, but careful dynamic pricing can help maximize benefits in a fluctuating market.
     2. A better understanding of the optimal pricing point can be achieved through ongoing testing across a wide range of price points.
     3. Occasional discounts or bulk deals could potentially generate increased demand and revenue; however, profitability must also be considered when implementing these offers.
     4. Introducing tiers for bulk purchases may encourage additional volume sales while keeping per-unit profit high."
36,6.82,6.02,18.488592072500385,50.25720386446981,66.9287033024514,141.72531489780482,"- Continue A/B testing with incrementally increasing price points around $6 and $7 to pinpoint an optimal price, but adjust pricing rapidly if competitor actions indicate a need for more flexibility.
        - Monitor market trends, analyze sales data, and adjust prices accordingly in order to stay competitive while maintaining profitability.
         - Regularly revisit insights from PLANS and INSIGHTS files to optimize strategies based on emerging patterns and shifting market dynamics.","1a. Optimize the dynamic pricing strategy by monitoring market fluctuations and adjusting accordingly while maintaining long-term profitability.
         - Subpoint: Analyze historical data to gauge the sensitivity of sales volume and profit margins to price changes.
    2. Implement A/B testing for a thorough understanding of the optimal pricing point across a wide range of price points.
    3a. Continue analyzing temporary discounts or bulk deals when they increase demand while ensuring per-unit profit remains stable.
         - Subpoint: Determine the ideal frequency and conditions for offering promotions to maximize their positive impact without undermining long-term profitability.
    4a. Introduce tiers for bulk purchases, weighing the benefits of increased sales volume against the potential decrease in per-unit profit.
         - Subpoint: Explore various combinations of tiered pricing structures and assess their effects on both revenue and costs.","- Adapting pricing strategy rapidly can be crucial in a highly competitive market, as demonstrated by the significant variations in profit earned.
        - In addition to direct competition between products, indirect factors (such as pricing, quantity sold, and market trends) significantly impact overall profitability.
         - It is necessary to balance short-term gains with long-term profitability and stay agile when adjusting prices to remain competitive.","1a. Market data indicates that prices near production cost often attract a good volume of sales, but optimal pricing can be optimized through ongoing dynamic pricing adjustments.
         - Subpoint: Prices slightly above the competitor seem to yield higher profit margins at times without sacrificing sales volume."
37,6.82,6.5,23.910382665267793,35.67009939010021,86.55558524826941,117.71132798733069,"- Continue testing with prices around 6.8 but remain flexible and adapt pricing based on competitor actions and market trends, while keeping an eye on maintaining long-term profitability. Also, consider A/B testing prices in the range of 5.5 to 7.5 to further refine optimal price point.
        - Monitor market dynamics closely to identify opportunities for increasing profit, and be prepared to adjust pricing strategy rapidly if needed.
         - Regularly analyze sales data to understand trends and make informed decisions about pricing.","1b. Refine and optimize dynamic pricing strategy by using historical data and machine-learning algorithms to predict market fluctuations, adjusting prices accordingly to maximize both sales volume and profit margins consistently.

         - Subpoint: Improve the model's ability to learn quickly from new data points using advanced optimization techniques and continually updating it with the latest information.
   2. Implement A/B testing for a through understanding of the optimal pricing point across a wide range of price points while considering various factors like production cost, sales volume, competition, and potential market fluctuations.
    3b. Continue analyzing temporary discounts or bulk deals when they increase demand while ensuring per-unit profit remains stable by developing algorithms that take into account the ideal frequency and conditions for offering promotions based on predicting their positive impact on long-term profitability.
         - Subpoint: Explore implementing machine-learning algorithms to optimize promotional strategies in real-time, adjusting based on actual sales data and competitor's actions.
    4b. Introduce tiers for bulk purchases by performing comprehensive simulations using historical data and various pricing structures to find the optimal combination that generates both high revenue and profitability while considering the potential influence of market fluctuations on demand patterns.
         - Subpoint: Analyze market trends to determine which tiers are most likely to attract a significant number of sales volumes without compromising per-unit profit margin.","- The relationship between price and profit can be complex and nuanced, as demonstrated by the fluctuations in profit earned across different rounds.
        - Finding a pricing strategy that balances short-term gains with long-term profitability is crucial to success.
         - Adjusting pricing quickly in response to competitor actions or market trends can help maximize overall profit.","1a. Market data indicates that prices slightly above the competitor often yield higher profit margins while attracting a reasonable volume of sales at times. This observation emphasizes the importance of finding an optimal pricing point that balances sales volume and profitability without being significantly beaten by competitors on price.
         - Subpoint: It's essential to consider dynamic pricing adjustments when needed, as slight changes in price can have a significant impact on overall profitability."
38,6.02,6.25,42.158131705214494,31.624356178828457,118.88593140870485,96.45428634542678,"- Adapt pricing rapidly in response to competitor actions and market trends by moving closer to the competitor's price, aiming for the sweet spot between competition and maximizing profits.
       - Evaluate the effectiveness of the current pricing strategy through A/B testing with prices around the competitor’s price ($6.02) but keep an eye on maintaining long-term profitability.
         - Regularly monitor market dynamics to determine opportunities for increasing profit and be prepared to adjust pricing accordingly.","1a. Implement a dynamic pricing strategy using historical data and machine learning algorithms to make predictions about market fluctuations, allowing us to adjust our prices to maximize both sales volume and profit margins consistently.
   - Subpoint: Analyze previous price changes to determine average impact on sales volume and overall profit, guiding future price adjustments.
2. Continuously monitor the competitor’s pricing strategy and adjust accordingly while keeping sales volume and profitability in mind.
3a. Perform an extensive investigation of temporary discounts or bulk deals based on various pricing structures to find the optimal combination that generates both high revenue and profitability while considering market fluctuations.
   - Subpoint: Develop algorithms that optimize the offering frequency and conditions for discounts/bulk deals to ensure maximum long-term profitability.","- Price adjustments that bring the product closer to the competitor's price have resulted in increased sales, contributing to overall profitability.
       - Closely analyzing and considering market trends is essential to successfully navigating competitive pricing landscapes.
         - Continuously testing pricing strategies and refining optimal price points will lead to increased profits over the long term.","1a. Market data shows that prices slightly above the competitor can yield higher profit margins while still maintaining attractive sales volumes, but be mindful of remaining competitive with price as well (e.g., Round 1, 6, and 37).
2. Dynamic pricing adjustments based on market fluctuations may help optimize overall profitability since slight changes in price can have a significant impact (e.g., Round 4 to Round 5).
3. Investigate potential room for experimentation with prices higher than the current one without significantly impacting sales volume (e.g., price increases in Rounds 7, 8, and 32)."
39,6.25,6.82,43.1137483685864,21.143698839952744,131.4969325241885,76.54018980062894,"- Regularly test a mix of pricing strategies, including moving closer to the competitor's price as well as experimenting with slightly higher prices to maintain long-term profitability.
       - Monitor market trends closely and adapt pricing rapidly if necessary in response to customer preferences or competitor actions.
         - Consistently reevaluate and refine the optimal price point over time through A/B testing and analytics.","1a. Implement a dynamic pricing strategy using historical data for market fluctuations. Analyze average impact on sales volume and overall profit from previous price changes, guiding future adjustments.
2. Continuously monitor the competitor’s pricing strategy and adjust accordingly while maintaining attractive pricing and sales volumes.
3a. Perform a rigorous investigation of temporary discounts or bulk deals based on various pricing structures to find an optimal combination of high revenue and profitability considering market fluctuations.
   - Subpoint: Develop algorithms optimizing the offering frequency and conditions for discounts/bulk deals ensuring maximum long-term profitability.
3b. Investigate room for price testing near upper bound to understand potential impact on sales volume while maintaining profitability (e.g., Round 38's price).","- It's essential to find a suitable balance between maximizing sales and profit in any given market environment.
       - Continuously analyzing and adjusting pricing strategies based on market dynamics will ensure long-term success.
         - A combination of agility, adaptability, and strategic thinking will be key factors in setting optimal prices.","1a. Market data suggests that prices slightly above competitor can yield higher profit margins but must be mindful of remaining competitive with price as well (Rounds 1 to 9, 15-26).
2. Dynamic pricing adjustments based on market fluctuations could help optimize overall profitability since slight changes in price have a significant impact (e.g., Round 4 to 5 & 38).
3. Testing room for experimentation with prices just below the maximum threshold without significantly impacting sales volume would be beneficial (e.g., price increase experiments seen in Rounds 7, 8, and 32).
4. Lower prices should only be considered when competitor pricing strategy is drastically higher (e.g., Round 4).
5. Investigate potential combinations of temporary discounts/bulk deals to encourage both high sales volume and profitability while considering market fluctuations.
6. Observe optimal frequency for offering discounts/bulk deals to ensure continuous revenue stream without compromising long-term profitability.
7. Maintain balance between immediate high profits from lower prices and long-term sustainability by understanding the average impact on sales volume and overall profit based on previous price changes."
40,6.25,6.0,31.29041294358704,42.76892360629042,95.43575947794046,119.75298609761317,"- Continuously monitor and adapt prices based on market dynamics with a focus on maximizing both sales and profit, but prioritizing profitability in the long run.
     - Regularly analyze the relationship between price points, quantity sold, and profit earned to inform pricing decisions.
       - Collaborate closely with data experts to fine-tune and refine pricing strategies over time through A/B testing and analytics.","1a. Implement a dynamic pricing strategy using historical data for market fluctuations. Analyze average impact on sales volume and overall profit from previous price changes, guiding future adjustments.
         - Subpoint: Investigate potential combinations of temporary discounts/bulk deals to encourage both high sales volume and profitability while considering market fluctuations.
    2a. Perform a rigorous investigation of pricing near the upper bound (e.g., Round 4) to understand potential impact on sales volume while maintaining long-term profitability.","- The sweet spot for pricing strategy lies between maximizing sales (Quantity sold) and profitability, keeping in mind that a balance between the two is crucial for long-term success.
     - Stay vigilant of competitors' pricing strategies as they may influence our own, but always prioritize maximizing our own profitability over short-term gains.
       - Remain open to exploring multiple pricing solutions and iterating on them quickly in order to adapt to ever-changing market conditions.","1. Market data suggests that prices closer to the competitor's price can yield high profits, but it is essential to balance immediate profits with long-term sustainability (e.g., Rounds 4 to 9 and 38).
    2. Exploring pricing strategies near the upper bound can provide valuable insights for future decision making (e.g., Round 4).
    3. Optimal combinations of temporary discounts or bulk deals can lead to an increase in sales volume while maintaining profitability (e.g., Rounds 7, 8, and 32)."
41,6.25,6.0,31.29041294358704,42.76892360629042,95.43575947794046,119.75298609761317,"- Continuously monitor the relationship between price points, quantity sold, and profit earned to identify patterns and trends that may indicate a favorable pricing balance.
    - Regularly compare prices with competitors and adjust pricing strategies accordingly in order to optimize profits based on market dynamics.
      - Collaborate with data experts to refine and fine-tune pricing strategies using A/B testing, analytics, and market research.","1a. Implement a dynamic pricing strategy using historical data for market fluctuations. Analyze average impact on sales volume and overall profit from previous price changes, guiding future adjustments.
     - Subpoint: Investigate potential combinations of temporary discounts/bulk deals to encourage both high sales volume and profitability while considering market fluctuations.
         - Sub-Subpoint: Examine the impact of various pricing tiers around the competitor's price during periods of increased demand (e.g., holidays or events).
    2b. Develop a long-term strategy that maintains a competitive edge to maximize both immediate and sustained profitability. Consider balancing temporary discounts/bulk deals with higher pricing in profitable ranges.
    3a. Perform a comprehensive analysis of pricing strategies near the upper bound (e.g., Rounds 4 and others) for understanding potential impact on sales volume while maintaining long-term profitability.","- Finding the sweet spot between maximizing sales (quantity sold) and profitability is essential in achieving long-term success, with careful attention to the balance required.
    - Competitor analysis plays a significant role in setting pricing strategies, as lower prices may lead to increased sales at times but could also reduce overall profit if the volume of units sold isn't high enough.
      - A hybrid approach that considers both market dynamics and competitor behaviors is crucial for making informed pricing decisions.","1. The optimal pricing range appears to be around the competitor's price, providing a balance between immediate profit gain and market sustainability (e.g., Rounds 7, 8, and 32).
    2. It is crucial to observe fluctuations in demand and adjust prices appropriately to maintain profitability during periods with increased or decreased demand.
    3. Combining temporary discounts/bulk deals effectively can increase sales volume without compromising long-term profitability (e.g., Rounds 7, 8)."
42,6.25,6.0,31.29041294358704,42.76892360629042,95.43575947794046,119.75298609761317,"- Develop and test a tiered pricing strategy that offers different price points with the aim of enticing more customers while maintaining high profit margins. This could potentially attract a wider customer base without sacrificing revenue.
    - Continuously monitor and analyze competitor pricing dynamics to identify potential opportunities for strategic price adjustments that would maximize profit.
    - Utilize A/B testing to evaluate the performance of different pricing strategies in order to fine-tune and refine our approach, ensuring long-term success and optimized profits.
    - Investigate offering promotions or discounts at specific times to create buzz around the product and potentially increase sales without undermining profitability.","1a. Implement a dynamic pricing strategy using historical data, market fluctuations, and demand trends to guide price adjustments.
    - Subpoint: Examine potential combinations of temporary discounts/bulk deals during low-demand periods and higher prices when demand is high to maximize profitability.
2b. Monitor competitor pricing strategies and adjust mine accordingly, ensuring that my prices remain competitive while still being profitable.
    - Subpoint: Develop a system for quick price adjustments in response to unanticipated changes in the market or competitor behavior.","- A versatile pricing strategy that allows flexibility when responding to market dynamics and competitor behavior is crucial for sustained success in maximizing profits.
    - Strategic collaboration with data experts can reveal valuable insights into the optimal balance between price, quantity sold, and overall profit.
    - Offering a tiered pricing structure may not only increase sales volume but also help address competition by catering to different customer segments with various budgets.","- Historical data suggests a lower competitor price (within a dollar of my own) reduces sales volume but maintains strong profitability
- Pricing outside the 5-6 dollar range results in low sales volume but increased individual profit, as shown by pricing points like Round 32
- Observation of demand fluctuations and market response is crucial for optimizing profitability during periods with increased or decreased demand."
43,6.35,6.25,32.54613438434271,36.87960183092295,102.52032331067952,112.482785584315,"- Further refine a tiered pricing strategy with multiple price points aiming to increase the customer base while maintaining high profit margins
    - Continuously analyze market trends using A/B testing and adjust prices accordingly to maximize sales and profitability
    - Investigate offering promotions during specific times to attract more customers, keeping an eye on potential revenue loss
    - Collaborate with data experts for price elasticity insights that could optimize the product's pricing strategy
    - Observe competitor reaction to price changes and adjust pricing accordingly based on market dynamics","1a. Determine an optimal pricing range through testing prices within $5 - $7 while monitoring demand trends, competitor strategies, and historical profitability data to maximize long-term profitability.
       - Subpoint: Test a variety of temporary discounts or bulk deals during low-demand periods and explore raising prices when demand is high within the optimal pricing range.
   2b. Implement a system for rapidly adjusting prices based on insights gained from historical data, market fluctuations, and competitor behavior.
       - Subpoint: Regularly monitor and analyze competitor strategies to ensure price remains competitive but still maximizes profitability.
        - Subpoint: Evaluate and update the optimal pricing range based on new data and insights gained from testing different prices.","- Flexibility in the pricing strategy is crucial in adapting to the constantly changing market conditions
- Continuously monitoring competitor strategies is essential to identify opportunities for incremental profits
- A/B testing can provide valuable insights into customer price sensitivity and potential sales increases
- Strategic use of promotions can help drive additional sales without compromising profitability","1. Competitive pricing with the competitor may not always lead to optimized long-term profits, as price differences impact individual profit per unit.
   2. There is an optimal pricing window between $5 and $7 that may balance quantity sold with individual profit.
   3. It's essential to account for discounts or bulk deals during periods of lower demand while increasing prices during periods of higher demand to optimize long-term profits."
44,6.5,5.75,21.336802248430978,54.48543329036669,70.41144741982222,138.93785489043506,"- Refine tiered pricing strategy with distinct price points (6, 6.5, and 7) across different customer segments
    - Continuously monitor competitor pricing strategies to avoid direct competition but learn from their successes and failures
    - Analyze market dynamics and adjust the pricing strategy in response to changes, focusing on maximizing profitability","1a. Systematically test prices ranging from $4.5 - $6.0 within the current optimal range, closely monitoring demand trends and historical profitability while adjusting strategy based on insights gained.
    - Subpoint: Regularly conduct A/B testing with temporary discounts or bulk deals during periods of low-demand to gauge customer response and optimize long-term profits.
    - Subpoint: Evaluate and adopt pricing strategies that result in higher profit margins while still maintaining a competitive position in the market.","- Identifying a broad price range (6-7 dollars) that appeals to customers and optimizes profitability is crucial, rather than targeting a single price point
    - Directly competing with the competitor's pricing strategies may lead to reduced overall profits and should be avoided","1. Prices at the upper end of the optimal range might be too close to competitor's price, cannibalizing sales and resulting in lower profits.
2. A/B testing with temporary discounts or bulk deals during periods of low-demand could help optimize long-term profits by gauging customer response and identifying pricing strategies that resonate with the market.
3. Exploring pricing strategies within the range of $4.5 - $6.0 while analyzing demand trends and historical profitability data is essential for maximizing profits and ensuring a competitive position in the market."
45,6.5,5.7,20.6124780110306,56.030524416896114,68.02117743640098,140.0763110422403,"- Iteratively refine the pricing strategy within the competitive range (5.0-7.0), making fine adjustments while monitoring customer and competitor responses.
    - Observe competitor's response to each adjustment as potential opportunities for competitive advantage in the market.","- Implement a systematic approach to A/B testing during periods of low demand, by offering temporary discounts or bulk deals
   - Continue observing the effect of price on both profitability and sales volume","- Be mindful of how price changes influence both the quantity sold and profit earned. Striking a balance between the two is crucial to maintaining a profitable market position.
    - Competitors tend to adjust their pricing based on our actions, so adaptability is key in an ever-evolving market environment.","- The price should be slightly above the competitor's price to maintain higher profitability
   - It is essential to avoid being too close to the competitor's price to prevent cannibalizing sales
   - A/B testing allows us to gauge customer response to different pricing strategies and identify the most effective ones."
46,5.0,6.0,68.48007660422945,19.619870436465018,123.264137887613,54.935637222102045,"- Analyze competitor’s price range and adapt our pricing strategy accordingly to remain competitive while maximizing profit (initially test the lower end of the competitive range, 5.0-7.0, with gradual adjustments)
   - Introduce flexible response mechanisms for sudden competitor price changes
   - Test various promotional offers and discount strategies to attract more customers","- Implement a systematic approach to A/B testing during periods of low demand, by offering temporary discounts or bulk deals.
  - Continue observing the effect of price on both profitability and sales volume.
  - Analyze the impact of the tested price variations on overall trends to make data-driven decisions about pricing strategies in future rounds.","- Competitor pricing plays a significant role in our own pricing decisions, so monitoring competitor's price range is essential
   - Flexibility is crucial when dealing with sudden changes in the market or from competitors
   - Promotions and discounts may be effective ways to attract customers and counteract competitive pricing","- The optimal price seems to be slightly above the competitor's price but still below $10.53, as this produces a good number of sales and higher profitability.
- A/B testing could help identify effective pricing strategies and fine-tune them over time.
- Combining temporary discounts or bulk deals with observations of their effects on profitability and sales volume will enable the optimization of long-term profits."
47,5.6,6.0,50.64803910556543,30.71958857184983,121.55529385335701,86.01484800117952,"1. Analyze competitor's pricing strategy and adjust our own accordingly to maximize profit while staying competitive.
    2. Conduct survey or focus groups to understand customer preferences regarding pricing.
    3. Investigate partnership opportunities with complementary businesses for cross-promotion.
    4. Keep monitoring market trends and adapt pricing strategy accordingly.","- Continue testing prices in the range of 5.0 to 6.99 with minor adjustments to observe the impact on sales quantity and overall profit.
   - Explore the possibility of introducing price promotions or bulk purchase discounts based on market trends and competitor actions.","- The pricing strategy should account for competitive analysis to remain profitable and attractive.
      - Understanding customer preferences is essential in strategizing the pricing.
        - Cross-promotion with complementary businesses can help increase sales volume during price wars.
          - Regularly monitoring market trends allows the company to stay adaptable.","- Lower prices tend to result in higher quantity sold but lower profit per unit sold.
   - Testing various price ranges helps to determine the optimal balance between sales volume and profitability.
   - Monitoring competitor pricing strategies can provide valuable insights for your own strategy adaptation."
48,5.0,5.1,48.63172582192797,42.91734740519476,87.53710647947034,81.54296006987002,"- Continue setting a competitive price, but consider implementing a strategy to capitalize on opportunities when higher prices can lead to increased profit without drastically reducing volume
   - Explore market segmentation to identify potential niches where customers may be willing to pay more for premium products","- Analyze market trends and adjust prices accordingly.
   - Monitor competitors' pricing strategies to set competitive but profitable pricing.","- Competitive pricing encourages sales volume, but careful price manipulation could yield higher profits in some cases
   - Identify and exploit opportunities for higher-priced niche markets","- Lower prices can lead to increased sales volume, but thin margins may require higher volumes for the same profits.
   - Adapting to market trends and staying competitive with respect to pricing is essential for market success."
49,7.0,5.46,10.027929103721632,68.74294481710895,38.1061305941422,155.3590552866662,"Experiment with pricing strategies that capitalize on under-exploited high-price points, but remain sensitive to the competition and consumer demand. Consider developing a marketing strategy to differentiate our product and justify the higher price.","- Monitor competitor prices and adjust own accordingly
   - Identify optimal price point by performing sensitivity analysis
   - Implement dynamic pricing strategy to respond to market fluctuations","Higher price points can lead to reduced sales volume, yet profit margins may still be increased if differentiation is effectively achieved through marketing efforts. It's essential to balance the volume-price equation while remaining competitive in the marketplace.","- Higher prices can lead to lower sales
   - Lower prices can increase sales but may not maximize profit margin
   - Competitor's pricing strategy is unpredictable, necessitating adaptive response
   - Sensitivity analysis and dynamic pricing can help optimize sales and profits"
50,5.3,5.3,44.38842436284444,44.38842436284444,93.21569116197331,93.21569116197331,"Experiment with different pricing strategies to identify the optimum selling price based on competition, market demand, and production costs. Monitor key performance indicators such as market share, sales volume, and profit margin. Iteratively refine strategies based on findings from the analysis.","- Monitor competitor pricing strategies and adjust prices accordingly to maximize sales while maintaining profit margins.
   - Develop targeted marketing campaigns to tap into the price-sensitive segment of the market.
   - Consider offering promotions or discounts to boost sales during slower periods.","Analyzing historical pricing data reveals that competitive dynamics play a vital role in selecting the appropriate selling price. The optimal price is expected to be lower than competitors' prices when our costs are lower, but when our costs are similar or higher, a higher price could still be competitive if it results in higher profitability due to better sales volume or market share.","- Increasing prices when having a price advantage results in higher sales and overall profitability, provided that the prices are still competitive within our market.
   - Lowering prices can help capture a larger share of the market, but it may be necessary to maintain certain profit margins to remain viable in the long run.
   - Identifying and targeting price-sensitive customers can provide opportunities for sales growth."
51,5.0,6.0,68.48007660422945,19.619870436465018,123.264137887613,54.935637222102045,"Experiment with adjusting the price point based on the competition's current price. Maintain a strategy of setting prices lower to increase quantity sold when competition is high, and higher when competition is low or when there's an opportunity to capitalize on uniqueness.","Analyze the market behavior, identify distinct price points that yield higher profits while maintaining a competitive edge. Implement dynamic pricing where applicable and monitor competitor pricing strategies to adjust accordingly. Offer promotions or discounts during periods of slow sales to boost customer engagement and sales volumes.","Competition's pricing fluctuations impact sales-lower prices sell more units but may result in lower profits. Higher prices can lead to fewer sales but potentially higher profit margins, especially when offering a unique product or service. It is crucial to monitor the competition's pricing strategy and be prepared to adjust pricing accordingly.","1. Pricing plays a crucial role in shaping sales volumes and profits, necessitating strategic decision-making.
   2. A flexible pricing strategy may provide an advantage in differentiating the product offering while also accommodating market fluctuations and competitor actions.
   3. Promotions or discounts can be effective tools to drive sales during periods of slow demand.
   4. Monitoring and understanding the competitor's pricing strategy can enable more informed decision-making."
52,5.75,6.0,45.96934065848111,33.631888078117086,117.22181867912681,94.16928661872784,"Our strategy should focus on affordable pricing that encourages higher demand while ensuring profitability. We will monitor the competitor's moves closely and adjust our pricing when necessary to outperform them. Additionally, we will investigate ways to reduce expenses in order to maintain healthy profits even with lower prices.","- Maintain a competitive pricing strategy by adjusting my prices based on competitor's movements. However, focus on capitalizing on the demand observed within the 5-6 range.
  - Keep an eye on sales trends to ensure I am not overpricing or underpricing my product.
  - Maintain a lower price in the presence of lower competition pricing and adapt when facing increased competition pricing.","Our data demonstrates that a balanced approach between pricing and maximizing sales is crucial. Overpricing appears detrimental to sales, while underpricing allows us to outperform the competition. By maintaining control over expenses and adjusting our pricing accordingly, we can achieve both profitability and growth.","- The demand for our product is strongest within the 5-6 price range, with significant falls occurring outside this range.
  - Customers tend to be sensitive to price changes, with a higher price acting as a potential deterrent.
  - My competitor's pricing strategy appears to be adaptive and responsive to my own, indicating the need for dynamic pricing adjustments.
  - It is important to maintain a keen eye on sales trends to determine the optimal pricing for maximum sales volume."
53,5.98,6.25,43.381927732788895,30.955260200306313,120.60175909715313,94.41354361093425,"1. Continuously monitor competitor's pricing strategy and adjust our own accordingly.
   2. Implement market research to identify target market segments that are more sensitive to different price points.
   3. Offer promotions or bundle deals to create attractiveness at various price levels throughout the price spectrum.","- Continue monitoring competitor pricing strategies.
   - Consider offering promotions or discounts during periods when the competitor reduces their prices significantly.
   - Explore methods to improve our value proposition to justify a slightly higher price point compared to our competitors.","Price sensitivity seems to exist within the market, as lowering the price in specific instances has led to greater quantities sold (e.g., Round 17 vs. Round 18). However, maintaining a competitive and profitable pricing strategy is crucial for long-term success. Additionally, it appears that targeting price points near the competitor's range may be beneficial as it may attract customers who are comparing prices between similar offerings.","- Our product appears to have a strong demand, as shown by the high quantities sold during Round 1.
   - Competitor pricing can vary greatly and should be closely monitored.
   - A price range of 5.0 - 7.5 seems viable, with slight adjustments based on competitor actions."
54,6.5,5.25,14.48460522447838,69.10218677212028,47.799197240778646,141.65948288284656,"- Target competitive price range while occasionally experimenting with slight discounts.
   - Monitor price adjustments made by the competitor and respond accordingly.
   - Continue gathering customer feedback to validate pricing decisions.",No plan found.,"- Pricing strategy significantly impacts sales performance and profit margin.
   - Customers are generally willing to purchase our product at competitive prices but may be price-sensitive in some instances.
   - Understanding the dynamics of competitor's pricing adjustments is crucial for successful pricing decisions.",No insight found.
55,5.0,5.3,53.73272589824353,36.929926430076826,96.71890661683834,77.55284550316132,"To remain competitive, it is essential to closely monitor competitors' pricing strategies. The company should continue to adjust prices based on competitor movements while ensuring that profit margins are maintained. This dynamic approach will help the company stay ahead in a rapidly changing market.","1. Continue adjusting the price downward slightly to compete with lower-priced competitors without losing the premium image established in the initial round.
	2. Increase marketing efforts to highlight unique selling points and emphasize the quality of the product to justify the slightly higher price.
	3. Investigate the low-price competitors to identify potential partnerships or collaborations for joint promotional activities.",The insight here is that the company should maintain a flexible pricing strategy to respond quickly to competitor actions and market trends. This agility will help ensure long-term success in an increasingly competitive market.,"1. Pricing can play a significant role in attracting customers and establishing a brand image.
	2. Dynamic pricing strategies can help maintain competitiveness while staying true to the brand's identity.
	3. Collaboration with competitors or joint promotional activities can provide mutually beneficial opportunities for growth and increased visibility."
56,6.0,5.3,24.96625839089564,59.89094043671835,69.90552349450779,125.77097491710852,"* Review pricing tiers and consider adjusting them based on competitor price movements to maintain a competitive advantage while remaining profitable.
   * Implement a system for monitoring competitor prices and sales in real-time to ensure we can quickly adapt pricing strategy if necessary.",Revisit our pricing model to ensure it remains flexible and responsive to market demand. Continuously monitor the competitor's pricing strategy and adjust ours accordingly. Explore potential cost-cutting measures to maintain a competitive edge without sacrificing quality.,"* The data suggests that our lower prices drive higher sales volumes, demonstrating the importance of maintaining a competitive edge in the market.
   * It is crucial to remain vigilant regarding competitor pricing strategies and make adjustments as needed to ensure continued success.",Adapting our pricing strategy based on market conditions is essential for maximizing sales. Monitoring the competitor's pricing actions will provide valuable insights into how they may react to changes in our own pricing. It is also crucial to consider the impact of production costs when setting prices.
57,5.0,5.0,46.00294354493428,46.00294354493428,82.8052983808817,82.8052983808817,Maintain competitive but flexible pricing strategy based on competition's pricing fluctuations. Regularly monitor market trends and adjust prices accordingly to capitalize on opportunities and protect profit margins.,"To remain competitive in the market, we should continue with aggressive pricing strategies that cater to budget-conscious consumers. We should watch competitors’ moves closely and adjust prices accordingly when necessary. Additionally, it could be beneficial to explore offering packages or discounts to drive sales, especially if we notice any significant spikes in demand around specific price points.","Understanding competitor behavior is essential. Continuously monitoring their price changes will help anticipate price cuts, allowing us to adjust our prices proactively. Maintaining a loyal customer base might impact sales even in the face of higher pricing.","Despite charging a lower price compared to our competition, our product still attracts a substantial amount of customers. This suggests that our pricing strategy appeals to budget-conscious shoppers and helps us stand out in the market. However, it's important to stay vigilant about competitors’ moves and adjust prices as needed. Offering packages or discounts could further drive sales if demand spikes are identified at specific price points."
58,5.3,0.1,0.1500612686714122,99.81199730081174,0.31512866420996555,-309.4171916325164,Continue with current lower-pricing strategy while keeping an eye on competitor pricing shifts and responding accordingly.,"- Monitor the pricing strategy of our direct competitor and be prepared to adapt quickly.
- Consider gradually decreasing the price over time if they maintain a lower price point.
- Investigate potential reasons behind their ability to drop prices more slowly than ours in order to improve our cost structure.","The price difference between the seller and competitor heavily impacts sales volume, with a smaller price leading to significantly higher sales. This suggests that maintaining a competitive edge in pricing can lead to increased market share.","- Our competitor is sensitive to our pricing and follows a similar, albeit slightly slower, pricing strategy.
- The data indicates that there may be opportunities to take advantage of their inability to lower prices as quickly as we can.
- It's crucial to analyze our cost structure to ensure we can continue to price competitively without compromising profitability."
59,5.35,6.5,66.37165933892496,15.764650890906157,142.6990675786886,52.023347939990316,"In this round, we will aim to find the most favorable price that balances both volume and profit in our competitive market. Considering data from previous pricing strategies, we should continue adjusting prices downward to maintain profitability without sacrificing too many sales.","Maintain a competitive pricing structure to balance sales volume and profit margin. Monitor competitor's price adjustments closely to maintain an edge in the market. Continuously evaluate the optimal price based on cost, demand, and strategic positioning.","The market has a sensitivity towards higher prices, as evidenced by a significant decrease in the number of units sold when the price exceeds 6 dollars. A more competitive pricing strategy may be required to increase sales volume while still maintaining profitability. Further experiments with different price tiers can help identify the optimal pricing sweet spot for this product in the market.","The data suggests that a mid-range pricing strategy can secure a significant market share with high sales volumes. However, maintaining a lower price without compromising profit margin is challenging due to competitors' adjustments. It's important to remain agile in changing market conditions and constantly reassess the optimal pricing strategy."
60,6.0,5.0,19.619870436465018,68.48007660422945,54.935637222102045,123.264137887613,No plan found.,"- Maintain competitive pricing strategies to attract customers.
   - Monitor changes in competitor pricing and adjust accordingly.
   - Evaluate cost structure to determine the optimal pricing level that maximizes profit while maintaining a competitive stance.
   - Introduce promotional strategies to boost sales volume if necessary.",No insight found.,"- Consumers are sensitive to price differences when there isn't a strong perceived value difference between products.
   - Lowering prices can increase overall demand for a product, but may require a longer time period for the strategy to yield results if it involves significant reductions.
   - By matching or becoming slightly cheaper than their competitor, the seller was able to attract more customers and potentially gain market share."
61,5.0,5.0,46.00294354493428,46.00294354493428,82.8052983808817,82.8052983808817,"In order to increase sales and gain market share, it could be beneficial to continuously monitor competitor pricing strategies and adjust our own pricing accordingly. Regularly analyzing sales volume and customer feedback will also be crucial in making informed decisions regarding price adjustments. Furthermore, it may be advantageous to offer promotions or discounts to attract customers, if feasible and sustainable for the business model.",Consider a slightly dynamic pricing strategy. Adjust prices based on market conditions and competitive landscape but maintain affordable pricing for optimal consumer demand.,"By closely examining competitive pricing strategies and their impact on sales volume, we have identified two important insights:

   - High price gaps between competitors can lead to low competition but potentially lower overall sales numbers if one competitor has a significantly higher cost base or less appealing product offerings. In this case, the larger company with the lower number of units sold (the one charging $6.99) might want to consider investing in research and development or improving customer services to attract more customers at a potentially lower price point, balancing profits with market share growth.
   - Adjusting prices too frequently could have an adverse effect, as it may lead to instability in the market perception of the product, making potential customers uncertain about its long-term value and worth. Therefore, striking a balance between reasonable pricing adjustments that reflect changes in costs or competition while maintaining consistency is crucial for building customer trust and confidence.","Dynamic pricing with an emphasis on competitor price points and affordability for consumers seems to yield positive results in increasing sales and maintaining profitability. However, high-priced strategies should be used sparingly due to potential lack of consumer appeal. Further research into market trends and consumer behavior may provide additional insights for refining this strategy."
62,6.0,5.5,28.77882840197299,53.765929821621654,80.58071952552437,123.66163858972979,"In order to maintain and potentially increase our market share, we should consider adjusting our prices strategically while maintaining a competitive edge. We can keep an eye on the competitor's pricing trends and respond accordingly. It may be beneficial to offer promotions or discounts during periods of increased competition.","- Analyze customer segments and price sensitivity based on the sales data
   - Develop a pricing strategy targeting price-conscious customers with discounts or tiered pricing
   - Implement a dynamic pricing algorithm that adjusts prices dynamically to attract more buyers in specific price intervals","The initial demand for our product appears strong, but we should monitor sales trends closely as the competitor seems to be attempting to capture a larger share of the market with higher prices. Additionally, we should analyze customer behavior and preferences regarding price sensitivity to better inform our pricing decisions.","- Pricing between $5.0 and $6.5 is most attractive to customers, resulting in higher volume sales
   - Customers are price-conscious and are less likely to purchase at higher prices ($7.0-8.99)
   - Monitor competition's pricing tactics to identify potential areas of further price adjustments or market positioning"
63,7.0,5.0,6.536163885437346,79.62677706050862,24.837422764661913,143.3281987089155,"Consider increasing the price more often when the competitor raises their prices above our own, as it appears that consumers might not prefer a lower priced product with higher quality or perceived value. Maintain careful observation of the competitive landscape and respond accordingly to maintain profitability.","The initial pricing round shows a lower price by our provider compared to the competitor, resulting in higher quantity sold. Although there are instances where the competitor has a lower price, the provider should continue to analyze its competitive advantage and strive to maintain a lower but profitable price.","The competitor seems to employ a pricing strategy designed to undercut our product at certain price points, but over time they adjust their prices relative to ours. Our average price point appears to be more advantageous currently; however, it is essential to respond adaptively as the competitive landscape continues to shift.","The competition analysis demonstrates that having a dynamic pricing strategy can lead to increased sales, especially when the competitor fails to adjust their prices appropriately. Additionally, it's essential to stay aware of the market trends and customer preferences to create an effective pricing strategy."
64,6.25,5.0,15.152060854942828,72.28643949586815,46.21378560757562,130.11559109256265,"- Adjust pricing based on competitor's moves but maintain a slight premium to maximize profits. This will help secure higher profit margins while not significantly impacting sales volume or market position.
   - Implement strategies such as dynamic pricing, promotions, and discounts to stay flexible in response to the competitor's actions and market dynamics.","- Consider raising the price to match or slightly exceed the competitor's prices during certain rounds (4, 7) where we are currently at a significant disadvantage. However, be cautious not to affect overall sales volume and profitability. Adjust pricing based on customer segmentation and their sensitivity to price changes.
- Explore ways to improve product quality or enhance the brand image to command premium pricing in future rounds without compromising sales volume.","- The subject company's slight premium on price results in higher profit margins while maintaining sales volume and market position. This pricing strategy appears to be effective, but it must be monitored closely as the competitor may adjust their own pricing.
   - A key observation is the variability in sales quantity across rounds for both the subject company and the competitor. This suggests that external factors such as economic conditions, seasonality, and promotions could play a significant role in shaping sales volumes in this market.","- During periods of lower prices, our offering is perceived as more affordable which may attract a broader customer base.
- Despite price parity or being slightly undercut during several rounds, there was no significant decrease in our quantity sold suggesting that quality and brand reputation play a more substantial role in the buying decision.
- It will be essential to understand the customer segments and their sensitivity to price changes before adjusting prices in future rounds."
65,5.98,5.6,31.254204063029793,50.25720386446982,86.88668729522283,120.61728927472755,"* Continuously monitor and adapt pricing strategies to stay competitive and take advantage of pricing inefficiencies by our competitors.
* Consider offering a range of price points to appeal to various consumer preferences and budgets, while still maximizing profitability.
* Implement regular market research to identify trends and opportunities within the market, allowing for proactive adjustments to pricing strategies.","- Study the customer sensitivity to price changes in rounds 6, 7, 9, 10, and 12 to understand if these prices could further be reduced to increase market share.
- Explore opportunities to create promotions or discounts during periods where high prices from the competitor might deter potential buyers.
- Monitor the competitor's pricing strategy more closely to identify long-term trends and adjust pricing accordingly.","* Observed that customers are sensitive to price changes and make purchases based on relative value and pricing.
* Noted a correlation between lower prices and increased sales volume, but also observed that higher priced products can still sell well if they are competitively priced compared to their nearest rivals.
* Recognized the importance of market research in identifying trends and opportunities within the market and staying proactive in pricing strategies adjustments.","- There is a clear price gap between my competitor and myself, but I have managed to maintain positive profits in several rounds.
- Customers appear sensitive to slight changes in prices during certain rounds, suggesting room for price elasticity.
- My competitor tends to keep a higher price, creating potential opportunities for market share growth when they overprice their products."
66,6.25,5.3,19.577506117384075,64.19217124994961,59.71139365802143,134.80355962489415,"In future pricing rounds, a strategy focused on continuously analyzing and adjusting our price in response to competitor movements will be crucial. Monitor competitors' prices closely and consider implementing periodic price reductions to capitalize on increased sales volumes while maintaining profitability.",Adjust our pricing strategy based on market sensitivity. Maintain a lower price to attract more customers. Identify opportunities for price optimization without compromising margins.,"The data reveals that we can successfully compete with higher-priced competitors by offering a more attractive price point, increasing our overall sales volume. The key is finding the right balance between competitiveness and profitability in order to gain market share without undermining our bottom line. Regularly analyzing pricing trends will be essential for future success.","- Market is price sensitive, but not completely cost-driven.
   - Sales do not always correlate with optimal profit. A higher sales quantity at a lower price may not translate into greater profit compared to a fewer number of sales at a slightly higher price.
   - Customers seem to respond positively when we have a competitive, yet reasonable price that is neither too high nor too low.
   - Sales can occur at relatively higher prices, but careful analysis is needed to determine whether these sales are profitable or not.
   - Analyze trends in sales and competitor pricing for better pricing strategy."
67,6.0,5.0,19.619870436465018,68.48007660422945,54.935637222102045,123.264137887613,No plan found.,"* Continuously monitor competitor pricing strategies and adjust our pricing accordingly to maintain competitiveness
  * Analyze pricing data with the goal of identifying trends and opportunities in the market
  * Implement a dynamic pricing strategy that maximizes sales volume and maintains profitability",No insight found.,"* Lower prices tend to attract higher volumes of sales when compared to higher priced items
  * Continuously monitoring competitors' pricing strategies is crucial in maintaining a competitive edge
  * Balancing price, sales volume, and profitability is essential for long-term success in the market"
68,5.98,5.0,20.01712886872345,68.14163116976135,55.6476182550512,122.65493610557043,Maintain a flexible pricing strategy to stay competitive while maintaining adequate profit margins. Regularly monitor the competitor's pricing changes and adjust your prices accordingly to remain competitive without compromising profits significantly.,"- Maintain pricing below the competition to encourage customers to switch from the competitor.
   - Continuously monitor market trends and adjust pricing as needed.
   - Consider promoting discounts or offers to attract more customers.","Increasing the price point results in higher profit margins, but it may decrease the quantity sold. Conversely, lowering the price point can result in a larger market share and increased sales volume, but at the cost of decreased profit per unit. Striking a balance between these two factors is crucial to long-term success.","- Aggressive pricing can lead to increased sales when combined with a competitive product.
   - Lowering prices significantly might not necessarily boost sales if the product does not meet customer expectations (Round 5).
   - Monitoring competitors' pricing and quantities sold is crucial for making informed decisions about our own pricing."
69,6.0,,,,,,No plan found.,"```
* Develop diverse product offerings with a mix of high-value and lower priced options.
* Monitor competitor prices closely and adjust accordingly to maintain competitive positioning.
* Explore strategic alliances or partnerships with other companies to enhance product quality and differentiation.
* Consider implementing dynamic pricing strategies based on market conditions, seasonality, or customer demand.
```",No insight found.,"```
* Pricing flexibility can provide a competitive advantage in capturing various consumer segments and maximizing revenue potential.
* Continuously assessing and adapting to the market is essential in maintaining competitiveness, as the pricing landscape may shift rapidly over time.
* Quality and differentiation can be capitalized upon through premium pricing strategies, but it's important to strike a balance with affordability to ensure mass appeal.
```"
70,5.5,6.1,55.647713731193875,26.28611870312291,127.9897415817459,76.22974423905643,"- Monitor competitor price changes carefully to adjust pricing strategy accordingly
   - Regularly analyze unit sales data to determine the optimal price range for increased profitability
   - Consider implementing strategic promotions or discounts to maximize sales and maintain competitive edge","To maintain a competitive edge, it might benefit me to strategically adjust my pricing based on competitor actions while ensuring that I still represent quality and value in my products. Consider offering discounts or launching promotional campaigns at times when the competitor's prices are high. Monitor market trends and consumer behavior to determine optimal price points for various product lines.","- Lower pricing tends to result in increased sales
   - Adjusting pricing strategy based on competitor actions may be beneficial for maintaining market presence and profitability
   - It is essential to consistently analyze sales data to make informed decisions regarding pricing","By offering competitive prices and focusing on quality, I have managed to attract a larger customer base while still generating impressive profits in some rounds. Maintaining a watchful eye on the competitor's pricing strategy will help me take advantage of potential opportunities for profit maximization and strengthen my market position. It's essential to also invest in researching consumer preferences and expectations as they may impact long-term strategic pricing decisions."
71,,6.0,,,,,"* Continuously monitor competitor's pricing strategies
   * Analyze historical data for pattern recognition in terms of profitability and quantity sold at various price points
   * Identify ideal price range based on the above information and test this range in future pricing rounds","Maintain a competitive pricing strategy by adjusting prices gradually, but ensure to stay below the direct competitor's current listed price. Monitor quantity sold and overall profits closely to identify any significant shifts in customer demand or market trends.","* Higher prices yield higher profits when demand is strong (e.g., rounds 1, 4, and 6), but it can also lead to lower sales quantities
   * Lower prices attract more buyers and increase sales quantities (e.g., round 7), but may not always result in profitable revenue
   * Identifying an optimal price range that balances profitability and sales quantity is essential for continued success","A lower starting price ($5.00) initially provided a slight advantage in terms of unit sales, but adjusting the pricing aggressively did not yield consistent results as profit margins could be affected negatively. It appears that keeping a steady and slightly elevated price is more profitable over time while staying competitive against a direct competitor."
72,5.0,6.0,68.48007660422945,19.619870436465018,123.264137887613,54.935637222102045,"* Keep our initial low price as a competitive advantage to drive quantity sales.
   * Monitor competitor's fluctuations and adapt our prices to maintain or exceed their prices wherever possible.
   * Watch for patterns in the competitor's pricing behavior, such as spikes at certain price points, and leverage that information when appropriate.","As a next step, we should consider testing price points closer to that of the competitor while keeping an eye on our profit margins. We should also improve our marketing efforts to make our product more attractive to customers despite slightly lower prices.","* Our initial lower price results in a larger quantity sold compared to the competitor even with higher prices later on.
   * The competitor's pricing seems to be influenced by their own previous prices rather than directly responding to our strategies.
   * Adaptability and flexibility are crucial in this market due to the competitor's unpredictable pricing changes.","Our market research shows that customers are sensitive to price differences, so offering competitive pricing may be beneficial. However, it's crucial to ensure we maintain profitability. Balancing affordability with profit is a fine art, and further analysis will help us master this balance."
73,5.3,5.6,51.54296774271651,35.42492912663798,108.24023225970465,85.01982990393113,"Continue pricing our product slightly below the competition, while ensuring that profit margins remain stable. Monitor customer feedback and market trends to adjust strategy as needed. Investigate potential niches or target audiences that are more sensitive to price differences.","- Continue monitoring competitor's pricing strategy and make adjustments as needed to remain competitive while ensuring profitability.
- Explore opportunities for offering additional value or unique selling points to attract customers despite price changes by the competition.","- Our lower-priced product appears to be a competitive advantage, especially in terms of profit per unit sold (Round 1: $324.85 vs. competitor's $79.91)
   - Despite a higher selling price, the competitor's product tends to have smaller quantities sold over time.
   - Customers may be more price-conscious than initially anticipated, as they are purchasing our lower-priced product consistently throughout the pricing rounds.
   - Potential opportunity to target niche markets or market segments that prioritize cost savings and value for money.","- Understanding the impact of pricing on sales quantity is essential in a competitive market.
- Acknowledge that being too defensive with pricing may result in missing out on potential sales, while being too aggressive could lead to reduced profitability.
- Balancing price competitiveness with maintaining profits is critical for long-term success and sustaining market presence."
74,6.0,5.0,19.619870436465018,68.48007660422945,54.935637222102045,123.264137887613,"- Monitor competitor pricing strategies and adjust prices accordingly to stay competitive and maintain market share.
   - Utilize temporary promotions and discounts to drive sales during slow periods or special events.
   - Regularly evaluate current pricing strategy using historical data, customer feedback, and market trends to ensure the best pricing decisions are being made.","Adjust my pricing strategy by regularly analyzing the competitor's prices and adjusting accordingly, to ensure staying competitive while maximizing profitability.","- Consumers appear price-sensitive, as the product's success is dependent on competitor pricing and temporary discounts.
   - Short-term promotions have been effective in driving sales growth, demonstrating the need for proactive pricing strategies that keep up with market trends and competitor actions.
   - The vendor needs to balance profitability with market share by making strategic pricing adjustments that align with changing market conditions and competitors' moves.","Keep track of price elasticity of demand to monitor how changes in product pricing influence market response, taking into account the competitors' actions to make informed decisions regarding future pricing strategies."
75,5.5,4.5,20.768451717424913,72.48901918930034,47.7674389500773,94.23572494609043,"Implement marketing strategies to highlight the comparatively lower price of our product, especially when it comes out cheaper in direct competition. Utilize social media to engage with potential customers and share valuable insights about our product's qualities. Offer limited-time discounts or bundle deals to incentivize purchases.","* Continue monitoring pricing trends of the seller and competitor to identify patterns and opportunities for adjustments;
* Analyze sales volumes in response to changes in pricing strategies;
* Evaluate whether the current lower pricing strategy is sustainable or if increasing prices may lead to higher profit margins while still maintaining a competitive edge.","Customers are sensitive to price differences when making purchasing decisions. It is crucial to communicate the value of our product while maintaining a competitive price point. By bundling deals and offering limited-time discounts, we can capture more sales opportunities without drastically reducing profit margins.","* Lowering prices consistently can result in increased quantity sold but may impact overall profitability;
* Competitor's varying pricing strategy suggests sensitivity to sales volumes and an attempt to maintain market share;
* Offering similar or near-identical prices to the competitor can lead to increased quantity sold, indicating that consumers might be inclined to choose based on price rather than other factors."
76,6.0,5.98,37.996147324024655,38.95802437299627,106.38921250726902,108.30330775692964,"Start by maintaining the current price range between $5.00 and $6.25. Keep an eye on competitor's actions and be ready to adjust the price if needed, but it seems that higher price points can potentially result in greater profits even with lower quantities sold.",No plan found.,"The optimal pricing strategy lies somewhere between $5.00 and $6.25. It appears customers are more willing to purchase at higher prices when the product offers a perceived added value, but this may not always result in increased unit sales. Keeping an eye on competitor's pricing and adjusting accordingly is important as they have occasionally had high-priced offerings that attracted some market share.",No insight found.
77,108.3,6.0,1.8142791449091347e-54,62.245933120185455,1.9068073812995006e-52,174.28861273651927,"- Continuously monitor market demand and competitor pricing;
   - Adjust pricing dynamically based on competitive analysis;
   - Maintain profit margins while keeping prices competitive to remain attractive to customers.","1. Monitor competitor pricing and adjust accordingly to maintain or improve market share.
       2. Investigate cost reduction strategies to increase profitability at lower price points.
       3. Explore opportunities for differentiation to reduce price sensitivity among customers.","- The market appears to be sensitive to price fluctuations, with higher profits generated when competitors price their products more expensively (Rounds 1 and 4) and lower profits obtained when competing products are less expensive (Round 5).
   - When pricing was kept at parity with competitors, the profit earned was consistently high but varied based on market demand (Round 6 and later). This suggests that maintaining competitive parity may not necessarily ensure optimal profit.
   - There seems to be a delicate balance between maximizing profits while keeping prices attractive to customers; striking this balance is essential for long-term success in the market.","- There is strong evidence that pricing strategy can have a significant impact on the quantity of products sold.
         - The data suggests some level of seasonality in demand for this product, which could be taken into account when planning pricing strategy."
78,6.5,5.0,11.555393425254891,75.35063039033895,38.13279830334114,135.6311347026101,"- Conduct a comprehensive analysis of potential competitors within the given price range to understand their strengths, weaknesses, and pricing strategies.
   - Develop multiple pricing models to ensure the new prices provide optimal value for customers while also maintaining sufficient profit margins.
   - Invest in marketing efforts to raise brand awareness and appeal to consumers in pursuit of higher volumes of middle-priced sales.
   - Establish ongoing monitoring and adjustment mechanisms for constant price optimization based on market behavior and competitor strategies.","In order to remain competitive, we should continue monitoring our pricing strategy closely. Based on our current data, it seems that offering significantly lower prices may not necessarily result in greater sales due to a potential loss of perceived value by customers. Instead, we may want to adjust our pricing strategy to be more dynamic and responsive to market trends as well as customer preferences.","- Price sensitivity within the target market appears significant, as the large number of sales at 5.0 indicates a strong demand for cheaper options.
   - The dearth of middle-priced items presents an opportunity to differentiate from competitors and tap into latent consumer preferences for mid-tier products.
   - Consumers appear willing to pay premium prices for higher quality or exclusive offerings, as evidenced by the strong sales at 8.99 and above in some cases.
   - A balanced pricing approach that accounts for consumer preferences across various price points is essential for capturing market share and maintaining long-term profitability.","One interesting finding is that there appears to be no universal approach to pricing that guarantees increased sales. It seems that the relationship between price and quantity sold can vary greatly, with some instances of higher prices resulting in greater sales, and other cases where lower prices were associated with bigger quantities being sold. Further analysis may help us understand the factors influencing these seemingly unpredictable results."
79,5.0,6.0,68.48007660422945,19.619870436465018,123.264137887613,54.935637222102045,"- Consider competitive pricing strategy, keeping prices within the range of 5-6 (excluding anomalous cases like round 1 where a very low price yielded the highest quantity with moderate profit)
  - Monitor competitor's price fluctuations and adapt our pricing to capitalize on opportunities when they raise their prices
  - Analyze the impact of pricing on both sales quantities and profits to optimize overall performance","Our current pricing strategy seems to be effective in terms of maintaining a competitive edge while offering perceived value to consumers. However, we should monitor the instances where we have a lower number of units sold at a higher price compared to the competition (e.g., Round 13) and adjust our pricing accordingly to maximize profits without damaging our brand image. Additionally, consider adopting a dynamic pricing approach that takes into account consumer demand, market fluctuations, and competitor pricing to optimize profitability.","- Moderately low prices (5-6 range) seem to drive greater sales quantities
  - Higher prices do not necessarily guarantee higher profits (e.g., round 4 vs. rounds 3, 6, and 7)
  - It is important to monitor competitor's pricing strategy and adapt our own accordingly to capitalize on opportunities when they raise their prices
  - Overall success in the market requires a careful balance of both sales quantities and profits, as demonstrated by the two extremes in round 1 and round 4.","- Consumers are willing to pay more for our product compared to the competition (with smaller quantities), but there is still room for improvement in maximizing profits through strategic pricing changes.
- The choice of a much higher price than the competition does not always lead to increased profits (e.g., Round 5) and may require adjustment to better suit consumer demand.
- Lowering our price significantly compared to the competition can result in an increase in quantity sold but not necessarily profits, as seen in Round 10.
- Observed market fluctuations and competitive pricing changes should be taken into account when making strategic pricing decisions to optimize profitability."
80,6.0,5.75,33.631888078117086,45.96934065848111,94.16928661872784,117.22181867912681,"In planning our pricing strategy, it is essential to consider both price and quantity to maximize profits. Given the data available:
  1) Monitor the competitor's pricing closely and adjust ours accordingly to maintain a competitive edge while also maintaining profitability.
  2) Keep an eye on customer behavior and sales trends to gain insights into how changes in price may affect demand.
  3) Consider offering promotions or discounts during periods of lower demand (e.g., seasonality) to increase sales volume.
  4) Research the potential impact of varying pricing strategies on market positioning, brand image, and customer perception.","Consider implementing a pricing plan that focuses on maintaining a steady, slightly lower price compared to the competition (around 5-6 range). This can help increase our quantity sold while still maintaining profitability. Regularly review and adjust prices based on competitor's strategies but aim for a more consistent discount from their asking price.","1) Lower prices appear to attract more customers on average but may not guarantee consistent profitability if quantities sold do not increase proportionally.
  2) Price increases can lead to increases in sales volume, but be cautious, as demand seems sensitive to significant price increases in some instances.
  3) Maintaining a consistent market position and brand image is crucial for long-term success; ensure changes in pricing strategy do not negatively impact these aspects.
  4) Market research can uncover the optimal pricing range that balances profitability, demand, and market perception.","By maintaining a slightly lower, steady price we are able to sell higher volumes of our product compared to matching or exceeding our competition's pricing in the same round. Monitoring competitor changes will keep us informed on market trends and enable adjustments to be made accordingly. Keep a close eye on profit margins as well, ensuring that a consistent discount does not compromise overall profitability."
81,6.2,5.4,22.23663842500948,60.44545015671744,66.70991527502844,132.97999034477837,No plan found.,Revisit the market analysis to study competitor pricing strategies in more detail and gather insights on customer sensitivity towards pricing. Identify opportunities to adjust pricing while maintaining profitability and competitiveness. Explore the possibility of offering promotions or discounts during specific sales periods to stimulate demand.,No insight found.,"Customers respond well to lower prices, with sales peaks under 5.50 USD. However, there seems to be a price barrier around 6 USD that deters customers from making purchases. Further research should focus on the reasons behind this price sensitivity and potential adjustments to pricing strategies."
82,5.98,7.5,57.43416376003444,8.59034856979506,159.66697525289575,36.938498850118755,"- Monitor competitor's price changes closely and make timely adjustments as needed to maintain a competitive advantage.
   - Consider implementing flexible pricing based on quantitative and qualitative factors to maximize sales.","As we can see from the data, it appears that both competitors are engaging in strategic pricing, adjusting their prices based on the other's actions. To achieve a competitive advantage, it may be beneficial to conduct market research to determine demand elasticity and the willingness of consumers to pay higher prices. This insight could inform decisions regarding price optimization and can help ensure long-term profitability.","- Price flexibility can lead to increased sales, as demonstrated by the second competitor throughout the series of pricing rounds.
   - Observe trends in customer response to price changes and utilize that information to make future pricing decisions.","One notable observation is that the first competitor (Competitor A) initially priced significantly lower than its direct competitor (Competitor B). However, as Competitor B lowered its price in later rounds to maintain market share or increase sales, Competitor A incrementally raised its price and still managed to achieve higher profits during certain periods. This suggests that focusing on profit over short-term market share gains could lead to long-term success."
83,5.46,5.0,32.404937211727145,57.58780314169294,73.23515809850333,103.65804565504727,"Maintain a competitive pricing strategy, keeping our prices slightly below the competitor's while maintaining product quality. Continuously monitor sales volume and profit margin to ensure our strategy remains optimal.","- Monitor market trends for price fluctuations
- Regularly analyze the impact of price changes on sales quantities and revenues
- Develop price strategies that consider competitor pricing, demand trends, and product value
- Stay flexible to adapt prices as needed in reaction to market developments","Lower prices seem to attract more consumers in this market. However, higher priced items can still be profitable when the difference is substantial. It may also be beneficial to focus on product differentiation, appealing to customers who are willing to pay a premium. Regularly analyzing competitor pricing and sales data will help determine our optimal price point.","- Customers have a strong preference for our products at the lower end of the price range ($5-$6)
- Maintaining a competitive edge is crucial for market growth and profitability
- Frequent price adjustments may be necessary to account for market developments, such as competitor actions or shifts in customer preferences
- It is essential to balance pricing decisions with our target customers' budget constraints while maintaining product value and quality"
84,5.5,6.25,58.26629476507629,22.817408875612795,134.01247795967546,69.59309707061902,No plan found.,"It would provide valuable insights to track changes in market trends and adjust our pricing strategies accordingly. This may also include keeping an eye on our competitor's price fluctuations and adapting our own prices more flexibly. It is essential to maintain a balance between profitability and appealing to customers, ensuring our products remain competitive without overpricing.",No insight found.,"It appears that while pricing aggressively low can lead to increased sales initially (round 1), holding a higher price in the long run may help maintain profit margins (notable examples include rounds 6, 7, and 18). However, it is essential to remain flexible with pricing, as shifts in market conditions or competitor behavior can significantly impact sales numbers. Continued monitoring of industry trends will be crucial for making informed decisions about pricing adjustments."
85,5.98,5.3,25.437511096618607,59.514792758036265,70.71628084859974,124.98106479187614,"To maintain our competitive edge, we should aim to keep our prices closer to the competitor's prices when they are lower or equal to us. This will help us attract more customers who are price-sensitive. In rounds where we are significantly priced higher, we could consider temporarily dropping our prices to match the competitor and gradually increase them once we establish a customer base.","Revise our marketing to further emphasize the affordability of our product compared to the competition. Utilize attractive visuals in advertising to reinforce this point. Explore offering package deals or bundles that provide additional value at a reasonable price, making our product even more appealing.","We should maintain close observation of the competitor's pricing strategies and adjust ours accordingly. It appears that customers are price-sensitive, as shown by their preference for lower prices in most rounds. This suggests that we could potentially gain market share if we offer more attractive pricing without significantly compromising our profit margins.","Competitive pricing strategy has led to increased sales compared to the competition, signaling a successful approach in attracting more customers. This low-cost approach appears to be resonating with our target market, highlighting the importance of maintaining a reasonable price point. To further capitalize on this success, consider expanding distribution channels or regions where our product would be well received due to its competitive pricing."
86,5.7,6.2,51.226268549940016,27.419445681738317,128.06567137485004,82.25833704521494,"In order to remain competitive, adjust prices dynamically based on the changes made by the competitor. Consider implementing weekly or monthly price analyses to identify trends and adjust accordingly. Additionally, explore opportunities for bundle deals or discounts to attract more customers.","Analyze competitors' pricing strategies more thoroughly to identify patterns and make informed decisions about price adjustments. Consider targeting the mid-price range market initially, then gradually move towards higher price points based on customer feedback and market trends.","By monitoring competitors' prices and sales volumes closely, we can observe patterns in pricing strategies that might be helpful for adapting our own strategy. For example, when a lower price results in increased sales volume, it could suggest a successful pricing strategy. Moreover, identifying optimal pricing strategies may reduce the need for frequent pricing changes.","Competitor operates in a niche with high-priced products, suggesting that potential customers may be more price sensitive than previously thought. Maintain awareness of competitor pricing changes to stay competitive without sacrificing profit margins. Price adjustments should ideally lead to increased sales volume while maintaining satisfactory profits per unit."
87,5.0,5.0,46.00294354493428,46.00294354493428,82.8052983808817,82.8052983808817,"To increase sales and profitability, consider adjusting the pricing strategy to stay competitive while maximizing profit. Offer discounted prices during certain periods when the competitor price is higher than usual. However, avoid reducing the price too frequently, as it could erode customer trust in the brand's premium position.","In order to maintain our competitive edge, we should continue observing the competitor and adapt our pricing strategy accordingly. We should monitor trends in consumer demand and adjust our own prices strategically to remain cost-effective while maintaining profitability. It might also be beneficial to explore offering discounts or promotions during certain times to further attract customers.","Competitor analysis is crucial for pricing strategy development. Price differentiation can help attract customers looking for lower prices while not significantly impacting profits when implemented strategically. Additionally, identifying patterns in competitor price adjustments can provide insights into possible discount periods or promotional events.","Although the competitor's pricing seems less competitive, their brand reputation and potentially higher product quality may be key factors that attract customers away from our products. Continuously monitoring market trends and consumer preferences will help us stay informed about potential ways to adjust our strategies in order to remain competitive within the industry. We must be agile and adaptable to respond to changes in both the pricing and product landscapes."
88,5.3,5.0,36.929926430076826,53.73272589824353,77.55284550316132,96.71890661683834,"In order to maintain a competitive edge, it would be beneficial to closely monitor market trends and competitors' pricing strategies. By adjusting our own pricing quickly and cautiously in response to changes in the market, we could potentially secure a larger market share through affordability while preserving profit margins. Furthermore, research should be conducted into factors influencing customer purchasing decisions to better understand price sensitivity in specific market segments.","- Monitor competitor's pricing moves closely to anticipate future changes.
  - Stay adaptable and prepared to respond quickly when necessary.
  - Maintain an eye on overall market conditions and customer demand.","One significant insight gained from this data is the importance of pricing strategy in attracting customers and maintaining market share. The trend indicates that lower prices can attract a broader customer base, but care must be taken not to lower prices excessively or too often to maintain profit margins. Additionally, closely monitoring competitor strategies is crucial for making informed pricing decisions. Understanding factors influencing customer purchasing decisions will help tailor our approach to specific market segments more effectively.","- Player A appears to use a more aggressive pricing strategy, with larger price adjustments in some rounds.
  - Player B seems to adopt a slower but consistent approach, gradually increasing their price over time.
  - There may be an opportunity to differentiate services or products offered by focusing on customer experience and value beyond just pricing."
89,5.47,5.3,39.22384548311518,48.510722937237624,89.03812924667143,101.872518168199,"- Continue adjusting prices to find an optimal balance between sales volume and profit margins.
  - Keep monitoring the competition and their pricing strategies to ensure our product remains competitive.
  - Consider implementing a marketing campaign highlighting our product's unique features or benefits to differentiate ourselves from the competition further.","* In the upcoming pricing round, focus on maintaining and capturing market share through aggressive pricing compared to the competitor.
  * Analyze competitors' reactions to price adjustments and try to predict potential future moves.
  * Monitor changes in sales as a function of price fluctuations to further understand customer sensitivity to price changes.","- Lower prices tend to result in higher sales volumes, but they directly impact profit margins. Finding a balance between price and profitability is essential.
  - Consumers may be interested in unique product features or benefits; highlighting these could help differentiate our product from the competition, leading to increased sales.","* Customers tend to be more likely to choose my product over the competitor when the pricing is significantly more favorable.
  * Reducing prices can lead to an increase in sales, but be wary of the magnitude of price reduction as larger reductions may impact overall profitability.
  * Customers seem to be more sensitive to increases in price than decreases, necessitating careful consideration when raising pricing to avoid a significant drop in quantity sold."
90,6.5,6.75,34.906888363985665,25.538425084987583,115.19273160115269,90.66140905170592,Focus on improving the product line while keeping pricing competitive and adjustable based on market insights. Invest in expanding target demographics to capture a broader audience segment and boost sales volume.,"Increase price by 5% every 5 rounds if the competitor's price is not increased during that period. This will help maintain profitability and demonstrate to customers our confidence in the value of our product. If this strategy doesn't prove effective after a trial period, consider adjusting as needed based on the competition's response.","Continuously monitor competitor moves to respond swiftly when opportunistic scenarios arise. Identify potential areas for product improvements that can justify incremental price adjustments while still providing an appealing value proposition compared to the competition. In addition, study customer preferences across different target demographics to optimize offerings tailored to specific segments.","- The competitor seems to have a pricing strategy focused on protecting market share. Although their prices are generally higher, they occasionally lower their price in an attempt to gain new customers.
- It appears that our product has a higher perceived value by the majority of customers given its competitive pricing and consistent sales volume.
- The data suggests that there is room for strategic pricing maneuvers to maximize profit while maintaining or even improving market share."
91,5.0,3.0,7.487121456204028,91.21181192325895,13.476818621167249,-18.242362384651805,"1. Monitor competitors' price changes closely to adjust prices accordingly.
  2. Consider offering competitive promotions or discounts during periods where the lower-priced competitor is experiencing a significant increase in sales.
  3. Regularly analyze customer segments and their sensitivity to pricing changes to optimize production costs and pricing strategies.
  4. Continuously research and innovate to maintain a competitive advantage through product differentiation or unique selling points when pricing strategies have reached an equilibrium.","As we can see from the historical data presented, it appears that a dynamic pricing strategy might work best in this scenario. Regularly monitoring competitor's prices and adjusting our own based on market conditions could maximize sales and profits. Maintaining a lower price point to boost sales volume during low demand periods, while increasing when competition is weak, can help achieve a balance between demand and competition.","1. Pricing flexibility is crucial in responding to shifts in the market, as customers are often responsive to price changes.
  2. Offering competitively priced products can lead to increased sales and long-term customer loyalty, but production costs must be accounted for to maintain profitability.
  3. The potential risks of lowering prices should always be weighed against the potential benefits in terms of market share and increased revenue.
  4. While a lower price may initially attract more customers, product differentiation can help maintain market presence and establish long-term customer relationships.","- Competition seems fierce in this market with significant variance in pricing strategies among competitors.
- Lowering prices appears to have been an effective tactic for many players to boost sales and market share but also resulted in thinner profit margins.
- A dynamic pricing strategy allowing for price adjustments based on market conditions might be the best approach in such a competitive environment."
92,5.6,5.0,28.695397132498154,60.74815620620583,68.86895311799556,109.34668117117047,"It may be advantageous for our retailer to monitor the price changes and quantity sold trends of the competitor closely and adjust pricing accordingly to maintain or expand market share, while also considering the potential impact on profit margins.","In order to remain competitive and capture market share, we should continue monitoring our competitors' pricing strategies and adjust ours accordingly. Considering many customers are willing to pay upwards of 19.07 while still being attracted by lower price points such as 5.0, it suggests that finding a balance between profitability and competitive pricing could help increase sales and market share.",The competition between retailers appears to shift regularly based on price adjustments; understanding the dynamics of this interaction can help our retailer in developing effective plans and anticipating future moves by competitors. Strategies that take into account both competitor pricing trends and profit margin objectives could prove effective in this scenario.,"Based on the provided data, we can see that there is significant willingness to pay for this product, but also sensitivity to price changes as shown in rounds 1-3 and 8. Competitors often offer their products at higher prices due to quality or branding, while some aim for increased market share by slightly undercutting."
93,6.0,5.0,19.619870436465018,68.48007660422945,54.935637222102045,123.264137887613,"Going forward, it's essential to carefully consider our pricing strategy in light of these observations. If we maintain a competitive but affordable price point, sales could be maximized by reaching more price-conscious customers while keeping the business financially viable.","Find a balance price that remains competitive with the average while avoiding peak prices where quantities drop significantly (7.25, 8.49, 8.99). Increase market share through more aggressive pricing when appropriate, especially at lower price points.","We now have substantial evidence that indicates customer sensitivity towards high prices. In order to optimize our pricing strategy, it will be crucial to monitor market trends and competitor pricing adjustments to ensure our competitive advantage is maintained without becoming overly expensive.","Lowering the price to 5.0 substantially increases market share. Competitors' quantity sold dramatically decreases at specific prices (7.25, 8.49, 8.99), suggesting that these price points should be avoided. The optimal pricing strategy would be to find a balance between being competitive and ensuring profitability while dodging those peak prices."
94,6.0,1.0,0.19244856638734398,99.69082547768099,0.5388559858845631,-219.3198160508982,Consider maintaining and adjusting the pricing strategy based on market conditions and competitor reactions. Aim to profit at a consistent rate while keeping an eye on overall sales volume for long-term market share growth.,"Maintain a flexible pricing strategy, adapting to the competitor’s pricing while monitoring our own sensitivity in the market. Aim for an average pricing level that allows us to remain competitive but also maximizes our sales potential.","It is essential to monitor both price and quantity data during different rounds of pricing experiments as it may help uncover trends related to competitive reactions, consumer preference, and market dynamics. By doing so, we can better inform our pricing strategy over the long term.","The market responds more significantly to the first competitor's price changes, indicating a higher elasticity of demand. Maintaining awareness of the customer sensitivity toward both competitors’ pricing and adjusting our own strategy accordingly is crucial for maximizing sales. Additionally, it appears that the second competitor strategically increases their prices periodically in an attempt to boost profitability when their product is perceived as having higher value."
95,5.0,5.0,46.00294354493428,46.00294354493428,82.8052983808817,82.8052983808817,"Based on this data, it seems crucial for pricing strategy #1 to maintain its competitive lower pricing and focus on quantity sold. Additionally, it might be advantageous to monitor the competitor closely in later rounds as their prices appear more similar.","For the next pricing round, the suggested strategy is to continue adjusting our price downward to remain competitive and attractive to potential customers while maintaining profitability. It would also be beneficial to analyze the relationship between our pricing and unit sales to determine an optimal pricing level that maximizes profits.","Insight 1: Competitive pricing can attract a larger customer base while still maintaining profitability.
Insight 2: Price consistency and adjustments based on market dynamics are critical components of successful pricing strategies.
Insight 3: Keeping an eye on competitors' pricing is essential to adapt swiftly when necessary.","By monitoring competitor prices, we can notice trends in their strategies and respond accordingly. In this data set, it appears that the second competitor occasionally adjusts their price upwards even though they have maintained consistent sales levels. This suggests that they may have a loyal customer base willing to pay higher prices or that there is room for profit margin expansion in their market. Additionally, we can see that our previous pricing strategy (higher initial prices) was not as successful as adjusting downward towards competitor price points. It is essential to remain flexible and adaptable when making pricing decisions in a competitive marketplace."
96,6.0,5.3,24.96625839089564,59.89094043671835,69.90552349450779,125.77097491710852,"To compete effectively, we can consider a pricing strategy that positions our product competitively in the $5-$7 price range, leveraging the popularity and affordability of that segment. We may need to conduct market research to determine the optimal pricing within this segment.","Consider increasing prices in periods where demand is high, such as during competitor's pricing mistakes or when my production costs are low, but maintain competitive pricing during periods of high competition or uncertainty.","Based on the current data, we can see that customers are willing to pay up to $8.99 for certain products but a larger number of units is sold in the more affordable range ($5-$7). This suggests that affordability and accessibility play significant roles in customer decision-making processes. Additionally, there seems to be room for growth within this mid-price range.","Competitor's higher pricing strategy seems to be negatively impacting their sales volumes, resulting in lower overall profits despite higher individual price points. Their approach has some potential for success when demand is high, but it appears riskier and less sustainable in the long term. Our current strategy of balanced pricing seems to be more profitable due to stable sales volumes over a wider range of prices."
97,5.0,6.25,72.28643949586815,15.152060854942828,130.11559109256265,46.21378560757562,"In order to remain competitive, it is crucial to consider the pricing strategy adaptable based on the competitor's actions and expected sales volume. Continuously monitoring the market and adjusting prices as needed will help maximize profits and ensure customer satisfaction.","- Maintain a price slightly above competitors while still remaining competitive.
   - Monitor sales and customer feedback to adjust pricing as needed (possibility of lowering prices in off-peak seasons or temporarily during promotions).
   - Continuously analyze the market and develop strategies for attracting customers while maximizing profitability.","By lowering the price of our product, we are able to increase our market share and attract a larger customer base. However, it is essential that we do not undersell ourselves, as this may damage our brand image and hurt long-term profitability. Additionally, monitoring competitor's pricing strategies closely will give us valuable insights into the best ways to adjust our own prices over time.","- Customers are more sensitive to price drops than price increases.
   - Attracting more customers through lower prices comes at a higher cost per unit.
   - Maintaining a relatively high price point allows for greater profitability, particularly when competing with higher-priced competitors.
   - Consider offering competitive promotions or discounts during off-peak seasons to attract more customers while maintaining a reasonable profit margin."
98,5.7,5.0,26.207254792510508,62.86793604445428,65.51813698127627,113.1622848800177,"```
1. Analyze competitor’s pricing and quantity sold trends.
2. Identify optimal price points to lower costs without compromising quality.
3. Implement targeted marketing campaigns to appeal to a broader consumer base.
4. Monitor profit margins and adjust production costs when possible.
5. Explore the possibility of offering discounts during slow periods or for bulk purchases.
```","- Monitor competitor's pricing strategies closely; identify emerging trends and potential opportunities for differentiation.
   - Test adjustments to our own pricing at regular intervals to maximize profits while maintaining a competitive edge.
   - Develop marketing initiatives that emphasize value proposition, quality, and customer benefits to maintain attractiveness in the eyes of customers.
   - Keep abreast of industry trends and evaluate potential avenues for expansion or diversification.","```
1. Adjusting pricing strategy is essential to remain competitive in the market.
2. Targeted marketing efforts can help increase sales and market share.
3. Maintaining profit margins while staying competitive is vital for long-term sustainability.
4. Understanding the market demand can help identify opportunities for pricing adjustments.
5. Offering discounts strategically can boost sales, especially during slow periods or for bulk purchases.
```","- Our competitor's pricing is more aggressive when they have a perceived advantage or weakness in quality, service, or brand image.
   - Customers continue to show a preference for our offering when it is priced competitively and offers superior value.
   - It's crucial to have a consistent and responsive approach to market dynamics, as small adjustments can create significant changes in profitability.
   - Collaborating with industry experts and other relevant stakeholders can help us better understand market trends and anticipate future pricing opportunities."
99,6.0,5.0,19.619870436465018,68.48007660422945,54.935637222102045,123.264137887613,"- Continue monitoring the market response to various price points and adjust as necessary to optimize profitability.
   - Investigate potential methods of targeting demographics with higher price sensitivity.
   - Consider offering promotions or discounts during periods of increased competition.",Adjust the pricing strategy to remain competitive while considering the perceived value of our product in relation to the competition. Regularly monitor and adjust pricing as needed based on market response and competitor actions.,"- Price dynamics play a crucial role in market success, and understanding the interplay between prices is essential.
   - It may be beneficial to study pricing strategies used by competitors and adapt them to our product offerings.
   - Adopting flexible pricing strategies that take advantage of price sensitivity could potentially lead to greater profitability.","Market data indicates that pricing strategy has a significant impact on quantity sold, suggesting price sensitivity among consumers. It is crucial to maintain a competitive pricing structure without significantly sacrificing product value. In rounds where our pricing was lower (Rounds 5-8), the competition seemed to lower their prices as well, potentially in an effort to match or undercut us. Considering this dynamic, it may be advantageous to raise our price in such situations and focus on offering added value through improved features or customer service to maintain competitive differentiation."
100,5.0,5.75,63.88226977554801,25.016656288989815,114.9880855959864,63.79247353692402,"- Experiment with both low and high prices to gauge their impact on sales volume in future rounds.
   - Analyze customer behavior patterns during periods of different pricing strategies for insights into customer preferences.
   - Investigate ways to provide promotions or discounts while maintaining a steady income, such as tiered pricing or bundle offers.","- Monitor market trends and competitor pricing strategies closely
   - Implement a dynamic pricing strategy where price points are adjusted based on competitors' actions and the prevailing market conditions
   - Continuously assess the sensitivity of our customer base to price changes and adjust prices accordingly","- High prices (e.g., $8.99) may drive high sales volumes but are not sustainable over the long term due to customer sensitivity to cost.
   - Lower prices ($5.0) consistently resulted in decent sales volumes, suggesting that a competitive yet profitable pricing strategy can help maintain customer interest and engagement.
   - It is essential to monitor the market, competitor prices, and changing consumer preferences when making pricing decisions to stay adaptive amidst dynamic market conditions.","- Lowering prices relative to the competition appears to be an effective tactic in increasing quantity sold, but maintaining price points below competitors may erode gross margin over time
   - It is crucial to balance volume growth against the need to maintain a reasonable gross margin percentage
   - Continuously monitoring market trends and competitor moves can provide valuable insights for future pricing decisions"
101,25.0,5.3,1.6128831781467302e-09,79.81867777267475,3.5160853283598717e-08,167.61922332261693,"- Continue to observe price dynamics and adjust pricing strategy based on competitor movements
   - Analyze customer preferences in different rounds to ensure that prices are set competitively but still maintain a reasonable profit margin
   - Keep track of sales volume and profits to determine the optimal balance between these two factors","Moving forward, focus on pricing strategies that consider both our costs and the competitor's actions, aiming to achieve a balance between pricing competitively and ensuring profitability.","- Pricing strategy should be adaptive and responsive to market dynamics, including competitor actions and customer preferences
   - Understanding the value customers place on the product at different points in time can help inform pricing decisions
   - It might be beneficial to offer discounts or promotions in later rounds when prices are higher but sales volume is lower","The data reveals that pricing above the competitor can lead to reduced sales quantities but potentially higher profits (as seen in rounds 1-3, 5, and 7), whereas pricing below the competitor can increase sales quantity but may result in lower profits (as seen in rounds 4, 6, and 8). In some cases, such as round 2, pricing higher than the competitor resulted in a loss, indicating that going too high above the competition might harm overall profits."
102,5.5,5.5,43.017182742002014,43.017182742002014,98.93952030660462,98.93952030660462,"As the competition lowers their prices, it seems important to strike a balance between pricing competitively and maintaining profitability. Since the price decrease trends in some rounds have led to increased sales volume, we can experiment with further price reductions while monitoring unit sales and profits closely.",* Balance pricing strategy with competition to maximize profit while maintaining a consistent volume of sales,"The data suggests that customers are more sensitive to price increases than decreases, as evidenced by the rapid increase in unit sales when prices drop. Competitors' pricing strategies seem to influence buying decisions, particularly when they offer lower prices. A careful analysis of market trends and competitor moves is essential for making informed pricing decisions.","* The seller's starting price appears to be relatively high compared to the competitor, which may make them less appealing to price-sensitive customers
   * Sales figures show relative consistency over time, but this doesn't guarantee consistent profits due to variations in profit margins"
103,5.0,5.98,68.14163116976135,20.01712886872345,122.65493610557043,55.6476182550512,"In future pricing rounds, I should consider a more conservative yet competitive pricing strategy. This could include setting my price lower than the competitor initially to capture a larger market share and gradually increasing it based on sales performance and market feedback.","* Implement a more consistent strategy for setting prices based on competing markets to maximize sales quantity while maintaining profit margins.
* Consider offering occasional discounts or promotions to increase sales during slow periods.
* Monitor changes in the market and adjust pricing accordingly to capitalize on changes in demand and competition.","The relationship between price and sales is not always straightforward, but higher prices do not necessarily equate to higher profits when there are fewer unit sales (e.g., round 5). It's essential to find a balance between competition and profitability while taking into account customer demand and market trends.","* Lower prices generally result in higher quantities sold, but it's important to maintain profit margins.
* Consistency in pricing strategy is key to customer trust and loyalty.
* It's crucial to stay aware of fluctuating market conditions and competitor actions when setting product prices."
104,6.0,5.35,25.906296505837748,58.380740383765406,72.53763021634569,125.5185918250956,"* Evaluate cost management strategies to minimize expenses while maintaining quality standards
* Consider launching promotions or discounts to attract new customers and retain existing ones
* Examine the market to identify potential gaps for product differentiation that may increase price point without impacting demand","To maintain and possibly increase the current rate of sales, consider keeping the price at $5.35 or exploring small adjustments based on market trends and competitor pricing. Frequent reevaluation of the price is crucial to ensure optimal profit and market positioning. Consider analyzing customer feedback for any insights into potential price sensitivity.","* The market appears competitive, with prices within a similar range. However, there seems to be demand for the product as indicated by moderate quantum sold.
* Exploring options to minimize operational costs and maximize efficiencies could lead to improved profitability.
* It may be beneficial to invest in market research to better understand customer preferences and segmentation strategies.","- Lower prices are associated with increased sales quantity, but profit per unit decreases. Adjusting pricing strategies based on market analysis is essential.
- Maintaining a competitive price point can help boost sales and secure market positioning.
- Customer feedback may provide insights into potential price sensitivity and overall customer sentiment towards the product."
105,6.0,6.0,38.36517311905507,38.36517311905507,107.4224847333542,107.4224847333542,Consider adjusting pricing dynamically based on competitor moves and market conditions. Regularly monitor the market and competitors for trends and opportunities to fine-tune pricing strategy.,"- Monitor competitor promotions and pricing strategies closely
   - Offer limited-time discounts or bundle offers to attract price-conscious consumers
   - Increase market awareness of the product's unique features and benefits to emphasize value over cost
   - Adjust the price gradually based on consumer response and competitive activity","The company's pricing strategy demonstrates a sensitivity to competition and an understanding of the importance of maintaining a competitive advantage while staying true to their positioning. It is essential to maintain this balance by monitoring market trends, competitor moves, and adjusting pricing accordingly. Additionally, it appears that setting prices just slightly higher than the competitor may provide better results in some cases.","- Consumer sensitivity to pricing changes is high in this market
   - Maintaining profit margins while adjusting prices to meet consumer demands is crucial
   - Offering unique features and quality can help justify a slightly higher price, but regular price checks against competitors are necessary
   - Limited-time promotions or bundle offers could be effective in attracting price-conscious consumers without damaging long-term pricing strategies"
106,5.98,5.98,38.586866163452626,38.586866163452626,107.27148793439831,107.27148793439831,"- Target a competitive pricing strategy that focuses on both initial market penetration (lower prices) and long-term revenue sustainability (higher prices).
     - Continuously monitor competitor pricing dynamics to adapt our strategy as needed, ensuring we maintain an edge over competitors.",Adjust pricing strategy to remain competitive while capitalizing on opportunities to increase sales when the competitor raises their price. Regularly review and analyze competitors' moves to inform decisions about our own pricing.,"- Analyze competitor's long-term pricing strategies to identify patterns and trends that inform our own pricing decisions.
     - Monitor market response to competitive pricing moves, adjusting our strategy accordingly based on demand shifts.","Maintaining a competitive price range between 5 – 6 dollars allows for steady market presence, but could be further optimized by capitalizing on opportunities when the competitor raises their price. Flexibility in adjusting prices based on competitor actions can lead to increased sales."
107,5.98,6.2,42.53278502665465,32.30671782936724,118.24114237409994,96.9201534881017,"To maintain competitiveness and maximize potential profits, it is essential to monitor our competitor's pricing strategy closely. Furthermore, conducting market research and keeping an eye on the market trends will help us make informed decisions.",Adjust price points according to competitor's prices while considering our sales success and maintaining a competitive edge in the market. Continuously monitor sales quantities and adjust prices accordingly.,"Despite adjusting our prices downward to compete with the market leader, we have still managed to maintain a profit. Adapting our pricing strategy has allowed us to gain more customers and maintain their loyalty while minimizing the impact on our bottom line. It seems crucial to stay adaptable in response to competitor actions and market conditions.","- Changing the price higher or lower than the average does not seem to have a consistent impact on sales or profits.
- Being competitive yet slightly more expensive can lead to better profit margins due to higher sales quantities.
- Strongly observe and adapt to competitor's actions as it impacts sales performance significantly.
- It is essential to adjust price based on the actual market situation, rather than solely relying on historical data or competitors' moves."
108,6.0,6.0,38.36517311905507,38.36517311905507,107.4224847333542,107.4224847333542,"- Continue to monitor competitor pricing and adjust accordingly
- Experiment with lowering prices temporarily followed by incremental increases to maximize quantity sold while maintaining profit margin
- Develop a more aggressive marketing strategy to drive sales when the price is higher than the competition",Continue monitoring the competitor's pricing strategy while studying how changes in our own prices affect overall demand. Test modest changes in price to optimize profitability and ensure market competitiveness.,"- Lower prices attract more customers but can lead to reduced profits
- Aggressive pricing does not necessarily guarantee an increase in overall revenue
- It's essential to consider both quantity sold and profit margin when making pricing decisions","Price optimization can greatly impact both sales volume and profit margin. A competitive pricing strategy is crucial in maintaining market shares while avoiding excessive price wars that may negatively impact financial health. By understanding the relationship between price and demand, we can make informed decisions and maximize profitability."
109,5.5,5.98,53.37705687326612,29.293949912501066,122.76723080851207,81.43718075675297,Maintain a competitive pricing strategy with an emphasis on price reductions to increase sales volume. Monitor competitors' moves and be prepared to adjust pricing accordingly.,"Maintain a competitive pricing strategy that balances high profit potential while catering to the market's demand. Continuously monitor and analyze competitor prices, and adjust pricing according to demand trends.","- A higher priced product may not always lead to increased profit due to lower sales volumes.
   - Keeping an eye on competitor prices is crucial as it can influence the success of a chosen pricing strategy.
   - Flexibility in pricing allows for adaptation in response to market changes and competition.","It appears that a lower price can sometimes lead to increased sales volumes, driving overall profits higher than during rounds with a comparatively higher selling price. Monitoring both price and quantity sold is crucial for optimizing profit potential long-term. Keep an eye on competitors' pricing strategies to stay competitive in the market space."
110,,5.98,,,,,"- Analyze the performance of the current pricing strategy against historical data to identify trends and patterns that may indicate better pricing options.
- Monitor competitor's pricing strategy and adjust our own prices accordingly, taking advantage of opportunities when their price is higher than ours.
- Develop a pricing model that factors in key metrics such as total cost, demand, and customer behavior to optimize prices for maximum profit.",Adjust the pricing strategy to be more competitive and aim for a balance between profitability and attracting more customers. Experiment with lower prices and monitor sales closely to determine the optimal selling point.,"- Higher prices do not always equate to greater profits (rounds 30-32)
- Maintaining a consistent price differential vs the competitor can help secure market share and maintain customer loyalty (rounds 15, 16)
- Frequent adjustments in price may be necessary to keep up with competitors' strategies and market dynamics.","Competitor price changes can impact our sales, so it may be beneficial to occasionally adjust our pricing to stay competitive in the market. Sales seem to increase when the item is priced below 6.0, indicating a higher demand at this price range."
111,6.0,5.98,37.996147324024655,38.95802437299627,106.38921250726902,108.30330775692964,No plan found.,"- Continue monitoring the market prices and adjust according to sales volumes to maintain competitiveness
   - Consider offering discounts on bulk orders or to encourage repeat customers to increase revenue",No insight found.,"- Lower priced competitors tend to sell more quantity, but this may negatively impact profit margins
   - It's possible that the higher-priced goods are of better quality, providing an opportunity to differentiate our product offering in the market
   - Investigate the reasons behind the spikes in price and explore partnerships or collaborations with those sellers with the aim to increase brand visibility"
112,6.53,5.98,24.008532893624725,47.74666895525041,79.94841453577034,132.73573969559615,"```
   - Monitor the prices set by the competitors
   - Analyze the impact of price changes on quantity sold and profit earned
   - Observe trends in the data to determine optimal pricing strategies
   - Experiment with slight variations in price and observe results
   - Collaborate with team members for further analysis and insights
   ```","```
To increase profitability:
 1. Monitor competitor pricing trends more closely.
 2. Implement a progressive price increase strategy to gradually adjust our prices upwards.
 3. Investigate and explore market segmentation opportunities to target pricing based on different customer segments.
 4. Evaluate the impact of promotions, discounts, or other strategic pricing tactics and experiment with them periodically.
```","```
   - Competitors frequently adjust prices in response to each other, suggesting a close monitoring and reacting to market conditions
   - Higher pricing strategies can be effective but may come at the cost of limiting sales volume
   - Lower pricing strategies can result in increased sales volume, leading to higher profits if costs remain within an acceptable range
   - Competitive advantage may arise from finding unique selling points or delivering superior quality and customer service
   - It is essential to maintain a balance between profit optimization and market share growth
   ```","```
Key Insights:
 - Competitor pricing has been increasing steadily over time, presenting an opportunity to follow suit while ensuring profitability.
 - Maintaining a high quantity of product sold is important but may not maximize long-term profit potential; considering adjusting the price accordingly.
 - Exploring market segmentation opportunities can help optimize our pricing strategy for various customer groups.
 - The combination of pricing and strategic promotions or discounts should be further evaluated to determine their impact on sales and profits.
```"
113,6.0,5.8,34.59541948223696,44.42139791616656,96.86717455026348,115.49563458203305,"- Continue to maintain a competitive yet high price point whenever possible.
   - Monitor competitor pricing strategies to ensure we are not priced excessively higher than them.
   - Consider a marketing campaign that highlights the quality and value of our product compared to lower-priced competitors.","Monitor price fluctuations of both retailer and competitor’s products, with a focus on quantity sold per price point. Continue tracking shifts in consumer preference in response to price changes.
   Investigate reasons behind the competitor's successful strategies when setting higher prices. Consider potential strategies for replicating or countering their successes without eroding profit margins.","- Our customers exhibit a willingness to pay higher prices for our product, indicating a high perceived value.
   - A higher price may lead to increased sales in certain situations due to the perceived quality or exclusivity of our product.
   - Adjusting our pricing too frequently may confuse our target market and negatively impact sales.","The retailer’s pricing strategy appears to be sensitive to price changes by the competitor, with fluctuations on both ends of the spectrum (lower and higher prices). This indicates the importance of tracking competitor pricing closely.
   Sales data suggests that a lower price may not always equate to greater sales volume when competing against a similar product from a lower-priced competitor. This implies the need to consider factors beyond just price when setting our own strategy."
114,5.6,5.85,47.63050002988367,34.84721823640638,114.31320007172079,92.34512832647688,"Keep testing prices within the range of $5.3 to $5.8 since it has proven to be profitable, explore slight variations within this range to find the optimal price point. Monitor market trends and competitor pricing dynamics for potential opportunities.","- Maintain competitive pricing structure while monitoring competitor actions.
   - Implement periodic re-evaluations of pricing strategy based on sales data.
   - Continuously adjust prices based on demand and market conditions.","Low-price strategies generate high volumes sold but might not optimize profit margins due to price competition. High prices can result in low volumes sold but maintain higher profit margins, making them riskier options. Find the balance between volume and revenue as a key determining factor for pricing decisions.","- Lowering the price may lead to increased sales, but it also decreases profit margins (Rounds 30-28).
   - Raising the price does not always result in fewer sales; there have been cases where a slight increase in price led to maintaining or even increasing profitability (eg., Round 16).
   - Balance affordability and profit maximization is crucial for long-term success."
115,5.0,6.5,75.35063039033895,11.555393425254891,135.6311347026101,38.13279830334114,"The pricing strategy needs to consider a few factors such as understanding market dynamics, competition, demand, costs, and potential profitability. One approach could be setting prices closer to the competitor's price with minimal adjustments (to avoid pricing wars) but still maintain a competitive advantage given our unique selling points or higher quality.","- Maintain a dynamic pricing strategy responsive to market conditions and competitor actions
- Monitor sales volume and adjust prices as needed to maximize revenue while maintaining a competitive edge
- Explore discounts or promotions in periods of sluggish demand to stimulate sales","By studying the data, it seems that there is less price sensitivity in some rounds when prices are set higher as the profit earned remains substantial even with lower quantities sold. Yet, there may be instances where a lower price could increase the quantity sold while still generating favorable profits (e.g., $5.30). It appears that competitors' prices have fluctuated between $5 and $9 over the 50 rounds, with our prices ranging from $4.85 to as high as $9. Interestingly, increasing the price too much beyond the competitor's seems to result in lower quantities sold (e.g., pricing at $7.0). This suggests potential room for both lower and higher pricing strategies depending on the context.","- Sales are strongly correlated with price, suggesting the need for careful pricing decisions
- Customers respond positively to larger sales volumes and tend to be more cost-conscious, potentially benefiting from discounts or promotions
- Competitors' pricing actions can have a significant impact on our market share"
116,6.25,5.6,24.494411432944545,55.199008256453524,74.70795487048086,132.47761981548842,Consider increasing the product's price by a small percentage in subsequent rounds to attract a larger customer base and maintain high profits. Continuously monitor competitor prices for opportunities to capture more market share.,"- Maintain a price range between the competitor's price and $0.35 higher than the competitor (give or take based on specific instances)
   - Continuously monitor price trends and adjust pricing strategy as needed to optimize market share
   - Consider offering promotions or discounts during periods of high competition to maintain market position",Prices slightly higher than competitors result in increased profit margins while still retaining a significant customer base. Monitor the competitive landscape closely and consider occasional price adjustments to optimize profits and market position.,"- Customers are more likely to purchase when our price is within $0.35 of the competitor's price
   - A significant increase in price ($0.58 or higher) can result in a substantial loss of market share
   - Monitoring and adjusting pricing strategy based on competition can potentially double the number of customers we attract"
117,5.7,5.46,36.14387075664318,48.78912228074357,90.35967689160796,110.26341635448046,"We should consider experimenting with a slightly higher price to potentially increase profit margins, especially since there seems to be a variety of prices in the market that could still accommodate our product. However, we must be mindful not to increase the price too drastically to avoid losing potential customers.","- Continue observing and learning from pricing trends to determine optimal pricing strategy based on our competition and market conditions
   - Monitor industry events and changes in demand to adjust pricing as necessary
   - Aggressively maintain competitive advantage while considering a lower price point around 5.46, which seems to optimize both quantity demanded and profit earned under certain conditions","By considering both the quantity sold and the profit earned, we can make more informed decisions about our pricing strategy. It is important to keep in mind that not all high-price rounds were profitable (e.g., Round 30) while also acknowledging that low-price rounds are not always beneficial in terms of sales volume (e.g., Rounds 31-34).","- A high price does not necessarily mean higher profits when fewer units are sold (example in Rounds 8-9)
   - Lowering the price can increase quantities demanded, leading to higher profits if market conditions allow for it (example in the price reduction rounds starting with Round 17)
   - Competitor pricing plays a significant role in determining optimal pricing strategy (example in Round 25)
   - Market demand and trends may impact optimal pricing strategies over time (example of changing prices between Rounds 3 and 42)"
118,7.0,6.15,16.63728532951483,48.14158135151246,63.22168425215636,142.01766498696176,"---------
To better compete with the competitor in short-term sales and market share growth, we should consider offering limited promotions or discounts during specific periods when sales are slow; however, these should not harm our overall profitability or sustainability. Additionally, studying and understanding customer purchasing behavior will help us time these offers more effectively.","* Continue to monitor rival pricing and market trends regularly.
   * Utilize promotions to stimulate demand in off-peak periods or when targeting a specific segment of customers.
   * Consider introducing product variants with competitive price points to tap into markets with different price sensitivities.","---------
Competitor targets quick sales & market share growth using price drops in later pricing rounds
It is crucial to monitor and adapt our strategy accordingly without compromising long-term profitability & sustainability
Analyzing customer purchasing trends & timing promotions can increase effectiveness of limited offers","* Aggressive pricing strategies, such as consistently undercutting the competition or raising prices too high, may backfire and drive away customers.
   * Adapting pricing to market demands helps maintain a competitive edge in a dynamic market environment.
   * Regularly reviewing and adjusting pricing based on customer feedback can lead to increased customer satisfaction and loyalty."
119,6.82,5.3,10.665127144860216,71.30591430402279,38.60776026439398,149.74242003844785,Continue adjusting pricing dynamically based on market competition and profit potential. Monitor customer responses to identify price sensitivity. Test lower prices during non-peak sales periods to maintain market share and encourage repeat purchases.,"- Continue pricing our product competitively, between 4.98 (lowest competitor price) and 5.5 (highest volume of sales observed).
   - Monitor sales data closely to identify any shifts in consumer behavior or market trends that may influence optimal pricing strategies.
   - Consider offering promotions or discounts for bulk purchases or during seasonal periods.
   - Maintain product quality and customer service levels to ensure a positive buyer experience and secure repeat business.","- Prices above $6 generate higher overall profits as compared to prices below this threshold.
   - The vendor must remain alert to competitor activity and be prepared to adjust pricing promptly to maintain a competitive edge.
   - Customers seem to be sensitive to pricing changes, with larger adjustments causing potential backlash or increased sales volume.","- Consumers are more likely to purchase our product when priced between 5.3~5.5.
   - Pricing too high (e.g., 8.0) may lead to low sales, while pricing too low (e.g., Competitor's lowest price of 4.98) may reduce profit margin unnecessarily.
   - There seems to be a strong correlation between our product's affordability and its desirability in the market.
   - Offering occasional promotions or discounts may boost sales during slow periods or build customer loyalty."
120,6.0,5.46,28.006782738906676,55.00624485003586,78.41899166893869,124.31411336108104,"- Monitor competitor's pricing trends and adapt our own pricing to stay competitive while maximizing profits.
   - Consider offering promotions or discounts during periods of low demand or high competition to maintain sales volume.
   - Study patterns in our profit margin over time to identify optimal price points for various market conditions.","```
   Analyze competitor's pricing strategies regularly
   Implement pricing adjustments based on observed trends
   Test different price points around the average to identify optimal profit margins
   Consider potential demand fluctuations and how they may impact pricing decisions
   ```","- Higher prices do not always result in increased profits, as lower quantities sold can mean reduced earnings (e.g., Rounds 32-31).
   - Lowering prices during times of high competition can increase sales volume and potentially lead to higher profits (e.g., Rounds 39-40 vs. 35-38).
   - Consistently pricing our product lower than the competitor can result in increased profit due to higher sales volumes, although this may not always be sustainable (e.g., Round 26 vs. 21-23).","```
   Higher prices potentially lead to lower quantities sold with increased profit margins per unit (but risk losing market share)
   Lower prices may appeal to more customers but could impact overall profitability
   Price elasticity of demand must be considered when making decisions, as customers have varying sensitivity to price changes
   Frequent market observation and adjustment is important in a competitive landscape
   ```"
121,5.3,5.73,54.4352022365713,31.8014232323844,114.31392469679972,80.45760077793254,"In order to maintain a competitive edge, we should continue monitoring the competitor's pricing strategy and adapt our own as needed. We may also consider expanding our marketing efforts or exploring new product features to drive demand during low-performing price rounds.","- Continue monitoring market prices for competitor products to ensure our price remains competitive while still maintaining profit margins.
   - Consider targeted discounts or promotions to attract new customers and incentivize product trials.
   - Analyze customer feedback to identify areas where product differentiation can be leveraged to justify premium pricing if necessary.
   - Regularly review production costs to optimize efficiency and reduce overhead in order to maintain pricing competitiveness without sacrificing quality.","Our primary insight is that a flexible pricing approach is crucial in this market. Additionally, understanding the competitor's moves can help us optimize our pricing strategy and increase sales. Lastly, it would be beneficial to focus on customer feedback to create innovative features or offers that enhance our product appeal.","- The market appears to have a tolerance for higher prices, up to 6.0, but prolonged periods of significantly higher pricing (above 6.5) may result in lost market share or customer dissatisfaction.
   - Differentiation and unique product features can potentially justify premium pricing, though this should be carefully considered to ensure value alignment with the customer's perceived benefit.
   - The need for price flexibility and strategic agility is critical in a competitive market environment to maximize sales while remaining profitable.
   - Customer feedback is integral in understanding both the competitive landscape and where opportunities exist for differentiated offerings or premium pricing strategies."
122,6.5,6.5,31.916776845385925,31.916776845385925,105.32536358977354,105.32536358977354,It's crucial to continue maintaining a slightly higher price compared to the competition while adapting quickly and strategically. This strategy seems to work well as long as we monitor and adjust based on rounds that don't work in our favor. Monitoring competitor price trends closely will help us stay competitive and maximize profits.,"```
   Monitor competitor's price more closely and adapt our price strategy accordingly
   Implement a dynamic pricing model that uses game theory and market analysis
   Increase market research efforts to stay informed about customer preferences
   Consider collaborative strategies with other competitors to jointly influence the market
   ```","Adopting a flexible pricing strategy is crucial in such situations, allowing us to capitalize on higher prices when the opportunity arises while minimizing losses during unfavorable rounds. Regularly reviewing competitor's price changes can provide valuable insights and allow for quick adaptations to stay competitive. Additionally, focusing on high-profitability rounds will contribute to overall sales growth.","```
   Competitor responds actively to price changes, but effectiveness is limited in terms of market share impact
   Customer preferences seem to favor lower pricing, though they are willing to pay a premium for superior quality when offered
   Market dynamics suggest that there's room for strategic collaboration among competing businesses to influence the market
   Game theory and dynamic pricing models can help capture more opportunities and respond adequately to market shifts
   ```"
123,6.0,5.5,28.77882840197299,53.765929821621654,80.58071952552437,123.66163858972979,"- Monitor sales trends and adjust pricing strategies accordingly
   - Regularly evaluate the market competition and consider price adjustments based on competitors' offerings
   - Implement a tiered pricing strategy for different product options/quantities
   - Conduct market research to identify customer segments with higher willingness-to-pay","```
- Analyze competitor pricing strategies to identify potential areas of improvement
- Investigate methods for enhancing products/services for a price increase
- Explore the option of introducing promotions or bundle offers to attract customers
```","- Higher prices generally lead to lower sales volume but increased profit margins per sale
   - Continuously monitoring and responding to market competition are crucial for maintaining market positioning
   - Tiered pricing may offer flexibility for customers with varying budgets while ensuring steady revenue stream
   - Conducting market research will help in better understanding customer preferences and price sensitivity
   - The chosen price should consider a balance between maximizing profit and attracting sufficient sales volume to sustain the business.","```
- Lowering product prices can result in increased sales volumes, although it might impact profit margins
- Maintaining competitive pricing is essential for staying relevant within the market
- Focusing on customer satisfaction and quality service can justify a slightly higher price point
```"
124,5.45,,,,,,"- Continue monitoring competitors' pricing strategies for potential opportunities to take advantage of any pricing inconsistencies.
   - Consider implementing a dynamic pricing strategy that adjusts prices based on factors such as demand and competitor actions.","- Analyze the historical sales and pricing data to identify patterns and trends.
   - Monitor the competitor's price changes and adapt our own pricing accordingly.
   - Use machine learning algorithms to predict optimal pricing based on the data provided.
   - Test higher prices during periods of lower competition or increased demand for the product.","- The higher price competitor generates less revenue than the lower price competitor due to lower quantities sold, but still manages to turn a profit.
   - Both competitors have successfully adjusted their prices over multiple pricing rounds, suggesting an awareness of and responsiveness to market conditions.","- Higher prices tend to lead to lower sales, suggesting a price sensitivity in the market.
  - Aggressive pricing strategies can be effective in capturing market share but may limit profit margins.
  - Identifying and capitalizing on competitor pricing mistakes can result in increased sales.
  - It is crucial to maintain a balance between setting competitive prices and maximizing profits."
125,5.0,4.9,43.347795379232785,49.11948727783495,78.026031682619,83.50312837231942,"Identify price segments that are more popular among customers. Consider adjusting prices within these segments to match competitor's lower prices, while maintaining a premium for higher priced items where volume is consistently lower.","Consider implementing more dynamic pricing strategies that allow for quicker responses to market changes, and continuously analyze competitor moves to gain a competitive advantage.","Customers gravitate towards the 5-6 price range. Lowering prices in this segment may increase sales and market share. It is crucial to maintain our image of offering high-quality products, as reducing all prices might dilute that perception.","Understand that your competitor seems to be reacting faster to pricing changes, potentially impacting the sales balance in their favor. Implement measures to reduce any lag in your pricing decisions and stay more responsive to market shifts."
126,5.75,6.5,54.48543329036669,21.336802248430978,138.93785489043506,70.41144741982222,"For our pricing strategy moving forward, we should focus on finding a competitive but profitable price range between 5 and 7. Regularly monitoring sales data to identify trends and adjust the price accordingly will be essential. Additionally, testing slight variations within this range can help us optimize profits even further.",No plan found.,"The provided data reveals that consumers are more likely to purchase our product at lower prices but higher quantities when compared to higher-priced items with fewer sales. This supports the notion of value perception being a key factor in consumer decisions, as buyers seem to associate lower prices with better value. This finding can inform our marketing and promotions strategies going forward by emphasizing our competitive pricing in a persuasive manner. Adjusting our price strategy will ensure an optimal balance between maximizing revenue and increasing sales volume.",No insight found.
127,5.98,7.0,53.44774478478703,14.93495507446372,148.58473050170795,56.75282928296213,"We will explore a range of pricing strategies aimed at optimizing sales volume and revenue:
   - Lower prices to match or slightly undercut closest competitors where possible
   - Implement dynamic pricing to adapt to market trends, competitor actions, and demand fluctuations
   - Promote bundle deals to drive sales","In the upcoming pricing rounds, I suggest considering small, gradual increases and keeping an eye on the competitor's movements. We should maintain our competitive edge without sacrificing profit margins too much.","Key insights from this analysis include:
   - Our high price point is deterring some potential customers
   - The competitive pricing landscape varies across product categories
   - Dynamic pricing and promotions can help improve our market position
   - Maintaining profit margins while adapting prices is crucial to our success","Observed that significant price jumps can cause a temporary drop in sales, particularly when they significantly exceed those of the competition. A gradual approach to increasing prices may better preserve market share and ensure steady profits. It is also essential to stay aware and adapt quickly to any drastic changes in the competitor's pricing strategy."
128,7.5,7.5,16.792394901497847,16.792394901497847,72.20729807644074,72.20729807644074,"- Maintain our competitive pricing strategy
   - Monitor market response to any price changes by the competitor
   - Optimize inventory management based on sales patterns and forecasts
   - Explore opportunities to enhance the perceived value of our product","To maximize profits, consider utilizing flexibile pricing strategies that aim to capitalize on instances where higher prices are advantageous due to our competitive edge, while also being competitive when necessary to drive sales. Monitor market trends and adjust accordingly.","- Competitor tends towards lower prices, but their offering is less differentiated from ours
   - Our customer base is willing to pay a premium for quality or unique selling points
   - It's essential to be aware of pricing strategies changes by the competitor and adjust inventory management accordingly","- Higher prices can result in better profit margins when we have a competitive advantage (e.g., Round 49 and 33)
   - Lower prices can lead to increased sales when facing limited production competition (e.g., Round 32)
   - Flexible pricing strategies allow for capitalizing on market trends and adjusting accordingly to maximize profits (e.g., Round 51 and 30)"
129,6.87,6.25,20.120415842567517,43.67321622353408,73.84192614222279,133.20330948177892,Adjust pricing strategy to remain cost-competitive without compromising on quality. Develop new strategies to clearly communicate our product's superior quality to potential customers. Collaborate with influencers and market leaders in the industry that can further emphasize our brand value and differentiation.,Maintain a dynamic pricing strategy that takes into account our competition's pricing while focusing on maximizing sales quantity and profits. Regularly monitor price changes in the market to ensure competitiveness.,"1. Customers are often price-conscious but also recognize the value in paying more for a product with superior quality. By striking the right balance between cost and quality, we can attract a loyal customer base.
2. Market leaders and influential figures in our industry hold significant sway over consumer opinions. By allying ourselves with such entities, we can capitalize on their credibility to increase brand awareness and appeal.
3. Adopting data-driven strategies for pricing and marketing can help us stay ahead of the competition and adapt quickly to market demands.","Lowering prices can lead to increased sales and overall profitability, but it is important not to undercut competitors too significantly to maintain brand value. Keep an eye on market trends to determine what approach offers the best long-term returns."
130,5.75,6.82,58.60811316185101,15.384694273650075,149.45068856272007,55.69259327061327,"- Monitor competitor pricing closely to identify trends and opportunities
   - Develop strategies to respond effectively to price changes by our competitor
   - Maintain high-quality products to justify premium pricing in certain markets
   - Utilize dynamic pricing when necessary to remain competitive","In order to maximize profits while maintaining market viability, we could consider implementing a dynamic pricing strategy that takes into account both the competition's price and our costs. Lowering prices slightly to be more competitive would increase sales volume, but with the goal of targeting specific periods or markets where demand is high, such as seasons, events or promotions.","- Our competitor appears to prioritize profit maximization over market share acquisition
   - They adjust their prices based on perceived demand
   - Our market positions and product quality offer opportunities for differentiation
   - Dynamic pricing may be needed to remain competitive in certain markets","- A dynamic pricing approach may help improve overall market share and profitability by taking advantage of fluctuations in demand within the market.
 - Regularly monitoring competitor pricing and adjusting ours accordingly remains essential in a competitive landscape.
 - Prior research should be conducted to identify potential periods or markets that present opportunities for higher profits, such as events, promotions, or seasonal changes."
131,6.98,6.45,19.982549373626043,38.758859478032456,75.53403663230645,125.96629330360548,"- Monitor the competitor's price and promotions closely to respond effectively
   - Develop a system for tracking sales volumes, adjust pricing accordingly based on market demand
   - Investigate the possibility of launching counter-promotions to retain market share during competitor promotions
   - Continuously evaluate the ROI of each promotion strategy and optimize as needed","- Develop a marketing strategy to emphasize our product's unique features and higher quality compared to lower-priced competitors.
   - Offer bundle deals or promotions to drive up the perceived value of our product at certain price points (e.g., above $6.0).
   - Conduct market research on customer preferences regarding specific features, which will allow us to tailor our offerings and pricing accordingly.","- A dynamic pricing strategy, with a slight price premium, can help maintain profitability while remaining competitive
   - Promotions play a substantial role in driving sales but may negatively impact profitability if overused or optimized incorrectly
   - To maximize revenue and market share, it's essential to anticipate competitor moves and react swiftly when needed
   - Keeping detailed records of pricing decisions and their outcomes can help identify patterns that lead to better pricing strategies in the future.","- The optimal pricing strategy may lie in targeting the sweet spot around $6.0, where we can compete effectively with similar products while appealing to volume buyers.
   - To differentiate ourselves from competitors, focusing on high-quality and unique features could attract customers willing to pay a premium.
   - As competition intensity increases at higher price points, it may be challenging to maintain profitability without adjusting our pricing or offering additional values (e.g., warranties, financing options)."
132,7.0,6.82,22.886842221383123,28.661712415737146,86.97000044125586,103.75539894496848,"Consider implementing a more aggressive pricing strategy in rounds where the competitor lowers their prices significantly to maintain market share. Also, keep monitoring competitors' moves and adjust prices accordingly. However, be cautious not to drop prices too much as it may hurt profits in the long run.","- Maintain a competitive pricing structure while aiming to stay slightly above the competitor price for maximum profit
   - Monitor sales quantity and profit for different pricing options to optimize decision-making process
   - Continuously analyze the market conditions to adjust pricing strategy accordingly","- Competitors are closely watching each other and adjusting their pricing strategies based on market demand and competitor actions.
- Sellers can take advantage of this behavior by being more agile with price changes and maintaining a slight price advantage.
- Monitoring the competition's moves is essential in making informed decisions about pricing strategy.","- Optimal pricing seems to be around 6.5, but it is essential to find the right moment to shift to this price range to maximize profit
   - A competitive edge is crucial in maintaining sales and profitability
   - Keep track of competitor pricing strategies for informed decision-making and profit optimization"
133,6.25,5.0,15.152060854942828,72.28643949586815,46.21378560757562,130.11559109256265,"- Develop strategies to improve our brand awareness to command higher prices
   - Monitor competitor's price movements and adjust prices accordingly
   - Investigate potential niche markets with higher profit margins
   - Optimize inventory management to avoid stockouts or excess inventory that could result in price discounting","- Analyze operational costs to determine the minimum acceptable price that ensures profitability
   - Test lowering prices in select market segments to assess its effect on sales volume
   - Investigate potential cost-saving measures to minimize price increases' impact on overall profitability","- Price sensitivity among customers, requiring careful pricing strategy adjustments
   - Stronger brand can command higher prices despite competitor offerings
   - Niche market opportunities with potential to increase profit margins
   - Maintaining efficient inventory management crucial to prevent price discounting due to excess inventory or stockouts","- Lower prices often lead to increased sales volume, despite minor impacts on profit margins
   - It's essential to establish a competitive pricing strategy that appeals to a broader customer base while maximizing profitability
   - Continuously monitoring the market and measuring the results of pricing adjustments will help create an effective pricing strategy over the long term."
134,6.0,5.0,19.619870436465018,68.48007660422945,54.935637222102045,123.264137887613,"```markdown
1. Maintain a balanced pricing strategy, considering both competitor's price and product value
2. Regularly monitor market trends and adjust pricing accordingly
3. Implement promotional offers to attract more sales when necessary
4. Improve marketing efforts to communicate the unique value propositions of our products
```","- Conduct a deeper analysis of customer buying behavior and market trends to inform pricing decisions.
   - Monitor competitor prices more closely and adapt pricing strategy accordingly.
   - Consider offering promotions or discounts during periods of increased competition to remain price competitive while maintaining profit margins.","```markdown
1. Aggressive competitive pricing can potentially lead to a loss of market share
2. Occasional price increases combined with promotions result in increased sales
3. Regularly monitoring and adjusting prices as needed is crucial for maintaining competitiveness
4. Improving marketing efforts to differentiate from competitors may be essential
```","- Establishing a flexible pricing model allows for quick adjustments based on market conditions, helping to maintain price competitiveness and meet customer expectations.
   - Continuously collecting and analyzing data on sales volume, average transaction value, and competitor prices can provide valuable insights that feed into long-term pricing strategy decisions.
   - Communicating transparency around pricing to customers helps foster trust and encourages loyalty in the face of competition."
135,6.02,6.25,42.158131705214494,31.624356178828457,118.88593140870485,96.45428634542678,"To maximize sales, consider pricing strategies that align with market demand and competition. Flexible pricing should be applied when necessary to gain an edge over competitors or when demand is high. Keep a close eye on market trends and competitor's reactions to pricing adjustments.",It is essential to pay attention to market dynamics and continuously adjust pricing strategy according to competitor moves. Maintaining competitive pricing while maximizing profit is an ongoing challenge that demands constant monitoring.,It appears that lowering the price can lead to increased sales in situations where competition is less attractive. It is essential to have a flexible pricing strategy that allows us to adapt to changing market demands and competitor actions. Maintaining high profits in some cases by holding onto a higher price may not always be beneficial due to decreased units sold and market share decrease.,"Observe the competitor's pricing closely, but be mindful of any product differences or unique value proposition to justify a higher price when necessary. Balancing these factors will help you maintain a competitive edge while still maximizing profit potential."
136,5.6,6.0,50.64803910556543,30.71958857184983,121.55529385335701,86.01484800117952,"Analyze potential customer segments and their perceived value of the product to determine optimal pricing strategy. Look into implementing a dynamic pricing model with frequent price adjustments based on market demand, competitor prices, and seasonal trends.","To maintain our quality image and competitive advantage, we can consider increasing our marketing efforts to highlight the benefits of our product compared to the competitor's lower-quality alternative. We should also monitor the market demand for lower prices and adjust ours accordingly, balancing profitability and market share.","The data suggests that a competitive price may lead to increased sales volume, as evidenced by the highest quantity sold at the lowest average price compared to competitors. It is essential to consistently monitor market trends and competitor strategies to adjust pricing in real-time as needed for maximum profitability.","The competitor is employing a low-price strategy to increase market share, suggesting a focus on cost leadership as part of their business model. Our premium product differentiation can be used to position ourselves favorably in the eyes of customers who value quality."
137,6.0,6.0,38.36517311905507,38.36517311905507,107.4224847333542,107.4224847333542,"Analyze competition more closely, focusing on pricing strategies that generate the highest volume of sales at a stable profit margin. Investigate possible strategies for capitalizing on lower and higher-end niche markets, while maintaining our current market share. Review product cost analysis to ensure profitable margin regardless of chosen price point in future rounds.","* Maintain competitive pricing while watching for opportunities to raise prices without significantly impacting sales volume
   * Monitor competitor's strategies closely to respond effectively and capitalize on their missteps (e.g., round 58 where the competitor's price dropped drastically)
   * Focus on providing excellent customer service to retain existing customers and attract new ones, leveraging positive word of mouth to drive sales","The mid-range (5.0 - 6.25) seems to be the most successful price category, with frequent sales and reasonable profit margins. However, a more thorough exploration of both lower and higher price points within our product range should be conducted to uncover potential niche market opportunities. The competitor's pricing strategy appears flexible and responsive given their wide-ranging price offers.","* Lower prices generally correlate with higher sales volumes
   * Profit margins can still be substantial at higher price points (e.g., round 39 with a price of 6.25 and round 43 with a price of 6.35)
   * Customers appear to be sensitive to significant changes in pricing, as demonstrated by the drop in sales following the competitor's low price point in round 58
   * Providing excellent customer service is crucial for maintaining a competitive advantage and attracting new customers"
138,6.0,6.2,41.92289516096977,32.64958357998367,117.38410645071535,97.94875073995101,"- Price the product competitively or slightly lower than the competitor to capitalize on higher market demand.
   - Experiment with pricing above the competitor, but avoid extremes that make it appear overpriced relative to its perceived value.","- Continuously monitor market trends and adjust prices accordingly
  - Stay informed about competitor pricing strategies and react promptly
  - Explore potential partnerships or alliances with other businesses to reduce costs and increase access to resources
  - Implement an effective marketing campaign aimed at increasing brand awareness and appealing to our target demographic","- Consumers exhibit a preference for our product over the competitor when priced similarly.
   - A higher price doesn't necessarily correlate with increased sales volume, especially if there are similar products available at lower prices.","- Competitor pricing strategies play a significant role in market positioning and sales volume
  - It is essential to strike a balance between being competitive and maximizing profits
  - The product seems to have consistent demand, but varying profit margins depending on competitors' prices
  - Exploring partnerships or alliances could provide valuable opportunities for cost reduction and resource expansion"
139,5.0,5.3,53.73272589824353,36.929926430076826,96.71890661683834,77.55284550316132,"Maintain a competitive pricing strategy, taking advantage of the moments when our competitor has high prices (such as Rounds 58 and 62) by raising ours slightly to maximize profits while still ensuring our product is perceived as better value compared to theirs. Additionally, it might be beneficial to analyze customer feedback and satisfaction rates to further refine our pricing strategy and improve the quality of our product if possible.","- Continue monitoring and analyzing price points and their effect on sales quantities.
   - Consider offering promotions or discounts to increase sales when prices are high.
   - Assess competitor strategies to develop unique selling points or differentiation strategies.","Our wider appeal and slightly lower pricing have resulted in consistently higher quantities sold compared to the competitor. However, we must consider that higher quantities don't always lead to greater profits due to lower individual profit margins (as seen in Rounds 41-43). It would be advantageous to analyze more market trends, customer feedback, and potential improvements to our product to optimize pricing strategy and increase overall profits.","- Price sensitivity is present, as higher price points result in lower quantities sold.
   - Demand seems to be impacted by factors beyond just price (e.g., promotion effectiveness, product quality).
   - The competitor's pricing strategy does not seem to have a consistent advantage, suggesting room for strategic maneuvering."
140,6.25,5.0,15.152060854942828,72.28643949586815,46.21378560757562,130.11559109256265,"Explore pricing strategies at and around the $6.0 mark, while considering competitive pricing at $5.3.","1. Continue monitoring competitor prices closely and adjust pricing strategy accordingly.
  2. Maintain a competitive price point while also considering potential profit margins.
  3. Explore opportunities to differentiate the product to justify higher pricing in certain markets or segments.","Higher prices tend to reduce the quantity sold, but there may be room for success with prices between $6.0 and $6.5. Competitive pricing at $5.3 should also be considered.","- Pricing can have a significant impact on market share and profits. A careful balance must be maintained between competitive pricing and maximizing profits.
  - Consumers are sensitive to price changes, so it's essential to use price adjustments strategically and only when necessary.
  - Differentiating the product through unique selling propositions or added value can justify higher pricing in certain situations."
141,5.9,5.7,35.46996296954212,45.54433398186508,95.76890001776373,113.86083495466269,"Given the market sensitivity to prices and the observation that sales drop significantly above 6.0, it would be strategic to adjust our price slightly below this threshold, around 5.9 or 5.8, while monitoring for any fluctuations.","- Observe market competition prices
   - Determine optimal pricing based on the observed competitors' prices and our unit cost
   - Test a few price points (slightly lower than competitor prices) to gauge customer response and sales volume","The data suggests a delicate balance between pricing strategy and quantities sold. Lower prices may lead to increased sales but may also decrease profit margins. It is essential to find an optimal price where the demand remains high enough to maximize sales, while keeping prices competitive in the market.","- Lower product prices result in higher quantity sold (Rounds 65-61 and 58)
   - Higher product prices have a negative impact on quantity sold (Round 49)
   - It is crucial to stay competitive with pricing while considering our unit cost as well"
142,5.7,6.5,56.030524416896114,20.6124780110306,140.0763110422403,68.02117743640098,"- Monitor customer demand and market trends
  - Analyze competitor pricing changes
  - Adjust our pricing strategy accordingly to remain competitive while maximizing profits",Focus on maintaining a competitive price around the sweet spot of 6 dollars while offering promotions or discounts to entice customers towards our product compared to competitors. Implement regular market research to keep up with changes in consumer trends and competitor actions.,"- Initial pricing at around 6 dollars was high in comparison to competitors, but this price may have deterred some potential buyers
  - Pricing adjustments over time helped maintain a more competitive position in the market","Price elasticity of demand is evident in the given data as a decrease in price leads to an increase in quantity demanded. The highest profit margin occurs when priced at 7 dollars, but market saturation and less units sold may not be worth pursuing this strategy. Identifying and targeting the key customer demographic that responds most favorably to our product can help optimize sales and profit potential."
143,5.0,5.7,62.86793604445428,26.207254792510508,113.1622848800177,65.51813698127627,"In order to capture a larger market share and maintain competitive edge, it is essential to keep pricing lower than that of competitors while focusing on maintaining product quality and effective marketing strategies.","- Continue observing competitor's pricing strategy and adjust our own accordingly to maximize profit but also maintain sales volume.
   - Expand market research to further understand market segments and their sensitivity towards price variations.
   - Consider offering promotional deals or discounts if the competitive landscape is very fierce.","- Lower prices result in higher sales quantity.
- The product has a competitive edge when priced below the competition.
- When pricing similar or above the competitor, we see a significant decrease in sales volume.","- Customers are sensitive to price variations but willing to buy at a premium when no cheaper alternative is available (when competitor absent).
   - There appears to be an optimal price range that maximizes profit while maintaining an acceptable sales volume."
144,5.3,,,,,,Maintain a pricing strategy that is slightly less than the competitor's price while maximizing profit as much as possible in certain rounds. Continue to monitor sales and adjust prices accordingly.,"Consider testing prices between $5.30 and $6.00 to find the optimal balance of sales volume and profit. Additionally, explore pricing strategies like lower prices ($0.10 in Round 58) to tap into new markets and increase overall sales quantity.","We observed that a higher pricing strategy was not effective when the competitor lowered their prices; by matching their lower prices, we saw an increase in sales compared to rounds where our prices were significantly higher than theirs. Price competitiveness appears to be important for attracting customers.","Higher prices lead to fewer sales on average but tend to generate higher profits per unit. Lower prices can result in larger sales quantities but may not always yield as much profit per unit. Optimal pricing strategy appears to be a balance between the two, requiring further experimentation with various price points."
145,5.0,5.4,56.17016314080711,34.06892610595999,101.1062936534528,74.95163743311198,Price adjustments should aim at maintaining profitability while optimizing quantity sold. Analyze the competitor's pricing strategy to find optimal price points. Explore potential discounts or promotions that might attract customers while sustaining profit margins. Continuously monitor market trends and respond accordingly.,Revise pricing strategy to capitalize on opportunities when the competitor lowers their prices and to hold our ground during periods of high competition. Anticipate the competitor's moves and react accordingly.,"Price sensitivity exists in this market, with customers tending to prefer prices around $5.0 or lower. However, maintaining unsustainable low prices can lead to decreased profitability and potential loss over time. It is important to evaluate the competitor's pricing strategy and explore discounts or promotions that balance price competitiveness with profitability maintenance.",Being aware of competitor price fluctuations is crucial in determining our pricing strategy. Leveraging market analysis to predict these fluctuations can help us optimize profits and maintain a competitively positioned product. Keep tracking the competitor's pricing rounds to identify patterns and opportunities for improvement.
146,5.2,5.0,39.88583752995175,51.21442915433586,79.7716750599035,92.18597247780454,"To effectively compete, I should consider dynamic pricing strategies like the competitors. This will allow me to adjust my pricing according to market demand and competitor actions. Additionally, conducting market research on customer preferences and perceptions towards quality could inform whether a premium price is sustainable or if a lower price with value-added features would be beneficial.",Maintain a flexible pricing strategy to capitalize on fluctuations in demand. Observe the customer's response to different price points and adjust accordingly. Keep an eye on high-demand price ranges ($5-$6) to ensure the product is available when desired by consumers.,"It's essential to pay attention to the overall pricing trends of competitors and adjust our strategy accordingly. A lower price may attract more customers, but it is crucial to ensure that our quality does not suffer as a result. Continuously monitoring and adapting price strategies based on market conditions could help maximize profits whilst remaining competitive in the industry.","Demand for this product is sensitive to pricing changes, with a noticeable increase in sales as the price decreases. However, it's important to strike a balance between low prices and profitability. Further investigation is needed on customer preferences and their willingness to buy at lower prices over the long term."
147,5.3,5.0,36.929926430076826,53.73272589824353,77.55284550316132,96.71890661683834,"Consider a flexible pricing strategy that adapts to the competitor's price while monitoring market demand. Maintain an initial low price to attract customers, but be prepared to raise the price when demand suggests higher revenues could be generated at a premium. Ensure frequent monitoring of competitor prices and market trends for timely adjustments.","We should focus on maintaining a flexible pricing strategy that is responsive to changes in the competitor's pricing. When they raise their prices, we can seize the opportunity to capture more market share by lowering our prices. Conversely, when they drop their prices, we must be prepared to adjust ours accordingly to protect our revenue.","- The competitive landscape is intense with aggressive pricing strategies employed by both competitors.
- High sensitivity to demand fluctuations, as shown by frequent changes in both prices.
- Market responsiveness to price changes suggests a potential for profit maximization through dynamic pricing adjustments.
- Potential existence of different customer groups with varying price sensitivities, as shown by sometimes conflicting market reactions to identical pricing.","Insights gained from this analysis suggest that a flexible pricing strategy may help us stay ahead of the competition in an ever-changing market landscape. As the competitor's pricing strategies evolve, so should our own in order to maximize profitability."
148,5.35,5.25,41.62686441532396,47.16941701824681,89.49775849294649,96.69730488740595,"Maintain a price point between $5.00 and $6.00 USD, adjusting slightly based on competitor pricing in order to maximize sales while maintaining profitability.","* Analyze competitor pricing strategies and adapt accordingly
* Experiment with different price points to find a balance between quantity sold and profit made","The market responded favorably to prices closer to $5.35 USD, suggesting a potential price increase may generate increased revenue. However, it is important to monitor competitor pricing and adjust accordingly to remain competitive in the market. Additionally, understanding customer demand across different price points will provide valuable insights for future product offerings.","* Competitors' prices have an impact on our sales volume and profit
* Lower prices can lead to more sales but lower profits per unit, while higher prices result in less volume and potentially higher profits
* Strategic pricing is crucial for maximizing both sales and profit"
149,5.0,5.0,46.00294354493428,46.00294354493428,82.8052983808817,82.8052983808817,"- Keep an eye on the competition's prices and quantities sold to make informed decisions about my own pricing strategy.
   - Experiment with slightly lower or higher prices when I see openings, but beware of becoming too far out of alignment with the market.
   - Continuously monitor competitor's price changes and consider adjusting my own price accordingly to gain a competitive advantage.","- Maintain or slightly decrease pricing to capitalize on competitive advantage
   - Continue monitoring sales volume and average transaction value to measure pricing effectiveness
   - Analyze potential impact of lower prices on profit margin","- The optimal pricing strategy might revolve around trying to stay competitive while also adapting dynamically to the market shifts and my competitors' responses.
   - Collaborating or communicating with other sellers may not be possible given our unknown relationship, but understanding their behavior can still help inform my own decision-making process.
   - Keeping an eye on the big picture (e.g., long-term profits, customer satisfaction, and loyalty) is crucial when making short-term pricing decisions.","- Lower prices may lead to increased sales volume but lower overall profit during initial stages
   - Competitor seems more price sensitive, potentially influencing their own price adjustments in response to the agent's pricing changes
   - It is crucial to continuously monitor both sales quantity and average transaction value while making future pricing decisions"
150,5.0,5.7,62.86793604445428,26.207254792510508,113.1622848800177,65.51813698127627,"To maximize sales while maintaining profitability, we should consider adjusting our prices dynamically in response to the competitor's moves, taking into account market trends and overall demand. A key focus should be on identifying opportunities for higher pricing without losing significant market share.",Monitor competitor pricing strategies closely to anticipate changes in market dynamics. Adjust our pricing accordingly but ensure our profit margin is maintained. Consider offering promotions or discounts at certain price points that align with customer purchasing trends.,"Competitor tends to mirror our price movements, but struggles with finding the optimal balance between attractive pricing and ensuring profitability. This presents an opportunity for us to capitalize on periods where they raise their prices excessively or lower them too much. Our sales performance indicates that we can potentially hold a stronger position in the market by setting higher prices while still maintaining competitiveness.","Competitor often reduces prices to attract customers, indicating sensitivity to price fluctuations. There are also certain price points where the customer seems less likely to purchase, which suggests a specific pricing threshold. These insights can help inform future pricing decisions and promotional strategies."
151,5.3,60.0,79.81867777396214,1.6114592552626677e-28,167.61922332532046,9.153088569891953e-27,"To maintain and possibly increase market share, consider implementing a strategy that involves matching the competitor’s price when they reduce their prices and raising our own when they don't adjust or increase their prices significantly. This will ensure we can compete effectively while avoiding prolonged pricing wars.","- Maintain competitive pricing strategy while monitoring competitor moves
   - Continuously analyze performance at different price points to optimize profits
   - Consider offering volume discounts or promotions to attract higher quantities","Maintaining a higher average price point relative to competitors was initially effective in generating profit, but the competitor’s attempts at catching up could indicate market saturation or growing customer demand for lower prices. Continuously monitor both pricing trends and market conditions to make informed decisions going forward.","- Competitors struggle with high pricing, particularly over $70, indicating a potential sweet spot between $50-$70
   - Higher quantities of sales tend to occur when my prices are lower than the competitor's, but not excessively so as to compromise profitability"
152,5.98,5.0,20.01712886872345,68.14163116976135,55.6476182550512,122.65493610557043,"- Monitor and adjust pricing strategy based on competitor actions
   - Investigate potential promotions or discounts to increase demand during price hikes
   - Review sales data periodically to analyze the impact of pricing changes",Consider implementing dynamic pricing strategies to stay competitive and capitalize on price-sensitivity by lowering prices strategically in response to competitor movements or market shifts. Monitor trends in consumer behavior closely when adjusting prices.,"- Lower prices tend to drive higher sales volumes with our competitor
   - There is an opportunity to explore dynamic pricing strategies based on competitor actions and market conditions
   - It may be worth considering additional marketing efforts during price increases to maintain demand","Understanding and adapting to consumer sensitivity towards price seems crucial; setting prices too low could risk underestimating customer value, while setting prices too high could limit potential sales. Analyzing the impact of different pricing tiers could help determine optimal price points, thus maximizing sales volume and revenue. Continuously studying competitors' strategies and market conditions will strengthen our position."
153,6.0,6.0,38.36517311905507,38.36517311905507,107.4224847333542,107.4224847333542,Maintain a price slightly higher than the competition to take advantage of loyal customers while minimizing cannibalization. Monitor the competitive landscape closely to adjust pricing based on changes in competitor strategies or market conditions.,"- Maintain a dynamic pricing strategy by regularly monitoring and adjusting our prices based on competitor actions
- Continually analyze market trends, customer behavior, and profit margins to optimize our pricing
- Explore the possibility of premium pricing strategies to maintain profitability during periods of high demand or low competition
- Implement a reactive pricing approach in response to abrupt changes in the market","Customers are willing to pay premium prices for our product, but price elasticity is relatively high given the observed sensitivity to competitor pricing. Our high-priced strategy may work well to generate profits; however, it may limit overall sales volume if there's considerable competition with lower prices. Loyal customers play a critical role in maintaining steady revenue streams despite higher costs.","- Pricing should be dynamic and responsive to maintain competitiveness and profitability
- Premium pricing strategies can be beneficial when market conditions are favorable
- Reactive pricing adjustments may prove useful in unpredictable market circumstances
- Regular analysis of market trends, competitor actions, and customer behavior is crucial for informed pricing decisions"
154,5.3,5.2,41.91135829338876,47.491790816082926,88.01385241611638,94.98358163216585,"- Implement periodic price adjustments based on sales volume and profit margin (keeping in mind that occasional low pricing might yield higher overall sales)
- Monitor competitor 2's pricing strategy more closely to identify opportunities to undercut or match their prices strategically
- Consider running promotions or discounts to increase the attractiveness of our products for potential customers",Consider adjusting our pricing strategy to better compete with the competitor's dynamic approach. We can implement a price tracking system to keep abreast of their changes and set competitive prices accordingly.,"- It appears that Competitor 2 occasionally employs high pricing as a strategy, which leads to low or zero sales quantities. This could present an opportunity for us to capture market share when they raise their prices significantly.
- Our lower pricing often results in higher sales volumes compared to Competitor 2's prices, but the profit per sale is generally smaller when we set a lower price. Striking a balance between volume and margin is crucial to long-term business success.
- Pricing is not the only factor influencing consumer behavior in this market, as there seem to be rounds where both competitors did not offer any products. Understanding other motivations guiding customer decisions may further improve our competitive advantage.","Our sales performance suggests a loyal customer base sensitive to perceived value. Lower prices may attract additional customers, but we must maintain quality to avoid damaging our brand image and profit margins."
155,6.0,6.0,38.36517311905507,38.36517311905507,107.4224847333542,107.4224847333542,"- Continue monitoring competitor's pricing strategy and adjust accordingly.
- Emphasize unique selling points when setting a higher price.
- Regularly analyze profit margins at various price points to ensure optimal profits.",Analyze the effect of pricing on customer demand and adjust prices accordingly within a competitive range. Monitor changes in the competitor's strategies closely.,"- The product is competitive at prices around $5-$6, but could potentially generate more profit if priced above the competition in some cases.
- It is important to consider the unique selling points when pricing above the competition.
- Regularly monitor competitor's pricing strategy and adjust accordingly to stay competitive.","Initial high-price, high-risk strategy may not be effective due to market competition and lower quantity sold. Adjusting price range based on customer demand fluctuations might lead to increased sales while remaining competitive."
156,6.0,6.0,38.36517311905507,38.36517311905507,107.4224847333542,107.4224847333542,Analyze consumer behavior more closely to determine the optimal price range and pricing strategies that effectively balance profitability with attracting customers. Consider running targeted promotions at key price points to stimulate sales while maintaining a premium image.,"Based on the data provided, it seems that setting a higher price (above 6.0) can potentially generate higher profits per unit sold (e.g., Round 63, where a price of 7.0 yielded a profit of 24.84), but the number of units sold decreases significantly. On the other hand, setting a lower price (below 5.0) increases the number of units sold but with lower profits per unit (e.g., Round 59, where a price of 5.35 resulted in a profit of 142.7).
   A potential strategy could be to find an optimal balance between price and quantity sold, such as prices around 6.0, with slight adjustments based on competitor pricing and product demand.","We have observed consistent success with higher priced items ($6.00+) but may need to strike a better balance between profit and customer appeal towards the upper end of the pricing range. Additionally, it is essential to monitor competitor pricing strategies and respond accordingly, as they appear less likely to compete within our upper price points.","It's insightful to notice that setting a lower price (5.0) consistently increases the number of units sold, although profits per unit are usually low. Conversely, raising the price significantly above competition can lead to increased profits but with fewer units sold. One important insight is the need to be mindful of competitor pricing when determining our own prices – for instance, maintaining a higher price than the competitor in Rounds 58 and 62 resulted in extremely low sales and profits."
157,6.0,5.2,23.122389762214908,62.85317192117625,64.74269133420174,125.7063438423525,"* Consider conducting a deep-dive into factors outside of pricing, such as marketing strategies, product differentiation, and target audience, to better understand market dynamics.
* Analyze the impact of different competitors' prices on the product's sales and adjust pricing accordingly.
* Monitor price elasticity of demand to optimize pricing decisions.","Consider offering discounts or promotions during periods when the competition significantly reduces their pricing. Additionally, focus marketing efforts on emphasizing any unique features or advantageous aspects of the product compared to the competition.","* The relationship between price and quantity sold is not always straightforward, with instances where higher prices resulted in more units sold and vice versa. This suggests that other factors play a significant role in the market.
* The competitive landscape heavily impacts sales, with increased competition driving down the number of units sold even if the product's price is lower than competitors.
* To be successful in this market, it is crucial to have a strong understanding of the target audience and tailor strategies accordingly.","Based on observed price-quantity relationships, it seems that a premium pricing strategy may only be viable if the product can justify the increased cost through additional value or differentiation from the competition. Moreover, it's essential to remain vigilant and responsive when competitors adjust their pricing strategies, as dropping prices too frequently could damage brand reputation over time."
158,5.5,5.46,42.08889609345188,44.24683994141976,96.80446101493932,99.99785826760865,Revisit the pricing strategy to optimize profit without losing market share. Consider offering promotions to boost sales when necessary.,Investigate potential partnerships for joint promotions and price negotiations. Create a marketing campaign highlighting the quality and value of our offerings compared to competitors. Consider offering limited-time discounts on selected items/services.,"Prices above 6 dollars do not lead to significant increases in profit and may discourage potential customers. Lower prices can increase quantity sold, but should be carefully managed to maintain profit margins.","Competitor is willing to lower prices to attract customers, potentially affecting profitability. The market appears to be very price-sensitive, with discounted offers being popular among consumers. A balance must be struck between competitive pricing and maintaining product/service quality to retain customer loyalty."
159,5.98,5.5,29.293949912501066,53.37705687326612,81.43718075675297,122.76723080851207,"- Implement dynamic pricing based on competitor's strategies, adjusting our prices accordingly to maintain price advantage where possible.
   - Gather more data and analyze market trends to develop a more strategic long-term pricing approach.
   - Test different price points to determine the optimal balance between profitability and sales volumes.","* Continue to closely monitor competitors' pricing and sales strategies to remain competitive.
* Maintain a flexible pricing strategy, considering both sales volumes and profit margins when making decisions.
* Regularly analyze the impact of price changes on overall revenue to optimize long-term success.","- High prices may deter customers due to market saturation, while lower prices generate less profitability for the seller.
   - The competitor's pricing strategy seems inconsistent, offering an opportunity for us to capitalize on any noticeable vulnerabilities in their approach.
   - It is essential to build a strong relationship with our customers to encourage brand loyalty and justify higher prices when appropriate.","* Lower prices generally lead to higher sales volumes and increased market share.
* Periodically increasing prices (when warranted by the premium nature of the product) can drive up profit margins.
* Balancing volume and margin is crucial in maximizing overall revenue."
160,4.9,6.0,71.11391457208542,17.98041341649935,120.89365477254523,50.345157566198175,"- Maintain competitive price to stay relevant in the market
 - Continuously monitor competitor pricing to make adjustments as necessary
 - Investigate customer sentiment towards our competitive pricing strategy","* Consider implementing limited-time sales promotions to attract customers and boost sales.
* Explore the possibility of creating bundled offers that include our product and complementary items (e.g., accessories) to increase perceived value and potential profits.
* Monitor competitor pricing strategies and adjust our own price points accordingly, aiming to remain competitive while maximizing profit margins.","- Competitor prices fluctuate but mostly range from 5.0 to 6.0, highlighting a potential pricing opportunity
 - Customer perception of value is a crucial factor in pricing decisions
 - A price differential offers an advantage that can help us capture market share","* Lower prices can lead to increased sales but may not necessarily result in the highest profits (e.g., Round 61 with a price of 5.0 and 80.58 profits).
* Maintaining a relatively high price point (6.0) generally provides consistent, albeit lower volume, sales and decent profit margins (e.g., Round 72, 74, and 77 with prices of 6.0 and profits ranging from 54.94 to 123.26).
* It may be beneficial to strategically adjust the price based on the competition's pricing movements while focusing on other tactics (e.g., promotions or bundling) to gain a competitive edge."
161,100.0,5.98,5.72425884125814e-50,62.831618829536616,5.541082558337879e-48,174.6719003461118,"- Analyze data more closely to identify specific price points that lead to both high profit and reasonable quantity sold
   - Experiment with different price ranges in the next pricing round to test optimal price point hypothesis","- Continue monitoring and adjusting our pricing strategy to remain competitive yet profitable
   - Consider market research to better understand competitors' prices and customer preferences
   - Explore potential partnerships or negotiations with suppliers to reduce production costs","- Higher prices generally result in lower quantity sold, but may be profitable if the price is set correctly
   - Lower prices can lead to more sales, but profit per sale may not be as high at these price points
   - It's crucial to find a balance between a competitive price and reasonable profit margins without sacrificing quantity sold","- Prices between 5.0 and 6.2 seem to have the most success in terms of sales and profit
   - Being significantly more expensive than competitors can lead to lower sales, as demonstrated by the 7.0 price point
   - Offering discounts on certain products or during specific time periods may help increase sales while still maintaining a reasonable margin"
162,5.98,6.0,38.95802437299627,37.996147324024655,108.30330775692964,106.38921250726902,"In light of the competitive landscape, it would be wise to continue monitoring the competitor's pricing strategy while focusing on a pricing policy that maximizes sales volume while maintaining profit margins. Consider implementing dynamic pricing by adjusting our price based on fluctuations in supply and demand or market trends. Explore discounting strategies as well to attract customers during periods of slow sales.","- Analyze the impact of various pricing tiers on profitability and quantity sold.
   - Identify an optimal price point to maximize both profits and sales.
   - Investigate potential reasons for lower demand at higher prices.","Customers seem to be responsive when my prices are competitive with the market, although there is evidence that a lower price does not guarantee increased sales (rounds 74 and 78). Sales volume tends to increase when my pricing strategy adjusts in response to the competitor's actions (rounds 63, 82, 75). However, it is essential to maintain a balance between attracting customers and sustaining profit margins.","- Lowering the price can increase sales, but may not always result in greater profits.
   - Higher prices generate fewer sales but can still provide reasonable income.
   - Identifying the ideal balance between profits and sales is crucial to long-term success."
163,5.98,5.6,31.254204063029793,50.25720386446982,86.88668729522283,120.61728927472755,"- Analyze the factors influencing the product's sales.
   - Investigate the correlation between the price and quantity sold.
   - Identify potential outliers that could mislead the findings.","- Monitor competitor pricing strategies closely
   - Aim for a competitive, yet profitable price point (below $6)
   - Adjust pricing accordingly based on observed trends","- Lower prices tend to result in higher sales, but the relationship is not absolute.
   - Volatility in sales figures suggests a complex and dynamic market environment.","- Higher prices can result in some profit, but may not be sustainable due to increased competition
   - Lower prices (below $5.8) seem to be consistently profitable
   - Competitor pricing can have a significant impact on profits"
164,85.0,5.98,7.956843190317315e-42,62.831618829536616,6.508697729679563e-40,174.6719003461118,"For future pricing rounds, consider further adjusting the prices to capitalize on fluctuating market demand. When demand is high (e.g., low competitor prices), increase the price to maximize profit while still maintaining a competitive edge. Conversely, when demand is low (e.g., high competitor prices), lower the price to attract more customers and stay competitive.","As we can observe from the data, the seller tends to gain significant profit by setting a higher price than their competitors and still maintaining relatively stable unit sales. However, it is essential to be aware of market trends and customer sensitivity to price. We should continue with this pricing strategy but have a plan to adjust prices downward if necessary to remain competitive and retain customers when faced with new competitors or price shifts in the market.","Dynamic pricing appears effective in this context, as it allows for better adaption to changing market conditions. Adopting flexible strategies, such as dynamic pricing policies, can help increase overall profitability by maximizing sales during high demand and lowering prices when demand is low. Regularly monitoring competitor pricing and market conditions is crucial for fine-tuning a successful dynamic pricing strategy.","* Customers are sensitive to price changes and are more likely to purchase the good when its price is lower than its competitor's price but still higher than a certain threshold.
* The seller maintains greater profitability by setting a slightly higher price than their competitors while keeping unit sales relatively stable.
* Selling goods at much higher prices without selling any units indicates that there may be a ceiling for the acceptable price range within the market and customers' willingness to pay for the product."
165,6.0,6.0,38.36517311905507,38.36517311905507,107.4224847333542,107.4224847333542,"In future pricing rounds, consider keeping the price slightly above that of the competitor while maintaining a keen eye on cost effectiveness to ensure maximized profit margins. Continuously monitor sales and adjust prices accordingly based on market response.","- Analyze competition's pricing strategy more closely to better anticipate their moves.
   - Consider adjusting our prices based on competitor actions while ensuring profitability.
   - Investigate potential reasons behind the instances where neither we nor the competitor set a price.","By analyzing the sales data provided, it can be inferred that setting the price slightly above the competitor (between 5.0 and 6.2) increases both sales and profit margin, but significant price differences do not necessarily translate to substantial sales growth. It may be beneficial to adjust the prices based on market response to maximize sales and profits while still maintaining a competitive edge.","- The competitor appears to have a more aggressive pricing strategy, often setting lower prices than us. This might be driving more sales in some rounds, but at lower profit margins.
   - Despite the competitor’s sometimes lower prices, our product consistently sells well when we price it at around $6.00 (in hundreds).
   - There seems to be an opportunity for us to better understand and capitalize on situations where neither our company nor the competitor sets a price. However, this requires more research to fully grasp the underlying factors affecting pricing decisions in these rounds."
166,100.0,5.98,5.72425884125814e-50,62.831618829536616,5.541082558337879e-48,174.6719003461118,"```
   Focus on monitoring competitor prices and adjusting our selling price accordingly to stay competitive and maximize profit.
   Investigate factors contributing to the unsold periods and develop strategies to improve product demand and maintain market presence.
   Consider targeted marketing campaigns during slow periods to attract potential customers and stimulate sales.
   Continuously evaluate the pricing strategy, adjusting as necessary based on changing market conditions and competitor actions.
   ```","At this point, it appears that a pricing strategy somewhere between Competitor A and B's established prices could be beneficial, taking into account the market response to their respective price points. It could also be helpful to periodically test higher or lower price points within reason, as the competition seems open to experimentation with their pricing structure. Keep an eye on the sales volume and profit margins in relation to the chosen price, and adjust accordingly based on market response.","```
   Setting a price slightly higher than competitors can generate consistent profit but may not always be successful in achieving high quantities sold.
   Maintaining a moderate profit margin is important to sustain the business financially, but pricing too high may deter potential customers.
   Aggressively following competitor's move in changing prices may provide short-term gains but could potentially lead to pricing wars with little benefit for either party in the long run.
   It is essential to maintain a strong market presence and not withdraw from the market when sales are slow; instead, focus on demand generation efforts during these times.
   Monitoring key market indicators can aid in predicting selling price sensitivity and potential trends to prepare for adjustments in pricing strategy.
   ```","One notable insight is that Competitor B appears to have pursued a more aggressive pricing strategy over the course of these 100 rounds, with several instances where their prices were significantly higher than those of Competitor A. An additional insight could be that neither competitor has consistently maintained the same price throughout the simulation, indicating an awareness and willingness to respond to changes in the competitive landscape. Lastly, it seems that there are opportunities for either party to explore pricing points beyond the $5-$6 range in order to gain a competitive advantage, should one choose to do so carefully."
167,5.5,5.46,42.08889609345188,44.24683994141976,96.80446101493932,99.99785826760865,"- Adjust prices based on competitive landscape and cost differences
   - Monitor competitor's responses to price changes and adapt pricing strategy accordingly
   - Evaluate potential impact of price increases on sales quantity and revenue",It would be beneficial to start at a competitive lower price and gradually increase it based on sales and competitor's actions. Regularly monitor the competitor's prices and react accordingly to maintain a similar or slightly lower selling price.,"- Competitive market exists, with varying product costs and sale quantities
   - Lower priced products sell better, as demonstrated in rounds 72, 73, 83, and 92
   - Higher priced products (e.g., round 108) have a significantly lower quantity sold
   - Price adjustments may be required to capitalize on competitors' lower cost periods or respond to their price changes to maintain or capture market share","The high initial price (108.3) resulted in no sales, demonstrating the importance of pricing strategy in generating revenue. Sales quantity is directly related to price, with higher prices generally resulting in fewer sales. The seller should pay close attention to the competitor's price adjustments and act promptly to maintain a competitive edge."
168,5.5,5.0,31.31950557010255,58.51253967012006,72.03486281123585,105.3225714062161,"- Analyze competitor prices more closely to make informed decisions about our pricing strategy.
   - Implement a flexible pricing model that allows us to adapt to changing market conditions quickly.
   - Monitor sales volumes at various price points to establish ideal and least-effective pricing tiers.","- Observe and understand the impact of different pricing strategies on sales quantity and profit in various rounds.
   - Develop an adaptive pricing strategy that capitalizes on high-profit opportunities while mitigating risks associated with low-quantity, high-price scenarios.
   - Investigate competitor price adjustments to identify if such adjustments influence our pricing decisions significantly.","- Our product appears to be competitively priced compared to some competitors, given the quantity sold and profit earned.
   - Lowering the price may result in increased sales volumes but also lower profits, so careful consideration is needed when deciding whether to adjust our pricing strategy.
   - Higher prices may deter potential customers if they perceive the product as overpriced, which could lead to reduced sales volumes.","- Aggressive pricing (such as the $1.00 in Round 77) can result in no sales, even with a high product cost ($108.3). Conversely, more competitive price points appear to generate both significant sales and profits.
   - It is essential to maintain awareness of competitor pricing changes, particularly instances where they undercut our prices substantially (such as $4.5 in Round 75 compared to our $5.5).
   - Maintaining a balance between quantity and profit appears key to success in this market with fluctuating price points and competitive landscapes."
169,6.0,6.0,38.36517311905507,38.36517311905507,107.4224847333542,107.4224847333542,"- Maintain a competitive price close to the competitor's lowest price, while also trying out different price points around 6.0 to capitalize on the success we have seen at these prices.
   - Regularly monitor and stay updated on competitors' pricing strategies.
   - Consider offering promotions or discounts periodically to attract customers, but ensure these don't undermine our competitive position.",Adjust pricing more strategically based on competitor pricing and market trends. Consider a broader range of prices to attract different customer segments and maximize sales.,"- Our product's sales performance is strong when priced between 5.0 and 6.0, with the exact price point seemingly influencing the number of units sold in each round.
   - Consumers continue to purchase our product at higher prices as well, but prices much above our competitors' fail to attract any sales.
   - It's still uncertain whether offering promotions or discounts would be beneficial, as we have yet to test this strategy in our pricing rounds.","Prices need to be flexible and responsive to market conditions. Lower prices tend to increase the quantity sold but at a lower profit margin. Higher prices may result in no sales or limited sales. Competitor pricing can significantly impact sales, either by offering lower prices that attract customers or by not doing so."
170,6.0,5.0,19.619870436465018,68.48007660422945,54.935637222102045,123.264137887613,"- Continuously monitor the competitor's pricing strategies and adapt accordingly.
- Identify optimal price ranges that maximize profit with reasonable demand.
- Use temporary price increases to incentivize sales or test new price points, but only under specific conditions like low competition.",Identify competitors offering significantly lower prices and analyze their strategies to potentially compete more aggressively while still maintaining profitability. Consider running smaller volume sales at competitive pricing as a loss leader strategy. Adjust marketing messaging to emphasize unique selling points.,"- Higher prices do not always result in more sales or profits (e.g., round 77).
- Finding a balance between profit and demand is vital to long-term success (rounds 82, 53).
- Aggressive pricing can be beneficial when competition is low (round 94)","Competitor analysis is crucial, especially when faced with such large price differences. Identifying and understanding the strategies of lower-priced competitors can help us optimize our own pricing strategy. Additionally, it may be beneficial to analyze market trends and consumer behavior to determine if our current average price is consistent with expectations."
171,5.0,6.0,68.48007660422945,19.619870436465018,123.264137887613,54.935637222102045,"In order to increase sales volume while maintaining a reasonable profit margin, we should strategically adjust our pricing by aiming for the optimal price point identified in Rounds 72, 90-95 and 87 (as the highest price that did not significantly impact sales). Additionally, consider conducting market research to assess customer perceptions of quality and unique product features. Use this information to potentially differentiate our product from competitors, thereby justifying a higher price.",Maintain competitive pricing with the market to avoid price perception issues among consumers while attempting strategic deviations to capitalize on market opportunities or differentiate from competition sparingly.,"- When priced competitively, the quantity sold increases significantly (as seen in Rounds 72 and 90-95)
   - Lowering the price does not always lead to increased sales (e.g., Rounds 81 and 76)
   - There are instances where a higher price still leads to sales, suggesting customers may perceive the product as high quality or unique (Round 77)
   - Conduct market research to better understand customer perceptions of our product's quality and features","Our historical data suggests that maintaining a competitive pricing strategy is beneficial in keeping the product perceived as such in the eyes of consumers. However, strategically deviating from the competition can occasionally lead to market advantages."
172,1.0,5.7,99.60361012089088,0.2797660418613409,-219.12794226595994,0.6994151046533523,"It is crucial to monitor competitor's pricing strategies closely and anticipate changes to stay competitive. Consider reducing prices slightly on specific products where necessary, while still ensuring profitability.","To stay competitive with my pricing, I will try raising the price slightly in the next round, with a focus on maintaining profitability and sales volume. I'll also keep monitoring my competitor's prices to ensure that I am staying within a reasonable range compared to them.","The data suggests that the competitor targets a broader market segment and has an efficient supply chain allowing them more flexibility in pricing. It is essential to analyze my cost structure and identify opportunities for streamlining processes to remain competitive. Moreover, it would be insightful to explore different product positionings or value-added services to stand out from the competition.","By observing the data, it appears that the pricing strategy being employed by my competitor is more aggressive than mine, as evidenced by their lower average price and wider price range. This approach may be causing short-term increases in sales volume but might be contributing to lower overall profits due to decreased margins. To capitalize on this trend, I should consider increasing my own pricing when circumstances allow it while still focusing on maintaining profitability and sales volume stability."
173,6.0,5.0,19.619870436465018,68.48007660422945,54.935637222102045,123.264137887613,"Strategy 1: Maintain a competitive price relative to the rival company, but be attentive to the influence of price elasticity on sales volume.

   Strategy 2: Monitor price points and find the sweet spot where marginal sales growth is optimized without excessive discounting.","To optimize pricing strategies, we should consider tracking competitor prices more closely and adjusting our own accordingly. Additionally, understanding the market dynamics will help us identify opportunities to price higher when demand is high, or lower when demand drops. Building a strong brand image may also provide an advantage in setting higher prices without losing market share.","Insight 1: Customers are more responsive to promotions and discounts, making pricing a powerful tool to influence sales volume.

   Insight 2: A competitive price compared to the rival company is critical in attracting customers.","It has been observed that having a competitive pricing strategy is crucial in maintaining and expanding market presence. By monitoring competitor prices and adjusting our own accordingly, we can avoid overpricing or underpricing relative to the market. Furthermore, understanding how price sensitivity varies within the target market is essential for maximizing profits while attracting and retaining customers."
174,5.0,5.5,58.51253967012006,31.31950557010255,105.3225714062161,72.03486281123585,"To remain competitive, I must monitor the market closely and adjust my pricing according to the changing dynamics. It would be beneficial to analyze customer behavior and potential price sensitivity towards my product during this period.",It is important that we adjust our pricing strategy based on market dynamics and competitor actions. This may involve setting prices slightly lower than the competition when necessary to maintain competitive positioning while maintaining or increasing sales volumes.,"Competitor pricing strategies seem unpredictable and diverse in this sample of 100 rounds, suggesting a nimble adjustment strategy may be required to maintain competitiveness. This may involve keeping a close eye on the market and tweaking prices as necessary based on customer behavior and trends.","Observations indicate that certain price points, such as our initial $5.00 price point, are successful in generating sales when balanced with market conditions. However, high prices ($108.3 and above) resulted in zero sales, and therefore should be avoided or approached cautiously."
175,5.0,5.0,46.00294354493428,46.00294354493428,82.8052983808817,82.8052983808817,"- Consider monitoring competitor pricing strategies more closely to better respond with strategic adjustments of our own.
- Investigate the reasons behind the price drop at Round 101 to understand if this change should be more permanent or only a short-term adjustment.","* Research potential customer segments that prioritize product quality over price (willing to pay higher prices)
* Explore offering premium packages with added features to justify increased pricing
* Analyze competitor sales strategies to determine if there may be opportunities to differentiate in the market","- It may be beneficial to adjust prices lower when facing steep competitor pricing, as it appears consumers are less focused on product quality when costs are cheaper.
- Maintaining steady pricing can strengthen brand identity and demonstrate consistency in the market.","* Lower prices can result in increased sales, but maintaining a higher average price might increase overall profitability
* Potential exists to tap into segments that value product quality and are willing to pay more
* Competitive analysis will help refine pricing strategy and identify opportunities for differentiation"
176,5.0,5.5,58.51253967012006,31.31950557010255,105.3225714062161,72.03486281123585,"For future pricing rounds, it would be beneficial to keep our prices competitive and potentially slightly lower than our main competitor. We can monitor the market trends and adjust prices accordingly to stay competitive while maintaining profitability.","To maximize product sales, it appears that pricing should remain competitive but avoid extreme lows and highs on the price spectrum. The optimal price range seems to be between $5 and $6.","Competitive pricing appears to play a significant role in increased sales volume for consumer goods. Careful observation of market trends and keeping prices competitive is crucial, as consumers are more likely to choose a product with a lower price point when several options exist within the same product category.","Prices in the lower range of $1 - $3 are not effective in driving sales, while higher prices above $8 see a significant drop or no sales at all. The intermediate price point of $4 - $6 seems to be most optimal in driving sales while remaining competitive. Additionally, it's key to avoid sudden drastic increases and decreases in pricing."
177,5.0,5.3,53.73272589824353,36.929926430076826,96.71890661683834,77.55284550316132,"Consider implementing a dynamic pricing strategy that fluctuates based on the competitor's price and market demand. Additionally, invest in market research to better understand customer preferences and make informed decisions about pricing.","Based on our analysis of pricing trends, I propose that we continue to monitor competitors' actions closely and adjust our prices accordingly. We should set our product's price in a manner that reflects a balance between attracting more customers with competitive pricing while maintaining reasonable profit margins. Additionally, I suggest periodically assessing the impact of promotional strategies on sales volume and profitability, particularly during periods when competition intensifies or significant changes in the market occur.","1. It's important to be competitive with the market but not always necessary to match the competitor exactly.
2. Pricing too high without adjusting for market demand can lead to low sales, while pricing too low can lead to profitability issues.
3. Having consistent price differentiation from the competitor may provide opportunities for increased sales.
4. Understanding customer preferences through market research can help inform pricing decisions and maximize profit potential.","- Pricing parity is important to stay competitive in this market, but it's also beneficial to differentiate ourselves in other ways (e.g., customer service, product features).
   - Keep a close eye on competitors' price changes as they can affect our own sales volume and profitability.
   - Promotional strategies may be useful tools for boosting sales volume, but we must carefully consider their impact on overall profits as well.
   - There is some evidence that setting a lower price than the competition can result in increased sales volume, but this does not necessarily equate to greater profits without proper revenue and pricing analysis."
178,5.0,5.0,46.00294354493428,46.00294354493428,82.8052983808817,82.8052983808817,"Based on the data analysis, it is crucial to keep prices competitive while ensuring profitability. Offer discounts or promotions when necessary to stay competitively priced and drive up sales, especially in response to higher-priced competitors.","Consider testing a moderate price point, taking into account the profit-per-unit and the number of units sold at various price points. Find a balance that maximizes both profit and sales volume.",Higher pricing strategies require significant demand for the product or a strong perception of value among customers. Lowering prices may help attract new customers or boost sales in periods of reduced demand or increased competition. Keep monitoring competitor pricing and adjust accordingly to maximize profits while staying competitive.,"The relationship between pricing and both profit and sales appears complex, suggesting that a one-size-fits-all approach to pricing may not be effective. Factors such as customer demand, competition, and production costs should be taken into account when determining the optimal price for this product."
179,5.0,10.0,85.0553933499496,0.164195535900885,153.09970802990927,1.116529644126018,It is suggested to maintain the current pricing strategy and continue monitoring competitive offerings while keeping a close eye on customer sensitivity to price changes.,"```
Adjust pricing strategy to maintain competitiveness while ensuring profitability. Investigate cost reduction methods to accommodate lower prices during promotions. Explore potential partnerships or collaborations that may provide access to larger audience with lower operating costs.
```","By lowering prices while staying competitive, this seller has been able to increase their sales volume and consequently boost their revenue despite minimal reductions in profit margins. It is observed that the customers show a higher propensity to purchase when faced with relatively lower prices. This strategy should be further optimized for continued success.","```
Lower pricing increases the quantity sold relative to competitor. However, higher prices lead to greater profit margins. Finding a balance between these two strategies will maximize both market share and profitability.
```"
180,5.8,5.5,34.16049595403959,49.70322833222736,88.81728948050292,114.31742516412292,"- Monitor the competitor's pricing strategy closely and adjust my own prices accordingly to remain competitive but maintain profitability.
   - Explore potential partnerships or collaborations with other businesses that could help offset costs or provide new sales channels.
   - Review current marketing strategies and identify areas for improvement, focusing on increasing brand awareness and customer loyalty.
   - Evaluate potential new products or services to diversify the business offering and potentially capture market share.","- Monitor customer feedback to gauge perceptions of value at different price points.
   - Keep an eye on competitor pricing strategies to adjust ours accordingly.
   - Consider conducting surveys or focus groups to gather more insights into customer preferences and willingness to pay.","- The competitor's pricing strategy can significantly impact sales volume and profitability.
   - Finding a balance between being competitive and maintaining profitability is crucial.
   - External market conditions, such as economic downturns or shifting consumer preferences, can have a substantial impact on business performance.
   - It may be beneficial to seek out partnerships or collaborations to help offset costs or provide new sales opportunities.
   - Continuously reviewing and refining marketing strategies is essential for gaining a competitive edge and fostering customer loyalty.
   - Diversifying the product or service offering could present opportunities for growth and increased market share.","- Lower prices may lead to increased demand, but may also affect perceived value.
   - Competitor pricing can have a substantial impact on our own sales.
   - Adjusting price based on feedback and market conditions is crucial for maintaining profitability."
181,5.6,6.0,50.64803910556543,30.71958857184983,121.55529385335701,86.01484800117952,"-Continue monitoring competitor pricing strategies closely and identify patterns.
   -Explore ways to differentiate the product from the competition in terms of value, packaging, or exclusivity.
   -Consider seasonal or promotional pricing options when relevant.
   -Monitor sales data for fluctuations that may indicate changes in consumer trends.","To stay competitive while ensuring profitability, it seems wise to set prices closer to the average ($5-$6 range) based on historical success. However, it may be beneficial to occasionally adjust prices upwards in a moderate manner to capitalize on consumer interest.","-Aggressive price reductions do not necessarily guarantee increased sales volume, as demonstrated by the steady sales despite lowered prices in certain rounds.
   -Price is not the only factor influencing sales – product quality and perceived value also play a significant role.
   -Understanding competitors' strategies can help inform pricing decisions, but it is crucial to consider the unique selling points of our own product as well.
   -Identifying market trends and seasonality can provide opportunities for strategic pricing and improved profitability.","- Lower prices generally lead to higher quantities sold, suggesting a cost-conscious consumer market.
   - Setting prices too close to competitors may not always result in increased sales.
   - Occasional price adjustments upwards can help attract customers and potentially increase profits."
182,5.46,5.98,54.618998835255404,28.5136176728599,123.4389373676772,79.26785713055054,"The data suggests that maintaining a competitive price is crucial to attracting customers. In instances where competitors have lower prices, it might be beneficial to offer discounts or promotions temporarily to remain competitive. However, maintaining a consistent price when competitors have higher prices could potentially lead to long-term success.","- Continue adjusting prices within the $4.90 to $7.50 range, as this seems to garner the best balance between profit and sales volume
   - Keep a close eye on competitor pricing and be prepared to adjust our price if necessary to stay competitive while still maintaining reasonable profits","Lowering the price doesn't necessarily lead to increased sales over an extended period; instead, it should be used as a strategic move in response to competitor pricing. Long-term consistency in competitive pricing can be successful, but flexibility is key in adjusting to the competition's moves.","- Aggressive pricing strategies (e.g., going as low as $1) may lead to increased sales volume, but the profit margin per sale is significantly reduced
   - Adjusting prices upward when the competitor increases their price can result in increased sales due to the perceived value of our product being more attractive relative to competitors"
183,5.98,5.75,34.19217282581656,45.581263919714395,95.05424045577006,116.2322229952717,"Adjust pricing based on competitor's moves, considering the impact on sales and profit. Continue to monitor rounds and adjust strategy as necessary to maintain or improve market position.",Consider implementing a pricing strategy that focuses on keeping costs low and maintaining a competitive edge by offering prices ranging from $5 to $6.,"- Lower prices seem to lead to increased sales, but profit is also directly affected.
   - Over longer periods, pricing seems to converge, with the gap between my price and competitor's becoming smaller.
   - Stay vigilant in observing competitor's moves and adjust the pricing strategy accordingly.","It is important to monitor competitors’ price changes and adjust pricing accordingly to remain cost-effective and attractive to customers. Additionally, offering promotions or incentives may also help attract more buyers."
184,10.0,5.98,0.4112055360424324,62.57325173452448,2.79619764508854,173.95363982197807,"- Continue monitoring competitor pricing and adjust prices accordingly.
   - Experiment with different price points to find the optimal balance between profitability and market share.
   - Consider offering promotions or discounts during periods of lower demand to boost sales.
   - Conduct customer surveys to gauge their perception of our product's value and the competitive landscape.","- Continue to monitor competitor prices and adjust our own when necessary
- Analyze overall profit margins and production costs more closely when deciding on a new price
- Consider marketing efforts to ensure product positioning and messaging remains unique and appealing to potential customers","- Competitor pricing significantly impacts consumer purchase decisions.
   - Lower prices generally lead to increased unit sales, though not always.
   - A dynamic pricing strategy that takes into account competition pricing may be beneficial.
   - Understanding the perceived value of our product by customers is important in determining the optimal price point.
   - There seems to be an optimal price range for this product that maximizes profits while maintaining market share.","- Our product holds a competitive edge even at higher prices, though lower prices can also attract buyers
- Competitor pricing varies widely, making it crucial to stay agile in adjusting our own price points
- Marketing and branding efforts play an essential role in maintaining demand and ensuring our product stands out in the market"
185,6.5,5.0,11.555393425254891,75.35063039033895,38.13279830334114,135.6311347026101,"```
1. Implement pricing strategies that are responsive to market conditions. If the competitor raises their price, consider doing so ourselves. However, be careful not to overprice if sales start to decline or consumer demand shifts towards less expensive products.
2. Consider conducting consumer research to understand how perceptions of brand value correlate with price point, and use those insights to inform our pricing strategy decisions.
3. Constantly monitor market trends and keep abreast of any changes in competitor pricing or product offerings to make responsive adjustments.
```",Develop a pricing strategy based on careful market analysis and competitor monitoring. Aim to establish pricing stability while remaining competitive in the market.,"```
1. Our initial cost-plus pricing model was not successful, as consumers were attracted to more affordable options presented by the competition.
2. The market appears to be sensitive to changes in price points and value perception, so it is essential to stay flexible and responsive when making pricing decisions.
3. Offering a higher-priced product could help create a premium brand image if accompanied by strong marketing efforts and high-quality products.
```","Initial high pricing was not beneficial as it did not attract much market share, but profitable in specific cases due to competition's lower prices. Volatile pricing may not be optimal and a more consistent approach is required for long-term success. Market insights should inform pricing decisions by focusing on customer preferences, cost-effectiveness, and competitor dynamics."
186,5.7,5.0,26.207254792510508,62.86793604445428,65.51813698127627,113.1622848800177,"Maintain an aggressive pricing strategy, but be mindful of market conditions and competitor's actions. Consider implementing a mix of price increases to generate revenue and price decreases to capture more market share.","- Implement a consistent pricing strategy that is below the competitor's range
   - Monitor market conditions and adjust prices accordingly
   - Consider introducing occasional sales or promotions to attract customers","Competitor's pricing is responsive to my own pricing strategies. Increasing prices can be effective in certain situations, but it's essential to monitor the competitor's response closely. Undercutting competition with lower prices can help capture market share, but care must be taken not to devalue the product or service.","- Competitor price fluctuations have little impact on our sales during high-price rounds
   - Maintaining a consistent, lower price strategy may increase overall quantity sold and customer satisfaction
   - Keep an eye on competitor moves to adjust pricing timely"
187,6.0,5.3,24.96625839089564,59.89094043671835,69.90552349450779,125.77097491710852,"To combat the competitor's aggressive pricing strategies, I would suggest a more flexible pricing approach that capitalizes on opportunities when our price can command a premium. Additionally, we should monitor the competitor closely and adjust our pricing accordingly to stay competitive in the market.",No plan found.,"- Our product appears able to achieve profitability at a wide range of prices, although the optimal price may vary depending on the competitor's actions.
- The data suggests that a reactive pricing strategy could be effective against the competitor, with slight adjustments made when necessary.
- Carefully monitoring the competitor's moves and adapting our own pricing quickly is essential to maximize profits in this competitive market.",No insight found.
188,5.98,5.0,20.01712886872345,68.14163116976135,55.6476182550512,122.65493610557043,No plan found.,"- Regularly adjust the product's price to stay competitive and respond to the competitor's dynamics.
   - Aim for a price range between 4-5, as these prices tend to increase sales compared to higher prices.",No insight found.,"- Consumers demonstrate a strong preference for lower-priced items than higher ones, which is illustrated in the steadily increasing sales at prices under 6 and the sharp decrease over 25.
   - Analyzing the price of the competitor can give valuable insights into how to strategically adjust the product's price. A good example would be setting a more competitive price when the competitor's price is above or below 5, in which the product has historically seen increased sales."
189,5.0,5.0,46.00294354493428,46.00294354493428,82.8052983808817,82.8052983808817,"- Continue competitive pricing around 5.0, adjusting as needed based on market conditions and competitors' prices.
   - Monitor sales volume closely and adjust pricing accordingly to maximize sales and maintain profitability.
   - Explore opportunities for bundle deals or promotions to drive sales during slow periods.","- Maintain a competitive pricing strategy to attract more customers based on the observed positive impact of lowering prices.
   - Consider further research into market trends and customer preferences to ensure my pricing aligns with their willingness to pay and market conditions.","- Lowering the price significantly can lead to a dramatic increase in sales (e.g., Round 101 at 25.0).
   - Offering competitive yet higher prices may also be effective, depending on market conditions (e.g., Round 96 at 6.75 compared to 6.0 and 3.0).
   - The volume of units sold appears to be influenced by the price, with more sales occurring when the price is lower.
   - Overall trend toward competitive pricing that balances profitability and attracting customers seems effective.
   - Opportunities for bundle deals or promotions could be explored during slow periods to drive sales growth.","- Lowering price can increase sales significantly (e.g., round 100: from 63.88 units sold at $5.0 to 72.29 units sold at the lower price)
   - Price elasticity is high in this market, suggesting that consumers are sensitive to changes in pricing."
190,5.0,5.85,65.81698275697943,22.745740603330297,118.47056896256296,60.276212598825275,"1. Maintain a competitive strategy when the competitor price is lower than $5.0 (except in rare cases like Round 106) to encourage sales and remain appealing to customers.
    2. Adopt a premium strategy when the competitor does not introduce new products, allowing us to raise our own price without significant impact on sales (like Round 98).
    3. Watch for patterns in competitor behavior and react quickly as necessary, such as lowering prices when competitors drop theirs (Round 96) or increasing them when competitors do not respond (Round 106).",Identify pricing strategies that balance profitable margins with competitive pricing to maximize sales.,"1. The premium pricing strategy (like $25.0 in Round 101) is effective at generating higher profits and differentiating the product but sales are limited due to market price sensitivity.
    2. Reducing the price can help increase sales, as seen when lowering the price from $6.0 (Round 97) to $5.0 (Round 92), resulting in a significant increase in units sold.
    3. A consistent competitive strategy at $5.0 or slightly above allows us to maintain market share while still generating reasonable profits.","Competitor's price drops towards the end of the simulated period were unsustainable, but successful in increasing demand. Analyze the costs associated with the competitor's strategies to determine if they can maintain these prices long-term."
191,5.0,,,,,,Stay competitive with our pricing but not too low; be adaptable to adjusting prices depending on competitor strategy while maintaining a profit margin that ensures sustainability.,"- Monitor market trends and competitor pricing
   - Adjust prices accordingly to optimize profits and maintain units sold
   - Periodically test high-price outliers to gauge potential increased profit opportunities
   - Evaluate the impact of various price adjustments on sales volume and profitability","Consider offering promotions or targeted discounts to increase sales during periods when the competition significantly reduces their pricing, as seen in Rounds 94 and 101. Explore long-term partnerships with complementary businesses (e.g., advertisers), which can help drive higher volume and revenue without sacrificing profit margin.","- Higher prices mean higher profit per sale but lower units sold
   - Lower prices result in more unit sales, potentially with less profit per sale
   - Optimal pricing requires a balance between maximizing profits and maintaining enough units sold to remain competitive
   - High-price outliers might offer increased profit opportunities, but this should be carefully tested before deployment"
192,5.0,6.0,68.48007660422945,19.619870436465018,123.264137887613,54.935637222102045,"- Continue monitoring competitor's pricing strategy and adapt prices accordingly
   - Explore additional marketing strategies to boost sales when prices are low
   - Review production costs and ensure a sustainable margin at adjusting price points","In order to remain competitive and maximize sales, it appears that setting the price slightly above your competitor (not matching exactly) may yield higher returns while still maintaining market presence. I recommend testing this hypothesis in the upcoming rounds by gradually increasing our price to $6 and closely monitoring changes in quantity sold and profit.","- Lower prices can lead to increased sales, but it's important to maintain a competitive advantage and sustainable margin
   - Flexibility in pricing strategy is crucial when competing with lower-priced competitors
   - Monitor market trends and adapt pricing accordingly based on customer behavior","By observing various pricing strategies, we can gain valuable insights regarding optimal pricing for our product. Specifically, it appears that pricing strategy has a strong impact on demand - lower prices may increase sales but decrease overall profit, while higher prices (but not too high) can result in increased profit without negatively affecting quantity sold. Further observations should be made to confirm these trends and tailor future pricing strategies accordingly."
193,5.0,5.6,60.74815620620583,28.695397132498154,109.34668117117047,68.86895311799556,"We should maintain our current pricing strategy while keeping an eye on the competitor's promotion strategies. If necessary, we could consider offering occasional temporary discounts to remain competitive while ensuring profitability.",The data suggests a sweet spot for pricing that optimizes both quantity sold and profit margin could exist between $5.00 and $6.25. Further research on market demand and competitive pricing is recommended to determine the optimal price point.,"The competitor's pricing strategy appears to have shifted frequently throughout this simulation. They often match our price but occasionally offer much lower or higher prices, suggesting they may be trying a variety of strategies, some possibly aimed at clearing inventory. We should monitor their actions carefully and respond accordingly while maintaining profitability.","By setting prices too high, the company may be missing out on capturing potential sales from a higher volume of customers. A lower price could potentially help attract more customers while still generating profits but would require careful consideration regarding profit margins and long-term strategy."
194,5.8,5.5,34.16049595403959,49.70322833222736,88.81728948050292,114.31742516412292,"To better understand market trends and dynamics, I propose collecting more accurate data on competitor prices and sales as well as gathering data on any potential external factors that could influence pricing decisions (such as seasonality). This information will allow for a more robust analysis of the competitive landscape and potentially inform pricing strategies moving forward.","To stay competitive and maintain profitability, we should consider introducing a strategy to differentiate ourselves from our competitor—possibly through improved quality, additional features, or enhanced customer service. This approach will enable us to stand out in the market while still offering our customers value.","The fluctuations in competitor price and quantities suggest a volatile market, which may indicate strong competition or other variables like promotions or discounts being offered by the competition. It is also worth considering external factors such as economic conditions, consumer preferences, and changes in demand across different regions.","We've learned that adopting a low price strategy may attract short-term sales but won't ensure long-term success in this competitive landscape. By focusing on the unique value we can provide to consumers, we have a better chance of winning over customers and maintaining profitability in the long run."
195,5.3,5.7,53.78164983723185,32.62021955621005,112.94146465818687,81.55054889052514,Adjust pricing strategy based on market trends and competition. Continuously monitor sales data to optimize price points and maximize profitability.,Continue monitoring demand fluctuations and adjust prices based on market response while keeping an eye on the competitor's strategies. Consider conducting a pricing analysis to better understand the correlation between price and sales quantity.,Seller should aim to find price points that minimize the gap with the competitor without significantly cutting into profits. Monitoring the market trends and consumer behavior is crucial in determining the appropriate pricing strategy.,"Initial observations suggest that higher prices can lead to lower sales, but there appears to be some sensitivity in consumer demand depending on their perception of value as compared to the competitor's offerings (e.g., round 97). It is important to remain adaptable and responsive when making pricing decisions to ensure we stay competitive and maximize profit potential."
196,5.0,5.0,46.00294354493428,46.00294354493428,82.8052983808817,82.8052983808817,"To remain competitive, I need to stay updated on my competitor's moves and adjust my pricing strategy accordingly. Since sales volume seems favorable at lower price points, maintaining a competitive edge with lower prices could help secure more market share without sacrificing profits too heavily.",Consider introducing a strategy to adjust the pricing more dynamically based on sales volumes to explore the potential success of lower prices without sacrificing profits.,"Market sensitivity toward both premium and discounted offers is apparent. Maintaining a balance between these two strategies may be crucial for success. Additionally, monitoring sales volume and profit margins in real-time could help gauge the effectiveness of different pricing strategies. The market seems to respond positively to lower prices, but it is essential not to compromise long-term profits for short-term gains.","Lower prices seem to increase sales (with exceptions noted in profit margins), suggesting that a more aggressive pricing strategy may be beneficial, particularly when competing with lower-priced alternatives. It's essential to balance this strategy with the need to maintain profitability."
197,5.0,5.0,46.00294354493428,46.00294354493428,82.8052983808817,82.8052983808817,"Adjust pricing strategy to maintain a lower price point than the competitor while ensuring satisfactory profit margins, focusing on generating increased sales.","In the short term, I recommend pricing our product similar to the competitor, but slightly lower to entice customers. We should continue monitoring sales in response to their price changes as well. In the long run, we need to focus on improving product features to increase perceived value and justify higher prices.","Lower prices attract more customers and lead to higher sales volumes, resulting in increased profit potential compared to high-priced competitors. However, it is crucial not to sacrifice reasonable profit margins in the pursuit of more sales.","The correlation between sales quantities and pricing seems to support a lower pricing strategy in certain situations. Additionally, it appears that our customers are sensitive to pricing differences with competitors over the short term but may be willing to pay higher prices if they perceive our product as having greater value or improved features."
198,5.98,5.43,27.93067624295377,55.546782395134166,77.64727995541149,123.86932474114916,"1. Keep an eye on the competitor's pricing strategy and be ready to lower prices when necessary to maintain market share.
  2. Consider offering discounts or promotions during periods of high competition.
  3. Monitor sales trends and adjust pricing based on demand levels.","- Monitor market trends and adjust our pricing strategy accordingly to maintain competitiveness
   - Analyze customer demand and price our products based on this information
   - Implement flexible pricing strategies that allow us to adapt quickly to changes in the market","1. Lowering prices can increase market share.
  2. Consumers may be price sensitive, so setting a competitive but not too high price is key.
  3. Maintaining a competitive pricing strategy is essential to staying relevant in the market.","- Maintaining a stable price strategy may lead to loss of competitiveness if competitors are adjusting theirs
   - Adapting our pricing strategy based on customer demand can help increase sales and maintain market share
   - Being aware of market trends and quickly adapting our pricing strategies can provide a competitive advantage"
199,5.5,5.0,31.31950557010255,58.51253967012006,72.03486281123585,105.3225714062161,"It might be beneficial to consider raising our prices slightly in the next round or two, taking into account the competitor's recent higher pricing strategy. However, we should keep a close eye on the quantity sold to ensure that any price increase does not significantly impact our sales volume.","Plan strategies should involve monitoring competitor moves and adapting our pricing accordingly to remain competitive, all the while maintaining profitability. We can achieve this by employing a dynamic pricing strategy that adjusts based on real-time market conditions.","It seems that pricing at $5.0 has been a relatively successful strategy for us in terms of quantity sold. However, it might be worth testing higher prices to see if we can capitalize on the competitor's high pricing strategy without significantly impacting our sales volume. Additionally, it appears that when both our price and the competitor's price are close, we tend to have a larger percentage of the market share. It may also be useful to investigate potential reasons for the lower quantities sold when the competitor raised their prices at round 101.","The insights show the need for a pricing strategy that balances remaining competitive with maintaining good profit margins. A dynamic pricing approach should be considered to account for competitor actions and market conditions, ensuring we adapt in real-time. Continuously monitoring sales patterns can also help us understand what price points are successful and when adjustments may be necessary for optimal results."
200,6.0,5.0,19.619870436465018,68.48007660422945,54.935637222102045,123.264137887613,"- Monitor competitor price changes more closely to adjust pricing strategy accordingly
   - Consider implementing a dynamic pricing model to better respond to market demands and competitor actions
   - Investigate discount strategies to entice customers during off-peak periods or low demand times","- Maintain a watchful eye on the competition's pricing strategy and adjust our own prices accordingly while considering the targeted market segments.
  - Conduct periodic analysis of sales data to determine optimal pricing levels that balance price, quantity sold, and revenue.","- Consumers are responsive to competitive pricing but prefer lower prices when available, as demonstrated by higher sales volumes when priced similarly to competitors
   - Higher prices may not always negatively impact market share if the perceived value of the product justifies it (e.g., rounds 67-85)","- Aggressive price increases may not always lead to increased sales if the perceived value does not justify the price hike.
  - Regularly monitoring and assessing the competition's pricing strategy is essential to ensure profitability and market share.
  - Pricing decisions should take into account various factors, such as cost, competitive landscape, and value perceived by customers."
201,6.0,6.25,42.76892360629042,31.29041294358704,119.75298609761317,95.43575947794046,Maintain competitive pricing strategies by monitoring competitor behavior and adjusting pricing accordingly. Focus on providing exceptional customer service to create a strong brand reputation and sustain loyal customers. Keep an eye on market trends to identify opportunities for strategic price adjustment.,"- Monitor competitor pricing more closely in future rounds
   - Adjust prices based on historical sales data and market trends
   - Conduct customer surveys to gauge willingness to pay different price points","The relationship between supply, demand, and price is crucial in this market. Competitors who respond quickly to shifts in these factors seem to have a competitive edge. Additionally, the effectiveness of pricing strategies can be significantly influenced by brand reputation and customer loyalty. Lastly, it's essential to remain agile and adaptable in the face of changing market conditions.","- Market demand is robust with a slight preference towards our product, but customers are sensitive to pricing differences
   - Competitor tends to periodically adjust their prices up or down making it challenging to outperform them consistently
   - It is essential to conduct thorough market research and competitive analysis in order to make informed pricing decisions"
202,6.0,6.0,38.36517311905507,38.36517311905507,107.4224847333542,107.4224847333542,"- Monitor competitors' pricing strategies and respond accordingly to maximize profits
- Conduct customer surveys to gauge their tolerance for price increases and develop targeted marketing campaigns to capitalize on any found opportunities","```markdown
1. Analyze competitor pricing strategies to determine optimal pricing range
2. Study customer response to different price points to identify price elasticity
3. Implement a dynamic pricing strategy that responds to market conditions and customer demand
4. Monitor sales data closely to adjust pricing as needed to maximize profit
```","- Our product has a relatively low sales volume compared to the competition, but it might be less sensitive to pricing changes, indicating potential profitability with slightly higher prices
- It is crucial to maintain a keen eye on market dynamics and competitor reactions to adjustments in our price strategy","```markdown
1. Customers are sensitive to price changes, with lower prices resulting in increased sales volume but smaller margins
2. Higher price points can lead to greater profit per unit but lower total units sold
3. A dynamic pricing strategy may be necessary to optimize both sales volume and profit margins
4. It is important to monitor sales data closely to make informed pricing decisions
```"
203,6.0,6.0,38.36517311905507,38.36517311905507,107.4224847333542,107.4224847333542,Consider maintaining competitive pricing to maximize volume of sales while ensuring enough profitability. Continue monitoring market trends and adjust pricing strategy accordingly.,Maintain competitive pricing while occasionally decreasing the price to attract more customers and encourage additional purchases. Monitor competitor's pricing strategies closely and adjust prices accordingly.,"Competitive pricing contributes to higher volumes of sales when compared to pricing above the competition. However, lower prices do not always guarantee more significant profits, as high volumes are needed to compensate for minimal margins.","Customers respond positively to lower prices, which can lead to increased sales volume. There is evidence of slight price sensitivity in customer behavior. The competitor may occasionally offer slightly better deals that attract customers from my product line."
204,6.0,6.0,38.36517311905507,38.36517311905507,107.4224847333542,107.4224847333542,"- The product appears to have the highest potential profit at a price of $6.5, but sales quantity is low. It might be worthwhile to test slightly lower prices while maintaining profit margins to achieve a balance between revenue and sales volume.
   - Analyze the competitor's pricing strategies to understand the impact on our market share, and determine if matching their prices is beneficial or detrimental for our product.
   - Monitor fluctuations in material costs and adjust pricing accordingly to maintain a competitive edge.","- Maintain moderately high price point with occasional drops to match competitor pricing (rounds where our price is around the competitors’ price)
   - Monitor competitor strategies carefully, noting trends in their pricing behavior
   - Focus on marketing efforts to emphasize product quality and unique selling points","- Higher prices do not always equate to higher revenues due to the decrease in sales quantities observed for pricier items.
   - The competitor's pricing seems to target lower-priced items and may negatively affect our market position if we match their prices on such products.
   - Sales performance for some products, like $5.98 and $6.0, indicate a potential sweet spot in the pricing strategy. Exploring this range could result in maximizing sales volume and generating healthy revenues.","- Moderately high pricing strategy generates consistent profit
   - Customers are willing to pay more for our product due to its perceived higher quality or unique selling points
   - Monitoring competitor strategies is crucial in staying competitive"
205,5.98,5.0,20.01712886872345,68.14163116976135,55.6476182550512,122.65493610557043,"1. Introduce a limited-time offer to attract new customers and encourage repeat business.
    2. Investigate the possibility of adding bundle options, discounts or loyalty programs.
    3. Conduct surveys to gauge customer satisfaction levels and identify areas where we can improve our product offering.
    4. Improve packaging design to make it more distinctive in comparison to our competitor's offering.","- Continue price experimentation within the range of 5.0 to 7.5
   - Monitor both unit sales and profits closely in each pricing round
   - Consider factors such as market demand, product differentiation, and competition when determining target price","- Despite a slightly lower price, our competitor does not have a significant advantage in the first round.
    - Adjusting pricing slightly lower may help increase market share without sacrificing profits.
    - Consumers seem to be attracted to high-quality packaging and potentially unique features or services offered by the product.
    - A limited-time offer, loyalty programs, and bundle options could effectively attract more customers.","- Prices above 6.0 result in higher profit margins but lower unit sales
   - Prices closer to 5.0 have the potential for larger unit sales but lower profit margins
   - It may be beneficial to find a balance between maximizing profits and increasing unit sales by considering market conditions and competition"
206,5.98,5.98,38.586866163452626,38.586866163452626,107.27148793439831,107.27148793439831,"In light of the observed trends, aim to set prices slightly above the competition but below the highest prices that have been tested so far. This strategy could potentially attract more customers while still maintaining a profitable pricing scheme. Continue observing and adjusting the price based on customer demand and competitor strategies.",Consider implementing a flexible pricing strategy that takes into account customer preferences and market trends. Monitor monthly sales data and adjust prices accordingly based on competitor's actions and our product performance. Aim to maintain an advantage in sales volume while optimizing profits.,The key insights from this analysis show that a balance between maintaining a competitive edge and staying cost-effective is essential when setting prices. It appears that choosing the middle ground between high and low prices might yield favorable results as customers seem to be sensitive to significant price fluctuations. Keep monitoring competitor prices and adjust prices accordingly to maintain a profitable business model.,"1. The dynamic pricing approach allows us to stay competitive and adapt quickly to market changes.
2. Maintaining a focus on customer preferences and satisfaction is crucial for success in this market.
3. Competitor analysis is essential, but it should not overshadow the unique strengths of our product and offers."
207,5.0,5.8,64.86542370516472,23.862655824004843,116.75776266929648,62.042905142412586,"To maximize profit margins, I would recommend keeping a close eye on the competitor's price movements and try to exploit opportunities where my competitor sets their price higher than an optimal point for me. Additionally, monitoring customer sentiment toward pricing changes could provide valuable insights when deciding whether to adjust our prices in response.",Test a pricing strategy that gradually lowers the price over the next few rounds while monitoring how it affects sales quantity. Consider aiming for a price range closer to my competitor's average price during each round.,"It seems that both competitors have distinct strategic tendencies; one tends to set their prices at or around $5.0, while the other sets theirs higher, often around $6.0. This suggests that there may be a segment of customers whose preference leans towards lower-priced items and another who is willing to pay more for slightly more expensive options. Understanding and catering to these segments could provide a competitive advantage. Furthermore, observing when and how each competitor adjusts their prices in response to the other's moves could help us develop better forecasting models and respond more efficiently to market changes.",Initial high starting prices may not be competitive and could result in reduced sales volume. Adjusting prices to be more competitive with the market can lead to increased sales success. It is important to keep an eye on the competitor's pricing strategy and sales quantity as a guide for determining the optimal pricing approach.
208,5.98,5.0,20.01712886872345,68.14163116976135,55.6476182550512,122.65493610557043,Maintain a competitive yet profitable pricing structure by periodically adjusting prices based on market demands and competition. Offer occasional promotions or sales to boost sales volume. Continuously monitor the price of related market competitors to maintain a reasonable edge in the market.,"1. Maintain aggressive pricing to stimulate demand, but be mindful of profitability.
   2. Perform competitive analysis to determine which prices generate the highest demand.
   3. Continuously monitor and adjust pricing based on market conditions.","The market is quite receptive to our offerings at reasonably affordable prices. Low initial pricing drives demand with significant profit margins. Periodically adjusting and offering promotional prices can further stimulate sales. High-value promotions or items should be offered occasionally as a unique selling point, helping establish our company's reputation for quality service.","1. Higher prices can lead to lower sales, but may still be profitable in certain circumstances.
   2. Consistent pricing, especially when competitive products have higher prices, can result in higher sales volumes.
   3. Price sensitivity seems to vary among customers; some are willing to pay more while others prioritize affordability."
209,6.15,6.38,40.29411162506657,30.22608655551416,118.8676292939464,96.11895524653502,"In light of our competitor's profit-driven strategy, we should continue monitoring the market for suitable times to counteract their price increases with strategic price drops or offers. We need a more proactive approach when it comes to understanding and responding to market trends.","To counter the competitor's strategy, we should consider implementing more flexible pricing adjustments based on market conditions and customer behavior. This could involve monitoring our competitor's price changes closely and making timely adjustments to stay competitive or reclaim lost ground when necessary.","By observing the competitor's pricing strategy, we have learned that they focus on maximizing profits instead of prioritizing sales quantities. This insight should influence future pricing decisions by adjusting our prices in response to theirs while being mindful of market trends.","It is essential to maintain a competitive and responsive pricing strategy in today's rapidly changing market conditions. Observing customer reactions, examining competitor's movements, and swiftly adapting our prices could potentially increase sales and improve overall profitability while ensuring customer satisfaction."
210,5.8,6.0,44.42139791616656,34.59541948223696,115.49563458203305,96.86717455026348,"- Keep track of the competitor's price fluctuations and adjust ours accordingly to maintain competitiveness.
   - Monitor customer feedback for any hints as to why some price changes appear to be more effective than others.
   - Experiment with pricing strategies, such as occasional discounts or bundle deals, to attract customers.","- Offer a diversified product line with a mix of high, mid, and low price points to cater to various market segments.
   - Regularly monitor the competitor's prices and adjust my own accordingly but aim to maintain a competitive edge in the mid-price range.
   - Invest in understanding consumer behavior and preferences to ensure my offerings meet their needs effectively.","- Our flexible pricing strategy seems to work well against the competitor's more consistent approach.
   - By monitoring price changes and adjusting ours accordingly, we can stay competitive without losing significant profit margin.
   - Customer feedback should be incorporated into our pricing decisions whenever possible.","- The market appears to have an unmet demand for mid-priced items as observed from the competitor's pricing strategy.
   - Monitoring competitor prices is important for staying competitive but focusing on meeting consumer preferences and needs will drive long-term success."
211,5.98,5.6,31.254204063029793,50.25720386446982,86.88668729522283,120.61728927472755,Adjust pricing to remain slightly above the competitor while maintaining a reasonable margin to maximize profitability. Monitor market conditions and be prepared to lower prices strategically when it makes sense to increase demand and market share.,"We should monitor the competitor's pricing strategy closely and adjust our prices more frequently to remain competitive while capitalizing on our higher sales potential in certain rounds. Additionally, we should consider implementing promotions or discounts during specific periods (e.g., temporary lower pricing) to undercut the competitor when it may benefit us long-term.","* The pricing strategy of the competitor may be creating a perception of higher quality, attracting customers who are willing to pay more for luxury or exclusive offerings.
* Being competitive but price-conscious is crucial for long-term success in this market, as consumers prioritize value and affordability when making purchasing decisions.","The competitor seems to use dynamic pricing more often but with mixed results. Their frequent price changes appear to allow them to gain a slight edge in some rounds (e.g., Round 120) but don't always result in better sales performance (e.g.,Round 117). It is essential to stay mindful of this strategy when making pricing decisions and be prepared to counteract their moves with calculated adjustments."
212,6.0,6.0,38.36517311905507,38.36517311905507,107.4224847333542,107.4224847333542,"- Maintain current pricing strategy for the time being and continue monitoring market response to my competitor's adjustments.
   - Explore potential avenues to invest in R&D to differentiate our product further from the competition.
   - Consider running surveys or focus groups to understand customer satisfaction and preferences for product features, allowing us to better tailor our offerings to meet market demand.",Keep an eye on competitor's price movements and adapt our pricing accordingly. Consider raising prices when a lower price might drive more sales but ensure they remain competitive in comparison to the competitor. Lower prices could be implemented when they will maximize profits without compromising on revenue generation.,"- The high-performing price strategy employed by my business suggests that customers are willing to pay a premium for the perceived value of our products compared to our competitor's options.
   - By observing customer behavior patterns, it appears that competitive pricing alone does not guarantee a higher market share or increased sales. Other factors such as product quality and unique features play significant roles in influencing consumer decisions.
   - It will be essential to remain adaptive and flexible with our pricing strategy by keeping tabs on the competitor's actions while staying attentive to customer preferences and expectations.","Our customers seem sensitive to pricing changes and are likely to choose us over the competitor when we offer lower prices or slightly higher quality products at comparable costs (e.g., Rounds 120, 115). Conversely, they show a tendency to choose the competitor when our prices are too high for their perceived value (e.g., Rounds 118, 117). This may require more frequent analysis of market trends and nimbleness in adjusting our pricing accordingly."
213,5.75,6.25,50.53034787038836,27.04694618466559,128.8523870694903,82.49318586323004,"To remain competitive and maximize profit, we should closely monitor our competitor's pricing strategy and adjust ours accordingly. We can consider offering introductory discounts or price matching to attract customers. Additionally, conducting surveys or focus groups to gauge customer preferences regarding price sensitivity could provide valuable insights.","To address the issue of potentially being perceived as low-quality at our initial price point, we could consider increasing the price slightly while still offering attractive promotions or bundles that incentivize customers to buy. We should also continue monitoring competitor prices and adjust ours accordingly to remain competitive in the market.","Price is a crucial factor in customer decision-making. Customers are drawn to lower prices but are also willing to pay higher amounts for select items. To increase competitiveness and maximize profits, it's essential to balance price sensitivity with maintaining profit margins.","The data suggests that there is a strong demand for our product, as evidenced by the high quantity sold in some rounds. However, it appears that consumers are more sensitive to price changes when the product is priced higher. Our observations should guide us in setting prices that balance affordability and perceived value. Also, we should keep in mind the potential for bundling or promotions as a tool to increase sales and remain competitive."
214,6.42,5.3,16.445975145712154,66.69171786562025,52.956039969193135,140.0526075178025,"- Analyze recent trends and patterns displayed by the competitor
   - Develop algorithms to predict competitor's pricing behavior
   - Implement a flexible yet calculated approach in adjusting our own prices","In order to improve sales volume during this round, consider offering lower prices that align with customer purchasing patterns and are competitive with the competitor's offerings. Lowering prices may not only increase sales volume but also encourage potential customers who have hesitated due to perceived high prices.","- Competitor is largely affected by our price changes, suggesting vulnerability
   - Importance of considering market fluctuations and external factors
   - Beneficial to maintain a medium-to long-term view when assessing pricing strategy","Adjusting our pricing strategy seems vital, as a more aggressive approach in terms of lower prices could potentially boost overall sales volume while remaining competitive with the current market offerings. Additionally, understanding customer purchasing behavior will guide us in creating price points that resonate with them and lead to increased revenue potential."
215,6.7,6.25,23.752709186506923,41.68730287320263,83.13448215277423,127.14627376326803,"- Maintain a price point between $6 and $7 to maximize profitability
   - Monitor competitor's pricing strategies closely to adjust accordingly
   - Take advantage of perceived value-added features to justify higher prices when needed",Update the price point based on observed trends; conduct market research to confirm this sweet spot; adjust marketing strategy to appeal to potential customers within this price range.,"- Lowering the price slightly can increase market share, but be aware that it may not always lead to increased profit
   - Higher prices yield higher profits in some cases, and this should be considered in product differentiation strategies
   - Keep a close eye on competitor pricing and respond strategically to gain or maintain market share",Competitor tends to price lower when the gap is not significant and abstains from competition when the difference is substantial; pricing plays a role in attracting customers but must remain competitive to avoid being undercut.
216,5.0,5.7,62.86793604445428,26.207254792510508,113.1622848800177,65.51813698127627,"```
- Monitor competitor's pricing strategy closely
- Adjust our own pricing strategy based on the competitor's moves while ensuring profitability
- Regularly analyze the impact of price changes on both profit and market share
```",Consider pricing strategy that balances competition and price elasticity. Maintain a competitive edge while adjusting prices to maximize profit margin with the observed consumer behaviors.,"```
- Lowering prices can lead to increased demand and higher profits in some cases
- It is essential to monitor and adjust pricing strategy based on competitor actions while ensuring a reasonable level of profitability
```","Consumers display price elasticity, with sales shifting between lower-priced and higher-priced options based on competition. It is important to balance profitability and market share when pricing products in this market."
217,5.5,5.5,43.017182742002014,43.017182742002014,98.93952030660462,98.93952030660462,"- Monitor and analyze the market trends regularly
   - Adjust prices dynamically based on the competition and demand
   - Explore additional marketing strategies to increase product visibility and attract more customers
   - Consider offering discounts, promotions or bundle deals to boost sales during slow periods","Consider implementing a dynamic pricing strategy based on competitor behavior and market demand. This would involve regular monitoring of the competitor's price changes and adjusting our own prices accordingly to keep a competitive advantage. Additionally, we should establish clear guidelines to ensure that profit margins do not drop below an acceptable level during periods of price adjustments.","- The pricing strategy significantly influences the quantity sold
   - Offering competitive prices will help boost sales while ensuring profitability
   - There is potential to increase sales by 25-30% if priced competitively compared to the rival product
   - Regular price adjustments and monitoring market trends are crucial for long-term success in this market.","It is crucial to consider both the immediate impact on sales volume and the long-term consequences of changing our prices. A decrease in sales volume due to a lower price could lead to a higher market share but a reduced profit margin, while an increase in price may result in decreased market share but improved profitability; finding a balance between the two is essential for overall business success. It might also be worth investigating customer feedback and sentiment towards our pricing strategy to gauge its effectiveness and make adjustments as necessary."
218,5.0,5.5,58.51253967012006,31.31950557010255,105.3225714062161,72.03486281123585,"- Monitor competitor pricing more closely and react quickly if the price drops significantly.
   - Invest in marketing to reinforce our unique selling points and maintain a competitive edge.
   - Consider adjustments within our manufacturing process to further reduce costs, making it easier to compete on pricing when necessary.","As our primary objective is to maximize profits, we should focus on finding the optimal balance between maintaining a competitive edge and preserving attractive profit margins. Adjusting our pricing strategy to match the competitor more closely could increase market share while keeping revenue stable or even growing slightly due to the volume gain from increased demand.","- Price sensitivity is present among customers; however, they are willing to pay more for better quality or unique products.
   - A stable pricing strategy may help build customer trust and loyalty over time.
   - Closer cooperation between our sales and manufacturing teams can lead to cost savings that would enable us to compete more aggressively on pricing if necessary.","Our primary insight gained so far is that the relationship between price and quantity sold is not straightforward, as we can observe changes in both variables over time without always having a clear cause-and-effect relationship. Additionally, it appears that the product can maintain profitability in various pricing tiers, making adjustments more flexible to capitalize on market dynamics."
219,6.87,5.98,17.119072809447285,52.075428254753845,62.826997210671536,144.7696905482157,"To remain competitive and maximize profits, it is essential to carefully analyze market conditions and adapt pricing strategies accordingly. Pay close attention to competitor's actions and consumer demands, as price fluctuations can significantly impact product appeal and sales volume. Continuously monitor the market and be prepared to adjust pricing when necessary.","Adjust pricing based on competitor analysis, identifying gaps in pricing structure to gain market share. Continuously monitor customer feedback and adjust prices accordingly to optimize revenue.","The pricing rounds showcase that having a flexible approach to pricing is crucial in this competitive landscape. Observe competitor's movements, especially their successful strategies, as it can provide valuable insights into consumer preferences and market dynamics. Keep in mind the importance of lower prices to temporarily boost sales volume or capture new customers. Moreover, higher-priced products may also attract certain segments of the market, so it's worth experimenting with premium pricing when appropriate. The data suggests a sweet spot for our product around $6.0 - $7.0.","Customers are sensitive to price increases, with a decrease in quantity sold when the price goes above 6.0. However, there is an opportunity to increase revenue by finding the right balance between pricing and customer demand."
220,5.98,5.6,31.254204063029793,50.25720386446982,86.88668729522283,120.61728927472755,"Consider gradually lowering the initial price point ($5.98) in subsequent pricing rounds. Monitor profitability and sales volume at each incremental decrease until a minimum acceptable profit level is reached, or an optimal balance between maximizing sales and maintaining adequate profitability is found.","Maintain a competitive edge by analyzing demand and adjusting pricing accordingly. Consider keeping prices moderately higher than the competition to maximize profits while maintaining market presence, but be prepared to lower prices if necessary to maintain sales volume.","* Lowering price points generally results in increased sales
* The competitive pricing strategy appears to increase the seller's profit if no direct competitor exists (indicated by ""None"" as the competitor's price)
* There seems to be a breaking point where further decreases in price result in decreased profits or even losses
* Identifying and maintaining an optimal balance between maximizing sales and maintaining adequate profitability is crucial for long-term success.","Pricing strategies play a crucial role in product sales, and it's important to analyze both price and competitor data to make informed decisions. Adjusting pricing too frequently or too drastically can negatively affect brand perception and customer loyalty. Pay special attention to errors in the provided data to avoid pricing mistakes that may harm the overall sales performance of the product."
221,6.0,5.0,19.619870436465018,68.48007660422945,54.935637222102045,123.264137887613,"* Monitor competitor's prices closely and adjust my own accordingly to maintain a competitive advantage while maximizing sales.
   * Consider running promotions or discounts periodically to drive sales when I have a lower price than the competitor or when they are absent from the market.
   * Continue to track customer purchasing patterns and preferences to make more informed decisions about pricing and product positioning in the market.","To adjust prices strategically, keep monitoring competitor moves and analyze sales performance at different price points. Experiment with temporary promotions for lower price ranges to attract a broader customer base, and reallocate resources from lower performing SKUs towards high potential ones. Consider partnerships or collaborations that can help expand the product range and reach.","* Customers appear to be most responsive to products priced between 5.0 - 6.25
   * It is important to stay competitive with my pricing and observe changes in the competitor's pricing strategy
   * Periodic promotions or discounts might drive incremental sales when necessary","- Pricing strategy is critical to success in this market as we see both higher and lower price points yielding positive results with differing numbers of sales.
- Maintaining a flexible response to competitor moves can help stay competitive without sacrificing profit margins, especially when targeting specific customer segments (e.g., higher-end customers willing to pay premium prices, budget-conscious buyers seeking affordable options).
- Diversifying the product portfolio through partnerships or collaboration may help increase reach and generate new revenue streams while meeting diverse customer needs."
222,5.2,5.75,57.93871196064939,29.133413960777165,115.87742392129879,74.29020559998176,Consider lowering our prices slightly to match the current market price and attract a larger customer base. Continue monitoring our competitor's pricing strategy to ensure we maintain a competitive edge at all times.,"In light of the observed trends, we should consider raising our price incrementally, starting from 5 dollars and observing the impact on sales volume and profit margin. We can then adjust our pricing strategy accordingly.","It is essential to keep an eye on the competitor’s pricing strategy, as they have shown flexibility in adjusting their prices to meet market demand. Additionally, offering competitive pricing can help attract more customers and increase overall revenue. However, it's crucial not to lower our prices too much, as this could erode profit margins and harm long-term financial health.","- Competitors tend to set higher prices than ours, which could imply a potential increase in profit margin if we increase our price as well.
- Raising the price too much may lead to a decrease in sales volume. It is essential to balance profit margin and sales quantity to maximize overall revenue."
223,4.9,201576.48,86.70357598021707,0.0,147.39607916636902,0.0,"Moving forward, we should continuously monitor competitor pricing trends and adapt our strategy accordingly. Potentially testing slightly lower prices to see if the increased sales volume justifies the lower revenue. Additionally, consider offering promotions or discounts at certain times as a temporary tactic to draw in customers.","The strategy should focus on finding an optimal balance between competitiveness and profitability, taking into account market demand and competitors' pricing. Experimenting with different price points across a variety of intervals might lead to identifying promising areas that could generate robust revenue streams. It will also be crucial to keep a close eye on sales volumes to determine the ideal pricing level for the product.","Pricing is significantly influenced by the competitor landscape. Customers may be drawn toward the lowest priced options first, so it's important to position ourselves effectively within that spectrum. Further research should be conducted into understanding our customer base and their specific price sensitivities to inform strategic decisions going forward.","Based on the analysis, it appears that customers are more receptive to certain price ranges than others. For example, prices under $6 seem more appealing in this market, but there is still considerable demand for higher-priced items as well. Additionally, it seems that pricing too high or too low can lead to reduced sales volumes and thus, the importance of striking a balance has been emphasized from the data presented here."
224,5.75,5.35,32.33662602797999,53.31408315500605,82.45839637134897,114.62527878326298,"- Monitor competitor pricing trends more closely and adjust our pricing accordingly when appropriate
   - Analyze the effect of different pricing strategies on demand (using historical data) to identify optimal price points
   - Implement a new system for responding quickly to changes in competitor pricing",It seems that maintaining a middle-ground price could help us maximize sales while profitably competing with the competitor's varying prices. We could consider lowering our price slightly to remain competitive but not so much as to incur significant loss of sales or profit.,"- Competitor prices appear to have little impact on demand, suggesting potential opportunities for strategic price adjustments
   - Need to carefully analyze the trade-off between market share and profit margins when considering price changes
   - The relatively lower cost of our product compared to the competitor's may offer a unique selling proposition that can attract customers seeking cost savings","The competitor changes their pricing strategy frequently, which allows them to potentially capture sales that they might have missed at higher prices. While we should be mindful of their strategies, it's important to maintain a stable price range that is profitable for us and attractive to customers."
225,5.75,6.0,45.96934065848111,33.631888078117086,117.22181867912681,94.16928661872784,"- Monitor competitor's pricing strategy and be ready to respond with strategic drops or increases as necessary.
   - Explore ways to increase our perceived value, such as improved packaging, customer support or adding new features to the product.","- Revisit and improve product differentiation strategies
   - Monitor competitors' pricing and sales volume carefully
   - Investigate potential areas for improved production efficiency to maintain a healthy profit margin
   - Launch a marketing campaign emphasizing the unique selling points of our product","- Our competitor reacts strongly to larger differences in price and sales tend to increase during these periods.
   - Lowering prices can help regain market share, but maintaining a higher price point when it makes business sense may improve perceived product value.","- Sales volume fluctuates with price changes in a relatively narrow range ($5 - $7.5)
   - Multiple competitors with varying pricing strategies exist, indicating a moderately competitive market
   - Need to focus on differentiation and marketing efforts to stand out from competition"
226,6.0,5.0,19.619870436465018,68.48007660422945,54.935637222102045,123.264137887613,"- Analyze current competitor pricing trends and potential opportunities to raise price points based on their inability to find the optimal balance between profit maximization and meeting customer demand.
- Create a communication strategy that highlights our company's unique selling points, such as superior quality or customer service, to justify any increase in the perceived value of our products.
- Monitor competitor actions closely and adapt pricing strategies accordingly based on market conditions, maintaining flexibility to capitalize on favorable situations.","Continue monitoring competitor pricing strategy to identify trends and potential opportunities for optimization
Adjust pricing strategy if market conditions warrant
Ensure flexibility in adapting to changing market demands","- Competitor offers lower prices occasionally but struggles to balance profit maximization with customer demand.
- Our business can benefit from raising price points in certain circumstances while emphasizing higher quality and perceived value of our products.
- Market conditions must be closely monitored to take advantage of any favorable situations and remain flexible in pricing strategy adaptations.","Competitor using high prices as a pricing tactic without success in driving away customers or significantly increasing profit margin
No listed price by competitor indicating possible withdrawal from the market or strategy adjustments
Adaptability essential for remaining competitive and achieving optimal results"
227,6.5,6.25,28.571539639283824,39.05266441672421,94.28608080963662,119.11062647100884,Be prepared to adjust pricing dynamically based on competitor actions and potential market fluctuations. Maintain a focus on achieving maximum profit while ensuring competitive quantity of sales.,"- Monitor the market for price changes by my and the competition
   - Identify periods of high-profit margins and seek to maintain or expand within that range
   - Adjust prices strategically during periods of low competitor activity or when a perceived lack of competition arises
   - Test a variety of price points while staying mindful of market dynamics","Evidence shows that higher prices can result in fewer sales but increased profits per sale, yet there are exceptions where lower prices lead to more sales with reasonable profits. Flexibility is crucial in adapting pricing strategies to changing market conditions and competition dynamics.","- Higher pricing (around 5.0 $ to 7.5 $) can yield significant profits in some cases, while lower prices (< 5.0 $) may not be unprofitable but will generate smaller returns
   - Strategic price adjustments during competitor lulls or market opportunities lead to increased profit margins
   - Observing competitor behavior and adapting pricing accordingly aids in maximizing revenue
   - It may be beneficial to maintain a mix of high and low prices while keeping an eye on market trends and fluctuations"
228,5.25,6.5,69.10218677212028,14.48460522447838,141.65948288284656,47.799197240778646,"To maximize sales, it seems that my price should remain around $5 to $5.6, as this range resulted in 46-50 units sold. In order to stay competitive and generate higher profits, I will need to find a way to increase the quality of my product or introduce new features that justify a slightly higher price.",Consider expanding our marketing efforts by targeting specific niches or demographics that may appreciate the added value in our product despite the slightly higher price point. Continue monitoring competitor pricing strategies to stay competitive while maintaining healthy profitability.,"The competitor's lower prices could indicate they have a larger production capacity, potentially due to economies of scale. This suggests that by focusing on cost reduction, I may be able to lower my prices while still generating positive profits. However, this might negatively impact the quality or brand image of my product.","Adjusting the price dynamically based on market conditions and competitor moves has proven effective in boosting sales and gaining market share without sacrificing margins too heavily. However, it is important to maintain focus on the unique value proposition of our product to justify any premium pricing decisions."
229,5.3,6.0,59.89094043671835,24.96625839089564,125.77097491710852,69.90552349450779,"- Maintain competitive pricing
   - Continue emphasizing unique selling points and added value
   - Keep monitoring competitor's prices and adjust accordingly","- Continue observed trend of gradually decreasing prices while maintaining high-quality products.
   - Monitor the competitor's pricing and adjust strategy accordingly.
   - Consider targeted promotions or incentives to attract more customers.","- Consumers are more concerned about perceived value than actual price difference
   - A higher price point can be justified by offering a better quality, experience or unique selling points","- Lower prices can be effective in attracting customers, but the impact on profit margins must be considered.
   - The competitive market requires a flexible pricing strategy that adapts to changing circumstances."
230,5.4,6.0,56.85464148510542,26.85623100564553,125.08021126723193,75.19744681580748,"Analyze the historical data of both parties and identify pricing trends. Observe patterns such as market responsiveness to price fluctuations, seasonal variations, and demand elasticity. Utilize these findings to create targeted strategies to maximize profitability.","Consider implementing a pricing strategy that offers both low-cost and premium options. Test the market reaction to various prices around the average of 6.0, with slight variations to gather insights on customer segment preferences. Monitor sales volume and profit margin in relation to each price point.","It is crucial to remain competitive in pricing to maintain a stable market share and attract customers without sacrificing profits. Adopting dynamic pricing can help capture opportunities for higher sales volume when the competitor's prices are high, while still generating profit during periods when our prices are lower. Close monitoring of the competition, seasonal adjustments, and market trends will optimize our overall pricing strategy.","- The market appears receptive to a range of pricing strategies, but a significant portion of the transactions occur at prices between 5.3 and 6.25.
   - Higher prices can generate substantial profit, such as during rounds 140, 142, and 147, but they do not consistently result in higher sales volumes, indicating that a premium offering may appeal to a niche market.
   - Lower prices (such as the initial price of 5.0) can attract moderate-to-high sales volumes. However, it seems important to balance sales volume with profit margin since these lower priced rounds tend to have smaller profit margins."
231,5.0,6.0,68.48007660422945,19.619870436465018,123.264137887613,54.935637222102045,"Based on the current trend, consider offering a consistent price between 5.0 and 7.0 to maximize both sales volume and profit margin. Monitor our performance at these prices and be prepared to adjust based on competitor activity or changes in market conditions.","To remain competitive, I should aim to price my product within or just slightly below the competitor's range most of the time, occasionally raising the price slightly above theirs when sales are expected to drop due to a price increase from the competitor. I will continue to monitor our respective pricing strategies closely and adjust accordingly.","A lower price results in more units sold but a lower profit margin per unit, conversely, a higher price also results in fewer units sold yet a higher profit margin per unit. Our optimum pricing strategy seems to be between 6.0 and 7.0, with an emphasis on consistently competing at competitive prices without being too expensive or too cheap compared to our closest competitor.","Raising prices significantly can result in increased profits but might also cause a decrease in sales volumes unless competitors do not respond. It is essential to maintain a balance between price and volume, as a drop in either one could lead to decreased overall revenue. Keep monitoring the competitor's pricing strategies and market response to those adjustments."
232,5.3,5.5,49.22130955839604,38.33359442787882,103.36475007263167,88.16726718412129,Continually assess the competitor's pricing strategy while considering our own product's uniqueness to strike a balance that maximizes profits without alienating potential customers due to high prices.,"In light of my competitor's observed pricing behavior, I will aim to be slightly more responsive to their price changes in the future rounds. This may involve raising my price when I see them lowering theirs, and vice versa. It's also important to keep track of any patterns or trends in demand that may require adjustments to my pricing strategy.","Higher prices may lead to lower quantities sold, but pricing too low could undervalue the product and diminish perceived quality. Finding the optimal price point requires careful analysis of both competitive forces and product differentiation.","Observed that my competitor appears sensitive to price changes, frequently undercutting me when I raise mine. This suggests that there may be some room for me to adjust my pricing strategy without losing too much market share. It will be important to keep track of the dynamics between our prices versus demand during each round to gain a better understanding of what strategies are most effective in this competitive landscape."
233,5.0,5.9,66.73667740948567,21.66622698428776,120.12601933707418,58.49881285757696,"- Monitor the competitive landscape for potential price gaps to capitalize on increased sales volume.
- Consider adjusting our price to match or be slightly lower than our main competitors within the same product range.","* Maintain prices lower than the competition in small increments to attract customers (5 to 6 range)
* Monitor sales trends and adjust prices as needed based on market response
* Consider raising the price slightly above the competitor when it seems advantageous","- Lower prices may lead to increased volume sales.
- Opportunities exist in the market when no competitor is offering their product at a given price point.","* Customers are more likely to purchase our product when its price is lower than or very slightly lower than the competition
* Increasing the price too much can lead to reduced sales
* A small price increment above the competitor may be beneficial if done carefully and based on market trends"
234,5.7,5.5,37.02486769849954,47.54087117437437,92.56216924624886,109.34400370106104,"Consider implementing pricing strategies that include competitive analysis, as well as testing a range of prices to optimize profit and sales volume. Monitor competitor actions closely.","Keep monitoring competitor's pricing strategy closely and adjust our own accordingly. Maintain a slight price premium, but if the gap becomes too large, consider dropping the price to prevent loss of market share.","Maintaining high profits while increasing sales volume requires finding the right balance between price and quantity. A slight decrease in price may drive up the number of units sold, but be careful not to lower the price too much as it could negatively impact profit margins.","The competitor seems more sensitive to price changes, frequently altering its price based on market reactions; however, both prices and sales figures show that a slight premium can be sustained over the competition in certain rounds. It is also worth noting that when the competitor discontinues selling, it has a significant impact on our own sales performance."
235,5.3,5.5,49.22130955839604,38.33359442787882,103.36475007263167,88.16726718412129,"Consider offering multiple price points for our main product, using the lower price point as a competitive advantage over our competitor's higher-priced items. This will help increase sales volume while maintaining profitability due to its popularity among consumers.","- Monitor competition closely and adjust pricing accordingly to maximize revenue and maintain market presence
- Investigate potential long-term pricing strategies to ensure sustainability of profits, such as tiered pricing or offering incentives or packages to encourage larger purchases
- Continuously analyze sales data to identify trends and customer preferences, allowing for targeted price adjustments that cater to these needs","Our main takeaway is understanding that our competitor is sensitive to pricing and targeting their cheaper product at potential customers. It may benefit us to strategically adjust our own pricing to capitalize on this trend, while still maintaining profitability by utilizing multiple price points in our sales strategy. Additionally, we should keep an eye on market conditions for competitive advantages where no products are offered at a certain price point.","- It may be beneficial to establish relationships with competitors for potential strategic partnerships or cross-promotions
- Regularly evaluate the impact of price changes on sales volume and profit margins, using this information to make informed decisions about future pricing strategies
- Keep a close eye on industry trends and consumer preferences, using this knowledge to stay ahead in a competitive market"
236,5.0,5.5,58.51253967012006,31.31950557010255,105.3225714062161,72.03486281123585,Focus on maintaining competitive pricing to capitalize on sales opportunities while still generating profit. Monitor competitor's actions and react accordingly.,"- Monitor competitor's pricing strategy closely
   - Consider adjusting price when competitor's offering is not available
   - Balance potential for increased sales with preservation of profit margins","Price competition is important as setting similar or lower prices compared to the competition can lead to increased sales. However, it is also essential to strike a balance between profits and sales by carefully monitoring costs and revenue generated.","- Higher prices may lead to more sales, but at a cost to profit margins
   - Maintaining or adapting to the competitor's pricing strategy could be advantageous in some cases
   - Understanding when and why adjusting price is appropriate will require careful analysis of trends and individual pricing rounds"
237,5.0,5.7,62.86793604445428,26.207254792510508,113.1622848800177,65.51813698127627,"- Keep an eye on competitor pricing strategies and adjust our own accordingly.
   - Investigate the reasons behind the increased sales when lowering the price, while still maintaining a profit margin.
   - Consider introducing a promotional strategy to encourage customers during periods of lower demand.","Consider raising our price for certain items when we are significantly undercutting the competitor without a noticeable dip in demand, while being mindful not to reach extreme price points.","- Lower prices result in higher unit sales but lower profits per unit.
   - Higher prices result in lower unit sales but higher profits per unit.
   - Competitors' pricing strategies significantly impact our own (e.g., when they lower their prices, we should consider doing the same).
   - The product has historically been priced competitively, with fluctuations.","Although keeping a competitive base price (5.0) seems important, there is evidence that higher prices can still lead to high unit sales. It's crucial to analyze the market carefully before adjusting our pricing strategy to find the perfect balance between competitiveness and profitability."
238,5.4,5.0,34.06892610595999,56.17016314080711,74.95163743311198,101.1062936534528,"- Continue observing pricing patterns and adjust mine accordingly based on demand and competition
   - Consider implementing periodic promotions with slight price reductions to entice potential customers while maintaining a competitive edge
   - Monitor competitor's pricing fluctuations, looking for opportunities to lower prices during periods of inactivity or when they raise their own prices","In light of the market's volatility, it's important to closely monitor competitor pricing strategies and adapt flexibly. Consider conducting survey-based market research to better understand customer sensitivity to price fluctuations.","- Lower pricing can drive higher sales volumes but may impact profit margins
   - Competitive advantage is important as it can help differentiate products and appeal to budget-conscious customers
   - Regular monitoring and analysis of competitor pricing strategies is crucial for staying competitive in the market","Lowering the price significantly appears to boost sales but may affect profit margins negatively. It seems essential to find a balance between competitive pricing and maintaining acceptable profit levels. Price increases should be met with caution, as they risk reducing demand and market share while also possibly decreasing overall revenue if implemented at inopportune times."
239,5.0,5.5,58.51253967012006,31.31950557010255,105.3225714062161,72.03486281123585,"To maintain our competitive edge and attract more customers, we should consider promoting special offers or discounts on certain days or product bundles. We can also analyze the sales data to identify our best-selling items and focus our marketing efforts around those products.","Based on the observed trend of higher sales atcompetitive price points, consider maintaining a similar price strategy but with slight adjustments to stay ahead of the competition in terms of value and perceived quality. Monitor sales numbers during periods of increased competition (e.g., round 143 - 147) to identify any potential external factors affecting sales and address them accordingly.","Identify and track competitor pricing strategies, especially for items in comparable price ranges. Keep an eye on their special offers and promotions, as these can significantly impact market demand. Regularly analyze sales data to identify trends that dictate which products attract the most customers and modify our marketing strategy accordingly.","The data suggests that price plays a crucial role in the success of the product. To optimize sales, it's important to monitor competition prices, sales volumes, and customer sentiment towards the product at various price points. Additionally, factors beyond pricing may be affecting sales performance, such as marketing efforts, product quality, and perceived value by customers."
240,4.9,5.0,49.11948727783495,43.347795379232785,83.50312837231942,78.026031682619,"Consider a pricing strategy that capitalizes on customers' responsiveness to price decreases, while also being wary of instances where they might raise the price in hope to cash in on demand for expensive items.","In order to capitalize on our competitor's lower sales, we should consider implementing a competitive pricing strategy within our market segment. This could involve adjusting our prices to be slightly lower than our competitor's average price while maintaining quality and service.","Competitor's relatively stable pricing strategy may not be their best approach if they respond better to lower prices than higher ones; however, this does indicate an opportunity whenever our competitor chooses to raise the price significantly due to perceived high demand.","By analyzing the price-to-quantity relationship between us and our competitors, we can observe a potential advantage in implementing a more competitive pricing strategy to increase sales volume. Additionally, monitoring the occasional high prices of competitors could help identify opportunities to capitalize on their uncompetitive offerings."
241,5.0,5.3,53.73272589824353,36.929926430076826,96.71890661683834,77.55284550316132,"- Maintain a competitive pricing strategy that balances sales volume and profit margin.
      - Monitor the competitor's pricing and adjust accordingly to maximize sales and profits.
      - Consider implementing limited time promotions or discounts on certain products, based on historical data, when our price is higher than the competitor.","- Maintain a price strategy that competes with market averages but with an aim to differentiate based on quality or other competitive advantages.
   - Continuously monitor competitor's pricing strategies and adapt accordingly, while not undercutting our value proposition to maintain profit margins.
   - Explore potential partnerships with high-value retailers to expand product reach and ensure profitability.
   - Investigate opportunities for marketing initiatives to increase brand visibility and drive demand.","- Consumers are likely to purchase our product at a higher price point if they see it as a better value compared to the competitor.
      - Historically, we have seen success with lower pricing strategies that focus on increasing sales volume when there is a large discrepancy in prices between our products and those of the competitors.
      - When adjusting the price, consider the impact on both short-term profits and long-term brand perception as consumers may associate higher prices with better quality or a premium product.","- A strategic pricing approach of maintaining a price around market average, yet differentiating based on quality can generate higher profits and sustain competitiveness.
   - Competitor analysis is essential when adjusting pricing strategies to capitalize on opportunities for competitive advantage.
   - Market research and trend identification are crucial in making informed decisions regarding product pricing to remain sustainable and profitable in the long run."
242,7.0,5.5,10.375791304973689,67.65865833002736,39.42800695890001,155.61491415906292,"Optimize pricing strategy by focusing on a narrower price range that maximizes profit while maintaining competitive differentiation. Investigate market trends and competitor actions to guide pricing adjustments. Additionally, consider exploring dynamic pricing strategies to better respond to fluctuating demand and competitor movements.","To maximize profit, we should consider periodically increasing our product's price to levels above the competition and observe the impact on sales volume. However, it is important to maintain consistent competition in terms of pricing to secure a sufficient number of sales.","- Price flexibility allows for adaptability to changing market conditions.
   - Profit is maximized within a certain price range (6-7).
   - Maintaining competitive differentiation is essential to justify higher prices.","The relationship between price and profit appears to be positive but non-linear. A significantly higher price can lead to increased profit but lower sales volume. Conversely, maintaining a relatively low price relative to the competition results in higher sales volume, but at the cost of smaller profits."
243,5.3,5.25,43.15303604855989,45.936167759174594,90.62137570197575,94.16914390630791,"- Maintain a competitive but reasonable base price to attract customers consistently.
- Observe opponent's price changes and make adjustments accordingly, but be cautious not to drastically increase the price as it might lead to decreased sales.
- Continuously evaluate sales data to find an optimal pricing strategy that maximizes profits while maintaining a reasonable quantity sold.","I recommend the following price points for the upcoming pricing rounds to test the impact on sales and profitability:
   - Begin with a competitive price closer to the competitor's (e.g., Round 146 price)
   - If the sales do not significantly increase, consider introducing slight adjustments in price to determine if a lower or higher price can be more attractive to customers","- High prices do not guarantee higher profits, especially when they result in fewer sales.
- Competitive pricing can attract more customers initially, but adjustments must be made to capitalize on this advantage and maximize profits.
- It is essential to consider the impact of price changes on both the quantity sold and total earnings.","- Pricing appears to have a noticeable impact on sales volumes, as seen when the product is priced competitively, and sales are significantly higher than other rounds where the product was priced differently (e.g., Rounds 151 and 150).
   - It seems consumers may not be sensitive to price fluctuations within a relatively narrow range around the competitor's price, as in some instances, the quantity sold did not change despite pricing variations (e.g., Rounds 146, 153)."
244,5.3,5.3,44.38842436284444,44.38842436284444,93.21569116197331,93.21569116197331,"To maximize profit, it is essential to find a balance between the sale volume and the profit per unit by adjusting our price point according to market demand. We can also consider other strategies such as promotions or bundle deals to stimulate sales.","- Adapt pricing dynamically based on the competitor's price
   - Monitor pricing trends over multiple rounds
   - Set prices higher when possible, while ensuring that the quantity sold remains reasonable to generate profit
   - Continuously analyze market conditions and adjust pricing strategies accordingly","Price elasticity of demand is considerable in this product line, meaning that changes in the price will directly impact sales transactions and overall revenue. By monitoring competitor prices and adjusting ours accordingly, we can find a profitable sweet spot for our target market. Moreover, it would be beneficial to investigate other factors such as seasonality or consumer preferences to further optimize pricing strategy.","- Pricing flexibility is key to achieving maximum profit in this dynamic market
   - Monitoring and responding rapidly to competitor pricing changes helps maintain a competitive edge
   - Identifying trends within the data and making data-driven decisions increases chances of success"
245,5.98,5.0,20.01712886872345,68.14163116976135,55.6476182550512,122.65493610557043,"- Adapt the price strategy more closely to the competitor's to increase sales while maintaining or improving profitability.
   - Monitor changes in the competitor's pricing and adjust our own strategy promptly to capitalize on potential disadvantages or advantages.
   - Conduct market research to identify price elasticity and optimal pricing levels for this product.",No plan found.,"- Pricing competition plays a crucial role in the success of this product, as our sales significantly decrease when prices are too different from the competitor's.
   - A more flexible price strategy could help seize opportunities for increased sales and profitability by matching or exceeding the competitor's pricing.
   - Further research is required to determine price elasticity and find an optimal pricing approach to achieve long-term success in this market.",No insight found.
246,5.3,5.5,49.22130955839604,38.33359442787882,103.36475007263167,88.16726718412129,"* Maintain a higher price relative to competitors, but be mindful of significant price changes by your competition and adjust as necessary.
* Experiment with moderate price decreases when faced with steep competitor’s increases.
* Monitor customer demand response to different pricing strategies.","- Maintain a competitive pricing strategy by consistently analyzing market rates and adjusting accordingly.
- Experiment with reduced prices in specific rounds or situations where potential customer appeal may increase overall revenue.
- Cautiously consider lowering prices when they are set unusually high, as it could prevent potential zero sales.","* Competitors tend to keep prices closer to each other, but a significant gap may present an opportunity for increased sales (e.g., round 151).
* Demand appears elastic in the short run as price changes lead to dramatic fluctuations in sales quantities. However, there is a limit to this elasticity when the price is too low (e.g., round 172) or too high (e.g., round 160 and 164).
* Pricing should balance between capturing more market share with aggressive pricing and ensuring profitability by maintaining a higher price floor.","- Reducing prices can result in increased sales and revenue (e.g., Round 172).
- Pricing too high may lead to no sales (e.g., Round 160, 164).
- A strategic pricing approach that balances competitiveness and customer appeal is essential for sustained success."
247,4.9,5.3,56.82187438260164,34.46420895538779,96.5971864504228,72.37483880631434,"To maintain a competitive advantage, it is crucial to maintain flexibility in our pricing strategy and stay responsive to market trends. We should monitor competitor's movements closely and be prepared to adapt quickly when necessary. Additionally, we should consider targeting specific market segments with attractive pricing, such as the lower-tier and mid-tier markets where our product seems to enjoy increased demand over the competition.","To remain competitive while maximizing profitability, we should consider adopting a more flexible pricing strategy that takes into account both our own production costs and market demand dynamics. This could include lowering prices when necessary to attract customers during periods of slower sales, but also raising them to reflect increased value or scarcity when demand is high.","The competitor's pricing strategy appears to capitalize on a broad range of market tiers, demonstrating an understanding of consumer preferences across various price segments. Additionally, observing that their most aggressive pricing movements occur when priced higher than our reference price ($5.0), it seems they aim to maximize profitability in the premium sectors. Lastly, high-price points ($60.0 and $100.0) suggest an attempt at capturing a niche market of higher income consumers willing to pay for premium products.","By observing the competitor's pricing strategy closely, it appears that adaptability and responsiveness are key factors in their approach. This may be an opportunity for us to study further their techniques and learn from them, so we can better adjust our own pricing going forward."
248,6.0,5.3,24.96625839089564,59.89094043671835,69.90552349450779,125.77097491710852,Adjust prices to remain competitive while maintaining profitability. Continuously monitor the market and adjust accordingly. Consider adopting a more flexible pricing strategy to keep up with the competition.,"Consider testing various pricing strategies closer to competitor prices, and monitoring the impact on sales for the Regularly Priced Item.","Higher prices, while potentially leading to greater profits in some cases, can lead to significantly decreased sales (as seen in rounds 160, 163, 164, and 165). It is crucial to find a competitive but profitable price range. The competitor's pricing strategy is not as successful in generating profit as the seller's, but it does impact the seller's sales volume as seen in rounds such as 58, 151, and 153.","The High Priced Item consistently has no sales; it may be more beneficial to reconsider this product's pricing strategy. Additionally, pricing the Regularly Priced Item closer to competitors prices could result in increased sales. It is also worth noting that there seems to be a sensitive threshold for customer acceptance of the Regularly Priced Item, as shown by the significant decrease in sales at both 100.0 and 60.0 prices."
249,5.98,6.0,38.95802437299627,37.996147324024655,108.30330775692964,106.38921250726902,Our strategy should focus on keeping the price competitive but with room for slight differences to create an appealing offer for our customers. We also need to monitor how price changes affect overall sales.,Maintain close watch on competitor's pricing strategy and be prepared for swift adjustments as necessary. Continue research to gather data about consumer preferences and price elasticity in our product category.,"In this market segment, being significantly more expensive than the competition can lead to a decrease in demand even if the quality is superior. It appears that keeping prices competitive is crucial to success, but offering unique features or benefits could potentially increase perceived value, allowing for a slightly higher price point.","Adopting a dynamic pricing strategy has yielded positive results in terms of increased sales volume, but the low pricing must be balanced with maintaining satisfactory profit margins. Further analysis is needed to identify optimal pricing levels that maximize both profits and market share capture."
250,6.0,6.0,38.36517311905507,38.36517311905507,107.4224847333542,107.4224847333542,"It may be beneficial to continue pricing the product competitively between $5.00 and $6.00 as it has been moderately successful thus far. However, further price testing at different price points within this range should be conducted to fine-tune the optimal price.","- Maintain a price range between 4 and 7 dollars to maximize profit.
   - Analyze competitor's pricing strategies to determine the optimal price point while staying competitive.
   - Implement marketing campaigns to boost sales during periods of lower demand.",It is important to remain flexible with pricing in order to adapt to market conditions and customer demand. Pricing too high can lead to zero sales and reduced profitability while pricing too low may not generate sufficient profits. Balancing these factors will be crucial in achieving long-term success.,"- Lower prices are more attractive for customers, but this may lead to decreased profitability.
   - High demand periods should be capitalized on by increasing prices while still remaining competitive.
   - Regularly reassessing the pricing strategy is essential to keep up with market conditions and competitor actions."
251,5.98,5.98,38.586866163452626,38.586866163452626,107.27148793439831,107.27148793439831,"Keep monitoring the competitive landscape and identify opportunities to differentiate our product further from competitors. Increase marketing efforts in areas where we have shown success, and expand into new markets if possible.","It might be beneficial to consider pricing strategies that better position us against our competitor. For example, we could aim to lower our price slightly to encourage more sales and attract potential customers who may be comparing products based on cost. We should also consider creating price tiers or bundles to offer more value for those who are willing to pay a premium for additional features or benefits.","Our product appears to be highly profitable within a price range of 5.5 - 6.0. However, lowering the price slightly (by 0.1 or 0.2) can result in increased sales and higher profits on greater volumes. Carefully consider pricing strategies that balance profit margins with maintaining desirability for customers.","Pricing appears to have a direct impact on the quantity sold, with higher prices resulting in lower sales and lower prices leading to increased sales. We should be mindful of our pricing strategy and consider adjusting it accordingly based on market demands and competitor's pricing actions. Additionally, we may want to test different pricing models (bundle deals, tiered pricing) to appeal to a broader audience and increase overall sales."
252,5.5,5.99,53.572002868535876,29.035714218865355,123.2156065976325,81.00964267063434,Implement a price tracking system to monitor competitors' prices and adjust our own price accordingly. Continuously evaluate potential sales data for different price ranges to identify optimal pricing strategies. Consider offering promotions or discounts to generate initial interest when adjusting prices higher than the competition.,"- Maintain competitive pricing with a slightly higher price point close to $6.0
   - Monitor competitor's pricing and adjust our own as needed
   - Regularly test different price points and analyze their impact on demand","Lower competitive pricing (around 5-6 dollars) results in significant sales volume, while pricing significantly above or below the competition leads to minimal or no sales. It may be valuable to implement a dynamic pricing strategy that continually monitors and adjusts based on competitor actions and market conditions.","- Price sensitivity is present, with customers responding positively to certain price ranges (around $6.0) but negatively to extreme prices such as $1 or $0.01
   - Customers seem to prefer purchasing more when the price is around $6.0
   - Pricing strategy should aim for a balance between affordability and profitability while keeping an eye on competitor's moves"
253,5.98,5.0,20.01712886872345,68.14163116976135,55.6476182550512,122.65493610557043,"- Continue adjusting the selling price based on competitor's pricing, aiming for an optimal range that maximizes sales volume and profit at the same time.","- Continue monitoring competitor pricing strategies to stay competitive
   - Consider offering limited quantity discounts to drive sales, if feasible
   - Explore opportunities for bundle deals or package options to increase average order value","- It is essential to monitor the competitor's pricing strategy as it can significantly impact our sales quantity and profit margin – striking a balance between both is ideal.
     - High and inaccessible price points (e.g., $100.0) can be detrimental to our market position, as they do not increase sales volume or generate profit.","- Lowering the price can drive sales when it remains profitable but must be done strategically and not excessively (e.g., Rounds 162 and 158)
   - Pricing too high may discourage potential customers from purchasing, even if the product is of higher quality or offers unique features (e.g., Round 171)
   - Competitor pricing can have an impact on our sales, but it's important to also evaluate other factors such as marketing, brand positioning, and customer preferences when making pricing decisions"
254,5.98,157.0,62.831618829536616,6.519847354857305e-81,174.6719003461118,1.0027525231770535e-78,"* Continue analyzing the competitor's pricing strategies
   * Identify patterns in why certain moves paid off and others did not
   * Consider implementing our own dynamic pricing strategy but with a focus on minimizing potential losses from incorrect predictions",Consider maintaining flexible pricing based on competitor strategies while ensuring prices are competitive but do not undercut ourselves. Continue monitoring sales volume and profit margins to gauge the effectiveness of this approach.,"* Competitor A's aggressive dynamic pricing strategy can work but requires careful analysis to minimize potential losses
   * Fluctuating prices based only on the competitor's move without considering our own capabilities and costs may not be effective in the long run
   * Maintaining a competitive, stable price while keeping an eye out for opportunities to undercut competitors can lead to sustainable growth","Price elasticity is a key factor in our sales performance. When our prices are lower or close to the competitor's, we experience less demand. However, when our prices are significantly higher than the competitor's, especially by more than double, there appears to be a significant increase in sales volume. It would be advantageous to further explore this relationship and determine optimal pricing intervals for maximum profitability."
255,5.46,5.0,32.404937211727145,57.58780314169294,73.23515809850333,103.65804565504727,"* Observe the competitor's price movements more closely.
* Consider adjusting our prices slightly to stay competitive while increasing profit margins where possible.
* Evaluate market demand and customer feedback in order to optimize our pricing strategy further.",Keep an eye on the competitor's pricing strategy while being mindful of maintaining profits. Consider implementing various price points strategically to take advantage of potential demand spikes and gain market share without excessively damaging the bottom line.,"* The competitor tends to price their product at 5.0, 5.46, 5.5, or 5.98, with fluctuating quantities sold.
* A lower entry price might grab the customer's attention initially, but it may not lead to sustainable profit in the long run.
* It is important to be mindful of when and how we adjust our price to avoid negative impact on perceived value or market share.","The demand appears to be sensitive to price changes, making it essential to study the impact of pricing modifications to ensure both profitability and competitive positioning. Additionally, the competitor's high prices might deter potential customers from buying, suggesting a possible opportunity for market penetration when offering more attractive pricing."
256,5.5,5.0,31.31950557010255,58.51253967012006,72.03486281123585,105.3225714062161,"- Maintain prices consistently lower than the competition when possible
   - Monitor sales volume andadjust pricing accordingly to maximize sales
   - Review competitor pricing strategies to stay ahead of the market trends
   My chosen price: 5.5 (based on maintaining a competitive price while maximizing sales)","Moving forward, I aim to maintain a dynamic pricing strategy that capitalizes on consumer sensitivities toward both high and low prices. I will focus on monitoring the competitor's pricing strategies closely while also analyzing the demand elasticity for my product at various price points.",No insight found.,"The data suggests a complex relationship between my product's pricing, consumer preferences, and market dynamics. It seems that both high- and low-priced options can be successful in certain circumstances, and so it is crucial to adapt the pricing strategy flexibly based on those circumstances. Additionally, keeping an eye on the competitor's price movements will help make better informed decisions about my product's pricing."
257,5.98,5.6,31.254204063029793,50.25720386446982,86.88668729522283,120.61728927472755,Continue adjusting prices strategically based on competitor's actions and sales data. Consider adopting a more dynamic pricing strategy that capitalizes on higher profit opportunities while remaining competitive. Analyze sales trends and customer reactions to make informed decisions about future price changes.,"Review current pricing and compare it with competitors. Develop a pricing strategy that takes into account market sensitivities, competitor's prices, and potential revenue losses or gains.","Pricing appears to have minimal direct impact on competitor's behavior or sales, suggesting the need for a more nuanced understanding of market dynamics and customer preferences. It may be necessary to consider additional factors like product features, marketing efforts, and customer service when aiming to outperform the competition.","The market appears to respond positively to price reductions, suggesting that the pricing could be optimized further to increase sales. However, it is crucial to ensure profitability while doing so."
258,6.0,5.98,37.996147324024655,38.95802437299627,106.38921250726902,108.30330775692964,"- Review price sensitivity among different market segments
   - Analyze competitor pricing patterns, including discounts and promotions
   - Explore targeting low-price sensitive customers with occasional special offers
   - Evaluate the feasibility of lowering our base price incrementally to increase overall sales volume
   - Examine the impact of pricing on brand perception and positioning in the market","- Observe the relationship between price and quantity sold
   - Experiment with changing prices in small increments to optimize profitability
   - Continuously monitor customer feedback and market trends to adjust pricing accordingly","- Our product often maintains a higher price, possibly due to perceived quality or brand image
   - Competitors strategically utilize promotional pricing to attract customers, a strategy worth considering
   - Monitoring fluctuations in competitors' prices can help gauge market demand and customer preferences
   - It is essential to remain competitive while maintaining our unique value proposition to maximize sales and profit opportunities.","- Lowering the price slightly can increase sales volume, boosting total profits
   - Prices that are too high may deter potential customers and result in zero sales
   - It is crucial to conduct competitive analysis to ensure the chosen price remains competitive within the market
   - Frequently reviewing historical pricing data can help identify pricing trends over time."
259,4.9,5.98,70.79168756475916,18.352055535850674,120.34586886009058,51.01871438966488,"- Monitor competitor pricing strategies closely to identify any patterns or trends.
   - Conduct market research to determine the optimal price point for the target market segment.
   - Develop an advertising and promotional strategy to differentiate the product from the competitor's offering at a lower price point.","- Establish a more consistent pricing strategy to provide clarity and confidence to potential customers
   - Reduce the price range to come closer to our competitors' prices (5.0 to 6.0) while still maintaining profitability
   - Monitor the impact of pricing changes on quantity sold to optimize future strategies","- Lower pricing can lead to increased sales, but extreme low prices may result in no sales (e.g., round 172).
   - The competitor's wide range of pricing may suggest targeting multiple market segments or possible errors/experimentation.
   - High prices do not guarantee fewer sales; sometimes, even very high prices can result in zero sales (e.g., rounds 164, 165, and 166).","- Our product has been competitive in terms of quantity sold, with an average of approximately 46 units per round
   - The wide price range (1.0 to 100.0) may be causing confusion and deterring potential customers
   - A more consistent pricing strategy is necessary for improved market positioning"
260,5.7,5.0,26.207254792510508,62.86793604445428,65.51813698127627,113.1622848800177,No plan found.,"Consider implementing targeted marketing strategies for specific price points where we are more competitive. This may help improve sales volumes and maintain or increase profit margins. Additionally, analyze the market demand at various price points to identify opportunities for pricing adjustments.",No insight found.,Prices below $6 seem to attract more customers but at reduced profit margins. Pricing above $6 may result in fewer sales but improved profitability. It is essential to find the balance between competiveness and profitability to maximize overall business performance.
261,5.6,6.0,50.64803910556543,30.71958857184983,121.55529385335701,86.01484800117952,"Keep experimenting with moderate prices between 5.0-6.0, as they seem to be successful with both high quantity sold and profit earned. Continue analyzing the data to identify patterns of demand and adjust pricing accordingly.",Maintain current pricing strategy or slightly raise the price to improve competitiveness without significantly impacting profit margins.,"- Moderate pricing appears to be effective in attracting consumers
   - Avoid extreme low or high prices as they do not seem to generate profitable sales
   - Analyze historical data to spot trends on quantity sold and profit over time","It is essential to be competitive in pricing while also considering quantity sold and potential profitability at each price point. Higher prices may not lead to significant sales, causing overall losses, whereas lower prices could result in short-term profit but might have adverse effects on brand image and long-term profits."
262,6.0,5.0,19.619870436465018,68.48007660422945,54.935637222102045,123.264137887613,"To develop effective pricing strategies, I will analyze each round's pricing and quantity data, identify patterns, and use that information to predict optimal prices for future rounds. A potential approach could be adjusting the price based on the competitor's price and the historical success of certain price points, while considering market trends.",Consider implementing a dynamic pricing strategy that adjusts prices based on market conditions while ensuring profitability. Regularly analyze sales data and adjust prices accordingly to maximize sales without compromising on profits.,"Insight: Prices that are too high compared to competitors can result in drastically reduced sales (e.g., Round 165 with a 85 USD product). It appears that staying competitive in pricing is essential to maximize sales and profitability.","Despite initial assumptions, higher prices do not automatically lead to increased sales. It's essential to find the optimal balance between price and demand to maximize profit potential. Adapting prices based on market trends may help achieve this equilibrium."
263,5.98,5.5,29.293949912501066,53.37705687326612,81.43718075675297,122.76723080851207,"- Revisit historical data to identify patterns and trends in customer behavior at different price points.
   - Conduct market research to gauge customer perception of the product at various price levels.
   - Test different price tiers to find an optimal balance between accessibility, perceived value, and profitability.","Continue with a competitive pricing strategy while being mindful of sales volume and profit margins. Consider testing lower price points to increase sales, but maintain awareness of overall profit goals.","- Lower prices may generate more sales but may not necessarily translate into higher profits.
   - Customers are sensitive to price changes, particularly when price drops significantly from a previous level.
   - It's essential to understand the customer's perception of value and willingness to pay at different price points.","Lower prices (such as $5.5) seem to drive more sales in this market. However, extremely high prices do not sell well and should be avoided. It may also be worth monitoring the competitor's price changes as a potential indicator of market trends or demand levels."
264,5.0,5.0,46.00294354493428,46.00294354493428,82.8052983808817,82.8052983808817,"- Maintain competitive pricing by sticking to a similar range as the competitor prices given.
   - Continuously monitor profit margins across different price points to ensure optimality.
   - Adjust prices as needed based on market demand and pricing competition.
   - Offer periodic promotions or discounts on the higher-priced items to stimulate sales.","Consider pricing strategy adjustments based on competitor pricing, offering lower prices with a higher volume of sales as the primary goal, keeping an eye on overall profitability.","- Lower profit margins are observed when the price point is too high, causing fewer sales due to less customer appeal.
   - Customers respond positively to lower prices in comparison to competitors, leading to increased sales volumes and higher average profits.
   - Balancing competitive pricing, while ensuring a reasonable return on investment, is essential for long-term profitability.
   - Continuously monitoring competitor pricing adjustments and market trends will help maintain an overall profitable strategy.","Lower pricing appears to be effective in increasing sales volume, but care must be taken to ensure that pricing isn't so low that profits are sacrificed. It may be beneficial to explore a dual pricing strategy, offering competitive prices for average customers while also having unique offerings at premium or lower price points."
265,5.0,5.0,46.00294354493428,46.00294354493428,82.8052983808817,82.8052983808817,"For future pricing decisions, we should analyze the competitor's pricing behavior closely and aim to price our product below their average while still maintaining sustainable profit margins.","To remain competitive and profitable, we need to explore a dynamic pricing strategy that caters to various market needs. This involves regularly monitoring the competitor's pricing, customer buying behavior, and industry trends. We should also consider offering promotions and discounts during off-peak seasons or for bulk purchases.","Our current pricing strategy of matching the competitor's price occasionally may not be maximizing sales as customers seem more attracted to our product at slightly lower prices. Additionally, higher price points negatively impact sales quantities, indicating that customers are sensitive to costs.","* Lower prices tend to attract larger sales volumes, but with lower profit margins
* Premium pricing can be effective in certain circumstances, capturing higher profits
* It is crucial to monitor competitor pricing, customer buying behavior, and industry trends
* Promotions or discounts during off-peak seasons/bulk purchases may drive more sales and increase profitability"
266,5.5,5.5,43.017182742002014,43.017182742002014,98.93952030660462,98.93952030660462,"- In order to gain a competitive advantage, it will be crucial to monitor the competitor's price changes carefully. Be prepared to quickly adjust our own prices in response.
    - When deciding on new pricing tiers or products, consider the current market position and our target audience cost-sensitivity. Look for possible niches where we can differentiate and set premium pricing.","```
Continue to monitor competitor pricing and adapt pricing strategy accordingly. Experiment with competitive price points while maintaining a reasonable profit margin. Utilize a mix of low and high-end pricing depending on demand.
```","- There seems to be a general trend of My competitor keeping the price near $5.00, occasionally dropping below or raising just slightly above. This suggests a cost-conscious approach that attempts to stay competitive while maintaining profit margins.
    - Interestingly, in Rounds 172 and 168, The competitor offered a price much higher than ours ($1.00 and $6.00 respectively), suggesting possible overreach or an attempt to capture premium customers for those specific rounds.","```
Lowering the price below $5.0 can lead to increased sales volume but decreased profit per unit (e.g., Round 172), while setting the price too high might limit overall sales (e.g., Round 184). Keep an eye on competitors' pricing movements and attempt to stay one step ahead.
```"
267,5.0,5.3,53.73272589824353,36.929926430076826,96.71890661683834,77.55284550316132,"- Analyze the competition's pricing strategy and consider implementing dynamic pricing tactics.
   - Experiment with various price ranges to identify optimal balance between profit margins and quantity sold.
   - Monitor competitor's response to pricing adjustments and adapt strategy accordingly.","- Continuously monitor competitor's pricing strategies and adjust accordingly
   - Analyze market trends and adjust pricing based on customer demand fluctuations
   - Optimize pricing models by incorporating data analytics to forecast price sensitivity","- Keeping a consistent price appears to be effective in maintaining steady sales (e.g., Competitor 2).
   - Significant price reductions can lead to increased sales volume, but may result in financial loss (e.g., Round 172 for the first competitor).
   - Monitor competitor's movement and react accordingly; if they significantly lower their prices, consider adjusting your own pricing as well.","- Customers are more likely to purchase when the price is perceived as fair but competitive
   - Increasing prices too aggressively can result in a loss of market share
   - Pricing adjustments should be made carefully and strategically based on a thorough analysis of market conditions"
268,5.98,5.0,20.01712886872345,68.14163116976135,55.6476182550512,122.65493610557043,"- Analyze pricing trends with a focus on customer segmentation to identify price sensitivity across different demographics
   - Assess the impact of external factors (e.g., economic conditions) on our target market's willingness to pay
   - Conduct price elasticity testing to better understand how changes in our product's price might affect demand","In future pricing strategies, we should focus on maintaining the price around $5 or slightly below, with occasional promotional offers at a discounted rate to drive increased sales volume.","- Lower prices can lead to higher sales and increased profitability, but there is a potential risk of losing some high-value customers [172, 171, 135-123, 108-100]
   - Our target market appears sensitive to price changes, and careful adjustments can help optimize sales and profit [170-169, 151-134, 126-106, 98]
   - Periodic reassessment of pricing strategy, taking into account emerging trends, is crucial to maintaining a competitive advantage","As seen from the data analysis, maintaining our product's price around $5 can balance sales quantity and profit margin. Offering lower prices during promotions might help increase demand while allowing us to expand market reach without taking substantial losses. Additionally, high-priced offers at $10 do not seem effective in increasing sales and may lead to greater financial risk."
269,5.0,6.0,68.48007660422945,19.619870436465018,123.264137887613,54.935637222102045,"We need to carefully analyze each pricing round and adapt our strategy based on competitor actions. Avoiding lower prices and closely monitoring sales trends are key priorities, especially when considering higher prices.","- Analyze competitor prices for strategic positioning
   - Consider pricing differentiation based on market value perception
   - Monitor sales volumes and profitability to adjust prices accordingly","In certain rounds setting a higher price can lead to increased sales despite stronger competition. Further investigation is required to determine the driving factors behind these spikes in demand. However, it is important to remember that setting a lower price can result in significant losses and should be avoided.","- Aggressive price competition (e.g., Round 172) does not always result in increased market share, as buyers may perceive the lower-priced product as of lower quality
   - Higher pricing can be effective for niche or luxury goods with a strong perception of value (e.g., Rounds 180 and 190)
   - Timing is crucial when undercutting the competition, as lower prices may attract customers but also risk devaluing the product's perceived worth (e.g., Rounds 159 and 166)"
270,5.3,4.5,25.18180365601365,68.45123928596539,52.88178767762865,88.986611071755,"1. Continue analyzing price competitiveness with the competitor.
    2. Maintain a pricing strategy that is slightly higher than the immediate competitor, while ensuring profitability.
    3. Monitor the impact of the pricing strategy on market share and customer perception.
    4. Consider implementing price promotions or discounts strategically to entice potential customers.",Optimal pricing strategy requires monitoring competitor pricing and adjusting accordingly. Target market segment is individuals seeking comparable products in the sub $5 range while maintaining a reasonable profit margin. Regularly conduct competitor analysis to ensure prices remain competitive.,"1. Maintaining a competitive pricing strategy appears crucial in this market, as indicated by consistent price comparison with the immediate competitor.
    2. The subject's slight price premium may offer room for profitability within a competitive environment.
    3. Price promotions or discounts could help attract more customers while still remaining price-competitive.
    4. It is essential to monitor the market and adjust pricing strategies as needed to maintain relevance in the face of competitor moves.","Competitors are focusing on a wide price range with varying levels of success. At the lower end of the pricing spectrum, greater quantities can be sold; however, a higher price point results in more profit per item sold (albeit less quantity). It is crucial to strike the right balance between affordability for consumers while sustaining profitability for the business."
271,5.0,5.5,58.51253967012006,31.31950557010255,105.3225714062161,72.03486281123585,"Considering higher volumes at lower prices, let's continue pricing our product affordably to maximize sales while also ensuring sustainable profit margins. Regularly monitor and adjust prices based on competitor actions and market factors.",Pricing should be adjusted strategically based on current market conditions and competitor behavior. Regular monitoring of sales and the competition is essential to achieving maximum profitability.,"Price competition is strong with the competitor, but our business model seems to benefit from higher volumes at lower prices. We need to keep a close eye on both pricing strategies and the overall market conditions to stay competitive. Furthermore, it's essential to maintain a balance between maximizing sales volume and maintaining reasonable profit margins.","In this market, a price close to $5 may provide adequate sales volume while keeping competition in mind. Frequent competitor analysis and adjustments to pricing could potentially lead to profitable outcomes as the optimal price point may vary over time due to market dynamics."
272,5.2,5.0,39.88583752995175,51.21442915433586,79.7716750599035,92.18597247780454,"Consider maintaining prices near the competitive average of around 5.0 to maintain a higher quantity sold while still generating reasonable profits. Regularly monitor competitor's pricing strategies and adjust accordingly, while also paying close attention to market trends and customer demand.","- Continuously monitor competitor pricing and adjust our own price accordingly to remain competitive in the market.
- Take advantage of periods when the competitor has no price by increasing our own prices slightly to capitalize on potential demand.
- Consider offering promotions or discounts during slow periods to attract customers and increase sales volume.","A higher starting price may not necessarily result in higher sales numbers, as seen between Rounds 185 and 173. Additionally, it seems that the competitive landscape plays a significant role in determining sales figures; therefore, staying updated on competitors' pricing strategies is essential for a successful market positioning. Lastly, it appears that adjusting prices based on market trends may be profitable over maintaining static prices.","- The product's price point is relatively high, and there are opportunities to potentially lower it and still maintain profitability.
- Monitoring competitor pricing strategy can help identify trends that might be indicative of upcoming business moves or market conditions.
- Regularly evaluating sales volume and revenue during periods when the competitor has no price will provide valuable insights into the sensitivity of the market to price changes."
273,5.0,5.0,46.00294354493428,46.00294354493428,82.8052983808817,82.8052983808817,Adjust our pricing strategy to cater towards wider market segments by keeping a competitive edge while ensuring stable profits. Consider offering promotional discounts during periods with no or minimal competition and introduce new product features to reinforce customer loyalty.,"Adjust our pricing strategy to closely match the competitor's prices in order to remain competitive and not lose market share. Consider implementing dynamic pricing strategies to respond quickly to competitor moves, but be cautious not to undercut ourselves too much.","- The competition is quite strong in this market, but we have found success in maintaining an attractive pricing strategy while still ensuring a healthy profit margin.
   - Promotional offers prove effective when strategically placed during periods with low competition or seasonal trends.
   - Customer loyalty can be reinforced by introducing periodic product updates and staying aware of evolving customer preferences.","Competitors are a crucial factor in our pricing decisions; closely monitoring their prices is essential for remaining competitive. It appears that aggressive pricing can be effective in attracting customers (Rounds 1-90), but be cautious not to compromise profit margins in the process."
274,5.0,6.0,68.48007660422945,19.619870436465018,123.264137887613,54.935637222102045,Maintain a competitive price point around 5.0 to maximize sales quantity. Review pricing strategy periodically and adjust as needed to stay competitive in the market.,Keep an eye on competitor's pricing strategies and adjust mine accordingly to maintain or gain market share. It may be advantageous to consider introducing promotions or discounts during periods when my price is less competitive.,Higher prices (10.0) are not effective at increasing sales when there is competition. Pricing competitively can help maintain market share during periods without direct competitors. Incorporating periodic price adjustments may aid in staying competitive over time.,"Competitor pricing plays a significant role in determining profit. Adapting to their strategies can help maximize revenue and market presence. The connection between price and quantity sold indicates that customers may be sensitive to differences in cost, making it essential to maintain a competitive – yet profitable – pricing structure."
275,6.0,5.98,37.996147324024655,38.95802437299627,106.38921250726902,108.30330775692964,"- Consider testing different pricing strategies to determine the optimal pricing level based on competitors' actions and current market conditions.
   - Focus on understanding customer preferences and adjust prices according to the data to maximize sales volume.
   - Monitor competitor pricing closely and respond swiftly to changes to maintain a competitive edge.","Maintain a flexible pricing strategy, adjusting prices depending on the competitor's moves while ensuring that our product remains competitively priced. Continue monitoring changes in customer purchasing patterns and respond to price drops from competitors by adjusting our own pricing accordingly.","- There is evidence that a higher price does not always result in increased profits due to reduced quantity sold.
   - It seems that the seller may have an opportunity to increase profits by finding the right balance between price and sales volume.
   - Paying attention to competitors' pricing strategies and adjusting accordingly can be crucial for success in this market.","Our customer base appears willing to pay a moderate to high price for the product, with strong demand at around 5.98 dollars. Competitors with lower prices can impact demand, but a well-executed pricing strategy can sustain sales even in the face of competition. It is essential to keep an eye on our costs to ensure profitability while maintaining competitiveness."
276,5.98,5.0,20.01712886872345,68.14163116976135,55.6476182550512,122.65493610557043,"- Monitor competitors' prices closely and adjust our own price accordingly while considering our unique selling points.
   - Consider offering promotions or discounts during periods when sales are slow due to high competitor pricing.
   - Continuously evaluate the impact of changes in price on overall sales volume.","Consider implementing a more flexible pricing strategy based on market conditions and competitor dynamics. Monitor sales volume and profit margins closely, adjusting prices as needed to optimize revenue and maintain competitive advantage.","- Offering a higher price can still yield high sales, but it should be strategic and carefully considered.
   - A lower price can increase sales volumes and possibly increase market share if it is competitive.
   - There may be opportunities to capitalize on higher competitor prices with higher pricing strategies.","Further research is required to understand the impact of varying price points on customer demand and profitability. Additionally, consider investigating pricing strategies employed by competitors and identify opportunities to differentiate from their offerings."
277,6.0,5.6,30.71958857184983,50.64803910556543,86.01484800117952,121.55529385335701,"- Maintain a competitive price range around 5.0-6.0, adjusting based on competitor's actions and market trends
   - Monitor competitor's price changes and respond strategically to their reactive approach
   - Consider expanding the product line or offering additional services to increase overall profit margin
   - Continuously analyze market pricing trends and competitor's behavior to optimize strategies","- Monitor competitor's price adjustments closely to stay ahead of them in terms of pricing strategy.
   - Test lowering our price at specific intervals to increase sales but ensure profitability.
   - Keep researching new ways to improve product value and differentiate ourselves from the competitor.","- Competitor's pricing seems to be primarily focused on reacting to my own price changes
   - The strategy appears less proactive than reactive, possibly focusing more on immediate profits rather than long-term growth
   - Identifying opportune moments to raise prices without incurring significant customer loss is crucial for maintaining and increasing profit margins
   - Keep a close eye on competitor's rounds where they post high profit margins to learn from their success and apply it to my own pricing strategy","- Lower prices tend to lead to higher quantities sold compared to competitive pricing or slightly higher prices.
   - Maintaining a competitive price range (4.98-10.0) is essential in staying competitive with the existing competitor.
   - Absence of a direct competitor appears to impact sales negatively, as seen during rounds where there was no recorded competitor's price."
278,5.0,5.98,68.14163116976135,20.01712886872345,122.65493610557043,55.6476182550512,"- Carefully consider the price range and how it affects the volume of sales.
   - Analyze any discernible patterns in price and volume trends over time.
   - Identify any seasonality or external factors that may influence pricing decisions.","- Maintain price above the competition, but not excessively so
- Experiment with different pricing tiers around the 5.98 - 6.0 range
- Test competitor price occasionally to gauge response and adapt strategy accordingly","- The high prices do not seem to consistently generate higher sales volumes, suggesting there might be a sweet spot where both price and demand intersect.
   - It appears that pricing lower than the competition can lead to increased sales, but it may be essential to find the right balance between profitability and maximizing sales volume.
   - Further analysis is needed to determine if external factors like seasonality play a significant role in pricing decisions.","- Higher prices than competitors tend to result in greater sales volumesand profits (5.46, 5.98, 6.0)
- Prices similar to the competition perform similarly or slightly worse (5.7)
- It is important to strike a balance between profit maximization and remainingreasonable for consumers"
279,5.46,5.0,32.404937211727145,57.58780314169294,73.23515809850333,103.65804565504727,"* Conduct a thorough analysis of the competition's pricing strategies and their impact on the market.
* Investigate the connection between price changes and customer demand or satisfaction rates.
* Explore potential opportunities to increase value perceived by customers (e.g., improving product quality, introducing promotions or loyalty programs).
* Consider developing strategic partnerships with complementary businesses or targeting new markets that may not currently be tapped.",Maintain a competitive market position by adjusting our price tactically based on the competitor's pricing. Monitor sales volume and revenue closely to ensure optimal profitability. Consider offering promotions or bundles during periods of low demand.,"* Adjusting the price based on competition's actions alone may not be optimal in all cases, as there are other factors involved in shaping customer demand and market dynamics.
* Consistently maintaining a high price during periods of stiff competition can lead to missed opportunities to secure customers who are sensitive to pricing changes.
* The choice between prioritizing short-term profits (high prices) or long-term growth (increasing value perceived by customers, targeting new markets, etc.) must be carefully considered.
* Monitoring and adaptability to changing market conditions will play a crucial role in achieving success.","Increasing the price too much could potentially lead to a decrease in sales volume, thereby reducing overall profits. It is crucial to strike a balance between profit and market share. Analyzing the competitor's pricing strategy and their impact on the sales volume can help us make informed decisions about our own pricing."
280,5.6,5.98,50.25720386446982,31.254204063029793,120.61728927472755,86.88668729522283,"As we can see, our initial pricing strategy was not competitive compared to our competitor. To improve our position, it would be beneficial to closely monitor their pricing strategy and respond swiftly to any significant price drop, aiming to keep our prices in a range comparable with theirs while also finding ways to offer unique value that could allow us to maintain higher pricing when possible.",Consider analyzing the production costs and their sensitivity to pricing adjustments in order to determine an optimal balance between sales volume and profit margin.,"Our competitor adapts their pricing based on the competition and appears more volatile in their pricing approach, frequently adjusting prices up or down to gain a competitive edge. We will need to stay agile in our pricing strategy to anticipate these changes and ensure we remain competitive while also finding opportunities to create a unique value proposition for our customers.","The price elasticity of demand appears to be somewhat high, as evidenced by the significant increase in sales when our price is reduced compared to the competitor's. However, this should be weighed against potential changes in costs of production to ensure that profitability is maintained or improved."
281,5.98,5.98,38.586866163452626,38.586866163452626,107.27148793439831,107.27148793439831,"Based on the data analysis, it would be wise to remain competitive with our pricing strategy. However, experiments suggest that setting prices slightly above or below the competitor price can boost profits within a set range.","```markdown
1. Continue monitoring competitor pricing strategies to gain insights into potential opportunities
2. Optimize pricing based on demand and competition analysis
3. Review product offerings to ensure they remain competitive and meet customer needs
4. Implement a dynamic pricing strategy that adjusts prices in response to changes in market conditions or competitor actions
5. Collaborate with the marketing team to create promotions and bundles that drive sales and increase profitability
```","The relationship between price and quantity sold is inverse. At first glance, it appears that a lower price results in higher quantities being purchased. However, while that holds true to some extent, it's essential to consider profit per item as well. In other words, setting a slightly higher price can increase both profit and total earnings. Moreover, it is crucial to be aware of the competitor's presence, since their pricing significantly influences our own strategies. Also, not having a clear competitive scenario (like in Rounds 184 and 188) might result in unexpected and undesirable outcomes.","```markdown
1. The seller's current pricing strategy generates sales, but there is room for improvement in terms of profit maximization.
2. Adjusting prices dynamically based on market conditions or competitor actions can help increase profits while continuing to attract customers.
3. It is essential to stay informed about the competitor's pricing strategies and adjust accordingly.
4. Creating promotions and bundles that drive sales and increase profitability may be useful in responding to changes in the market or competition.
```"
282,5.98,5.96,38.213583965029855,39.18096544877501,106.233763422783,108.13946463861903,"To further analyze the pricing trends and adjust accordingly, I plan to maintain a close watch on competitors' prices, customer feedback, and market conditions. I will also consider offering discounts or promotions during slow periods to boost sales.","- Continue monitoring competitor pricing to make informed decisions about our own pricing strategy.
   - Remain cognizant of market dynamics and customer needs when adjusting prices.
   - Implement a pricing strategy that balances profit margins with maintaining market share and customer satisfaction.",Understanding the delicate balance between profitability and attractiveness is crucial in determining pricing strategy. Keeping an eye on competitors' moves while also staying attuned to customer preferences can lead to optimized pricing decisions. Adjusting prices based on market conditions and seasonal trends may also provide opportunities for increased sales volume.,"- Adjusting prices to closely match the competitor’s, while retaining a slightly higher price point, may help maintain a competitive edge in terms of perceived product value.
   - Careful consideration should be given to pricing during periods of fierce competition with the sole significant competitor as lower prices could potentially impact profit margins and customer satisfaction.
   - Long-term pricing trends require data beyond round 184 for better understanding and planning."
283,5.0,5.98,68.14163116976135,20.01712886872345,122.65493610557043,55.6476182550512,"Maintain a competitive pricing strategy, but explore setting slightly lower prices in some rounds to potentially increase sales and profitability.","The pricing strategy should take advantage of these fluctuations. When the competitor decreases its price, consider raising the price to maximize profit. Conversely, when the competitor raises its price significantly, lower the price slightly to capture a larger market share. Maintaining a competitive edge is crucial. However, avoid setting prices too low for an extended period, as it can potentially devalue the brand and harm customer perception.","The current pricing strategy seems to be effective overall, but it is important to carefully consider the impact of higher prices on sales and profit margins. Lowering the price may result in increased sales, but it could also decrease profit margins if costs remain constant. Conversely, maintaining a high price might lead to lower sales volumes, but higher profit margins depending on the cost structure.","- Customers are sensitive to competitor pricing strategies, often choosing products based on comparative value rather than absolute cost.
- Fluctuations in price and quantity seem to follow a rhythm, which may indicate an underlying pattern or market trend that could be leveraged for increased sales."
284,5.0,5.98,68.14163116976135,20.01712886872345,122.65493610557043,55.6476182550512,"- Investigate competitor's price reactivity and develop strategies based on their responses
   - Optimize pricing to maintain market share while avoiding undercutting the competition
   - Monitor customer demand during times with no competitors present to understand potential opportunities",Consider adjusting prices strategically by matching competitor's lower prices to target some of those customers while ensuring to raise prices when competitors have higher prices. Flexible pricing can help us capture more market share at different price points.,"- Competitor lowers prices when my price is higher, indicating sensitivity to pricing strategy
   - Competitor doesn't always lower prices when I reduce mine, demonstrating inconsistencies in response to price changes
   - Occasional periods without competitors present may represent opportunities for increased market share","Lower prices may attract a larger customer base, but this approach should be offset with strategic increases in price to maintain profitability and product value perception. Paying attention to competitor's pricing moves is crucial in order to adapt swiftly and maximize sales throughout various market conditions."
285,5.0,6.0,68.48007660422945,19.619870436465018,123.264137887613,54.935637222102045,Consider offering competitive prices while exploring opportunities in instances where the competitor does not list a price. Maintain awareness of the competitor's trends and adjust pricing accordingly to maximize potential profit.,"- Continue maintaining a high price point, capitalizing on the perceived value of the product.
- Monitor competitor pricing and adjust strategy accordingly if necessary","It appears that pricing strategy plays a crucial role in sales performance, with higher profits often achieved at lower prices when competition is tougher. However, higher prices can yield greater profitability when the competitor does not have a listed price or their prices are significantly higher.","- Consumers are willing to purchase at higher price points when the product is perceived as having higher value.
- Lowering prices does not significantly increase sales volume in this market.
- Keep a close eye on competitor pricing and adjust strategy accordingly."
286,5.0,5.8,64.86542370516472,23.862655824004843,116.75776266929648,62.042905142412586,"```
Objective: Aim for maximum profit through strategic pricing relative to the competitor
Strategies:
  1. Price higher than the competitor when demand is favorable, as indicated by high sales quantities and profits
  2. Lower our price when necessary to maintain or increase market share, especially in instances where the competitor's effect on sales volume is significant
  3. Continuously monitor the impact of our pricing strategy on both profit earned and sales volume
```","- Monitor competitor's price changes and adjust accordingly to maintain or improve market position.
   - Consider experimenting with a wider range of prices in future pricing rounds to test their impact on profit and sales volume.
   - Analyze the relationship between price and sales volume for each pricing round to better inform future decisions.","```
1. Sales quantity seems to be heavily influenced by the competitor, suggesting a need to closely watch their pricing changes and adjust accordingly
2. Profit earned is substantially impacted by both sales quantity and our pricing strategy
3. Maintaining a competitive price without undervaluing our product may require a flexible approach based on market dynamics
4. Monitoring sales trends over time will help inform future pricing decisions
```","- Lower prices result in higher profit margins in some scenarios, suggesting it could be beneficial to explore a pricing strategy that incorporates lower prices at certain times or to specific markets.
   - The influence of competing on the target market and other factors (not provided) may impact pricing decisions, making it crucial to monitor competitor's moves and adjust accordingly."
287,6.0,6.0,38.36517311905507,38.36517311905507,107.4224847333542,107.4224847333542,"To optimize pricing for higher profit while staying competitive, consider implementing a dynamic pricing strategy where the product is priced slightly below the competitor's price when they raise their prices and closely matched when competition reduces their price.","1. Keep an eye on the competitor's pricing strategy.
   2. Adjust pricing based on competitor actions.
   3. Monitor sales numbers to determine the optimal price point.
   4. Communicate any changes in pricing strategy to relevant team members.","Aggressive pricing can lead to an increase in sales volume but may have adverse effects on profit margins, especially if the competitive advantage is temporary. Regular tracking and updating of market changes are critical when implementing a dynamic pricing strategy.","1. Higher sales numbers occur when our price is lower or equal to the competitor's price.
   2. The competitor appears to adjust their prices frequently, necessitating a similar response in order to remain competitive.
   3. Maintaining open lines of communication within the team is essential for successful pricing decisions."
288,6.15,5.0,16.82999366248499,70.85691993896806,49.64848130433073,127.5424558901425,"Consider raising the price slightly to maximize profits while maintaining competitive pricing, monitoring customer reactions and sales fluctuations. Keep tracking competitor's pricing strategies and adjust ours accordingly. Continuously analyze purchasing patterns and seasonal influences.","Maintain prices around $5.0 to attract higher volumes while maintaining competitive edge. Monitor profits, and be prepared to adjust prices accordingly based on profit margins.","- Customer willingness to pay premium prices for our product
- Dynamic pricing environment with constant adjustments by competitors
- Importance of monitoring customer reactions and sales fluctuations when changing pricing strategy","Customers are more price-sensitive than initially anticipated, as evidenced by reduced sales at higher priced tiers. However, there is an opportunity to capitalize on profitability with a slightly higher price of $5.3, if the tradeoff in lower sales volume can be tolerated."
289,6.0,5.0,19.619870436465018,68.48007660422945,54.935637222102045,123.264137887613,"- Keep an eye on the competitor's pricing actions to make strategic decisions about price adjustments
   - Maintain a competitive edge while ensuring profit margins remain acceptable
   - Monitor customer responses to price changes and react accordingly","Consider carefully the pricing strategy to maximize both sales volume and profit. While increasing prices above the competition might lead to higher profit margins, it could also result in fewer sales. On the flip side, pricing below the competitor may improve sales volume but with lower overall profits. Adaptive pricing that takes into account market dynamics and competitor's prices could be a valuable strategy.","- A responsive pricing strategy seems essential in maintaining a competitive position
   - Balancing between remaining competitive and maintaining profitable prices is crucial
   - Understanding the market's reaction to price changes will help make informed decisions","Pricing is critical in this competitive environment. Finding a balance between capturing market share through increased sales volume while maintaining reasonable profit margins presents a strategic challenge. It appears that the optimal pricing strategy should account for both price competition and how much consumers are willing to pay for the product, taking into account fluctuations in demand and supply."
290,6.0,5.0,19.619870436465018,68.48007660422945,54.935637222102045,123.264137887613,Analyze competitor pricing strategies in detail. Adjust pricing based on current market demand and competition levels. Implement a dynamic pricing model that allows for quick adjustments.,"- Analyze competitors' pricing strategies more closely, paying attention to trends and patterns, especially during peak demand periods.
   - Determine the optimal price range that combines a competitive edge with maximized profits at different sales volumes.
   - Regularly monitor market trends and factors affect pricing, such as cost of goods and consumer behavior, to ensure pricing strategies remain effective over time.","The market appears to be sensitive to price changes, with slightly higher prices resulting in increased sales (within certain limits). Competitor analysis will play a significant role in future pricing decisions, as will understanding the degree of market demand elasticity.","- Lower prices can lead to increased sales but may impact profit per item if the volume does not compensate enough.
   - Competitor pricing influences our own strategic decisions and should be closely monitored.
   - Pricing seems to have a bigger impact on profits rather than quantity sold as lower prices result in higher sales but less profit per item.
   - Adapting pricing quickly to changes in demand or competition may help maintain market share.
   - Maintaining transparency about factors affecting pricing, such as production costs and external market conditions, can build trust with customers."
291,5.98,5.98,38.586866163452626,38.586866163452626,107.27148793439831,107.27148793439831,"- Monitor competitor's price and adjust ours accordingly to remain competitive yet profitable.
   - Consider promoting special offers or discounts to increase demand during periods of higher price competition.
   - Investigate if there are opportunities to differentiate our product from the competitor, potentially justifying a premium price.","The key insight from this analysis is that strategic pricing adjustments can result in better profits compared to a consistently high fixed price, especially when trying to keep up with competitors who are changing their prices frequently. Therefore, a plan could be to monitor competitor pricing trends and make adjustments proactively instead of maintaining a static price.","- Demand appears strong even at higher prices (6.0 or above), indicating potential for further price increases but with careful consideration of profit margins.
   - Lower pricing (5.0) seems to drive increased unit sales, suggesting that it might be beneficial to offer temporary discounts during periods of high competition to maintain market share and encourage purchases.
   - There may be opportunities to differentiate our product from the competitor, potentially allowing us to justify a higher price and improve overall profitability.","Another important observation is that, despite overall success in terms of QS and profit earned, the competitor with variable pricing still has instances where they are outperformed by the competitor with the fixed price of 6.0. This indicates that it's crucial to strike a balance between maximizing profits and maintaining competitive positioning in the market. Furthermore, understanding when certain price points lead to higher QS or profit can help make more informed decisions regarding pricing strategy."
292,6.0,5.98,37.996147324024655,38.95802437299627,106.38921250726902,108.30330775692964,"Maintain competitive pricing while exploring innovative strategies to gain market share in certain price tiers, especially the $5 range where our current offering is less compelling. Strengthen our online presence and enhance marketing efforts to improve customer perception of value towards higher-priced offerings.","- Maintain a slightly higher prices strategy compared to the competitor (around $5.0 - $6.0 range) to maximize profitability while retaining customers. Keep a close eye on market trends and adjust accordingly.
   - Consider pricing at $5.98 as it has proved successful in some instances but be cautious as the sales volume might not always match higher-priced competitors.","The competitive landscape has become more dynamic as new entrants appeared, causing price tiers to shift constantly. Adapting pricing in response to market feedback is essential, but we must stay cognizant that not all customers value lower prices over differentiated offerings.","- The sale of the product is generally more profitable when priced slightly above the competitor. This strategy helps attract customers and maximizes profitability.
   - It's essential to monitor market trends and adjust pricing accordingly to maintain a competitive edge, as consumer preferences might shift over time."
293,5.98,5.0,20.01712886872345,68.14163116976135,55.6476182550512,122.65493610557043,"```yaml
Monitor changes in competitor pricing and quantities closely. Keep an eye out for opportunities to adjust your own price strategically, aiming to maintain a competitive advantage while maximizing profits.
```",We should continue observing competitor's price adjustments and make our own adjustments strategically to attract customers without losing profit margin.,"```vbnet
Adjustments made to the price appear to have a direct effect on both sales volume and per-sale profit. However, it is important to maintain awareness of market conditions and competitor strategies, as rapid changes in the competitive landscape could necessitate further adjustments to the pricing strategy.
```","Price elasticity of demand is high in this market, as shown by the changes in sales volumes when prices fluctuate slightly. It may also be valuable to explore methods for maintaining or reducing our production costs to improve competitiveness despite this observed elasticity."
294,5.47,6.0,54.696687976963425,28.199469303088282,124.16148170770695,78.95851404864719,Consider lowering my prices slightly below the competitor while monitoring how it impacts quantity sold over several pricing rounds to optimize pricing strategy.,"In future pricing rounds, focus on maintaining competitive prices around the 6.0 range while keeping a close eye on the competition. Consider testing slight price reductions near 5.5 and monitor customer response and sales volume.",Prices affect quantity with a notable elasticity; larger quantities are still strong at higher price points despite the competitive pressure. Further price optimization can be beneficial to increase sales.,"The highest quantity sold at 6.0 suggests this may be an optimal price point, but keep in mind that competition is closer to 5.00. To maximize sales, consider maintaining competitive prices around the 6.0 range while testing slight reductions near 5.5 and monitoring customer response and sales volume for future rounds."
295,6.0,6.25,42.76892360629042,31.29041294358704,119.75298609761317,95.43575947794046,"In order to effectively compete, we should consider implementing a pricing strategy that remains competitive with the competitor while highlighting our perceived product value. This might involve offering occasional price reductions to encourage sales or maintain market presence.","For the next round, I would recommend maintaining a flexible pricing strategy while keeping an eye on the competitor's movements. Based on the current patterns, a slight increase in price seems reasonable to maximize profit, assuming that consumer demand remains stable. However, it is crucial to monitor market trends and customer feedback to avoid potential loss of customers due to perceived price increases.","The seller frequently reduces their prices during periods of increased competition (rounds 89, 112, and beyond) or when the competitor decreases their own price (rounds 201 - 203). Adapting our pricing strategy to account for these specific situations could improve overall sales performance.","Insights gathered from the data show a trend of dynamic pricing, with both companies making adjustments based on competitor's moves but maintaining similar margins. This suggests that both companies are focusing on maximizing profit while maintaining a competitive edge with their respective pricing strategies. Understanding these patterns can help inform future pricing decisions and overall market positioning."
296,6.0,5.98,37.996147324024655,38.95802437299627,106.38921250726902,108.30330775692964,"- Maintain consistent pricing to establish brand reputation and maintain customer trust over time
   - Utilize a dynamic pricing strategy by observing competition and adjusting price accordingly (e.g., switch between 5.0 and 6.0)
   - Analyze market conditions and consumer trends to identify optimal price points for specific time periods","Consider implementing a dynamic pricing strategy that would take into account the relationship between price and quantity sold. This strategy should aim at optimizing both sales volume and profit, maintaining a competitive edge, while also adapting to customer preferences for different price points.","- Consumers are willing to pay a higher price if it is accompanied by a higher perceived value or exclusivity (Rounds 1–89)
   - Lowering the price can lead to an increase in sales and overall profit, particularly when competition pricing falls below our current levels (Rounds 90-142)
   - Consumers tend to prefer consistency in pricing, with repeating rounds showing similar results (e.g., Rounds 200, 203)
   - There appears to be a resistance to extreme price points outside the range of 5.0 and 6.0 (as seen at 6.38 in Round 208 or 5.43 in Round 198)","When priced above 5.5, the product tends to generate higher profits per sale despite a lower quantity sold. However, when priced at or below this range, an increased volume of sales appears to yield less overall profit. This trend suggests that maintaining a balance between volume and maximizing profit is essential in our pricing strategy."
297,6.0,6.0,38.36517311905507,38.36517311905507,107.4224847333542,107.4224847333542,"- Monitor competitor pricing and make calculated adjustments accordingly.
   - Identify patterns of customer responsiveness to price fluctuations and leverage that information.
   - Implement a dynamic pricing strategy, allowing our system to adapt to the competitive market and maximize profit potential.","- Continue observing and analyzing changes in seller and competitor prices
   - Consider how outside factors may influence pricing decisions (e.g., production cost, market demand)
   - Investigate potential reasons for extreme discrepancies between seller and competitor prices, such as the $201576.48 outlier
   - Experiment with pricing strategies that target specific rounds or adjust based on competitor actions","- Maintaining a slightly higher price (even when the competitor is lower) can lead to increased profits due to higher sales volume in certain periods.
   - Monitoring the impact of pricing adjustments on long-term market position and customer loyalty is crucial.
   - Anticipating and adapting to changes in consumer demand based on external factors like seasonality or economic trends can help optimize pricing strategy and maximize profit.","- The seller's price is usually but not always higher than the competitor's, implying a focus on quality or unique differentiation rather than direct price competition
   - Occasional deviations from this strategy suggest an intention to adapt or respond to competitor movements in the market
   - Pricing variations may reflect fluctuations in production costs, changing market demand, or other external factors that should be further examined for insights into optimal pricing decisions"
298,6.1,5.5,26.28611870312291,55.647713731193875,76.22974423905643,127.9897415817459,"- Monitor competitor's pricing strategies
   - Maintain current pricing strategy if possible, considering the profit margin and sales volume
   - Evaluate the impact of price adjustments (up or down) on sales and profits in future rounds","* Monitor competitors' prices and pricing strategies to stay competitive
* Consider periodic increases or decreases in price within the range of 5.0 to 6.0
* Analyze individual sales data for potential insight into optimal pricing for specific market segments","- Increasing our prices slightly might help maintain our market share
   - A competitive pricing strategy should be prioritized while ensuring profitability
   - Be aware of the potential negative effects of sudden price hikes on sales volume","* The market seems to support a mid-range price point (5.0 to 6.0) with consistent sales, while demand is also present for higher price points
* Competitor analysis is crucial in adjusting our own pricing strategy and staying competitive
* Periodic adjustments of the product's price may be beneficial in order to maximize profit"
299,6.45,6.0,26.181100691778603,45.94926269345254,85.08857724828046,128.65793554166711,"- Keep an eye on competitor pricing trends
   - Adjust prices based on market demand and profit margins
   - Monitor customer feedback and buying patterns to understand value perception
   - Regularly review cost structure to ensure pricing remains sustainable over time","- Monitor competitor's pricing strategy more closely for potential price increases, as our product has held its own against higher prices.
   - Explore the possibility of introducing promotions or discounts during periods where the competitor lowers their price significantly to maintain market share.
   - Consider analyzing the factor driving the significant drop in price at round 223 for future planning.","- Competitors tend to price higher during periods of increased demand but lower their prices when competition is high
   - The buyer seems more sensitive to changes in the seller's price than to slight variations in the competitor's offering
   - Prices around the midpoint between the seller and the competitor result in significantly lower sales volume but maintain stable profits
   - Pricing closer to the competitor's price generally leads to increased sales volume but decreases overall profit margins","- Competitive pricing has been effective in maintaining market share thus far.
   - Opportunities exist to increase our price without losing market share, given certain market conditions.
   - Keep an eye on the competitor's pricing strategy and respond accordingly to changes in their approach."
300,6.0,5.98,37.996147324024655,38.95802437299627,106.38921250726902,108.30330775692964,"As the data shows a slightly higher average price, our current pricing strategy seems appropriate as it allows us to maintain profitability over market share. We suggest continuing adjusting our prices based on competitor actions while keeping an eye on overall market trends and consumer perceptions.","Based on the data provided, it appears that setting the price around 5.98 (based on the highest profit-earning prices and occasional lower pricing strategies) while being aware of competitors' pricing could help maximize profit. Regularly monitoring the competitor's prices to find opportunities for more sales volume is also recommended.","The data suggests that maintaining a slightly higher price despite competition can be profitable when customers value the product or service highly enough to pay the premium. However, it is essential to monitor the competitor's actions closely and adjust prices accordingly to remain competitive without compromising profitability. Keeping track of market trends and consumer feedback will also help in making informed pricing decisions.","Price fluctuations can have a significant impact on profit, with slightly higher prices (such as 6.0) being profitable but occasionally lowering the price (such as 5.0) leading to even greater profits and sales volumes. It seems that staying competitive with the competitors' pricing while exploring different price points (both higher and slightly lower than competitors) can help maximize profit."
