round,price,qty,profit,plan,insight
1,24.0,16.798161486607558,235.17426081250582,"- Implement dynamic pricing strategies based on real-time analysis of demand and competition.
- Conduct market research to gather more insights about customer preferences, willingness to pay, and competing products.
- Test a tiered pricing strategy by offering different prices for larger quantities to cater to both individual consumers and potential resellers.","- Demonstrated customer demand for the product within the specified price range.
- A large profit window presents an opportunity for maximizing profits in the long run.
- The market data indicates inconsistency, suggesting that there might be various factors influencing pricing in the target market, such as location, supply, and consumer sentiment."
2,28.0,3.916572279676439,70.4983010341759,"- Optimize dynamic pricing strategies by analyzing real-time demand and competition using advanced algorithms, to further capitalize on the large profit window.
- Gather more in-depth market research about consumer behavior, willingness to pay, and competitor pricing strategies across various regions to tailor pricing accordingly.
	- Iteratively test dynamic optimization models based on the collected data to find the optimal prices for different segments (location, supply, and consumer sentiment).","- Market inconsistency indicates a need to consider pricing adjustments based on regional demand patterns, consumer behaviors, and competitive pressures.
- Implementing dynamic pricing can help maximize long-term profits by strategically adapting prices in response to demand fluctuations and competitor actions."
3,26.0,8.317269649392236,133.07631439027577,"- Continue testing dynamic pricing strategies by analyzing real-time demand and competition using advanced algorithms to capitalize on the large profit window, with emphasis on refining strategies that maximize average sales while maintaining a reasonable profit margin.
- Implement geographic segmentation of prices based on regional demand patterns and consumer behaviors to ensure optimal prices across various regions.
- Incorporate customer feedback and competitor insights to inform future pricing decisions and achieve competitive advantage.","- Dynamic pricing appears effective in capitalizing on the large profit window by strategically adapting prices in response to demand fluctuations and competitor actions.
- Achieving balance between a lower price point which increases quantity sold and maintaining reasonable profit margins remains a priority in pursuit of long-term profit maximization."
4,24.0,16.798161486607558,235.17426081250582,"- Investigate dynamic pricing strategies by using advanced algorithms to optimally adapt prices based on real-time demand fluctuations while capitalizing on the profit window and maintaining reasonable profit margins.
- Conduct experimental tests with different price elasticities to determine the ideal balance between quantity sold and profit margin for this product.
- Continue analyzing regional demand patterns and consumer behaviors to refine geographic segmentation of prices, ensuring optimal pricing across various regions.
- Utilize customer feedback and competitor insights to iterate on pricing strategies and achieve a competitive advantage over time.","- Dynamic pricing is crucial in balancing volume and profit margin while staying within the $35.23 price ceiling.
- The relationship between price points, sales quantities, and profits must be thoroughly researched to develop optimal pricing strategies."
5,25.01,11.878358696587311,178.29416403577557,"- Implement a more granular pricing strategy by analyzing additional price points within the optimal range ($24-28) and assessing their impact on profit and sales quantity.
   - Analyze historical sales data to determine seasonal demand patterns and adapt pricing strategies accordingly, ensuring a long-term profitable pricing approach.
   - Explore using machine learning algorithms for predictive analytics in determining the best prices based on current and anticipated market conditions.","- The relationship between price points, sales quantities, and profits requires further granular testing to optimize the balance between profit margin and volume sold.
   - Adopting a more agile approach to pricing by incorporating data analysis and predictive analytics will help maintain a competitive advantage in a rapidly-evolving market.
   - Understanding seasonal demand patterns is integral for ensuring long-term sustainable profit growth."
6,24.5,14.18510649004877,205.6840441057072,"- Expand upon the analysis of price points within the optimal range ($24-28) to identify the most profitable point.
   - Evaluate the impact of pricing at or slightly above the current highest profit-earning price point in multiple scenarios, such as volume discounts and time-limited offers.
   - Investigate the relationship between sales quantity and profit margin for each discrete price point within the optimal range to achieve a balance between the two factors.","- Granular testing of multiple price points within the optimal range reveals that sales quantities decrease when prices exceed a threshold, but profits continue to rise when finding the best balance within this range.
   - Maintaining a pricing approach that considers profit margin and volume sold allows the business to capitalize on customer demand without sacrificing long-term profitability.
   - Testing various scenarios for pricing near or just above the current highest profit-earning price point can help ensure consistent revenue growth while maximizing profits."
7,24.5,14.18510649004877,205.6840441057072,"- Fine-tune pricing strategy to target the optimal price point within the range of $24 - $25 by testing multiple discounts and special offers designed to boost sales quantity while maintaining profit margin.
   - Perform extensive A/B testing across various pricing tiers within this range, including increments as small as 5 cents, to identify the most profitable balance between quantity sold and profit earned.
   - Assess the effectiveness of a tiered pricing strategy, where multiple price points are offered based on volume purchased, to cater to both budget-conscious and premium customer segments.","- The relationship between sales quantity and profit margin can be effectively optimized by careful consideration of price point selections within the established range.
   - Offering competitive prices does not necessarily correlate with sacrificing long-term profitability, as profits remain steady with clever pricing strategies.
   - Exploring a hybrid pricing strategy that meets diverse customer preferences and spending abilities can potentially result in increased profit growth over time."
8,24.0,16.798161486607558,235.17426081250582,"- Adjust the current price point of $24.50 downwards and perform A/B testing within the range of $23 - $25 to identify the most profitable sweet spot considering the balance between quantity sold and profit earned.
  - Assess the impact of applying various discounts, such as percentage off or buy-one-get-one-free, on profitability when moving closer to the price ceiling of $35.23.
  - Further develop and refine a tiered pricing strategy based on volume purchased, with distinct price tiers for budget and premium customer segments to maximize overall profit growth.","- The relationship between sales quantity and profit margin can be optimized by experimenting with multiple price points, including small increments as low as a single cent, within the established range.
   - Discounts and special offers may play a crucial role in increasing sales quantities, even when approaching the maximum customer willingness to pay.
   - A tiered pricing strategy that caters to diverse segments of customers can potentially lead to higher profit growth over time through increased sales and more extensive market penetration."
9,23.5,19.78161114414182,267.0517504459146,"- Continue adjusting the price within the range of $23 - $25 to identify a more profitable sweet spot, considering the balance between quantity sold and profit earned.
        - Perform A/B testing with discounts such as percentage off or buy-one-get-one-free, closer to the price ceiling of $35.23 to gauge their impact on sales volumes and overall profitability.
      - Develop a preliminary tiered pricing strategy based on volume purchased, taking into account distinct price tiers for budget and premium customer segments.","- It appears that prices in the range of $23 - $25 may be more profitable due to increased sales quantities compared to higher prices. However, it's still crucial to test various incremental price adjustments to optimize profit further.
        - Discounts and special offers may help boost sales quantities closer to the maximum customer willingness to pay, resulting in a net gain for the business despite lower prices.
      - A tiered pricing strategy could potentially generate higher overall profit growth by tailoring pricing to different segments of customers while increasing market penetration."
10,23.75,18.242552380635633,250.83509523373996,"- Continue testing minor price adjustments in the range of $23 - $24 to refine our understanding of the optimal price point within this interval, ensuring we maximize profit while maintaining acceptable sales volumes.
        - Explore offering targeted discounts within a closer price range of the maximum willingness to pay ($35.23) to boost sales quantities for further profit optimization.
      - Further develop the preliminary tiered pricing strategy based on volume purchased, focusing on distinct price differences between budget and premium customer segments to encourage larger purchases and increased overall profits. Additionally, investigate customer behavior patterns across tiers to inform future decision making.","- While prices closer to $24 appear more profitable, it's important to test slight price adjustments within that range to fine-tune the optimal price without impacting sales volumes negatively. This optimization will maximize profits in the long run.
        - Discount strategies may help attract further customers and increase sales quantities while still achieving profit goals closer to the maximum willingness to pay.
      - A tiered pricing structure could be instrumental in capitalizing on a wider range of customer segments, fostering market penetration, and generating higher overall profit growth over time by tailoring prices for different spending habits. Additionally, understanding how customers respond to each tier will allow refinement of the strategy as needed."
11,23.5,19.78161114414182,267.0517504459146,"- Carry over: Continue testing minor price adjustments in the range of $23 - $24 to refine our understanding of the optimal price point within this interval, ensuring we maximize profit while maintaining acceptable sales volumes.
   - Build on previous plans: Investigate pricing strategies that incorporate targeted discounts closer to the maximum willingness to pay ($35.23) for short-term revenue boost and customer attraction.
   - Implement preliminary volume-based tiered pricing structure, monitoring customer reactions across different price tiers to inform future decision-making and refinement of the strategy.","- Carry over: Price points closer to $24 appear more profitable, but fine-tuning within that range is necessary to maximize profits in the long run without impacting sales volumes negatively.
   - Discount strategies could help attract additional customers and increase overall sales quantities while still achieving profit goals closer to the maximum willingness to pay.
   - A tiered pricing structure offers a potential market penetration advantage as well as the possibility of encouraging larger purchases for increased overall profits over time, given customer segmentation based on spending habits."
12,23.95,17.079548202237447,238.25969742121237,"- Refine price point testing between $23.5 and $24.5 to find optimal balance of profit margin and sales volumes.
        - Implement limited-time discounts closer to the maximum willingness to pay ($35.23) to attract additional customers and track their purchasing behavior.
      - Develop and implement a preliminary tiered pricing structure, monitoring customer reactions across different price tiers to inform future decision-making and refinement of the strategy.","- Price points closer to $24 appear more profitable but require finer tuning for maximizing profits without negatively impacting sales volumes in the long run.
        - Discount strategies provide a short-term revenue boost and customer attraction opportunities, while targeting those with highest willingness-to-pay.
      - A tiered pricing structure could help penetrate the market further, encourage larger purchases based on customer segments, and optimize overall profits over time."
13,24.0,16.798161486607558,235.17426081250582,"- Fine-tune price point testing between $23.5 and $24.5 to determine optimal balance of profit margin and sales volumes.
        - Implement a combination of targeted, limited-time discounts near the maximum willingness to pay ($35.23) and observe their impact on revenue, customer purchasing behavior, and will to pay.
      - Proceed with developing and testing tiered pricing structure based on customer segments. Monitor responses across different price tiers and adjust as needed over time to optimize overall profits and market penetration.","- The importance of finding the optimal balance between profit margin and sales volumes, potentially through refined testing of price points between $23.5 and $24.5.
        - The potential benefits and risks associated with implementing discount strategies must be carefully considered when targeting those with highest willingness-to-pay.
      - A tiered pricing structure could further optimize profitability over time by penetrating the market, encouraging larger purchases based on customer segments, and adapting to changing market dynamics."
14,23.5,19.78161114414182,267.0517504459146,"- Continue testing price points between $23.5 and $24.5 to find the optimal balance between sales volumes and profit margins, with a focus on further optimizing around the $23.5 mark.
  - Introduce targeted, limited-time discounts near the maximum willingness-to-pay ($35.23) as a strategy to stimulate purchases and gather valuable data on customer behavior and price sensitivity.
    - Develop and test tiered pricing structure based on customer segments for long-term market penetration and increased profitability, monitoring responses across different price tiers and adjusting the structure as needed over time.","- Empirical data from recent pricing rounds indicates that higher profit can be achieved at $23.5 compared to prices slightly above this range (e.g., $24.0).
  - Limited-time discounts might be able to stimulate additional sales while providing insights into customer behavior and willingness-to-pay.
    - A tiered pricing strategy could help maximize profits by targeting different customer segments and adjusting prices based on market dynamics over time."
15,23.5,19.78161114414182,267.0517504459146,"- Continue testing price points between $23.5 and $24.0 to find the optimal balance, focusing on further optimizing around the $23.5 mark.
    - Introduce limited-time discounts near the maximum willingness-to-pay ($35.23) as a strategy to stimulate purchases and gather data on customer behavior and price sensitivity.
      - Develop and test tiered pricing structure based on customer segments with adjustments over time, monitoring market responses for individual tiers and long-term profitability.","- Pricing around $23.5 can result in higher profit despite lower sales volumes.
    - Limited-time discounts near the maximum willingness-to-pay may drive sales and give insights into customer behavior and pricing sensitivity.
      - A tiered pricing strategy can maximize profits by addressing various customer segments and adapting the structure as needed over time."
16,23.5,19.78161114414182,267.0517504459146,"- Continue testing price points in the $23.5 range, with a focus on long-term profitability optimization around this mark.
        - Introduce short-term limited-time discounts near the maximum willingness-to-pay ($35.23) as part of an ongoing strategy to stimulate sales and test customer responses.
          - Develop and test tiered pricing structure, starting with initial tiers based on existing customer segments, with regular adjustments over time based on market responses.","- Testing prices in the $23.5 range is successful in achieving a balance between sales volume, profitability, and market viability.
        - Limited-time discounts near the maximum willingness-to-pay have proven effective in driving additional sales without significantly impacting overall profitability.
          - A tiered pricing strategy could be used to maximize revenue by targeting various customer segments and adapting the structure based on market responses throughout the process."
17,23.5,19.78161114414182,267.0517504459146,"- Continue using the price of $23.5 as the base point, with periodic limited-time discounts near the maximum willingness-to-pay.
       - Conduct regular tests of tiered pricing based on customer segments and market responses.
         - Optimize the frequency and duration of these tests to capture insights about price elasticity.","- Combining a stable base price with occasional limited-time promotions appears to be an effective strategy to optimize sales volume, profitability, and market viability.
       - A tiered pricing approach could potentially increase revenue by targeting different customer segments and adapting the structure based on ongoing market feedback.
         - Ongoing monitoring and optimization of these strategies is essential to maintain long-term profitability and success in this competitive market."
18,25.0,11.920292202211755,178.80438303317632,"- Continue using the price of $23.5 as the base point but with occasional temporary discounts around maximum willingness-to-pay to incentivize purchases and boost sales volume when needed.
      - Regularly conduct targeted tiered pricing tests based on customer segments and market responses, focusing on optimizing price elasticity for long-term profitability.
        - Analyze test results and adjust strategies accordingly to ensure a steady increase in revenue and market adaptation.","- Maintaining a consistent base price with periodic promotions will optimize sales volume, profitability, and adapt to the competitive market.
      - A tiered pricing approach could potentially increase revenue by targeting different customer segments and adapting based on ongoing feedback, while ensuring customer satisfaction remains high throughout changes to the pricing structure.
        - Dynamic monitoring, testing, and optimization of these strategies are essential in maintaining long-term profitability and success within a changing market landscape."
19,24.0,16.798161486607558,235.17426081250582,"- Continue using the price of $23.5 as the base point but with occasional temporary discounts around maximum willingness-to-pay to incentivize purchases and boost sales volume when needed.
      - Explore strategic, marginal adjustments of the base price up or down by 10 cents in each pricing round to gauge their effect on sales volume and profitability for long-term optimization.
        - Regularly conduct targeted tiered pricing tests based on customer segments and market responses, focusing on further increasing price elasticity for enhanced long-term profitability.","- Fine-tuning the base price and evaluating how subtle adjustments impact sales volume and revenue is crucial in achieving a steady increase in profitability while adapting to market demand.
      - A tiered pricing approach could potentially raise revenue by targeting various customer segments and adapt accordingly based on ongoing feedback; however, it’s important that customer satisfaction remains consistent throughout changes to the pricing structure.
        - Monitoring, testing, and optimizing these strategies will contribute to long-term success in a dynamic market landscape."
20,23.0,23.14752165009825,300.9177814512772,"- Experiment with lowering the base price by around 5 cents ($23) in subsequent pricing rounds and observe if this results in higher sales volumes, while keeping an eye on any potential changes in customer satisfaction.
        - Monitor changes in profitability and adapt pricing strategies accordingly to strike a balance between maximizing profit and increasing sales volume.
          - Continue temporary discounts around the maximum willingness-to-pay to incentivize purchases and boost sales when needed, while assessing their impact on long-term optimization.","- It is crucial to strike a balance between driving sales volume and maintaining profitability as price adjustments can sometimes have conflicting effects.
      - Continuous testing and observation of new pricing strategies will help in making informed decisions that cater to both goals.
        - Emphasize the need to closely monitor customer satisfaction levels, especially during periods of dynamic pricing strategy changes."
21,23.0,23.14752165009825,300.9177814512772,"- Experiment with lowering the base price by 5 cents ($23.0) to continue attracting more customers within the constraints of the maximum willingness-to-pay.
      - Observe changes on a continuous basis, focusing on identifying the optimal balance between sales volume and profitability.
          - Determine an ideal quantity target per round, adapt pricing strategies accordingly, and fine-tune the approach to maximize profit.
        - Track customer satisfaction during periods of price changes, noting any potential shifts in demand or perceived value associated with the product.","- The market seems sensitive to price fluctuations around $23, implying that this might be an optimal starting point for pricing experiments within the constraints set by maximum consumer willingness-to-pay.
        - A careful balancing act between boosting sales volume and preserving profitability is necessary in making pricing decisions, as drastic changes can occasionally lead to suboptimal outcomes.
          - The necessity of continuous experimentation, observation, and iteration will be crucial for long-term optimization of pricing strategies.
            - Incorporating customer satisfaction feedback into the decision-making process may help ensure continued positive demand while optimizing price points over time."
22,23.0,23.14752165009825,300.9177814512772,"- Continue testing lower price variations ($XX.XX) near the observed optimal range while monitoring changes in sales volume, profitability, and customer satisfaction.
            - Adjust pricing strategies based on insights from these experiments and observe their impact over several rounds.
          - Utilize statistical analysis techniques to better identify trends and make more informed pricing decisions.
            - Consider testing different pricing tactics such as temporary promotions or loyalty rewards programs.","- Further exploration of the product's price elasticity is necessary to determine an ideal balance between sales volume and profitability.
            - The importance of continuous experimentation, observation, and iteration cannot be overstated in making effective pricing decisions.
                - It may be beneficial to implement a dynamic pricing algorithm that can automatically adjust prices in real-time based on market data and customer behavior.
                    - Incorporating customer satisfaction feedback into the decision-making process can help ensure continued demand while optimizing price points over time."
23,23.0,23.14752165009825,300.9177814512772,"- Further price exploration near the optimal range, incrementally lowering the price only if it positively impacts both sales volume and profitability.
          - Continue experimentation with promotions or loyalty rewards programs as a means to boost sales volumes without compromising profit margin excessively.
           - Monitor customer feedback closely, using it to gauge satisfaction levels and make informed decisions about future pricing strategies.","- The product price is highly sensitive to changes in the price point.
          - The balance between sales volume and profitability can be achieved through careful experimentation and observation of market data.
            - Collecting customer feedback is crucial in maintaining a high level of satisfaction while optimizing pricing strategies over time."
24,23.75,18.242552380635633,250.83509523373996,"- Continue testing prices within the optimal range ($23.5 - $24.0) to further refine the ideal price point that balances sales volume and maximizes profitability.
         - Experiment with various loyalty rewards programs or promotions as a means to boost sales volumes while mitigating potential profit margin sacrifices.
          - Monitor customer feedback closely, ensuring to address any concerns or issues promptly, and using it to make informed decisions about future pricing strategies and product improvements.","- Identify key competitors' pricing trends and adjust accordingly, ensuring we remain competitive in the market while seeking opportunities to maximize profitability.
          - Capitalizing on customer feedback for decision-making is essential in maintaining a high level of satisfaction while optimizing pricing strategies over time.
            - Regularly assess product demand through sales data analysis to identify seasonal or trending fluctuations and adjust pricing accordingly."
25,23.65,18.84673252138196,257.2578989168637,"- Continue testing prices around $23.5 to $24.0 while closely monitoring sales volumes, profits, and customer feedback to determine the optimal pricing range that maximizes profitability.
   - Analyze competitor pricing trends regularly and adjust our pricing strategy accordingly as market conditions change.
   - Implement feedback mechanisms for customers to express their opinions about product features, pricing, and service quality in order to make data-driven decisions.","- Identify a pricing tier between $23.5 and $24.0 that ensures competitive advantage while maintaining profitability.
   - Collecting customer feedback can provide valuable insights into product improvements and future pricing strategies."
26,23.45,20.10089997505295,270.35710466446216,"- Expand testing prices within the $22 - $24 range to cover more granular intervals in order to pinpoint the optimal price.
      - Regularly review the correlation between price and sales volumes, profits, and customer feedback in order to refine pricing strategies.
      - Consider setting up tiers for early-bird, group, or loyalty discounts if the data indicates a correlation between higher demand at lower prices.","- Fine-tuning prices within a narrower range might help in maximizing profitability without compromising on sales volumes.
      - Customer feedback can provide insights not only about product improvements but also pricing preferences, which can guide long-term strategy decisions.
      - Offering price tiers or early incentives could stimulate higher demand while still maintaining an overall high profit margin."
27,23.4,20.424030228409187,273.6820050606831,"- Further test prices within the $22 - $24 range with narrower intervals to pinpoint optimal price.
     - Analyze correlation between lower prices, increased sales volumes, and maintenance of high profit margins using multi-variant data analysis techniques.
       - Implement a tiered pricing model with early-bird, group, or loyalty discounts if the data indicates a stronger positive correlation between sales volume and lower prices with reasonable profit margins maintained.","- Refining price points within a narrower range could lead to maximizing profitability without compromising on sales volumes.
     - Data analysis might suggest implementing price tiers or early incentives to boost overall sales volume while maintaining high profit margins.
       - The correlation between price ranges and customer feedback should be monitored closely, as price adjustments made based on this data could positively impact the long-term pricing strategy."
28,23.5,19.78161114414182,267.0517504459146,"- Fine-tune prices within the established optimal range ($23 - $24) using smaller intervals to precisely pinpoint the exact optimal price in that window.
      - Perform thorough multi-variant data analysis to determine any potential correlation between lower prices and increased sales volumes, while maintaining high levels of profit margins.
        - In the case a strong positive correlation is found, implement tiered pricing with early-bird, group, or loyalty discounts in order to boost overall sales volume and continue profiting in a sustainable manner.","- Optimizing price points precisely within a narrower range ($23 - $24) may lead to maximizing profitability without compromising on sales volumes.
      - Data analysis could suggest the implementation of price tiers or early incentives to boost overall sales volume while maintaining high profit margins.
        - Keep an eye on customer feedback regarding changing price points and adjust strategy accordingly, as this can positively impact long-term pricing success."
29,23.15,22.097389222018787,290.580668269547,"- Perform A/B testing with micro-adjustments of prices within the established optimal range (~$23.05-$24.05) to pinpoint the exact optimal price.
      - Analyze sales volumes and profit margins associated with each incremental adjustment. Identify any potential relationships between lower prices and increased sales volumes that remain profitable for the long run.","- Precise pricing within a narrower range ($23-$24) can maximize profitability while maintaining a consistent sales volume. Continue to analyze correlations between price tiers and overall sales volume, adjusting strategy as needed to account for evolving market conditions.
     - Monitor potential seasonal or product lifecycle impacts on price sensitivity, taking advantage of opportunities to increase profit by capitalizing on changing customer demands."
30,23.05,22.793645057321616,297.4570679980471,"- Perform A/B testing by micro-adjusting prices around the established optimal range (~$23.05-$24.05) to identify any further incremental adjustments that might lead to increased profitability without compromising sales volume. This strategy will help maximize long-term profits.
    - Analyze correlations between lower prices and increased sales volumes that remain profitable for the long run, taking into account customer demand in different market conditions.","- Find the sweet spot within the current optimal pricing range ($23-$24) where a slight adjustment downwards might increase overall profitability by balancing both sales volume and profit margins.
    - Continuously monitor market conditions and customer preferences to adjust pricing strategy accordingly, capitalizing on opportunities to take advantage of changing demand or seasonal shifts in the market."
31,22.75,24.973989440488246,318.41836536622515,"1. Perform A/B testing focused on prices slightly below the established optimal pricing range ($23-$24), while keeping an eye on market conditions and customer preferences to adapt pricing strategy accordingly. This will help identify further incremental adjustments that may lead to increased profitability without compromising sales volume, with the goal of maximizing long-term profits.
      - Refine testing methodology to include more price points around the sweet spot ($23-$24) and analyze sales data to determine ideal pricing adjustment for maximum profitability.","1. Based on current data, it seems that further refining prices below $24 might result in increased overall profitability by balancing both sales volume and profit margins. This strategy will help capitalize on opportunities to take advantage of changing market conditions or customer preferences.
      - Pay close attention to pricing trends and adjust strategies accordingly to ensure maximum long-term profitability."
32,22.75,24.973989440488246,318.41836536622515,"1. Conduct additional A/B testing by introducing price points just below the established optimal pricing range ($23 - $24), using statistical significance measures to ensure valid results. This new set of tests will also incorporate previous insights, focusing on balancing sales volume and profit margins with an emphasis on maximizing long-term profits.
          - Update current testing approach to include more granular price points around the sweet spot ($23-$24) and utilize more advanced analytical techniques for determining optimal pricing adjustment in order to capitalize on any incremental profit opportunities while maintaining high sales volume.
   2. Regularly review market conditions and customer preferences, adapting pricing strategy accordingly by iterating pricing tests as needed to ensure maximum long-term profitability.","1. Continuously monitor price trends and make adjustments to adapt the pricing strategy in response to changing market conditions or customer preferences to capitalize on new opportunities for maximizing profits.
          - Take advantage of any potential opportunities by fine-tuning pricing tests based on newly observed patterns in sales data, maintaining a focus on incremental improvements that may lead to increased long-term profitability without sacrificing sales volume."
33,23.08,22.583157066402563,295.3876944285455,"1. Continue conducting A/B testing by introducing price points slightly below the established optimal pricing range ($23 - $24) with a focus on refining and optimizing the tests even further, utilizing advanced analytical techniques to calculate optimal pricing adjustments that capitalize on incremental profit opportunities while maintaining high sales volume.
    2. Expand the testing approach by accounting for seasonal trends or other factors impacting customer preferences in order to maximize long-term profits during different periods throughout the year.","1. Adapt pricing strategy regularly in response to changing market conditions and customer preferences, with frequent monitoring of price trends and fine-tuning price tests as necessary to capitalize on new profit opportunities without sacrificing sales volume.
    2. Optimize pricing test results to make small but impactful adjustments around the established sweet spot ($23 - $24) in order to incrementally improve long-term profitability while maintaining a stable and competitive market position."
34,23.06,22.72332910267969,296.7666780809967,"1. Continue A/B testing by focusing on price points very close to the optimal pricing range ($23 - $24) and refining the tests with advanced analytical techniques, targeting incremental profit opportunities without compromising sales volume.
    2. Utilize market insights to adjust pricing strategy in response to changing market conditions and customer preferences during each round, taking into account seasonality and other factors that may influence price sensitivity.","1. Fine-tune the A/B testing approach by carefully monitoring and analyzing changes in sales volume and profits across price points to optimize strategy over time.
    2. Regularly update pricing strategy based on feedback from tests and emerging market trends, making price adjustments as needed to capitalize on newly available profit opportunities while maintaining a competitive market position."
35,23.12,22.30465403980425,292.6370610022318,"1. Continue A/B testing with price points close to the optimal pricing range ($23 - $24), refining tests using advanced analytical techniques and targeting incremental profit opportunities to maximize profits while maintaining sales volume.
2. Implement more rigorous monitoring and analysis of sales data to identify any trends or patterns in customer response to price adjustments, and make real-time adjustments accordingly.
3. Regularly review market insights and emerging trends to inform pricing strategy improvements.
4. Conduct further research into the impact of seasonality on price sensitivity and incorporate this knowledge into the pricing approach.
5. Consider partnering with market analysts or data scientists to improve the accuracy and effectiveness of the pricing strategy over time.","1. Regularly review sales volume and profit data at different price points to identify any trends, patterns or relationships between prices and customer response.
2. Implement real-time analysis of sales data and make dynamic pricing adjustments when necessary to capitalize on newly available profit opportunities.
3. Be cautious with excessive price increases as the data suggests that profits may be lower at higher price points.
4. Take into account seasonality and other factors that influence customer price sensitivity when making pricing decisions.
5. Consider collaborating with external expertise for market insights and analytics to optimize pricing strategy."
36,23.75,18.242552380635633,250.83509523373996,"1. Continue A/B testing with price points around the optimal range ($23 - $24) while using advanced analytics and targeting marginal profit opportunities to maximize profits and maintain sales volume.
     2. Increase seasonality analysis to capitalize on potential seasonal trends in customer pricing sensitivity, and adapt pricing strategies accordingly.
     3. Implement more sophisticated methods for real-time price adjustments based on dynamic sales data to optimize profit capture.","1. Regularly review seasonality data in conjunction with sales volume and profit at various price points to identify trends that may influence optimal pricing at different times of the year.
     2. Proceed with caution when considering significant price increases as past data suggests lower profits at higher price points.
     3. Investigate collaborations with market analysts or data scientists to incorporate seasonality analysis and dynamic pricing adjustments into the strategy."
37,24.0,16.798161486607558,235.17426081250582,"1. Maintain price point in the range of $23 - $24, and continue A/B testing with variations around this range.
         2. Analyze sales data to identify patterns and trends that may suggest optimal pricing strategies for different times of the year (e.g., seasonality adjustments).
    3. Perform further statistical analysis on profit curves at various price points to determine the most profitable pricing strategy with minimal impact on quantity sold.
        4. Collaborate with market analysts or data scientists to incorporate real-time adaptive price adjustments and advanced analytics for greater marginal profit opportunities while maintaining sales volume.","1. Experiment with subtle price increases, as data suggests that higher profits can be achieved within the $23 - $24 range compared to prices significantly below or above this range.
    2. Continue to review seasonality trends and their impact on optimal pricing strategies at different times of the year.
     3. Investigate collaborations with market analysts and data scientists for more sophisticated methods that incorporate advanced analytics, real-time adaptive pricing adjustments, and dynamic pricing optimization."
38,23.75,18.242552380635633,250.83509523373996,"1. Perform A/B testing on prices in the range of $23 - $24.5 after considering seasonality trends.
2. Analyze the impact of sales volume on profit differences at various price points within this range.
3. Collaborate with market analysts and data scientists to incorporate real-time adaptive price adjustments based on customer demand and external factors such as economic conditions or competitor pricing.","1. Adjust the optimal price point within the $23 - $24.5 range, focusing on maximizing profit while maintaining stable sales volumes.
2. Investigate seasonality trends and their impact on the most profitable pricing strategies at different times throughout the year.
3. Incorporate real-time adaptive pricing adjustments with advanced analytics for greater marginal profit opportunities."
39,23.0,23.14752165009825,300.9177814512772,"1. A/B test the price within the range of $22.75 - $23.25 after performing a more granular analysis of sales volumes and profit differences at each point.
       2. Collaborate with market analysts to investigate long-term pricing trends within this new price range to determine seasonality effects on profitability.
           3. Analyze the impact of promotions or incentives on demand and profitability for different price points in the proposed range.
              4. Incorporate real-time adaptive pricing adjustments based on customer buying behavior trends observed during this testing period.","1. Testing prices within a narrower range ($22.75 - $23.25) may allow for a more precise identification of the optimal price point that maximizes profit while maintaining stable sales volumes.
       2. Seasonality trends might have a different impact on profits at these lower price points; it is essential to investigate these effects in detail.
           3. Promotions or incentives could potentially increase demand, leading to higher profitability for certain price points within the suggested range.
              4. By analyzing real-time customer buying behavior trends, we can make more informed pricing decisions based on current market conditions and demand patterns."
40,23.15,22.097389222018787,290.580668269547,"1. Analyze the historical data more granularly within the range of $21.75 - $24.75 to pinpoint the most profitable price point in the vicinity of the observed trend.
       2. Investigate whether the profitability trends at lower price points are subject to seasonality effects or external factors.
           3. Consider conducting A/B tests with discounts or promotions for specific price points within the identified range to better understand their impact on demand.
              4. Continue to monitor real-time customer buying behavior and adjust pricing accordingly based on observed trends.","1. Refining the analysis of historical data within a tighter price range could help fine-tune our understanding of the optimal price point that maximizes profit.
       2. Seasonality effects, as well as external market factors, may have different impact on profits at lower price points, making it vital to investigate these effects further.
           3. Experimenting with discounts or promotions for certain price points could potentially increase demand and thus profitability.
              4. Keep monitoring customer buying behavior trends as they can provide valuable insights and guide pricing decisions in real-time."
41,23.15,22.097389222018787,290.580668269547,"1. Refine analysis of historical data within the range of $22 - $24 to determine the most profitable price point.
2. Investigate the impact of seasonality or external market factors on profitability at different price points over time and adjust pricing accordingly based on detected trends.
3. Consider conducting A/B tests with discounts or promotions at identified price points to assess their influence on demand and thus profitability.
4. Track customer buying behavior trends closely, utilizing insights gained to inform pricing decisions in real-time.
5. Evaluate the possibility that our observed trend may be due to market saturation at higher prices and adjust pricing downwards if necessary.","1. Market conditions within the range of $22 - $24 appear to yield good profitability.
2. Seasonality effects or external factors may influence profit trends at different price points, necessitating further analysis and adjustments to pricing.
3. Experimenting with discounts or promotions could potentially boost demand and increase overall profitability.
4. Focus on monitoring customer buying behavior to gain valuable insights that can guide future pricing decisions.
5. The observed trend may result from market saturation at higher prices, which might require a more competitive pricing strategy or a modification in our product offering."
42,23.0,23.14752165009825,300.9177814512772,"1. Continue analysis of historical data (ranging from $20 - $24) to find the most optimal price point that maximizes profit, with increased focus on testing the $23 range.
2. Investigate possible external market factors that impact profitability at different price points and assess their potential influence over time.
3. Execute A/B tests with discounts or promotions at various identified price points to evaluate their effect on demand and profitability.
4. Carefully monitor customer buying behavior and adjust pricing in real-time based on trends observed.
5. Consider the possibility of market desaturation at lower price ranges, and reassess the pricing strategy if profit margins are increased without adversely affecting demand.","1. Prices within the range of $20 to $24 yield good profitability, with prices above $24 resulting in a decrease in both quantity sold and profit earned.
2. The correlation between price and sales volume appears to be strong; thus, identifying the optimal price point at which to maximize profits is essential.
3. Experimenting with discounts or promotions could help boost demand and ultimately increase overall profitability.
4. Focus on monitoring customer buying behavior to derive insights that will guide future pricing decisions in real-time.
5. It is possible that the observed trend results from market saturation at higher prices, suggesting the need for a more competitive pricing strategy or considering modifications to the product offering."
43,23.25,21.416501695744127,283.7686474686097,"1. Continue focusing on the $23.00 - $24.00 price range, refining our analysis to find an even more optimized price point that maximizes profit with increased accuracy due to the data provided in the historical rounds.
      2. Investigate factors influencing customer buying behavior at different price points, such as market conditions and competitor pricing strategies, to establish a more comprehensive understanding of our product's position in the market.
     3. Develop and analyze A/B tests using discounts or promotions on specific identified price points within the given range to further optimize profitability by boosting demand.
     4. Monitor customer buying behavior trends in real-time and adjust prices accordingly to ensure we are capitalizing on demand patterns efficiently.
     5. Keep an eye on market desaturation at lower price ranges, as indicated in the INSIGHTS.txt file, and be willing to reassess our pricing strategy if profit margins are found to adversely affect demand without sacrificing optimized profits.","1. Price points above $23.00 result in decreased sales volume and overall profitability. Optimal pricing remains within the range of $20 - $24.
     2. Strong correlation exists between price and sales volume; therefore, finding an optimized price point is critical for maximizing profits.
     3. Experimenting with discounts or promotions could help boost demand and increase overall profitability.
     4. Real-time monitoring of customer buying behavior and adjusting pricing accordingly based on trends observed can help capitalize on demand patterns efficiently.
     5. Lower price points may lead to market desaturation, suggesting a need for a more competitive pricing strategy or considering modifications to the product offering if profit margins are increased without adversely affecting demand."
44,23.15,22.097389222018787,290.580668269547,"1. Continue refining the price within the $20 - $24 range to find an even more optimized price point based on the observed patterns in the historical rounds.
      2. Develop A/B tests using discounts or promotions at specific price points to assess their impact on demand and profitability.
    3. Keep monitoring customer buying behavior trends and adjust prices accordingly based on demand patterns while still maintaining the optimized price point found.
     4. Continue keeping an eye on market desaturation at lower price ranges, as indicated in the INSIGHTS.txt file, and be willing to reassess our pricing strategy if necessary.","1. It appears that a pricing point around $23 can maximize profit while balancing demand patterns.
      2. Strong correlation between price and sales volume has been identified; therefore, understanding the perfect balance is crucial for optimized profits.
     3. Experimenting with discounts or promotions may lead to increased overall profitability.
    4. Lower price points may lead to market desaturation, suggesting a need for further evaluation of our pricing strategy and potential product modifications if necessary."
45,22.8,24.60112835510517,314.8944429453462,"1. Focus on refining the price around $23, with an initial aim of finding more precise optimized price point based on the observed patterns in the historical rounds.
     2. Implement A/B testing using discounts or promotions at specific price points to assess their impact on demand and profitability.
   3. Continue monitoring customer buying behavior trends and adjust prices accordingly based on demand patterns while still maintaining the optimized price point found.
    4. Conduct a detailed analysis of the correlation between the sales volume and profits to ensure balancing both for maximum benefit.
     5. Keep a close eye on market desaturation mentioned in INSIGHTS if lower price points show a negative trend.","1. Price point around $23 can maximize profit while balancing demand patterns, but refining the precision is suggested.
      2. Strong correlation between price and sales volume has been identified; therefore, understanding the perfect balance is crucial for optimized profits.
     3. Experimenting with discounts or promotions may result in increased overall profitability.
    4. Lower price points need to be analyzed closely to avoid market desaturation."
46,23.5,19.78161114414182,267.0517504459146,"1. Investigate pricing points in the $23-$24 range, focusing on finding a precise optimized price point based on historical patterns and market data.
  2. Conduct an A/B testing at specific price points within the narrowed optimal range to assess demand and profitability impact.
  3. Analyze sales trends for potential long-term strategies to adjust prices while balancing demand, profit, and avoiding market desaturation.
  4. Continue monitoring the correlation between sales volume and profits to identify a sweet spot for maximum profitability.","1. The optimal price range appears to be $23-$24, with a slight tendency to earn higher profits at prices slightly above $23. However, demand decreases as prices increase beyond this range.
  2. In the near term, it is essential to balance profit and demand by choosing an optimized price point within the observed ideal range; careful attention should be paid not to fall too low where market desaturation may occur (e.g., $21.xx).
  3. A/B testing can help determine if minor price adjustments, such as discounts or promotions, impact overall profitability positively."
47,23.15,22.097389222018787,290.580668269547,"1. Perform a more detailed analysis of prices in the $23-$24 range, looking for a precise optimized price point based on historical patterns and market data.
   2. Conduct an A/B testing at specific price points near the optimized range to assess demand and profitability impact while carefully monitoring market desaturation risk.
     3. Analyze long-term sales trends for potential future pricing adjustments that balance demand, profit, and market saturation.","1. The optimal price range appears to be $23-$24, with a slight tendency to earn higher profits slightly above $23, provided the increase does not result in market desaturation (avoid eclipsing the price of $21.xx).
  2. A/B testing can help determine minor price adjustments that could have a positive impact on overall profitability without compromising demand.
     3. It is important to closely monitor long-term sales trends to identify potential opportunities for pricing adjustments that balance demand, profit, and market saturation."
48,23.15,22.097389222018787,290.580668269547,"1. Continue focusing on prices within the range of $23-$24.
     2. Implement A/B testing at specific price points within the optimal range to gauge demand and profit impact while keeping market desaturation in check.
       3. Conduct a more detailed analysis of historical sales trends in relation to long-term pricing adjustments and market conditions.
   4. Regularly monitor changes in market conditions to ensure continued pricing optimization.","1. The optimal price range is confirmed to be $23-$24, with a minor preference for prices slightly above $23 when demand levels remain appropriate.
     2. A/B testing can help identify potential subtle adjustments that improve overall profitability without affecting demand significantly.
       3. Further analysis of long-term sales trends is essential to identify opportunities for future pricing adjustments that balance market saturation, demand, and profit.
  4. It's crucial to monitor market conditions on an ongoing basis to ensure proper pricing optimization."
49,23.18,21.891507730911574,288.5300718934145,"1. Continue refining pricing within the range of $23-$24 by conducting A/B testing at several specific price points to gauge demand and profit impact.
      2. Monitor ongoing market conditions, adjusting accordingly to ensure long-term pricing optimization.
        3. Analyze potential opportunities for minor price adjustments on a more frequent basis while avoiding saturating the market.
    4. Regularly review INSIGHTS.txt to keep track of key insights from previous periods.","1. Further refinement within the optimal price range (23-$24) can lead to potential increases in profitability with minimal impact on demand levels.
      2. A/B testing remains critical for identifying subtle adjustments that improve overall profit while ensuring market desaturation and demand continuity
        3. Monitor ongoing market conditions to ensure pricing is always optimized based on current trends."
50,23.35,20.751005855963562,277.0259281771136,"1. Conduct A/B testing on specific price points within the range of $23-$24 with a focus on finding the ideal balance between maximizing profit and maintaining demand.
          2. Monitor ongoing market conditions closely to ensure pricing optimization based on current trends.
            3. Regularly review INSIGHTS.txt for key insights from previous periods.
    4. Explore potential minor price adjustments at more frequent intervals to identify opportunities for increasing overall profit while avoiding market saturation and demand instability.","1. A/B testing remains critical for identifying subtle adjustments that improve overall profit within the optimal price range (23-$24) without impacting demand levels.
      2. Continued observation of market conditions is crucial to ensure that pricing strategies are always optimized based on current trends.
        3. Minor, frequent price adjustments can lead to identifying new opportunities for increasing profits without adversely affecting the market or demand levels."
51,23.18,21.891507730911574,288.5300718934145,"1. Continue A/B testing with minor price adjustments focusing on specific points within the range of $23-$24 to optimize profit.
          2. Consider narrowing the price range tested in A/B tests if a more precise optimal point is identified.
            3. Establish a monitoring system for market conditions and competitor pricing to ensure the chosen price remains competitive while still maximizing profit.
    4. Regularly review INSIGHTS.txt for key insights from previous periods and identify trends that may help in future pricing decisions.
    5. Based on the observed stabilizing effect of the $23-$24 range, consider implementing a strategy to test price increases slightly above or below this range to see if profit can be further increased.","1. A/B testing remains crucial in identifying profitable incremental changes within the optimal price range ($23-$24) without impacting demand levels.
      2. Market conditions and competitor pricing should be monitored closely to maintain a competitive pricing advantage while also ensuring maximum profitability.
        3. Minor, frequent price adjustments can lead to increasing overall profits without adversely affecting market or demand levels.
    4. Implementing strategies that test slight variations above or below the $23-$24 range may help identify potential opportunities for further improving overall profit."
52,23.1,22.44359857309265,294.01114130751375,"1. Refine A/B testing with smaller increments within the range of $23-$24 and expand the test period to capture potential seasonal trends.
        2. Implement thorough competitor analysis by tracking their pricing strategies, frequency, and impact on demand, adjusting as necessary.
        3. Establish a monitoring system for regional variations in demand and pricing, which may provide insights on untapped markets or price points.
    4. Regularly review INSIGHTS.txt for key insights from previous periods and identify trends that may help in future pricing decisions.
        5. Conduct a comprehensive study to investigate if the average optimal price can be slightly adjusted upwards or downwards for further gains, while taking market conditions, competitor trends, and demand fluctuations into account.","1. The optimal price range continues to fall within $23-$24, but a more precise point within this band could increase overall profitability.
        2. A thorough competitor analysis may reveal additional pricing strategies or opportunities that would benefit overall profit maximization.
         3. Regularly monitoring market trends, regional variations in demand, and seasonality can provide insights for future pricing decisions.
     4. Refining the testing period and testing smaller increments in price can increase the chances of discovering a more profitable price point.
        5. The data indicates that while prices slightly above or below $23-$24 may result in lower volumes, overall profit might still increase with careful consideration to other market factors."
53,23.215,21.653062181064534,286.1452167227678,"1. Refine A/B testing strategy focusing on smaller price increments within the range of 23.0-23.3, specifically testing the optimal precision that could increase profitability and expand the test period to capture potential seasonal trends.
       2. Implement a thorough competitor analysis by tracking their pricing strategies, frequency, and impact on demand, adjusting as necessary to understand the market landscape better and identify gaps that could be exploited.
        3. Establish a monitoring system for regional variations in demand and pricing, as well as seasonality to provide insights for future pricing decisions.
      4. Regularly review INSIGHTS.txt for key insights from previous periods and identify trends that may help in future pricing decisions, such as finding a more precise price point within the optimal range.
         5. Reasonably assume a slight upward adjustment in price from the current 23.1 average within this optimal price band while taking market conditions, competitor trends, and demand fluctuations into account to ensure overall profit maximization.","1. A more precise point within the optimal price range of 23.0-24.0 could increase overall profitability without significantly impacting sales volume.
        2. Thorough competitor analysis may reveal additional pricing strategies or opportunities that would benefit overall profit maximization.
         3. Regularly monitoring market trends, regional variations in demand, and seasonality can provide insights for future pricing decisions.
     4. Refining the testing period and testing smaller increments in price (23.0-23.3) can increase the chances of discovering a more profitable price point."
54,23.18,21.891507730911574,288.5300718934145,"1. Increase testing frequency with smaller incremental price changes from the current 23.1 average while focusing on the optimal precision that maximizes profitability.
   2. Reconsider competitor pricing strategies, specifically analyzing recent trends and their impact on market demand in more detail.
     3. Implement more robust seasonal trend analysis to account for market fluctuations throughout the year.
    4. Regularly review INSIGHTS.txt to identify patterns or trends that may suggest a more profitable price within the optimal range.
      5. Conduct in-depth research on potential demand variations by region, and adjust pricing strategies accordingly to maximize profitability","1. Smaller incremental price changes from the current average (23.1) could lead to more profitable pricing points while remaining competitive in the market.
        2. Competitor pricing trends are crucial and adjusting accordingly may provide opportunities for higher profit margins.
     3. Seasonality is a significant factor in demand, as well as potential price sensitivity; therefore, monitoring these trends can impact long-term pricing strategy."
55,23.0,23.14752165009825,300.9177814512772,"1. Increase frequency of testing with smaller incremental price changes while monitoring the optimal combination that maximizes profitability and minimally affects quantity sold.
    2. Introduce a more rigorous seasonality analysis, focusing on market fluctuations throughout the year to inform pricing decisions.
    3. Conduct research on regional demand variations by market segmentation to optimize pricing for each area and further increase overall profit margins.
    4. Evaluate competitor trends more closely, considering any market adjustments or promotional activities that may have affected the data presented.
      5. Frequently review INSIGHTS.txt and PLANS.txt to identify trends, refine strategies, and update hypotheses accordingly.","1. Lower price points may lead to greater quantity sold, although overall profit could be negatively impacted if not adjusted properly.
        2. Competitor pricing adjustments can provide opportunities for higher profit margins when appropriately responded to.
     3. Seasonality can have a significant effect on demand and price sensitivity; thus, monitoring these trends enables better long-term strategic decisions."
56,23.0,23.14752165009825,300.9177814512772,"1. Continue testing price points closer to $23.0, considering smaller incremental changes and monitoring optimal combinations that maximize profits while minimally affecting quantity sold.
     2. Conduct more in-depth research on seasonality by gathering data related to market fluctuations throughout the year and how it may impact demand for this product.
     3. Evaluate competitor trends more closely, taking into account any market adjustments or promotional activities that could have affected the data presented.","1. Higher price points may lead to drastically reduced quantities sold and overall profit despite higher unit prices. It is crucial to find a balance between increasing profits while maintaining an adequate quantity of sales.
     2. Seasonality data should be carefully analyzed to determine if certain times of the year are more profitable for this product."
57,22.9,23.866728515708957,307.8807978526455,"1. Continue testing slight price adjustments around the current selling point near $23, monitoring for optimal combinations that maximize profits, considering small incremental changes.
        2. Analyze historic and future seasonality to identify profitable periods for this product, taking into account potential adjustments in pricing during these times.
      3. Monitor competitor trends more closely to understand possible market changes or promotional activities affecting the data presented.","1. Lower prices may lead to increases in sales quantities, although a lower total profit due to the reduced unit price.
        2. Higher prices lead to fewer units sold and less overall profit despite increased unit costs, making it crucial to find a balance between profits, and sales volumes.
      3. Seasonality can play an important role in determining the most profitable periods for selling this product."
58,22.96,23.433374795422065,303.69653734867,"1. Perform extensive testing on slight price adjustments around $23 (minimally $22.5, maximally $23.5) in the next several pricing rounds while monitoring total profits and sales volume. Keep records of each adjustment made with corresponding profit and sales quantities data for future reference.
  2. Conduct thorough analysis on historic and future seasonality to identify periods where this product tends to be most profitable; factor potential price changes during these times.
        3. Closely observe competitor trends, especially promotional activities affecting the data presented. If necessary, alter pricing strategy based on market conditions uncovered during analysis.","1. From the latest data provided, it is evident that there are profit maxima at various sales volumes and unit costs (lower prices lead to an increase in sales volumes but lower individual profits and vice versa), necessitating a balance between volume optimization and total profit maximization. Keep this in mind when choosing between price points with different margins of success.
         2. Market data from Rounds 48, 45 indicates that higher prices ($23.75 & $23.5) can result in fewer units sold but still lead to satisfactory profits, demonstrating the importance of testing higher price ranges under the right conditions (e.g., seasonality or market trends).
       3. Though overall pricing data suggests relatively stable sales volumes and profit levels between Rounds 40-57, maintaining a watchful eye on competitor activity is still critical in understanding market changes or promotional activities that may influence pricing decisions."
59,23.0,23.14752165009825,300.9177814512772,"1. Extensively test slight price adjustments around $23 as previously planned, this time with an even closer focus on profit margins and sales quantities for further optimization. Keep detailed records of adjustments.
  2. Perform a deeper analysis on historic seasonality trends than originally proposed to better gauge profitable periods for product pricing. Consider altering pricing strategy accordingly based on these findings.
        3. Closely monitor competitor activities, especially promotions or sales, adjust pricing approach as necessary in response to significant market changes or competitive offers.","1. Higher prices such as $23.75 may lead to fewer units sold and less profit overall as shown by the data between Rounds 36 and 38.
         2. Balancing volume optimization and total profit maximization is crucial when choosing between price points with different margins of success, while keeping consideration of historic sales volumes in mind for market fluctuations due to seasonality.
       3. Remain vigilant regarding competitor activity and respond accordingly to changes stemming from promotions or sales that could potentially impact pricing decisions."
60,22.95,23.505219623623535,304.39259412592475,"1. Extensively test slight price adjustments around $23 as previously planned, paying close attention to margin of success and profit margins. Keep detailed records of adjustments and compare with historical data.
      2. Analyze data at even finer price increments to identify optimal pricing points that maximize both sales volume and profit. This analysis should take into account the profit margin and seasonality trends.
        3. Develop a price recommendation model that uses machine learning techniques to predict profitable pricing points based on historical market performance, competitor activity, and potential seasonal fluctuations.","1. Sales volume optimization doesn't always equate to profit maximization when choosing between price points with varying profit margins.
         2. Price adjustments around $23 provide a balance between maximizing sales and maintaining acceptable profit margins.
       3. Incorporating machine learning techniques can help identify profitable pricing strategies more accurately, and respond adaptively to changes in the market, customer behavior, or competitor activity."
61,23.51,19.71821390017604,266.3930697913783,"1. Test price adjustments around $23.5, paying attention to margin of success and profit margins, while also collecting more granular data at even finer price increments.
         2. Analyze the data to identify optimal pricing points that maximize both sales volume and profit, taking into account profit margin and seasonality trends. Consider using machine learning techniques for a more accurate prediction of profitable pricing strategies that can respond adaptively to changes in the market, customer behavior, or competitor activity.
           3. Continue collecting data on price elasticity to further refine pricing strategies.
   4. Develop a price recommendation model that uses machine learning techniques and incorporates historical market performance, competitor activity, potential seasonal fluctuations, as well as price elasticity. Train the model iteratively using new data collected from the other testing strategies.","1. Incorporating machine learning techniques can help identify profitable pricing strategies more accurately and respond adaptively to changes in the market, customer behavior, or competitor activity.
         2. Modifying the price slightly above $23 could result in a slightly increased profit margin while still staying attractive to customers. Continue testing between $23-$24 for the best balance of sales volume and profit maximization.
           3. In addition to observing market trends, monitoring competitor activity can provide valuable insights into pricing adjustments that would not have been apparent solely based on our historical data.
   4. Collecting and analyzing data on price elasticity will aid in better understanding the relationship between changes in product price and resulting demand. This information can be used to develop more effective pricing strategies."
62,23.5,19.78161114414182,267.0517504459146,"1. Continue testing price adjustments around $23.5, focusing on the balance of sales volume and profit maximization, collecting granular data at finer price increments, and observing changes in demand and margins of success.
         2. Analyze data to identify optimal pricing points that take into account seasonality trends, margin, and potential pricing elasticity fluctuations utilizing machine learning techniques for a more accurate prediction of pricing strategies that can adapt dynamically to the market and customer behavior.
           3. Monitor competitor activity closely to gather insights on how they might respond when adjusting our pricing strategy and ensure that we remain competitive in the marketplace.
   4. Collect and analyze comprehensive price elasticity data, updating PLANS and INSIGHTS accordingly, and training any machine learning-based models on this valuable information for improved forecasting and adaptation capabilities.
   5. Iteratively improve and train our machine learning-based price recommendation model by using historical market performance, competitor activity data, potential seasonal fluctuations, and the previously gathered insights on price elasticity.","1. Continuously iterate pricing strategies to better balance sales volume and maximize profit, while ensuring that prices remain attractive to customers. Keep focusing on subtle adjustments around $23.5.
         2. Machine learning techniques have proven useful in identifying profitable pricing strategies more accurately and adapting quickly to market changes. Continue refining our machine learning-based models to better understand and respond to data.
           3. Competitor activity should be monitored closely as it can provide valuable insights into potential future adjustments to our own pricing strategy, ensuring ongoing competitiveness in the marketplace.
   4. Collecting and analyzing comprehensive price elasticity data has proved useful in refining pricing strategies and will continue being a cornerstone in our approach when iterating our model."
63,23.1,22.44359857309265,294.01114130751375,"1. Continue testing subtle price adjustments closer to $23 and monitor their impact on both volume and profit while collecting granular data. Investigate if finer price increments could provide more actionable insights.
         2. Implement machine learning techniques to study pricing strategies that account for market changes, customer behavior, and potential fluctuations in demand while maintaining competitiveness with competitors.
     3. Analyze the impact of seasonal trends on our product's pricing dynamics and incorporate them into future testing scenarios.
   4. Utilize historical pricing data to fine-tune our machine learning-based price recommendation model to improve forecasting accuracy and agility in response to market shifts.
   5. Study any potential non-linear relationships between price adjustments and their corresponding effect on sales volume or profit as these insights could steer us towards more optimal strategies.","1. The data suggests that balancing sales volumes and profit maximization lies in the vicinity of $23, but close observation of finer price increments may provide further insights to refine our pricing approach.
         2. Machine learning techniques are valuable in understanding and adapting quickly to market fluctuations while maintaining competitiveness against competitors.
     3. Seasonal trends should be carefully examined to optimize the strategic timing of pricing adjustments for greatest profitability.
   4. Historical data provides a useful basis for improving our machine learning-based price recommendation model for better adaptation and forecasting capabilities."
64,23.65,18.84673252138196,257.2578989168637,"1. Continue testing subtle price adjustments closer to $23.6 (rounded up slightly from previous strategy) but investigate finer price increments like 23.55, 23.62, or 23.69 to gain more granular data on potential optimal pricing.
      2. Accelerate the implementation of machine learning techniques for studying dynamic pricing strategies that account for market changes, customer behavior, and demand fluctuations while staying competitive with competitors.
   3. Systematically incorporate a season-aware algorithm that considers historical as well as real-time sales trends to optimize strategic timing of price adjustments. This should be implemented in conjunction with the machine learning pricing strategy above.
   4. Conduct comprehensive analysis on the non-linear relationships between price adjustments and their corresponding effect on sales volume or profit for a better understanding of optimal strategies. Additionally, study how these relationships may vary by season if possible.
   5. Monitor trends in the market's response to finer price adjustments using customer feedback, competitor analysis, and A/B testing to refine pricing strategies over time.","1. The previous strategy has shown that a small shift in our pricing strategy can have significant effects on both sales volumes and profit. It is important to explore finer price increments to better understand these relationships.
      2. Machine learning approaches are valuable in understanding market dynamics, but it is crucial to consider the impact of seasonal trends to optimize timing for greatest profitability.
   3. Integrating seasonal trends and machine learning techniques should help us make more informed decisions regarding pricing adjustments. Keep monitoring the impact of such strategies on sales volumes and profit.
   4. Identifying non-linear relationships between price changes, sales volume, and profit will provide insights into potential ""sweet spots"" for pricing in various market conditions. This understanding can help maximize profit while maintaining competitive advantage."
65,23.6,19.15453485614673,260.50167404359553,"1. Test further subtle price adjustments that are multiples of 0.05 ($23.50, $23.55, etc.) to better understand price elasticity around the $23.6 mark.
      2. Implement machine learning pricing algorithms that dynamically adapt to market changes and customer behavior while staying competitive with competitors.
   3. Integrate seasonal trends in the machine learning pricing algorithm for optimum strategic timing of price adjustments based on real-time sales trends and profitability considerations.
   4. Perform comprehensive analysis of the impact of different price adjustments on volume, profit margins, elasticity, and any market segment changes over time.
   5. Monitor customer feedback, perform A/B testing, and constantly refine pricing strategies based on obtained insights from data analysis.","1. There seems to be a sweet spot in profitability close to $23.6, but it may require further examination with finer adjustments.
      2. The integration of machine learning and seasonal pricing algorithms are key to reaching the goal of maximizing profits in the long run."
66,23.55,19.46615835915779,263.7664457665881,"1. Perform further subtle price adjustments around $23.6 with 0.05 increments to better identify price elasticity and profit sweet spots near the tested range.
      2. Implement machine learning pricing algorithms that dynamically adapt to market changes and customer behavior while maintaining competitive prices.
    3. Integrate seasonal trends in the machine learning pricing algorithm for optimal strategic timing of price adjustments based on real-time sales trends and profitability considerations.
   4. Perform comprehensive analysis of the impact of different price adjustments on volume, profit margins, elasticity, and market segment changes over time.
    5. Continuously monitor customer feedback, perform A/B testing, and refine pricing strategies based on data insights while integrating machine learning capabilities.","1. Fine-tuning price adjustments around $23.6 could help maximize profits further by increasing volume or profitability.
      2. Machine learning algorithms are crucial in adapting pricing strategies to market changes and customer behavior while keeping prices competitive.
      3. It is essential to consider the long term benefits of implementing machine learning techniques for sustained profit maximization."
67,23.48,19.908866018428387,268.3715139284147,"1. Further explore price ranges near 23.55 with a wider set of increment values (0.02-0.1) to fine-tune profit maximization.
      2. Integrate market trends and real-time sales data into the machine learning pricing algorithm for better adaptive pricing strategies.
    3. Conduct an A/B test on several price range combinations to compare their impact on volume, profit margins, elasticity, and customer segment changes over time.","1. It appears that prices near $23.55 present the optimal balance between profit and quantity sold.
      2. The price adjustments in this range affect elasticity more than volume, indicating a need to find the sweet spot where both are optimized."
68,23.51,19.71821390017604,266.3930697913783,"1. Conduct a systematic and thorough exploration of price ranges near 23.55 with increment values between 0.02 to 0.1 to fine-tune profit maximization more effectively.
      2. Use the findings from this exploration to update the machine learning pricing algorithm to account for adaptive pricing in real time.
    3. Repeat A/B tests on several price range combinations to compare their impact on volume, profit margins, elasticity, and customer segment changes over time.","1. Incremental adjustments to prices close to 23.55 demonstrate a significant impact on profit maximization while maintaining competitive quantity sold.
      2. The correlation between price adjustments in this range and elasticity necessitates an ongoing exploration of the optimal balance between profit and volume."
69,23.51,19.71821390017604,266.3930697913783,"1. Continue exploring near the optimal price range identified, starting with the surrounding values of 23.51 (23.49 to 23.53), using incremental adjustments of 0.01.
      2. Utilize these fine-tuned data points for further updates to the machine learning pricing algorithm to account for adaptive pricing in real-time.
    3. Perform A/B tests on several price combination sets similar to those within the optimal range, comparing their impact on volume, profit margins, elasticity, and customer segment changes over time.
      4. Keep monitoring and adjusting the pricing strategy as new data points become available.","1. Fine-tuning adjustments to prices close to the current optimal range of 23.51 demonstrate a significant impact on profit maximization while maintaining competitive quantity sold.
      2. The correlation between price adjustments in this range and elasticity necessitate an ongoing exploration of the optimal balance between profit and volume, requiring continuous tweaking of the pricing model."
70,23.48,19.908866018428387,268.3715139284147,"1. Experiment with price points closer to the lower end of the optimal range, such as 23.48, and use incremental adjustments as small as 0.01 to find the most profitable optimal price.
   2. Further analyze the impact of these fine-tuned data points on volume, profit margins, elasticity, and customer segment changes over time through A/B testing.
      3. Implement machine learning to continue adapting pricing in real-time based on the insights gleaned from this exploratory study.
         4. Keep monitoring the pricing strategy, looking for anomalous patterns or trends, and making adjustments as needed.","1. The current optimal range of 23.51 has a significant impact on profit maximization while maintaining a competitive quantity sold.
   2. Refining these fine-tuned price adjustments will continue to improve the product's profitability.
      3. Ongoing analysis of volume, profit margins, elasticity, and customer segment changes is essential for understanding how these microadjustments impact sales and profits in more detail.
         4. It's crucial to remain flexible with regard to pricing adjustments as the competitive landscape may shift over time."
71,23.51,19.71821390017604,266.3930697913783,"1. Experiment with price points that are slightly above the current range, such as 23.52, and use incremental adjustments as small as 0.01 to find the most profitable optimal price.
     2. Further analyze the impact of these fine-tuned data points on volume and profit margins to optimize selling strategy.
     3. Monitor competitor pricing to ensure competitive advantage is maintained while maximizing profits.","1. The established price range of 23.48 - 23.51 consistently achieves profitability, with the choice between volume and margin depending on incremental adjustments to this range.
     2. Continuously monitoring competitor pricing strategy can help maintain competitive advantage and maximize possible profits."
72,23.5,19.78161114414182,267.0517504459146,"1. Continue testing price points in the 23.5 range (e.g., 23.49, 23.50) by making slight incremental adjustments as small as 0.01 to optimize selling strategy.
     2. Analyze data points related to competitor pricing and their impact on market share to ensure competitive advantage is maintained while maximizing possible profits.
     3. Perform A/B tests when necessary to determine the optimal profit margin and quantity sold for our product, using statistical significance in decision-making.","1. The price point of 23.51 seems fairly stable while maximizing profits; however, it's essential to continue refining the price strategy based on new data points and market conditions.
     2. Fine-tuned adjustments in the pricing range, such as changing by pennies (e.g., 23.49 vs. 23.51), can have a significant impact on quantity sold and overall profits."
73,23.49,19.845161834384644,267.71123314584884,"In each pricing round, we should evaluate the impact of different price point adjustments on the quantity sold and overall profit earned. Continue testing slight adjustments around 23.49 to see if there is a further increase in quantity sold and overall profit. Additionally, gather competitor pricing and market share data to inform future decisions.",Continuously revising price points based on results from each round seems crucial for maximizing profits. A lower price point may yield a larger overall profit due to increased quantity sold. Obtaining competitor pricing and market share information can provide additional insights into an optimal pricing strategy.
74,24.99,11.96235364779355,179.31568118042532,"- Evaluate price points starting from $24.99 to see how close we can go to the price limit without causing a significant drop in quantity sold. Continuously track and analyze profit over multiple pricing rounds.
- Gather competitor pricing data if available to understand their strategies, market positioning, and potential impact on our customer base.","- The price range from $23-$25 appears to be a stable region; however, it is optimal to discover the highest profit point while staying below the $35.23 maximum price.
- Analyzing competitor pricing can help position our product better in the market and attract potential customers by showcasing favorable pricing compared to competitors."
75,24.51,14.136484474455708,205.12038972435235,"- Incrementally test price points within the range of $24.00 to $35.23, maintaining a minimum increment of 0.01 USD per pricing round. Continue until we find the optimal balance between quantity sold and profit earned.
   - Analyze and gather competitor pricing data, if available, to adjust our pricing strategy accordingly.","- Higher prices can translate into increased profit but decrease in total units sold. It is important to find the optimum balance between price and quantity.
   - Monitoring competitor pricing can provide valuable insights for pricing adjustments."
76,23.75,18.242552380635633,250.83509523373996,"Continue experimenting with various price points within the range observed in previous records (i.e., 16.8 to 28) while keeping an eye on competitors' pricing and market trends. It may be beneficial to set a target profit margin to ensure long-term sustainability and adjust pricing accordingly.","- Adjusting price points can significantly impact both the quantity sold and overall profit earned, emphasizing the importance of finding a balance between maximizing profit while meeting market demand.
   - Continuously monitoring competitors' pricing is essential in maintaining a competitive edge."
77,23.75,18.242552380635633,250.83509523373996,Continue experimenting with prices in the range observed; seek to find the optimal price that balances both high quantity sold and substantial profit. Utilize historical data to guide pricing decisions while also considering current market trends and consumer attitudes.,"Keep track of the impact that price changes have on both quantity sold and overall profit, as this information can inform future pricing strategies. Recognize that a lower but slightly increased price compared to past lower prices may lead to finding an optimal balance between these two factors."
78,22.95,23.505219623623535,304.39259412592475,"Experiment with prices between 22.7 and 23.3, closely monitoring sales quantities and total profits earned. Consider reducing the price gradually if the current price proves too high for consumers, while still maintaining profitability. Also, continue to gather consumer feedback and keep an eye on market trends.",Consumers are more willing to buy when prices are moderate (around 23 US dollars). A gradual reduction in price may help to attract more customers while maintaining profitability.
79,23.4,20.424030228409187,273.6820050606831,"Stay close to the $23.5 price point since it's the one with the highest quantity sold; however, investigate slightly lowering it (in increments of 0.01 or 0.05) to see if there is a significant impact on profit per unit without losing too many customers.","Prices above $23.5 have significantly lower sales volumes, but profits may increase due to higher individual profit per item. A delicate balance must be maintained between volume (quantity sold) and individual profit per unit."
80,23.5,19.78161114414182,267.0517504459146,Experiment with slight price adjustments around 23.5 to find the most optimal price that balances sales volume and profit. Keep monitoring sales at higher and lower prices as well to identify possible trends and opportunities.,"The sweet spot seems to be a price in the range of 23.0-23.5, as this results in relatively consistent sales volume and profit. However, prolonged experimentation with higher and lower prices may help identify further optimization opportunities and market trends."
81,23.5,19.78161114414182,267.0517504459146,Focus on maximizing sales within the price range of 23-24 by closely monitoring competitors and market trends. Adjust prices as necessary to remain competitive and maintain a healthy profit margin.,"Overpricing the item above 24 can lead to decreased sales despite maintaining profit per unit, while underpricing below 23 increases sales but at a lower profit per unit. Continuously monitor competition and market trends to make informed pricing decisions."
82,23.45,20.10089997505295,270.35710466446216,Optimize pricing strategy by testing various options within the 23.0 - 24.5 range to find the best balance between profit and sales volume. Regularly monitor and adjust as needed based on market conditions and competitor prices.,Continuously testing price variations can help identify the most profitable pricing strategy that also maximizes sales volume. Competitive analysis is essential to ensure the chosen price remains in line with industry standards and does not negatively impact sales due to pricing perceived as too high or too low by customers.
83,23.5,19.78161114414182,267.0517504459146,Optimal pricing strategy should focus on maintaining the price within the range of 23.0 – 24.0 to strike the right balance between quantity sold and profit earned. Regularly review and adjust the price within this range based on market trends and competitor pricing.,"By keeping the product's price within the optimal range of 23.0 – 24.0, we can ensure a steady stream of sales while maximizing our profit margins per unit sold. It is crucial to stay attentive to market fluctuations and adjust our pricing accordingly."
84,23.0,23.14752165009825,300.9177814512772,"In light of our analysis, we should maintain a pricing strategy targeting the range of 23.0 – 23.5. We will periodically analyze and review the actual sales data during different periods to ensure we are maximizing efficiency and profitability.","Optimal pricing appears to be around 23.0 - 23.5, which maximizes both profit and volume. Regularly evaluating sales data will provide insights and enable us to make adjustments accordingly to maintain financial stability while continuously growing our customer base."
85,23.25,21.416501695744127,283.7686474686097,"To optimize profit, it's advisable to strategically set the price between 23 to 23.5. Continuous monitoring of price trends is necessary for further adjustments if required. Regularly review the data to identify patterns and make adaptations accordingly. Ensure that pricing decisions do not significantly impact the quantity sold, as this could lead to loss of sales.","The provided data suggests that when setting the product's price, it's crucial to find a balance between maximizing profit and maintaining an adequate volume of sales. It appears that the sweet spot is between 23.0 - 23.5, with a consistent pattern of profitable results within this range."
86,23.5,19.78161114414182,267.0517504459146,"Continue observing price and quantity sold trends, identify any patterns, analyze if these are consistent over multiple rounds, and consider implementing a strategy that aims at maintaining a price point between 23.0 and 24.0 to maximize sales.",Keep prices within the range of 23.0 - 24.0 as it appears to lead to increased sales. It's important to monitor fluctuations in trends as external factors could impact the pricing strategy. Continual analysis and adjustment may be necessary based on ongoing data evaluation.
87,23.5,19.78161114414182,267.0517504459146,"* Continue monitoring the impact of various prices on product sales.
   * Adjust pricing strategies as needed based on data trends to maximize both unit sales and profits.
   * Consider implementing promotions or discounts during periods of lower than average sales to drive demand.
   * Constantly evaluate production costs and adjust pricing accordingly to maintain healthy profit margins.","* Customers are more likely to buy the product at a lower price point (23.5-24 dollars).
   * It's critical to consider profitability when making pricing decisions.
   * Temporary increases in price that lead to a decrease in units sold may not be beneficial for long term sales growth.
   * Monitor competitors' pricing strategies and adjust accordingly to remain competitive in the market."
88,26.0,8.317269649392236,133.07631439027577,"- Monitor fluctuations in prices and adapt pricing strategy accordingly
   - Consider implementing a dynamic pricing model to respond to changes in demand and competition
   - Evaluate the effectiveness of current pricing strategy at regular intervals

   New Content for INSIGHTS.txt:
   - Lowering the price increases demand, as shown by the increased volume of sales from 16.8 units in round 14 (price = 24) to 39 units in round 10 (price = 24)
   - Consistently high pricing might deter some customers, but can lead to higher profit margins when sales are low, demonstrated by the profits earned in rounds 2 and 5

   My chosen price: 26.0",No insight found.
89,23.5,19.78161114414182,267.0517504459146,"In future pricing rounds, consider maintaining a competitive yet profitable price by strategically fluctuating the selling cost while keeping an eye on the market demand and competition levels. Implementing occasional slight reductions can help increase overall sales volume without greatly sacrificing profit margins.","It appears that pricing at a lower point can boost sales volume, as demonstrated by the trends over multiple rounds. However, striking the right balance between maximizing sales and maintaining healthy profit margins is crucial to ensure long-term sustainability. Adaptive pricing strategies that respond to the market demand and competition will likely yield favorable results in the short and long term."
90,26.0,8.317269649392236,133.07631439027577,"* Keep a close eye on selling trends to ensure that prices do not exceed market tolerance.
* Monitor the quantity sold at each tier to adjust supply accordingly.
* Implement contingencies for dealing with oversaturated markets, such as temporarily reducing production or pausing sales if necessary.","* Market reactions may be unpredictable and can lead to sudden drops in sales and price.
* Trends should be tracked carefully to inform future pricing decisions.
* Consider implementing flexibility in the supply chain to accommodate fluctuations in market demand."
91,24.5,14.18510649004877,205.6840441057072,Consider implementing a dynamic pricing strategy that takes advantage of the observed positive relationship between price and quantity sold. This could involve setting a slightly higher base price initially but making adjustments based on market demand and competitor prices.,"The data suggests that potential customers are more responsive to lower prices, as evidenced by the higher quantities sold at lower price points. However, it is crucial to strike a balance between maximizing sales quantity and maintaining profitability per unit. A dynamic pricing strategy could help achieve this goal while responding to market demand effectively."
92,23.0,23.14752165009825,300.9177814512772,"To increase sales volume and profitability, consider focusing on strategies to reduce overhead costs and explore potential opportunities for increasing market reach. These could include expanding into new geographic markets or seeking partners in complementary industries. Additionally, it may be beneficial to gather more data about the specific factors limiting sales, such as consumer habits or competition, to inform future pricing decisions and marketing efforts.","- The sensitivity of demand to price changes suggests that pricing plays a significant role in sales volume, making it crucial to carefully consider pricing strategy.
   - Lowering the price may not necessarily result in increased sales if there are other factors limiting market reach or consumer interest.
   - Exploring strategies to lower overhead costs and increase market outreach could lead to improved profitability.
   - Gathering additional data about the specific barriers to entry and consumer behavior can inform future pricing decisions and marketing efforts."
93,84.76,5.623876056361245e-10,4.2044097397356665e-08,"- Continue monitoring the relationship between price and quantity sold to see if any consistent pattern emerges over time.
   - Consider strategies that aim to increase the stability of both the price and quantity sold to improve profitability.","- The market appears unpredictable with a strong fluctuation in price and quantity sold, suggesting high price volatility.
   - It is worth investigating external factors such as supply, demand, competition, and consumer behavior that might influence these fluctuations.
   - Further exploration of optimal pricing strategies could yield better results by minimizing risk while maximizing profitability."
94,26.0,8.317269649392236,133.07631439027577,"- Analyze pricing trends over multiple rounds to understand how changes in price impact sales volume.
   - Experiment with different pricing strategies to find the optimal prices that maximize profit while ensuring sufficient demand.
   - Monitor the market competition and adjust pricing accordingly to remain competitive.","- Lowering the price can sometimes increase demand, as seen in rounds 6, 9, and 13. However, this approach should be used cautiously, as overly reducing prices could lead to decreased profit margins or devaluing the product.
   - The trend of increasing prices at certain intervals may not always result in increased sales, suggesting that market demand and competition play a significant role in determining optimal pricing.
   - Identifying and understanding the price elasticity of the market for this particular item will be crucial in making informed pricing decisions moving forward."
95,23.5,19.78161114414182,267.0517504459146,"Adjust prices based on market demand, taking advantage of peaks while being cautious not to raise prices too high and deter buyers. Prioritize maintaining a decent sales volume to ensure revenue steadiness.","By observing the fluctuation in prices and quantities sold, it is evident that this market is sensitive to price changes. Also, there seems to be an optimal pricing point where both revenue potential and volume of goods sold can be maximized."
96,26.0,8.317269649392236,133.07631439027577,"Consider running a series of smaller tests at different price points within the range of current pricing observations to find a more optimal balance between profit and quantity sold. Additionally, investigate potential external factors impacting demand such as market conditions or competitive pricing strategies to ensure our pricing remains competitive.","The data indicates that when price increases above 26 dollars, sales volume decreases significantly, resulting in a decrease in overall profit. It is critical to monitor and adapt pricing strategy accordingly to maximize profits while maintaining sales volumes at an acceptable level."
97,24.0,16.798161486607558,235.17426081250582,Maintain a consistent pricing strategy focusing on a balanced approach between maximizing profit and increasing sales volumes. Continue monitoring market response to price changes and be ready to adjust accordingly based on observed trends.,"The market responds positively to lower prices, resulting in increased sales volumes. However, higher prices extract more profit per unit sold. It seems crucial to strike a balance between the two for long-term success. Additionally, observe the price elasticity of demand, as understanding how changes in price affect the quantity demanded will enable better decision making regarding pricing strategy."
98,25.0,11.920292202211755,178.80438303317632,"- Monitor market trends over the next few rounds to identify any patterns and potential opportunities.
   - Consider expanding marketing efforts to increase demand while maintaining a competitive price point.
   - Analyze customer feedback to ascertain whether changes in the product or pricing strategy are necessary.","- Decreasing the price from 28.0 to 24.0 led to increased sales, indicating that the market is somewhat inelastic with respect to this product.
   - There seems to be a sweet spot between 24.0 and 26.0, where quantity sold is maximized but not at the expense of a significant drop in profit margins.
   - Monitoring competitors' pricing strategies and adjusting our own accordingly may help capitalize on short-term market fluctuations and optimize profits."
99,25.0,11.920292202211755,178.80438303317632,"Evaluate the effect of different price points on sales quantities and overall profit, paying close attention to how consumer behavior responds over time.","Preliminary analysis suggests that pricing adjustments may significantly impact profit: the original pricing strategy generated a profit of $235.17 per round, while subsequent price adjustments have varying impacts on profit (ranging from around $64 to over $300). It is crucial to monitor and consider how adjusting the price might change demand from consumers, as well as long-term effects on consumer behavior and repeat purchases."
100,23.5,19.78161114414182,267.0517504459146,"- Continue monitoring the market and adjust prices as needed to optimize sales while maintaining profit margins.
   - Keep an eye on competitors' pricing strategies to prevent undercutting or being undercut.
   - Explore partnerships with other businesses to increase demand for our product.
   - Diversify product offerings to cater to a wider range of customers and expand market share.","- Demand for this product appears stable, as even at its lowest price point (23.5), the quantity sold per round is significant.
   - Small, frequent price reductions are effective in maintaining a high volume of sales without significantly impacting profit margins.
   - Consumers might be more sensitive to price increases than decreases, as each rise in price is typically followed by a drop to reestablish demand.
   - A combination of competitive pricing and effective marketing strategies can contribute to substantial profits even at relatively low price points."
101,23.5,19.78161114414182,267.0517504459146,"- Continue monitoring the demand trends to find the optimal pricing strategy that maximizes profits while still maintaining a sufficient sales quantity.
   - Consider implementing a dynamic pricing model to adapt to changes in demand and competitor offerings.
   - Analyze the profit margins at various price points and adjust accordingly.
   - Regularly review sales data to identify patterns and trends in consumer behavior.","- A higher price does not always equate to greater profits; it is essential to factor in sales quantity
   - There appears to be a demand sensitivity to price, as the number of units sold decreases as the price increases.
   - Adapting to market conditions by adjusting the product’s price can help maintain profit margins and increase overall revenue."
102,24.5,14.18510649004877,205.6840441057072,"In the upcoming pricing rounds, consider monitoring how the price reacts to changes in supply and demand. Watch for trends and patterns that may indicate market sentiment. Adjust the selling strategy accordingly to maximize profit opportunities based on current market conditions.","From the data provided, it seems that the market has a tendency to absorb price changes better when the adjustments are made incrementally rather than in large jumps (e.g., compare rounds 37 and 38 with the stable periods). Additionally, there may be optimal pricing windows based on historical trading data where more significant profits can be made (e.g., round 19 versus other periods). It's essential to maintain a flexible and responsive pricing strategy while remaining mindful of market sentiment and current trends."
103,23.5,19.78161114414182,267.0517504459146,Experiment with prices between $22 - $23.5 to see if any slight adjustments might result in greater volumes while maintaining profit margins. Consider exploring a pricing strategy that closely matches $23.50 to maximize sales volume.,"Higher price points seem to negatively impact the quantity sold, with $24.5 being particularly unsuccessful. Lower priced items may not sustain sufficient profit margins. The sweet spot appears to be around $23.50, as this price point results in the largest quantity of units sold compared to other prices tested so far."
104,23.5,19.78161114414182,267.0517504459146,"- Monitor the effect ofprice fluctuations on sales and profit to optimize pricing strategy
- Investigate the sensitivity of profits to small price changes
- Consider using dynamic pricing where possible to adapt to market conditions more efficiently","- Low prices may result in increased sales, but this doesn't necessarily correspond with higher profits
- Small adjustments to price can leadto substantial changes in profit earned
- It may be profitable to strategically set a moderate price rather than pursuing the lowest possible or highest attainable price"
105,23.0,23.14752165009825,300.9177814512772,"- Continue observing the sales data to identify trends or patterns in pricing, sales volume, and profitability;
   - Analyze the relationship between price adjustments and the amount of units sold (if any);
   - Look out for potential market shifts that may require a different pricing strategy (e.g., if there's a sudden increase/decrease in demand).","- Data shows a range of opening prices, with repeated pricing on specific days; however, the sales volume and profits earned vary significantly even within the same price point;
   - A noticeable pattern may exist between low opening prices (23.0) resulting in high sales volume (~23.15 units sold) and decent profitability (~300.92), followed by slight adjustments up to 24.0, but with a significant drop in both quantities sold and profits earned;
   - It would be essential to determine whether the observed pattern represents an optimum pricing strategy or if it's a coincidence; further analysis is needed to draw conclusions."
106,23.5,19.78161114414182,267.0517504459146,Continue monitoring the impact of various pricing strategies on both profit and volume. Consider incorporating strategies such as dynamic pricing or tiered pricing to identify optimal price points for maximizing profit while maintaining a sustainable sales volume.,"Lowering prices may lead to higher demand, but lower profits. Finding the balance between attracting more customers and ensuring financial sustainability is crucial for long-term success in this market. Experimenting with dynamic pricing techniques could enable us to capitalize on changes in consumer behavior and capture a larger share of profit without sacrificing volume."
107,23.5,19.78161114414182,267.0517504459146,"* Observe the trends in both pricing and quantity sold over multiple rounds
   * Identify patterns of price adjustments and their effects on demand
   * Consider implementing a strategy to dynamically adjust prices based on observed demand patterns
   * Analyze the profit earned in each round and aim for consistent increases","* Lowering the price can result in increased quantity sold but may not always lead to optimal profit
   * Keep an eye on the minimum quantity demanded before increasing the price as it can lead to losses if demand does not increase proportionally
   * A more aggressive approach to increasing prices could maximize profits, but it's essential to weigh this against potential reduced demand
   * In certain situations, maintaining a constant price can be a good strategy when there is no immediate need to boost profit and the current price is close to the market equilibrium."
108,23.0,23.14752165009825,300.9177814512772,"Given the observed data, it may be beneficial to explore a pricing strategy that offers a slight discount while maintaining profitability. This could help increase sales volume and ensure consistent customer demand.","By exploring a slightly adjusted pricing strategy, there is potential to capitalize on the increased quantity of sales observed in this data set when prices are lowered. It is important to monitor the revenue generated at each price point to maintain profitability while taking advantage of consumer sensitivity to price changes."
109,23.0,23.14752165009825,300.9177814512772,"Based on the data, it might be beneficial to consider lowering the price after reaching a peak to increase sales volume while maintaining profitability. Keep an eye on patterns and average quantities sold, as they may indicate customer demand. Also, consider setting a minimum profit threshold to avoid selling below a desired margin.","The data suggests that customers find the item attractive at a price point between 23.0 and 25.0. However, prices closer to 23.0 result in increased sales but slightly lower profit margins. It's also interesting to note that the average quantity sold per round remains relatively consistent, with slight variations around specific prices."
110,23.5,19.78161114414182,267.0517504459146,"- Analyze the data for pricing trends and any patterns in price changes over time.
   - Investigate possible factors influencing these trends, such as seasonality, promotions, or competitor actions.
   - Monitor customer demand response to price changes and adjust our strategy accordingly to optimize revenue.","- The price has fluctuated significantly over the 52 rounds analyzed, indicating a lack of pricing stability and suggesting potential opportunities for optimization.
   - There appears to be a slight trend towards increasing prices over time; however, more detailed analysis is required to determine whether this trend is statistically significant.
   - Examining customer demand response to price changes would provide insights into the relationship between pricing and sales volume."
111,23.5,19.78161114414182,267.0517504459146,"- Analyze the relationship between price and quantity sold more closely to identify optimal pricing strategies.
   - Conduct further research on similar markets and products to compare price sensitivity.
   - Consider implementing flexible pricing strategies that adapt based on sales volume performance.","- There is a noticeable positive correlation between price and quantity sold, especially at prices above 23.5.
   - Lowering the price below 23.0 appears to have an immediate positive impact on sales volume.
   - Sales volumes tend to fluctuate between a relatively steady range (around 18.0-25.0) and a more dynamic one (prices between approximately 22.0 and 24.0)."
112,23.5,19.78161114414182,267.0517504459146,"In the upcoming pricing rounds, it would be wise to experiment with prices slightly lower than current ones to see if a price drop can drive even more sales without significantly impacting profit margins.",Prices above 24$ may not result in as much growth in quantity sold compared to prices below that range. It is also important to keep an eye on the cost of production and how these price changes affect overall profitability.
113,23.0,23.14752165009825,300.9177814512772,"1. Continue to monitor the relationship between price and sales volume over subsequent rounds, keeping track of any trends or patterns that emerge.
   2. Investigate potential factors leading to the sharp increase in sales volume at lower prices (e.g., competition, market demand).","1. The number of units sold is sensitive to price changes, with a significant boom in sales when the price drops to 23.
   2. It's worth considering testing various pricing strategies and exploring possible correlations between competitors' prices and market demand."
114,23.5,19.78161114414182,267.0517504459146,"* Continue to monitor sales for different price points to identify a profitable balance between quantity and profit
   * Consider implementing a strategic pricing approach to offer competitive pricing for higher volume sales, while also incentivizing larger purchases with discounts","* Lower prices may not drive enough sales volume to yield desired profits
   * Higher prices may be too high for some customers but can generate overall higher revenue when combined with sales strategies
   * It's essential to strike a balance between price and quantity to maximize both revenue and profit"
115,23.0,23.14752165009825,300.9177814512772,"- Maintain the current product price of 23.0 when possible.
   - Monitor the data for any consistent trends towards higher or lower profit ranges.
   - Be prepared to adjust the price if necessary, but aim for minimal fluctuations.","- Lower prices do not always result in higher profits (e.g., 25.0 -> 178.8).
   - Higher prices do not always result in higher profits either (e.g., many instances of 24.x prices).
   - Maintaining a consistent price at 23.0 provides moderate but reliable profits.
   - Keep an eye on the data and be prepared to make adjustments as needed to maximize profits while maintaining consumer trust through minimal price fluctuations."
116,23.0,23.14752165009825,300.9177814512772,"- Monitor the trend of the price fluctuating around 23.0 and make a note if any other patterns emerge.
   - Consider adjusting the price strategically to capture more sales, potentially just below 23.0.","- Customers appear to respond favorably to lower prices in the range of 23.0 with a higher volume of purchases compared to slightly higher prices in the same ballpark.
   - It seems that maintaining a competitive price near or just below 23.0 may increase overall sales, even though it might mean a slight reduction in profit per sale. This could generate more consistent revenue in the long run."
117,22.95,23.505219623623535,304.39259412592475,"- Monitor the market trends and adjust pricing accordingly to remain competitive
   - Continuously analyze the relationship between price and sales volume
   - Investigate potential external factors that could impact sales volume","- Lowering the price may encourage increased sales volume but can also impact profit margin
   - It is essential to consider the long-term impact of continuous price reductions on brand perception and perceived value
   - Factors such as product quality, marketing efforts, and customer satisfaction should be carefully considered when making pricing decisions"
118,23.0,23.14752165009825,300.9177814512772,"- Further analyze pricing data to better understand potential customer behavior and price sensitivity
   - Research market competition to determine a competitive advantage and adjust pricing accordingly
   - Study customer feedback to enhance product offering as needed and potentially boost sales volume","- Customers show a strong interest in the product, consistent with the relatively high quantity sold
   - Price fluctuations do not seem to significantly impact quantity sold at this time, suggesting price elasticity may be low
   - A slight downward trend in pricing might indicate an effort to attract more customers, but it's too soon to tell if it will prove successful without further data."
119,23.0,23.14752165009825,300.9177814512772,"- Investigate the reasons behind the stronger sales at the $23.00 price point
   - Analyze the lower sales volume at higher profit price points to determine if they are sustainable
   - Consider testing different pricing strategies to optimize both profit and sales","- Pricing strategy significantly impacts both overall profit and sales volume
   - Cluster of high-profit days ($300+) exists at the $23.00 price point, hinting at a possible pricing sweet spot"
120,23.0,23.14752165009825,300.9177814512772,"-Analyze the relationship between price and quantity sold to identify optimal pricing strategies
   -Investigate whether there is a correlation between changes in price and fluctuations in sales volume
   -Explore the impact of promotional offers or discounts on sales performance","-The dataset suggests that lower prices may lead to increased sales volume, but this needs further quantification
   -Price points under $23 seem to result in higher sales volumes compared to those above, but this observation requires more data to confirm"
121,23.4,20.424030228409187,273.6820050606831,"To optimize pricing, it would be beneficial to continue monitoring the data for any changes in trends. If the current trend of more items being sold at prices closer to 23 continues, adjusting the price slightly higher might increase profits while maintaining a high volume of sales. However, it's important to keep an eye on customer reaction and demand to avoid pricing the products out of reach for potential customers.","It appears that there is some sensitivity in the market regarding the price. Prices closer to 23 result in a higher volume of sales, while prices significantly deviating from this range lead to fewer sales. Further analysis may reveal more specific pricing strategies to maximize profits and maintain a high customer base."
122,23.0,23.14752165009825,300.9177814512772,"Maintain profitable pricing within a range of 23.0 to 23.5, considering market sensitivity and competitor behavior. Aim for subtle fluctuations in order to capitalize on potential growth or minimize losses during downturns. Additionally, consider longer term trends that might necessitate a temporary price adjustment.","- Fluctuating the product's price within a narrow range has resulted in maintaining profitability over the long run.
   - Raising and then quickly lowering the price significantly does not appear to be a successful strategy when prices are generally stable.
   - Market sensitivity to price changes should be taken into account when making pricing decisions, as a price that may seem beneficial on paper might result in decreased sales if consumers perceive it as too high."
123,23.25,21.416501695744127,283.7686474686097,- Monitor sales volume and adjust price accordingly to drive more units sold while maintaining profitability. Consider experimenting with lower prices in short pricing rounds to test market response quickly without oversupplying the market.,"- The current product offering has some market demand despite the relatively high initial price, suggesting room for optimization.
   - Continuously monitoring sales volume and price adjustments provide valuable insights into customer preferences and market conditions."
124,24.0,16.798161486607558,235.17426081250582,"- Continue monitoring sales trends and adjust pricing based on fluctuations in demand
- Investigate potential reasons behind the peaks at 24.97 in rounds 30 & 31 to capitalize on these periods if possible
- Consider implementing a dynamic pricing strategy that takes into account historical data and current market conditions","- Historical average price range for the product is approximately 22.75 - 23.65 units
- There seems to be a consistent demand for the product at these prices, with high demand periods peaking above this range
- Dynamic pricing strategy may prove effective for maximizing profits and staying competitive in the market"
125,23.5,19.78161114414182,267.0517504459146,"- Monitor the current market trends and adapt pricing accordingly while maintaining a competitive edge
   - Include potential long-term pricing strategies in the analysis to maximize profitability
   - Continuously track unit sales and adjust prices based on demand fluctuations","- Shorter pricing periods tend to have more volatility, making them riskier for businesses
    - Maintaining a slightly higher price can lead to better profit margins due to consistent unit sales
    - Longer pricing periods (up to 4 weeks) may also yield good results if market conditions are favorable
    - It's essential to stay updated on market trends and adapt quickly when necessary to remain competitive."
126,23.15,22.097389222018787,290.580668269547,"Revisit past data to identify any patterns in customer behavior with respect to pricing. Consider A/B testing different prices within the range of 22.75-23.5, if available, to determine the optimal price point that maximizes profit while ensuring reasonable quantities are still sold.","There seems to be a sweet spot for pricing in the range of 23, with prices below this resulting in higher volumes while slightly decreasing profits and prices above this corresponding to lower quantities sold without significantly increasing the profit. The optimal price may require further experimentation between 22.75 and 23.5 to find the ideal balance between quantity and profit. Continuously monitoring customer behavior will be essential for setting an appropriate price."
127,23.0,23.14752165009825,300.9177814512772,"- Analyze the relationship between price and sales volume in more detail by creating scatter plots or line graphs to look for patterns, if any.
   - Investigate whether there are external factors such as demand trends, market competition, or seasonality that might influence price decisions.
   - Estimate the average profit per item at different sale prices.","- A higher price does not necessarily translate into a higher profit due to varying sales volumes: a lower price that sells more often may result in a similar or even higher total profit.
   - Volatility in price can negatively impact customer trust and lead to reduced long-term sales if customers perceive price gouging.
   - To maximize profits, it is essential to consider not only the immediate sale price but also factors such as marketing costs, production costs, competition, and potential recurring business from satisfied customers who appreciate consistent pricing."
128,22.95,23.505219623623535,304.39259412592475,"- Continue monitoring and analyzing price trends, focusing on the $22.75-$23.15 range.
   - Implement occasional promotional offers or discounts to drive increased sales in the lower price point ranges.
   - Collaborate with marketing team for targeted ads and promotions geared towards potential customers.
   - Review competitor pricing strategies and adjust accordingly to remain competitive within the market.","- Lower price points between $22.75-$23.15 result in consistent quantity sales and maintain profitability.
   - Higher price points up to $24.0 still generate substantial profits, but at a lower volume of items sold.
   - Promotional offers may be necessary to drive sales in price ranges above the current average ($23.0) while maintaining overall profitability."
129,23.15,22.097389222018787,290.580668269547,"To maximize profit and optimize sales, it would be beneficial to identify the most promising price range based on historical data. Additionally, monitoring market trends and customer feedback could provide valuable insights to refine pricing strategies.","A higher price does not necessarily mean greater profit due to the impact on quantity sold. Furthermore, there seems to be a demand for this product as it continues to sell despite fluctuations in pricing. An effective marketing strategy could help tap into and expand this market."
130,23.25,21.416501695744127,283.7686474686097,Maintain pricing within the range of $23.0 - $23.5 to maximize sales while maintaining a reasonable profit margin. Monitor the market trends closely to adjust pricing as necessary based on customer demand and competitor pricing strategies.,"The data suggests that our product has a price elasticity of demand, meaning that changes in price can have a significant impact on the quantity demanded. This indicates that we should strike a careful balance between profitability and attracting customers. Additionally, it appears that slight fluctuations up or down from the optimal pricing range can result in substantial sales and profits, providing us with flexibility to adjust pricing based on market conditions."
131,23.0,23.14752165009825,300.9177814512772,"Keep observing sales trends and make necessary adjustments in price to capitalize on fluctuations, aim for $23 target range in the near future while continuing to monitor profit margin for long-term sustainability.","Initially pricing the item at $24 was too high as it resulted in low sales. Subsequent reductions in price lead to increased sales, demonstrating sensitivity of demand towards the pricing. However, it is essential to maintain profit margins while making these adjustments to ensure long-term sustainability and continuous growth."
132,23.5,19.78161114414182,267.0517504459146,"- Monitor the price trend and identify any discernible pattern or trend.
   - Continue to fluctuate the price within a range of $21 - $25 to maintain customer interest and maximize profits.
   - Consider implementing strategies like seasonal pricing or bundle deals to boost sales during slow periods.","- The most profitable price point seems to be slightly above $23, with the highest profit being around $307.88 in certain circumstances.
   - Quantity sold is directly related to the price set; lower prices result in higher quantities sold but lower profits, while higher prices lead to lower sales and higher profits.
   - Keeping a close eye on the competition and market trends can also help inform pricing decisions."
133,23.0,23.14752165009825,300.9177814512772,"Keep monitoring market trends and demand for the product. Look into factors influencing fluctuations in quantity sold, such as competitor pricing, seasonality, or promotions. Adjust price accordingly to optimize profit while maintaining reasonable demand.","It is crucial to find a balance between cost, competition, and customer willingness-to-pay when setting the product's price. Continuously observing market trends will help determine the most profitable pricing strategy without sacrificing demand. Stable periods of quantity sold could signal areas where the current price aligns well with the market, whereas inconsistencies suggest a need to adjust."
134,23.5,19.78161114414182,267.0517504459146,"Moving forward, we should focus on identifying key price points shown to generate the highest profit margins while also considering consumer demand and the competition's pricing strategy. We will analyze trends of profit vs price changes in detail to make data-driven decisions when adjusting the product's price moving forward.","It is important to monitor market conditions, competition, and consumer preferences when determining the optimal pricing strategy to maximize profits. It appears that changing the product price too frequently may negatively impact profitability, emphasizing the importance of a well-researched pricing strategy."
135,23.0,23.14752165009825,300.9177814512772,Monitor customer demand closely and adjust pricing accordingly to maximize profit. Continuously review competitor's pricing strategies to remain competitive in the market. Invest in improving product quality to build customer loyalty and trust.,Fluctuations in pricing can yield different results in terms of demand. It is essential to find a balance between profitability and maintaining a competitive position in the market. Regularly assessing and adjusting pricing as needed will help maximize profits while meeting customer expectations. It is also crucial to have an ongoing plan for improving product quality to maintain a strong market presence.
136,23.15,22.097389222018787,290.580668269547,"- Analyze the relationship between the price and quantity sold more closely in order to identify trends or patterns.
   - Explore potential external factors such as competition, consumer preferences, and market conditions that could be influencing both the selling price and quantity of items sold.
   - Experiment with a wider range of prices to determine how changes in pricing may affect overall sales volume.","- It is challenging to establish a consistent trend for either the selling price or the quantity of items sold due to frequent fluctuations throughout the provided data.
   - Prices and quantities appear to be influenced by external factors, making it important to consider these variables when adjusting pricing strategies.
   - It may be beneficial to employ dynamic pricing strategies that account for changes in these external factors over time."
137,23.5,19.78161114414182,267.0517504459146,"```diff
Maintain the pricing strategy focused on striking a balance between high revenue per unit and maximizing sales quantity. Continuously monitor market trends and competitor behavior to ensure our pricing stays competitive. Additionally, gather more data to understand customer preferences and their responses to different price points.

```","```diff
- Pricing between 23-$24 seems optimal based on historical evidence of high sales volumes. However, continued monitoring is necessary due to the unstable nature of market conditions.
- Prices outside the range of 23-$24, particularly higher prices, result in lower sales quantities.
- Additional data gathering initiatives are essential for further refining our pricing strategy. This includes analyzing customer responses and surveying potential customers on their ideal price ranges for this product.

```"
138,23.15,22.097389222018787,290.580668269547,"- Continue to price the product within the range of $22.9 to $23.4 as it seems to be effective in terms of both unit sales and profit.
   - Analyze and understand the patterns of sales fluctuations and determine if they correspond to certain days/times or external factors.
   - Perform competitive analysis to ensure pricing remains competitive in the market.
   - Explore offering promotions or bundle deals to drive up sales quantity without significantly impacting profit.","- The optimal price range for the product appears to be $22.9 to $23.4 based on current data.
  - There is a slight potential for higher unit sales at lower prices below $22.9, but this would drastically reduce profit margin, which may not be ideal for overall business strategy.
  - High spikes in the price can negatively impact sales quantity even though profit remains relatively steady. Findings indicate that overpricing the product by more than $0.10 causes a substantial drop in sales.
  - Maintaining a consistent pricing strategy is important to maximize profit without reducing sales volume at an unacceptable rate.
   - Monitoring patterns of price fluctuations may help identify external factors that could impact optimal pricing decisions, allowing for better preparation and decision-making."
139,22.8,24.60112835510517,314.8944429453462,Further explore the relationship between price and quantity sold. Investigate prices within the range of 22.8 to 23.65 to find a profitable yet competitive pricing strategy. Collaborate with marketing department to identify potential trends in consumer behavior and demand projections.,"Despite the irregular correlation between price and profit, there seems to be potential for higher profit at lower prices. It is essential to maintain a keen eye on market competition and understand customer perceptions of value to devise an effective pricing strategy. Collaboration with other departments, such as marketing, will be crucial in optimizing our sales approach for maximized profits."
140,23.15,22.097389222018787,290.580668269547,"- Regularly monitor pricing trends and adjust prices accordingly to meet market demand.
   - Keep sales data to inform pricing decisions, as changes in pricing seem to impact quantity sold significantly.
   - Explore seasonal or cycle-based pricing strategies to maximize sales.","- Demand appears to be sensitive to price changes, with a noticeable increase (decrease) in quantity sold when the price decreases (increases).
   - Maintaining a stable, somewhat flexible pricing strategy seems crucial for success in this market.
   - It may be beneficial to investigate potential seasonal or cycle-based pricing strategies to better optimize sales."
141,23.15,22.097389222018787,290.580668269547,Aim for sales volumes of 22-24 units per round. Continue adjusting the price slightly up or down to optimize profit while maintaining reasonable volume. Track the effect of price changes on both profit and volume.,"The relationship between price and sales volume is somewhat complex, with fluctuations in one not always corresponding directly with fluctuations in the other. For instance, higher prices can sometimes lead to lower sales volumes (e.g., 24.6), while lower prices do not necessarily result in increased sales volumes (e.g., just above 23). It may be beneficial to explore pricing strategies that adjust price according to demand signals rather than relying on a static price."
142,22.95,23.505219623623535,304.39259412592475,"For future pricing decisions, it would be beneficial to analyze the relationship between price and quantity, and consider the potential impact on overall profit. Keep track of market trends and customer demand to make informed decisions about adjusting prices. Use historical data from past rounds to identify patterns in consumer behavior and market dynamics that could inform future strategies.","The interplay between price, quantity, and profit provides valuable insights into the effectiveness of different pricing strategies. It appears that a flexible approach that takes into account changing market conditions and customer preferences is important. Additionally, it may be beneficial to explore dynamic pricing models that adapt to real-time changes in demand and competition. Analyzing past performance can help refine this approach and optimize overall profitability."
143,23.15,22.097389222018787,290.580668269547,Explore finding the optimum pricing strategy by studying trends in sales volume and profits within different price ranges. Repeat experiments to account for external factors that may affect results.,Keep a close eye on price sensitivity as changes can drastically impact both sales volume and profit earned. It's essential to balance between achieving higher profit and maintaining sufficient sales volume for sustained growth.
144,23.0,23.14752165009825,300.9177814512772,Aim to set a price that maximizes profits while also encouraging steady sales. Test various prices in the range of the previous lowest price (22.8) and current prices (23.15) to identify the most profitable range. Monitor the impact of different price points on sales to ensure consistency.,"Lowering prices can lead to increased sales as observed in rounds 43-45. However, maintaining a steady pricing strategy within an optimal range is crucial for maintaining consistent profit levels and sales numbers. Be mindful of the market response to price changes when adjusting the selling price."
145,23.31,21.015356750795796,279.714398353092,"Analyze the pattern of sales quantity versus price changes and try to determine if there is a clear relationship between price sensitivity and sales volume. Include consideration of external factors such as marketing efforts, competitor pricing strategies, and seasonal demand.","Sales data suggests that customers are somewhat sensitive to price adjustments when the price is within the range of $22.90 to $23.65. While the overall pattern of sale volume is not consistent, it appears that sales volumes tend to increase slightly when prices drop and decrease slightly when prices rise in this specific range. This suggests that there may be a sweet spot for optimal pricing to balance profitability and attracting customers."
146,23.51,19.71821390017604,266.3930697913783,Maintain steady pricing strategy considering fluctuation in previous rounds. Monitor the effects of minor price adjustments and gather sufficient data before making significant changes.,"Minor price adjustments have minimal impact on sales volume, suggesting a need for more substantial changes to affect unit shifts. Significant price decreases or increases can lead to increased volatility in both sales and price levels. Observe the market during periods of prolonged stabilization prior to making adjustments to find optimal pricing points."
147,23.0,23.14752165009825,300.9177814512772,"It may be beneficial to continue pricing our product between 23 and 24 dollars as this range has shown stability and reasonable profits. However, we should carefully monitor the slight decrease in quantity sold at higher prices to ensure we are not losing potential sales due to a too high price point.","The data suggests that increasing price beyond 23 dollars may result in decreased sales and less profit being earned, while keeping the price close to 23 dollars seems to maintain both quantity sold and profit earned. We should monitor this relationship closely as a change in consumer behavior or market conditions could impact these trends."
148,23.0,23.14752165009825,300.9177814512772,"- Continue monitoring price fluctuations within the current range ($23-$24) for at least another 10 rounds to confirm stability before adjusting the price too drastically.
   - Keep a close eye on any significant changes in demand, particularly if there is a sudden spike or drop in quantity sold per round.
   - When ready to make an adjustment, consider incrementally increasing or decreasing the price by a small amount to gauge customer response.","- The item's current price range seems to have produced consistent sales within the given quantity range across 50 rounds.
   - Lowering the price temporarily seems to result in an increase in the number of units sold, but these gains are not sustained at the lower price once it is returned to its previous level.
   - Customers may be sensitive to small variations in price, as adjustments as little as a few cents can have noticeable effects on demand.
   - There appears to be room for very slight adjustments to the current price without significantly altering customer demand or revenue expectations."
149,23.45,20.10089997505295,270.35710466446216,"- Monitor the sales data for changes and adjust pricing accordingly based on market trends.
   - Explore potential discount offers or promotions to boost sales during periods of lower demand.
   - Continuously analyze competitors' pricing strategies.","- Adjusting the price by as little as $0.15 can significantly impact overall profitability given the large order volume.
   - Periods of slightly higher prices (e.g., $23.6) tend to result in slightly lower sales volume, but with a noticeably increased profit margin.
   - It appears that demand is relatively stable and predictable, allowing for careful pricing adjustments without excessive risk."
150,23.45,20.10089997505295,270.35710466446216,"- Continue to adjust the price upward in a range between $23.00 and $23.50, monitoring profitability at each step.
   - Identify any trends or patterns in sales data related to quantity and price to potentially inform pricing decisions going forward.
   - Consider implementing a promotional strategy for certain price points to encourage increased sales and/or profit.","- Price points around $23.00 and $23.50 appear more profitable than other prices.
   - Certain quantity levels, such as 21.89, 20.42, and 19.72, seem to be common in sales data, potentially indicating a natural market demand for these quantities.
   - There is an upward trend in the price of the product over time, with fluctuations in profitability.
   - A promotional strategy could help increase sales and/or profit at specific price points."
151,23.5,19.78161114414182,267.0517504459146,"* Maintain an average selling price near the current average of $23.50, but test prices slightly lower and higher to investigate sensitivity to fluctuation.
   * Examine the market demand at the $21 floor to determine if there is room for expansion at that price point.","* Customers do not appear overly sensitive to relatively small price changes (in comparison to the product's overall range), meaning slight adjustments may have minimal impact on sales volume.
   * Explore potential reasons behind customer behavior and pricing resistance in this market segment."
152,22.96,23.433374795422065,303.69653734867,"Based on the observed trends, it appears that lowering the price of the item slightly might lead to an increase in sales volume. This could help boost profitability as increasing sales volume within our existing budget constraints is a more affordable strategy compared to aggressive advertising or other marketing efforts.","The current pricing strategy seems to be discouraging demand, leading to low sales volumes and a lower overall profit for the business. To increase sales and boost profits, it may be necessary to explore alternative pricing strategies that cater more to consumer demand at this price point."
153,23.0,23.14752165009825,300.9177814512772,"Consider maintaining the price closer to $23 in upcoming pricing rounds, with some slight fluctuations to test different price levels while focusing on similar price points. Also, reevaluate and analyze the results of the higher-priced tests ($84.76) as it's important to understand why these price levels didn't yield any sales.","Lower prices have proven to be profitable in some rounds, suggesting potential upside in exploring this area further and testing similar price points. It's worth noting that there is a sweet spot between profitability and sales volume that needs to be targeted. Keep an eye on pricing psychology and elasticity while adjusting the price going forward to maximize both sales and profit."
154,23.5,19.78161114414182,267.0517504459146,"In order to optimize our pricing strategy, it would be beneficial to identify a price range where we can maximize sales while still achieving a satisfactory profit margin. This could involve testing different prices within this range to see which ones generate the most sales and revenue. It might also be useful to perform some A/B testing on different pricing tiers or price adjustments over time to determine their impact on sales and profitability.","Based on the data provided, it appears that our current pricing strategy may not be fully maximizing sales potential. It is essential to find a balance between setting prices high enough to achieve a decent profit margin while still being competitive in the market and appealing to customers. Additionally, analyzing the relationship between price changes and subsequent sales trends could help inform future pricing decisions."
155,23.5,19.78161114414182,267.0517504459146,"To maximize profits, maintain a price slightly above $23 and closely monitor sales volumes. Adjust the price on a round-by-round basis based on sales data to optimally balance between maximizing sales volume and profit per unit.","The product seems to sell better when priced between $23 - $24.50, with an optimal range of 19-23 units per round. The highest overall profit earned was in Round 95 and Round 67, both near the price point of $23.5. It's crucial to keep a close eye on sales trends and adjust the pricing strategy accordingly to optimize profits."
156,23.25,21.416501695744127,283.7686474686097,Experiment with lowering the starting price next round and monitor the effect on sales volume. Maintain careful observation of competing products and adjust pricing accordingly.,"Lower prices seem to encourage more sales; however, it's essential to ensure profitability. The item seems to sell best in quantities of 19-24 and prices between 23.0 and 23.51. Further research into the market and competition is necessary."
157,23.25,21.416501695744127,283.7686474686097,Continue exploring price ranges between $23.00 and $23.50. Monitor sales quantities and profits closely in the next pricing rounds. Be prepared to adjust the pricing strategy if necessary based on market trends and consumer behavior.,"The experiment demonstrates the importance of finding a balance between price and quantity sold. A higher price can lead to increased profit per item, but it also risks lower sales quantities. Conversely, a lower price may result in more units being sold, but the overall profit might be lower due to a low cost-per-item margin. It seems that the optimal pricing strategy must take into account both considerations: maximizing profit while ensuring enough items are sold to meet demand and maintain financial stability."
158,23.5,19.78161114414182,267.0517504459146,"To address the fluctuating pricing, it is important to identify patterns in customer behavior and adjust pricing accordingly. We should also investigate the reasons behind the high-price, zero-sales instances to determine if these prices are too costly or if there is a different factor at play (e.g., seasonal demand).","Based on the current data, it seems that a more strategic pricing approach is vital to maximize sales and profit. By identifying price-sensitive customers and offering attractive promotions during periods of lower demand, we may be able to increase overall sales. Additionally, understanding and addressing any factors contributing to the high-price, zero-sales instances will help maintain consistent sales over time."
159,23.51,19.71821390017604,266.3930697913783,"Analyze the relationship between price and quantity sold to determine optimal pricing strategy. Investigate any historical patterns or trends that may impact future pricing decisions. Consider the impact of competitor pricing, market conditions, and customer behavior on potential profitability.","Prices have not followed a consistent pattern, making it difficult to predict future pricing strategies. Fluctuations in price do not appear correlated with changes in quantity sold, raising questions about the effectiveness of traditional pricing tactics for this product. A more nuanced approach may be needed to better understand and adapt to these market dynamics."
160,23.5,19.78161114414182,267.0517504459146,"Keep experimenting with pricing strategies that balance quantity sold and profit per item. Consider A/B testing lower prices against slightly higher prices to see which yields better results in the short term and the long run. It may also be beneficial to observe any patterns or trends related to specific months, day of the week, or time of day.","The relationship between price and sales quantity is not always linear. A higher priced item (e.g., $26.0 in Round 89) can still be profitable if it sells well ( Round 90, Round 94). Additionally, some lower prices may not provide a significant increase in sales over higher priced items, as seen in multiple instances throughout the data set. Continue to monitor and analyze pricing strategies for long-term trend insights and optimize accordingly."
161,23.48,19.908866018428387,268.3715139284147,"1. Continue monitoring the sales data to identify any patterns or trends in pricing relationships and customer behavior.
   2. Analyze the effects of marketing campaigns on sales volumes and investigate potential price sensitivities related to such campaigns.
   3. Investigate the impact of seasonality, competitor actions, and market factors on sales performances and adjust pricing strategies accordingly.
   4. Experiment with different pricing tiers or packages to better understand customer preferences and willingness to pay.
   5. Continuously optimize the product offering by addressing any feedback received from customers and making necessary improvements.","1. Sales volumes are generally higher at lower prices, but individual sale amounts may be less.
   2. Higher prices can result in fewer sales and may lead to zero sales in certain instances, such as when the price is significantly higher than comparable products on the market.
   3. There seems to be an optimal pricing range for this product that maximizes sales volumes while ensuring reasonable profit margins.
   4. Further exploration of customer feedback may help determine any potential price sensitivities and the willingness to pay for additional features or services.
   5. Pricing strategy should take into account seasonal changes, market conditions, and competitor actions to ensure a competitive advantage."
162,23.0,23.14752165009825,300.9177814512772,Consider testing out prices slightly below $23 to see if it can increase the quantity sold while maintaining or slightly boosting profitability. Keep an eye on the competitive landscape to ensure pricing remains competitive as well.,"It seems that the market responds positively to lower pricing close to $23, and the sales volume increases significantly. However, prices much higher than $23 result in fewer or no sales at all. Keep prices competitive while experimenting with slight reductions to potentially boost sales volume."
163,23.45,20.10089997505295,270.35710466446216,"- Maintain the current price until a more stable pricing pattern emerges.
   - Monitor demand closely to identify any potential trends that may suggest a need for a price adjustment.
   - If demand appears to be rising consistently, consider gradually increasing the price to maximize profits.","- Low price results in increased demand (e.g., 23.0 and above).
   - Steep drops in price can lead to no sales as seen at round 93.
   - There seems to be a delicate balance between price and demand that needs to be carefully managed to achieve maximum profitability."
164,23.25,21.416501695744127,283.7686474686097,"Consider testing the effect of slightly reducing the price to reinvigorate sales without significantly impacting revenue. The seller might also want to conduct market research to better understand current market conditions and consumer preferences, which could lead to more informed adjustments in the future.","Maintaining a high price point, even when demand has decreased, is not always sustainable. It's essential to strike a balance between increasing sales volume through pricing adjustments while ensuring overall revenue remains positive."
165,22.95,23.505219623623535,304.39259412592475,"In future pricing rounds, consider starting with a lower initial price to gauge market response better and potentially increase sales volume. Monitor competitors' prices as well to ensure competitiveness.","It seems that the higher priced items (e.g., $26.00) have low demand and are not profitable in the given market conditions, while slightly lower-priced items ($23.50 - $24.50) are more popular but still do not seem to sustain consistent profitability as quantities sold remain relatively low. Further research may be needed to determine the optimal pricing strategy within this range."
166,23.5,19.78161114414182,267.0517504459146,"- Continue monitoring demand and adjust pricing accordingly, focusing on price points of $23.50 and around $24.00, which show high demand.
- Consider offering promotional discounts or bundle deals to drive sales at lower price points that are currently experiencing lower demand. This can help generate interest and potentially increase overall sales.
- Regularly review pricing strategies of competitors to ensure our product remains competitively priced in the market.
- Monitor market trends for potential changes in consumer preferences, and adjust prices as needed based on those trends.","- Lower price points (around $23.50) demonstrate strong demand, making these price points worth considering as a long-term pricing strategy.
- Higher price points ($24.99 and higher) show lower demand, suggesting that the market may be saturated at these price points or consumers are looking for more affordable options.
- Promotional discounts or bundle deals can help drive sales at lower price points, allowing us to test market interest in those offerings.
- Competitive pricing is essential to ensure our product remains attractive to potential customers in the face of competing products in the market.
- A careful balance must be maintained between price and profit, with a focus on maximizing sales while ensuring a reasonable level of profitability for the business."
167,23.5,19.78161114414182,267.0517504459146,"Based on observations, I recommend experimenting with a slightly lower price range initially to gauge market response and then strategically increasing the price based on the resulting sales volume and profit margins. It's essential to keep monitoring the competition and customer feedback to make informed decisions about pricing adjustments.","Continued observation of competitive pricing strategies is required to maintain an edge in the market. Analyzing customer feedback will help establish how sensitive customers are to price changes, aiding in the future decision-making process. Iteratively testing and adjusting the price as needed is crucial for long-term success in this market."
168,23.5,19.78161114414182,267.0517504459146,"- Continue to monitor price fluctuations and their effect on quantity sold and profit earned
   - Consider implementing a pricing strategy that takes advantage of the higher profits at lower quantities while maximizing overall sales by keeping the price closer to the lower end of its range","- Lower prices appear to increase quantity sold but may not always result in the highest profit per sale
   - Higher prices may reduce the number of units sold but can result in higher profits per sale when quantity is still substantial, indicating a market willing to pay a premium under certain conditions
   - There seems to be a delicate balance between maximizing sales and maximizing profit that must be carefully considered when setting the price."
169,23.5,19.78161114414182,267.0517504459146,"To optimize sales, consider adjusting the pricing strategy based on historical data. It appears that higher prices may result in lower quantity sold (e.g., Round 93) while lower prices can lead to increased sales (Round 107). The sweet spot seems to be around the 23.5 price point.","It has been observed that higher pricing does not always guarantee high sales. However, it is crucial to strike a balance between profit and sales volume by adjusting prices strategically. Pay close attention to consumer demand and market trends to further refine the pricing approach during each round."
170,23.0,23.14752165009825,300.9177814512772,"- Implement a more competitively priced product, around the $23 - $25 range based on past successful sales periods.

   - Monitor the market price of similar products and adjust our pricing accordingly to remain competitive.

   - Regularly track quantity sold at various price points to assess pricing effectiveness.","- The product appears to have a higher demand when priced around $23 - $25 compared to periods of lower or much higher prices.

   - High-price points are not as effective in generating sales, with zero units sold at $84.76 (Round 93) and reduced sales at other high price points."
171,23.5,19.78161114414182,267.0517504459146,"- Monitor the market closely to understand short-term trends and long-term patterns in pricing and quantity sold
   - Keep track of competitor's strategies and adapt pricing accordingly
   - Consider developing a model to predict future price movements based on previous rounds' data","- Prices significantly decrease in the initial rounds, indicating there may be an opportunity to exploit higher demand at lower prices earlier on
   - There appears to be a price floor around $20; any significant deviations below this might not be profitable due to low demand
   - High quantities sold during some rounds suggest strong demand for certain prices; explore capitalizing on these opportunities by adjusting our pricing strategy accordingly"
172,23.75,18.242552380635633,250.83509523373996,Consider pricing experiments slightly below and above the recurring 23.5 dollar price point to gauge any potential impact on sale volume without significantly deviating from profitability. Evaluate the effectiveness of this approach over several rounds before making further adjustments.,"Data suggest that a price of 23.5 dollars results in both considerable profit and sufficient sales volume. However, it is essential to explore pricing options around this value to optimize overall profits and sales. In the long term, monitoring the relationship between price and quantity sold could inform decision-making for effective pricing strategies."
173,25.0,11.920292202211755,178.80438303317632,"Monitor trading trends and volumes for any significant changes or patterns, as they may offer insights into optimal pricing strategies. Continue tracking the asset's price behavior across different timeframes to identify long-term tendencies. Evaluate market conditions outside of the asset for potential influences on trading volume and profitability.","The data suggests that this particular asset might be sensitive to higher pricing, with increased volumes at those levels. However, it's essential to be aware of the significant losses incurred when setting an extremely high price (84.76). To manage risk and maximize profits, focus on maintaining a reasonable profit margin while being attentive to market conditions and price fluctuations. Keep in mind the uptrend in trading volume between rounds 40-60 as it may indicate a favorable period for pricing adjustments or increased investment."
174,23.5,19.78161114414182,267.0517504459146,"- Continue monitoring market conditions and adjust prices dynamically to optimize for sales.
   - Maintain our base price range of $23 to $26, but allow for occasional slight variations.
   - Keep a close eye out for similar products in the market and adjust our pricing accordingly.","- The market can only sustain our product at a lower price point of around $23 to $26, with occasional slight variations.
   - Jumping the price to $84.76 led to no sales, indicating this may be too high for the market.
   - It is important to keep prices dynamic to maximize sales and stay competitive in the market."
175,25.0,11.920292202211755,178.80438303317632,"Based on observed trends, I recommend a flexible pricing strategy that takes into account current market conditions, customer demand, and supply availability. Regularly monitor prices and quantities sold and adjust accordingly, aiming to maintain an average profit of around $300 or slightly lower if competition is high or sales are plentiful.","To maximize profits, a careful balance must be struck between setting competitive yet profitable prices and meeting demand without oversupplying the market. The data suggests that a price within the $23-$26 range can result in relatively steady sales. Keep an eye on the market and adjust prices as needed to optimize profits."
176,23.5,19.78161114414182,267.0517504459146,"In order to increase sales while maintaining profitability, it may be beneficial to first analyze the factors influencing these drastic price changes identified in my observations. For example, was there a specific event or external factor causing the fluctuation? Once understood, adjust the pricing strategy accordingly. It could also be valuable to explore differentiating our product by offering packages or bundles to incentivize customers to purchase additional units at a reduced rate.","The data suggests a delicate balance between profit margin and sales volume. While lowering the price may increase sales, it could potentially reduce profitability. Conversely, high prices can lead to decreased sales volume but higher profit margins. Identifying optimal pricing requires understanding the market's tolerance for price increases and the factors that cause fluctuations in demand. Adjustments to the product or marketing strategy might also help maintain a competitive advantage and influence customer purchasing decisions."
177,23.5,19.78161114414182,267.0517504459146,"For future pricing rounds, I suggest maintaining a price point in the 23-24 range to capitalize on the success seen in these previous rounds. It is important to consider the customer demand trend, which seems to favor affordable options, but also monitor competitors' strategies and market trends. Continuous monitoring of sales volumes and the impact of pricing changes on them will be crucial for optimizing future decisions.","- In general, a more affordable price range (around 23-24) seems to be favored by customers, resulting in higher quantities sold.
   - There may have been significant external factors leading to the noticeable increase in the price of round 92 and a lack of sales.
   - Monitor market conditions and competitor pricing strategies to inform future decisions."
178,23.0,23.14752165009825,300.9177814512772,No plan found.,No insight found.
179,24.0,16.798161486607558,235.17426081250582,"- Monitor sales volume and profit closely in order to determine the optimal pricing strategy
   - Consider offering slight discounts when sales are slow to boost quantity sold, or temporary increase prices when there is high demand
   - Keep track of competitor strategies and adjust accordingly","- The sales trend suggests that a conservative approach to pricing could work well considering the fluctuating profits but steady volume.
   - It may also be beneficial to run promotions or discounts at times when sales are slow, while increasing prices when demand is high.
   - Competitor analysis is crucial for staying competitive and identifying potential opportunities in the market."
180,23.5,19.78161114414182,267.0517504459146,"Continue experimenting with pricing around the 23.5 range, adjusting slightly up or down to find the optimal balance between quantity sold and profit earned while ensuring that fluctuations in demand are taken into account.","Although higher prices lead to lower quantities sold, they still result in some profit. This suggests that it may be beneficial to experiment with pricing above 23.5 occasionally to capitalize on certain market conditions or customer preferences for higher-priced goods. It's also important to monitor quantity sold and adjust pricing accordingly to prevent overstocking or stockouts."
181,23.25,21.416501695744127,283.7686474686097,"- Refine the pricing strategy by testing different price points within the range of 23.0-23.5 to optimize sales and profit margin.
   - Continuously monitor market trends and competitor pricing to adjust the pricing strategy accordingly.","- Lower prices might incentivize more sales but may have a negative impact on profit margin if not closely monitored.
   - Identifying an optimal price range is crucial for maximizing both profit and unit sales.
   - It would be beneficial to analyze competitor pricing and sales data, as well as factors influencing supply and demand in the market."
182,23.5,19.78161114414182,267.0517504459146,"- Continue monitoring market trends to identify potential changes in consumer behavior and demand.
   - Regularly analyze competitor pricing strategies to stay competitive.
   - Consider offering discounts or promotions during periods of slow sales to boost quantity sold while maintaining a reasonable profit margin.","- Higher prices lead to lower quantities sold, suggesting that the price elasticity of demand is high. This implies consumers are sensitive to changes in price and may switch to substitute products when the price increases significantly.
   - A more dynamic pricing strategy that takes into account external factors (such as market trends, competitor strategies, and seasonal effects) could lead to increased profitability.
   - The importance of striking a balance between price and quantity sold should not be underestimated when making pricing decisions."
183,23.0,23.14752165009825,300.9177814512772,"- Monitor the market and keep an eye on competition and consumer demand to determine if a change in price is necessary.
   - Analyze historical sales data to identify trends that can help inform pricing decisions.
   - Consider offering promotional sales or discounts during slow periods to stimulate demand and increase sales.","- Price elasticity appears to be high as significant changes in price can lead to large shifts in quantity sold (as seen between $26.0 and $23.0).
   - There is a seemingly direct relationship between price and demand, with lower prices resulting in higher quantities sold.
   - The data suggests that the targeted price range might be around $23.0 or lower to maximize sales, but additional analysis of competition, costs, and profit margins is needed for a final determination."
184,23.5,19.78161114414182,267.0517504459146,No plan found.,No insight found.
185,23.0,23.14752165009825,300.9177814512772,"- Monitor the market demand and adjust pricing strategy accordingly to optimize sales and profit.
   - Consider running promotions or discounts strategically to boost sales at certain price points without compromising long-term profitability.
   - Implement a variable pricing model to test the impact of different price ranges on sales and profits, using historical data for insights.","- Lower prices seem to lead to higher quantities sold, but profit per unit is smaller.
   - Setting the price too high may lead to no sales (e.g., Round 93).
   - A more flexible pricing strategy, taking into account market demand and historical data, could result in increased sales and profits."
186,25.45,10.156092789763667,156.91163360184865,"```
   - Maintain a competitive and attractive price point around the current average of 25.45, but consider slight adjustments based on demand fluctuations observed in the data.
   - Keep an eye on competitor pricing strategies to ensure our product remains competitively priced.
   - Implement promotions or discounts at strategic intervals to boost sales and increase visibility.
   ```","```
   - The data suggests a strong positive correlation between lower prices and increased unit sales. This could indicate a demand-oriented pricing strategy may be beneficial.
   - It's crucial to maintain a balance between maximizing profit and ensuring consistent unit sales when adjusting the price.
   - Competitor pricing seems essential in determining our own pricing strategy; we should continuously monitor their tactics.
   ```"
187,23.5,19.78161114414182,267.0517504459146,Continue observing the impact of price fluctuations on sales and adjust prices accordingly to encourage higher demand if possible within the acceptable range (21-26). Expand market research efforts to potentially identify new target markets or alternative distribution channels.,"Lower price points generally lead to increased sales up until a certain point, but maintaining low prices for long periods may affect profitability and brand image. Research suggests that the product has limited appeal in a competitive market with prices exceeding 24.5. Potential expansion into new markets or distribution channels should be considered to reach untapped demand while ensuring overall profitability."
188,23.5,19.78161114414182,267.0517504459146,The price should be set in a balance between increasing the sales volume and maximizing profit per unit while maintaining a competitive market position. Consider experimenting with a premium pricing strategy but ensure to monitor competitor's actions closely to avoid losing market share.,Continuously monitor sales trends to optimize pricing and balance between sales volume and profitability. Keep in mind the possible impact of increased prices on customer loyalty and new customer acquisition rates.
189,23.0,23.14752165009825,300.9177814512772,"- Monitor the market closely to understand demand and competition for this item.
   - Experiment with gradually lowering the price within reasonable limits to test the elasticity of demand (how sensitive buyers are to price changes).
   - Consider offering discounts or promotions during specific times (e.g., sales events) to generate interest and boost sales.
   - Examine other factors influencing sales, such as product descriptions and marketing strategies, to identify opportunities for improvement.","- The market appears to be sensitive to price changes, with a significant increase in quantity sold at lower prices.
   - It's essential to maintain accurate records of pricing decisions and their impact on sales, as inconsistencies like the ones observed in this data can lead to inaccurate conclusions about optimal pricing strategies.
   - Offering occasional discounts or promotions may be an effective way to increase sales without significantly affecting profit margin.
   - A comprehensive understanding of the market and competition, as well as consistent monitoring, are crucial in making informed pricing decisions."
190,23.0,23.14752165009825,300.9177814512772,"1. Monitor price elasticity closely, as it appears to be relatively high.
    2. Continue monitoring trends in sales volume at different prices and adjust accordingly.
    3. Investigate whether there are any external factors that might influence demand or the perceived value of the product, such as competing products, consumer sentiment, or promotions.","1. Lowering the price can result in increased sales volume.
    2. The overall trend indicates a higher demand at lower prices, potentially suggesting price sensitivity.
    3. Keep an eye on market trends and competitor actions to ensure competitiveness."
191,23.0,23.14752165009825,300.9177814512772,"""Analyze historical data to find an optimal pricing strategy that maximizes sales and profitability. Consider implementing promotional periods or discounts to drive sales at competitive prices without significantly impacting overall profit margin.""","""Price fluctuations have a direct impact on the quantity sold. Lowering the price seems to increase sales, but maintaining profitability remains a concern. Conduct further research to determine the optimal balance between pricing competitively and achieving target profit margins."""
192,23.5,19.78161114414182,267.0517504459146,"To maximize profits while taking into account demand sensitivity, we can implement a dynamic pricing strategy by closely monitoring our competitors and our market. This strategy should involve raising our price when sales are high and lowering it when they are low, to capitalize on consumer demand.","The sensitivity analysis shows that the product's price has a considerable impact on the quantity sold, with higher prices leading to lower quantities sold. However, this relationship may not be solely due to pricing but rather an indication of overall market demand and competition within our industry. Additional research and analysis are needed to confirm this observation before any major changes are made to our current pricing strategy."
193,24.0,16.798161486607558,235.17426081250582,"Consider testing a slight reduction in price to observe changes in demand and profitability, while maintaining an eye on unit cost and overall profit margin objectives.","An increase in price can lead to a decrease in demand, although this may not always be the case. The data suggests that finding a sweet spot where both high sales volume and profit margins are achieved may be possible with further experimentation."
194,23.0,23.14752165009825,300.9177814512772,Continue analyzing weekly sales data and pricing trends to determine optimal price points for maximizing profit while minimizing unit sales fluctuations. Develop an algorithm to optimize pricing and test it using different sample sizes of historical data.,"The data suggests that there is no clearly definitive relationship between product pricing and the quantity sold, with seemingly random fluctuations. It may be helpful to consider other factors like seasonality or demand when setting prices. Additionally, maintaining a high overall margin is important, even if it means sacrificing some unit sales at lower price points. Keep monitoring pricing trends to adjust strategies accordingly."
195,23.5,19.78161114414182,267.0517504459146,"In order to optimize our pricing strategy, we should aim to maintain a stable selling price between $23.00 and $24.50. This price range seems to provide a good balance of profitability and consistent sales volume. It will be important to monitor fluctuations in the market and adjust pricing accordingly while prioritizing keeping our product within this recommended range.","Lowering prices below $23.00 may generate more interest, but it does not result in a consistent sales volume or comparable profit margins. On the other hand, higher prices above $24.50 lead to significantly lower sales volumes. It might be helpful to investigate whether increasing promotional activities or other marketing efforts could help drive sales at these lower price points without compromising overall profitability."
196,23.0,23.14752165009825,300.9177814512772,"- Continue keeping the price flexible and adjust it based on market conditions and sales performance.
   - Consider analyzing other factors such as competition, consumer sentiment, and seasonal trends to better inform pricing decisions.","- The data does not show a clear correlation between higher prices and increased profits. This could suggest that the market may be more price-sensitive than initially expected.
   - It's possible that factors such as promotions, competing products, or other market forces might play a significant role in sales figures. Further research should be conducted to confirm this hypothesis.
   - Based on the current data, it appears that maintaining a consistent price of around $23 might result in an average profit of approximately $300 per round. This could serve as a starting point for future pricing decisions."
197,23.0,23.14752165009825,300.9177814512772,Strive to maintain a sales volume above 20 units per week by adjusting the price between $23 and $24. Monitor competition and customer demand to ensure an optimal pricing strategy.,"The product experiences lower sales volumes at prices higher than $24, while maintaining sales consistency in the range of $23-24. The maximum sales volume seems to be around 20 units per week, with limited growth potential at current market conditions."
198,23.5,19.78161114414182,267.0517504459146,"To capitalize on the observed trends, I recommend focusing on maintaining a price point that fluctuates slightly around our identified sweet spot range (23.0-24.5). This requires continuous monitoring and adjustment as needed to accommodate changes in costs or demand. By focusing on this price range, we can maximize profits while remaining attractive to customers and generating steady sales.","Based on the provided data, it is evident that a key factor influencing demand and profits is pricing. Specifically, we observed a sweet spot price range (23.0 - 24.5), within which consistent sales can be achieved with reasonable profits. It's also essential to keep in mind that going below this price range may lead to lower costs but could result in less overall profit due to lower demand, while prices exceeding the recommended range led to a sharp drop-off in demand (round 106 - 102). By understanding and acting upon these insights, we can make data-driven decisions that will help optimize our pricing strategy."
199,23.0,23.14752165009825,300.9177814512772,"- Continue monitoring price sensitivity and revenue trends over time to identify patterns and potential opportunities for higher profitability
   - Investigate the factors that might explain sudden jumps or drops in both price and quantity (e.g., market conditions, competitor action, consumer behavior)
   - Assess whether different pricing strategies could help optimize profits based on observed trends and insights","- It seems that in general a price of around $23 generates relatively stable quantity demand between 20 to 25 units per round, translating into an average profit of approximately $182 (assuming constant expenses of $85)
   - However, it's also worth noting that certain round(s) have seen higher quantities being demanded at lower prices (e.g., rounds 102 and 122), suggesting potential opportunities for pricing strategy optimizations to better capitalize on market demand"
200,23.5,19.78161114414182,267.0517504459146,"- Continue monitoring price and sales data in the following rounds to identify patterns or trends that could inform pricing decisions.
   - Consider offering small discounts on select pricing tiers if a higher quantity needs to be sold quickly.
   - Evaluate the impact of different pricing strategies on overall profitability to ensure the selected approach results in optimal revenue and net income.","- Pricing has a moderate impact on quantity sold, with a slight decrease when the price is higher than average (between 23.0 and 23.5). However, the overall sales volume remains fairly consistent.
   - It might be beneficial to experiment with different pricing tiers or promotions to stimulate sales if they are too low or exceed expectations within specified ranges.
   - Regularly reviewing and analyzing the pricing data will provide insights into long-term trends that can help adjust prices appropriately for maximum profitability."
201,24.0,16.798161486607558,235.17426081250582,"* Continue monitoring prices and sales to identify trends or correlations that may impact profitability.
   * Explore pricing strategies, such as raising the price slightly to potentially increase the average profit per round, or lowering the price to increase the quantity sold and potentially still maintain a profitable average.","* The data shows that there is no clear correlation between price and quantity sold, which suggests that other factors such as market demand, competition, or promotions may be impacting sales.
   * Given the wide range of profits observed, it's important to keep a close eye on pricing strategies to maximize profitability."
202,23.0,23.14752165009825,300.9177814512772,"Maintain the current price at $23 to preserve profit margins, while monitoring closely for fluctuation in demand and adjusting accordingly. Explore potential strategies for increasing sales such as promotions or product bundles.","Continued pricing consistency has resulted in an average sale of 23.15 units per round, with a profit of around $300.92. However, lower price points may increase sales but decrease profit margins. It will be important to strike a balance between revenue and sales volume going forward."
203,23.5,19.78161114414182,267.0517504459146,"To start, I propose a change in our pricing strategy by raising the base price slightly above $23.0 to see if this encourages more sales without significantly impacting profit margin. Additionally, I suggest tracking customer feedback and monitoring competitor prices to make any further adjustments as needed.","Although our primary price point of $23.0 has been relatively stable over these rounds, there are instances where adjusting the price a bit higher or lower seems to have positive effects on sales volume. Further research is required to optimize the pricing strategy and ensure that profits remain consistent while taking advantage of possible market fluctuations."
204,23.25,21.416501695744127,283.7686474686097,"Keep monitoring price variations and the relationship between price and quantity sold to find the optimum balance between maximizing sales and maintaining profit margins. Consider slightly adjusting the price upward in the next round given that the average is currently less than the usual average, in order to align with historical trends.","Slightly raising the price consistently has a positive impact on profits while minimally affecting quantity sold. The data suggests that a slight price increase may be beneficial every couple of rounds, as long as it does not lead to a significant decrease in the total quantity sold."
205,23.15,22.097389222018787,290.580668269547,"* Analyze how fluctuations in price impact both revenue and profitability over the long term, considering factors such as production costs and market competition
   * Conduct further experiments with pricing strategies to determine the optimal selling price that maximizes overall profit while maintaining a competitive market position","* The product seems to have a consistent demand of around 23-24 units per round, although this can be influenced by the price set
* Prices between $23.00 and $23.50 result in consistent sales of approximately 20-25 units per round
* Lower or higher prices may attract more or fewer purchases, respectively, but it is important to consider the associated revenue and profit implications before adjusting pricing strategies"
206,23.0,23.14752165009825,300.9177814512772,"Consider running A/B testing to investigate the effect of slight price changes on sales volume. Also, explore customer feedback during the periods where prices were temporarily raised to $24 to understand their reasons for lower purchasing.","The current price point ($23) appears to be generally well-received by customers. However, it seems that temporary price increases to $24 may deter some clientele, even though sales quickly rebound once the price returns to its original level. Further analysis is needed to confirm this observation and gather insights regarding customer sensitivity to pricing changes."
207,23.15,22.097389222018787,290.580668269547,"Analyze the relationship between price and quantity sold to find the optimal pricing strategy that maximizes total revenue. Consider using statistical methods such as regression analysis or tests of significance, if applicable.","Continued observation revealed a fluctuation in both price and quantity sold over time. The average quantity sold seems to be approximately 22.1, but the price with the highest average per round is $23.5 and the one with the second highest (excluding an outlier of $24.0) is $23.15. The significant variation in quantity sold for each price level suggests different demand levels at various prices. It remains to be seen how changes in pricing might impact total revenue, as a higher price could yield more profit per unit but possibly result in lower overall sales."
208,22.7,25.35060166623378,321.95264116116897,"In order to maximize profits in the long run, I suggest testing a pricing strategy that includes lowering the price gradually until reaching the sweet spot where both high quantity sold and profit remain stable. This approach will likely result in attracting more customers due to lower prices but still retaining the desired level of profitability.","The current selling price seems too high, as it leads to relatively little fluctuation in units sold (around 23.15) despite only modest profits ($300.92). Reducing the price could potentially increase quantity sold while maintaining a satisfactory level of profitability."
209,23.15,22.097389222018787,290.580668269547,"To counteract the observed price fluctuations and increase stability, I suggest implementing a tiered pricing strategy that offers price breaks for larger quantities purchased. This could help maintain a consistent base of customers for smaller transactions while also attracting those who are interested in bulk purchases.","While our current pricing appears to be generally acceptable to most customers, there remains an opportunity to cater to the potential demand at higher quantities by offering attractive price breaks and enhancing overall customer satisfaction with competitive pricing."
210,23.0,23.14752165009825,300.9177814512772,"1. Analyze the effect of different pricing strategies on sales volume and revenue to determine the optimal price point.
   2. Implement dynamic pricing based on market trends and product demand to enhance profitability.
   3. Regularly review competitor pricing to ensure a competitive edge.","1. The customer base appears loyal, willing to continuously purchase the product despite minor price changes.
   2. Slight adjustments in pricing can have significant effects on overall revenue - further analysis is required to determine optimal pricing strategy.
   3. Regularly monitoring market trends and competitor pricing is essential for maintaining a competitive edge and growing sales volume."
211,23.0,23.14752165009825,300.9177814512772,"- Analyze historical pricing data to identify any additional patterns or trends that might help optimize pricing and boost profits.
   - Conduct consumer surveys to gather insights into their preferences, perceptions of the product's value, and reactions to price changes.
   - Monitor competitor pricing strategies for potential opportunities to adjust our own prices accordingly.","- Consumers are somewhat resistant to major price fluctuations but are influenced by minor reductions in price.
   - The steady sales volume at around 23.0 suggest a strong customer preference or demand for the product.
   - Further analysis and research are needed to gain deeper insights into consumer behaviors, preferences, and perceptions of value for the product."
212,23.15,22.097389222018787,290.580668269547,Analyze the potential effects of slight price changes on daily profit and sales volume to optimize the pricing strategy. Monitor competitor's prices and adjust own pricing accordingly.,"It appears that while maintaining a consistent profit, the business is also showing some capacity restrictions with daily sales approaching 24 units. To further grow revenue, it may be necessary to explore increasing production capacity or finding alternative methods to meet demand without increasing prices too drastically."
213,23.0,23.14752165009825,300.9177814512772,Maintain a selling price around 23 to encourage consistent transactions while keeping an eye on the market trends for potential opportunities for adjustments.,"Experimenting with higher prices does not appear to significantly increase transaction volume, suggesting that customers are sensitive to any increase in cost. Additionally, observing a consistent number of transactions at the 23 price point highlights its potential as an optimal pricing strategy. Keep analyzing sales data over longer periods and adjust pricing accordingly based on fluctuations in customer demand and market trends."
214,23.15,22.097389222018787,290.580668269547,"* Consider implementing periodic small price adjustments (±2-3%) to encourage additional sales and maintain product interest among consumers.
   * Regularly monitor consumer response (i.e., change in the quantity sold) to these price adjustments, and assess whether further modifications are necessary in order to continue optimizing the pricing strategy.","* Customers show a clear preference for the $23.00 base price
   * Small price fluctuations (±2-3%) can impact sales quantities significantly
   * Consumers may be reactive to changes in pricing but remain loyal to a certain extent as demonstrated by a tendency to purchase even when the price is raised or lowered slightly from the $23.00 baseline."
215,23.0,23.14752165009825,300.9177814512772,"Our pricing strategy should prioritize consistency and stability over aggressive fluctuations, as maintaining the price around $23 seems to be profitable in the long run. Frequent deviations from this price point seem to result in lower sales and fewer total profits. However, it may be beneficial to periodically test slight variations to explore potential improvements in profitability.","- The price of $23 appears to be a profitable baseline for this item, with sales and profits remaining relatively stable over time when held at this level.
   - Deviations from the $23 price point may lead to temporary increases in profit due to higher unit sales, but these gains can often be offset by lower overall volume and long-term profitability.
   - Carefully planned price jumps may result in short-term profitability gains or increased market share when there is a stock accumulation of the item. However, without careful consideration, rapid decreases in quantity sold could follow, leading to a negative impact on total profits.
   - It is essential to identify patterns and trends within the data to determine an effective pricing strategy for long-term success with this specific product."
216,23.0,23.14752165009825,300.9177814512772,Continue monitoring the sales trend and test slight variations to the current price range to see if there are opportunities to optimize profit without significantly impacting the quantity sold. Keep track of any patterns or trends that may indicate a favorable or unfavorable change in customer behavior.,"Although adjustments to the price point can slightly affect profit, maintaining a consistent profit margin seems important to ensure continued sales. It may be worth exploring alternative marketing strategies or product variations to drive growth rather than solely relying on changing the price point. Additionally, it's essential to remain vigilant for any unusual patterns in sales or customer behavior that could indicate market shifts or other critical business insights."
217,23.5,19.78161114414182,267.0517504459146,"- Maintain current price range (23.0 - 24.4) for this round of pricing.
   - Monitor sales and profit closely during this phase to identify trends or anomalies.
   - Consider adjusting the price upward if demand seems to be consistently high and profit margins can be maintained.","- Sales volume seems moderately consistent with slight variances in response to pricing changes.
   - Profit margins have stayed relatively stable, indicating a balance between cost and price.
   - Customers respond positively to this price range, as evidenced by steady sales numbers."
218,23.15,22.097389222018787,290.580668269547,"In order to optimize sales and increase overall profits, it may be beneficial to consider pricing strategies that take advantage of the observed price range and customer demand. One potential approach could involve implementing discounts or promotions on higher priced rounds to encourage more sales while still maintaining a satisfactory level of profit. Another strategy might focus on adjusting prices based on changes in demand or competitor actions to ensure the product remains competitive within the market.","The observed data suggests that there is a correlation between price, quantity sold, and profit earned. By monitoring these relationships carefully, it may be possible to identify trends or patterns that can guide pricing decisions in future rounds. Additionally, paying attention to market conditions, such as competitor actions and consumer demand, will be crucial for maintaining a competitive edge in the market."
219,23.0,23.14752165009825,300.9177814512772,"- Continue to monitor sales and profit trends
   - Maintain an awareness of competitor pricing strategies
   - Consider offering promotions or discounts to increase unit sales if necessary","- The price point closest to the optimal value where a high volume of units can be sold while maintaining reasonable profit margins seems to be 23.0
   - Sales tend to decrease when prices are too low or too high compared to this ideal price range
   - Monitoring competitor pricing strategies could provide critical insights for adjusting one's own strategy to stay competitive in the market"
220,23.15,22.097389222018787,290.580668269547,"Continue monitoring sales data to validate potential relationships between units sold, selling price, and profit earned. Evaluate market trends and competitor strategies to adjust pricing as needed. Consider exploring methods such as price skimming or penetration pricing depending on the stage of the product's life cycle.","Initial sales data suggests that demand may be relatively stable, but precise market segmentation is required to optimize pricing and profit margin. Additionally, it's essential to watch for potential patterns in the relationship between selling price, units sold, and profit earned. Finally, be prepared to adapt pricing strategies based on external factors like competitor actions or changes in market conditions."
221,23.5,19.78161114414182,267.0517504459146,"To maximize profits, we should focus on steadily increasing prices over time while monitoring demand closely. However, it's also important to be flexible and adjust the price downwards when necessary in response to changes in market conditions or consumer preferences. A key strategy will be to analyze historical data to identify ideal price intervals that balance profit and demand.","- Gradual pricing increases can lead to increased profits, but careful monitoring of customer responses is essential to ensure sustainable growth in sales volume
   - Flexibility in our pricing strategy is crucial for adapting to market conditions and consumer preferences
   - Careful analysis of historical data can help identify profitable price intervals for continued success"
222,23.6,19.15453485614673,260.50167404359553,"- Increase the regularity of price fluctuations to create a more dynamic market feeling.
   - Introduce slight randomness in the price changes to make the pricing pattern less predictable.
   - Monitor the impact of these changes on both demand and supply.","- Price adjustments seem to have a significant effect on demand and supply, suggesting that our market is quite sensitive to pricing changes.
   - The current pricing pattern might be making the market more predictable than desired, as customers can anticipate price movements easily."
223,23.15,22.097389222018787,290.580668269547,"Maintain a moderate pricing strategy in the range of 23-24, aiming to balance profit and sales volume. Monitor the market for shifts that might require adjustments to this approach.","Continue observing the impact of price changes on sales quantity and overall profit. Keep in mind the trade-off between maximizing profits per unit versus increasing sales volume, and consider implementing a dynamic pricing strategy that takes advantage of market fluctuations. Also, investigate potential external factors affecting prices and sales such as competition or consumer demand trends."
224,23.0,23.14752165009825,300.9177814512772,"- Maintain popular price points ($23.00, $23.15, and $23.50)
  - Occasionally test higher-priced options to potentially increase profit margins
  - Invest in market research to understand customer motivations beyond price","- Customer demand for this product does not appear to be driven solely by price, but also influenced by factors like quality, brand, and marketing
  - High-priced items can still see significant sales ($22.95, $23.25, $23.45, and $23.48)
  - Market research is crucial to gain a more comprehensive understanding of customer demand for this product"
225,23.0,23.14752165009825,300.9177814512772,"- Maintain competitive prices around $23 to maximize volume sales while ensuring profitability.
   - Monitor market trends and adjust pricing strategy accordingly, considering price fluctuations may impact sales numbers.","- The data suggests a potential relationship between price and quantity sold, as lower prices seem to result in higher quantities sold.
   - Market demand may be more volatile than anticipated, based on the observed variation in both price and quantity throughout the 130 rounds.
   - Future pricing strategies should take into account the impact of pricing adjustments on volume sales and overall profitability."
226,23.25,21.416501695744127,283.7686474686097,"Investigate competitor analysis to understand how our pricing strategy compares to industry peers and identify potential niches where we can offer differentiated value. Additionally, consider conducting a consumer survey to evaluate the impact of price sensitivity on demand elasticity within our target market.","- Initial observations indicate that the product's price point might be too close to competitor pricing, which could suggest a need to explore alternative value propositions or identify price-based competitive advantages.
   - Furthermore, understanding demand elasticity and its potential impact on profitability is crucial for making informed pricing decisions moving forward."
227,23.25,21.416501695744127,283.7686474686097,"With the consistent profit margin, maintaining the current price around 23.15-23.5 seems viable for a short term strategy. However, for long term planning, analyzing factors that may impact demand and competition will be essential in adjusting the pricing strategy accordingly.","Identifying trends and patterns in the data is important when making decisions regarding pricing. By observing the relationship between demand, price, and profit earned over multiple rounds, we can formulate a more informed approach to future pricing strategies to optimize our revenue stream."
228,23.0,23.14752165009825,300.9177814512772,"It would be beneficial to analyze this data further to determine any patterns or trends in pricing, such as the influence of price on quantity sold or whether certain times of the day, week, or month might see increased demand. Additionally, gathering more data points could help improve the accuracy of any potential insight we derive from this information.","From observing the provided data, it appears that a price around 23 dollars may generate reasonable profit. However, it's important to consider factors such as market competition, customer demand, and overall costs when making pricing decisions. As more comprehensive data is gathered, we may be able to refine our understanding of optimal pricing strategies for this product or service."
229,23.5,19.78161114414182,267.0517504459146,"In order to maximize revenue during upcoming price rounds, consider setting the price within the range of $23-$23.5 with an emphasis on pricing strategies ending in 0 or 5 cents, which may positively impact overall sales. Keep monitoring sales data for any significant changes to this trend and adjust accordingly.","Price fluctuations have a clear short-term effect on total sales quantity, with the most consistent results coming from prices in the range of $23-$23.5, even though slight variations at either end of this price range may also affect sales outcomes. Additionally, it seems that customers demonstrate a slight preference for prices ending in 0 or 5 cents, possibly due to the subconscious perception of better value or quality. Maintain close observation and analysis of these trends as they evolve over time."
230,23.15,22.097389222018787,290.580668269547,Analyze historical pricing trends to find patterns in consumer behavior and cost-per-unit. Evaluate the possibility of offering slight discounts in specific pricing rounds to boost sales while maintaining profitability. Monitor competitor pricing strategies to identify opportunities for adjusting prices accordingly.,"The data suggests a potential relationship between product price and sales quantity, with lower prices resulting in slightly higher sales volumes (e.g., round 139 vs. round 72). Maintaining an average selling price around $23 will secure a decent profit, but analyzing the underlying cost-per-unit is crucial to ensure profitability over time. The data shows no clear evidence of customer loyalty beyond occasional fluctuations in sales quantity that may be due to external factors (e.g., promotions). Monitoring competitor pricing and offering strategic discounts are viable strategies for improving the overall financial performance of the product."
231,23.5,19.78161114414182,267.0517504459146,"- Monitor market trends, competitor pricing, and seasonal factors when adjusting the product price.
   - Implement dynamic pricing strategies based on demand to optimize sales volumes.
   - Consider offering promotions during periods of low demand or high inventory levels to drive sales.
   - Regularly review and analyze past pricing decisions to learn from successes and failures and adjust future strategies accordingly.","- Adjusting the price according to market demand can increase revenue by maximizing sales during periods of high demand while minimizing losses during low-demand periods.
   - Implementing promotions during periods of low demand or high inventory may help clear excess stock and boost cash flow.
   - Regularly analyzing past pricing decisions provides valuable insights into what works and what doesn't, allowing for more informed future price adjustments."
232,23.15,22.097389222018787,290.580668269547,"Given the observed price and quantity trends, it may be beneficial to consider lowering prices further to spur sales. Additionally, monitoring any seasonal trends or external factors that could impact demand would be important. Consider diversifying product offerings or marketing efforts to tap into new markets.","The market seems slightly elastic with respect to price, suggesting a responsiveness to lower prices. It's also worth noting that the quantity sold remains fairly consistent across different prices. Keep an eye on factors such as seasonality and competitor activity to ensure a competitive position in the market."
233,23.0,23.14752165009825,300.9177814512772,"- Continue monitoring prices and quantities sold to identify trends and patterns
   - Experiment slightly with price adjustments to gauge their impact on demand while maintaining a consistent profit per unit.
   - Keep an eye on market conditions, consumer preferences, and competitor strategies to make informed pricing decisions.","- The relationship between price and quantity can guide more effective pricing strategies
   - A balance must be struck between maximizing revenue (by ensuring a consistent profit per unit) and optimizing demand by finding an attractive price point
   - Market conditions, consumer preferences, and competitor strategies should be considered when setting prices."
234,23.5,19.78161114414182,267.0517504459146,"Given the seeming lack of strong reaction to changes in price, it may be beneficial to consider maintaining the current pricing strategy or slightly increasing the price by a small margin per round. This can help to increase overall profits without potentially losing significant sales. Additionally, as the market appears receptive to some price increases despite lower sales numbers, it might be worth experimenting with moderately increasing the price in future rounds.","The data shows that while there is no obvious pattern in terms of price sensitivity, certain price increases do not seem to negatively impact overall sales. This suggests that the market may have a moderate level of price elasticity, meaning that it may be possible to slightly increase prices without experiencing significant drops in demand. However, more exploration and testing will be required to confirm this hypothesis."
235,22.8,24.60112835510517,314.8944429453462,"Explore lower pricing options to increase sales volume
Investigate external factors such as market trends and competition
Evaluate profit margins under various pricing scenarios","Lowest price led to highest profits in this round
Higher prices do not seem to yield substantial increases in profit
Exploring lower pricing may increase sales volume without sacrificing too much profitability"
236,23.5,19.78161114414182,267.0517504459146,"Plan to continue monitoring the market closely and adjust prices based on seasonality. Focus on finding optimal price points between $23 - $24, aiming to maximize sales without compromising profit margins.","Insights suggest that the ideal pricing strategy should take into account both market volatility and the product's profit potential. Identifying trends in price fluctuations can help in making informed decisions about pricing adjustments. Additionally, it may be beneficial to explore opportunities for bundling or offering promotions during periods of low sales volumes to maintain consistent revenue."
237,23.0,23.14752165009825,300.9177814512772,No plan found.,No insight found.
238,23.0,23.14752165009825,300.9177814512772,"- Maintain pricing at or around 23.0 to keep prices competitive while maximizing profit potential
- Monitor sales data closely to quickly adjust pricing if necessary
- Regularly compare these results with historical data to identify trends and seasonality effects on consumer behavior","- Customers are more sensitive to price increases than decreases, as evident in the drop in units sold when the price goes up to 23.5 (compared to the steady increase before that)
- Customers are willing to pay more for the product when it's priced around or slightly below 23.0, resulting in increased profit per item sold
- Adjusting the price downward can lead to an increase in both sales quantity and profits, as seen from round 146 onwards"
239,23.0,23.14752165009825,300.9177814512772,"For the next pricing round, consider pricing slightly lower than some of the most successful price points observed so far. This could attract more customers and potentially increase total revenue.","It's essential to understand that setting a price for a product can significantly impact sales volume; however, a direct correlation between higher prices and increased sales does not exist in this data. Continuously monitoring sales trends and adjusting the price accordingly can result in finding a balance that maximizes revenue."
240,23.5,19.78161114414182,267.0517504459146,"* Continue price testing around 23.45 to 23.5 (as these have shown a track record of high profitability)
   * Keep an eye on the lower price points, as they still generate substantial profits in some cases
   * Aim for consistent or increasing sales and profits","* Higher prices (24.0, 25.0) generally do not result in proportionally higher profits compared to lower price points (22.95, 23.0, 23.15)
   * Balancing profitable sales with consistent quantity is essential for long-term success
   * The price range of 23.4 and 23.5 shows promise as a solid middle ground between high profit potential and consistent sales volume"
241,23.45,20.10089997505295,270.35710466446216,No plan found.,No insight found.
242,23.5,19.78161114414182,267.0517504459146,"- Monitor sales trends and identify the optimal price range that maximizes both quantity sold and overall revenue
   - Test slight variations in pricing to identify the most lucrative price point
   - Develop strategies for adjusting pricing based on factors such as season, market demand, competition, and production costs
   - Maintain regular analysis of competitor prices and sales volume to remain competitive","- Lower price points can result in increased sales volume but may not translate into greater overall revenue if associated with a lower profit margin
   - Higher price points may lead to lower quantity sold, but these transactions can contribute significantly to overall revenue due to higher profit margins
   - Adjusting pricing strategy based on factors such as seasonality, market demand, and competition is crucial for long-term success in the business."
243,25.0,11.920292202211755,178.80438303317632,"Consider implementing a more dynamic pricing strategy that takes into account factors such as market demand, competitors' pricing, and cost-per-unit. This could involve adjusting the price slightly before or after each round to better optimize sales volume and profit.","The current pricing strategy seems limited in its scope, with a focus on selling as many units as possible at a relatively stable price. A more granular approach that considers market factors could potentially lead to higher profits and better positioning within the market. It may also be beneficial to track the relationship between price and sales volumes over multiple rounds to identify trends and make informed decisions about pricing adjustments."
244,23.5,19.78161114414182,267.0517504459146,"- Continue monitoring market trends and adjust price accordingly based on demand fluctuations
   - Consider introducing promotions or discounts at strategic intervals to boost overall demand
   - Explore targeted marketing campaigns to capitalize on specific consumer preferences observed at certain price points","- Medium-high prices result in decent sales and profit
   - Higher prices can still be profitable despite lower quantity sold due to the product's premium value
   - Consumers show a preference for specific price ranges, indicating potential strategies to maximize sales
   - There may also be opportunities to increase overall demand by introducing promotions or discounts strategically"
245,23.0,23.14752165009825,300.9177814512772,"To optimize pricing, it is important to consider both profit and demand, as well as adjusting prices based on market trends and competitor dynamics. A potential strategy could involve initially setting a slightly higher price to cover costs while maximizing profits per unit, then gradually lowering the price to increase sales volume as market conditions allow. Another approach could be experimenting with promotional strategies like discounts or bundle deals to attract more customers without significantly impacting profit margins.","It appears that there is an inverse relationship between price and quantity sold, with a lower price leading to higher demand (more units sold) but lower profits per unit. At the same time, higher prices tend to result in fewer sales but greater profits per unit sold due to increased profit margins. This suggests that a pricing strategy focusing on maximizing profits while maintaining reasonable demand would require striking a balance between these two factors."
246,23.5,19.78161114414182,267.0517504459146,"```
Optimize pricing by analyzing the relationship between price and quantity sold in each pricing round to determine an appropriate price point. Pay attention to significant drops or increases in sales following changes in price, as these trends may indicate consumer sensitivity towards price adjustments.

Use market research to gather information about common prices for similar products and identify a price range in which the product can be competitive while maximizing profits.

Consider factors such as production costs and target profit margins when making pricing decisions to ensure the selected price point is financially sustainable in the long term.
```","```
- The data shows that sales tend to decrease as the product price increases, meaning customers are sensitive towards the cost of this particular product. It's essential to consider this when making pricing decisions, as high prices may lead to decreased demand and lower overall sales.
- Significant changes in price seem to have an immediate impact on sales, indicating that consumers respond quickly to price alterations. This suggests a need for careful monitoring and adjustments of the product's price to stay competitive and maximize sales.
- There appears to be some inconsistency in pricing throughout the data, with several instances where the price was lowered after an initial increase. It may be beneficial to establish clear guidelines for pricing changes to maintain a consistent market presence and avoid confusion among customers.
```"
247,23.0,23.14752165009825,300.9177814512772,"To maximize profits, the current price of $23 should be maintained with an emphasis on increased volume sales. Potential strategies include advertising or promotions to boost demand.",Maintaining a lower price point results in higher sales volumes without sacrificing profit margin. Slightly increasing the price may result in fewer sales and a decrease in overall profitability. A balance must be found between maximizing profits while also appealing to customers' price sensitivity.
248,23.5,19.78161114414182,267.0517504459146,"Given the observed pattern in prices and the inconsistency between price increases and quantity sold, it might be beneficial to maintain a cycle of high and low prices to cater to various market segments. Consider employing strategies like limited time offers at higher prices to create a sense of urgency, or lowering the price during off-peak periods to clear excess inventory.","It has been noted that raising the price does not necessarily lead to increased sales in this specific market. Market research may be needed to gain more understanding about customer behavior and preferences, as this could help refine pricing strategies and improve overall performance. Additionally, further investigation into any external factors such as competitor pricing, economic conditions, or seasonal trends may provide valuable insights into our own pricing strategy."
249,23.5,19.78161114414182,267.0517504459146,It may be beneficial to closely monitor the relationship between price and quantities sold in order to optimize pricing decisions. Consider using a data-driven approach to determine an optimal price point that balances both demand and profit considerations. Continuously updating demand forecasts based on recent trends may also prove useful in making pricing decisions going forward.,"The provided dataset suggests that increasing the price by $1 from the average price of $23.50 could result in a decrease in quantity demanded between 9 and 24 units per round on average, depending on various factors such as overall market conditions, competition, consumer preferences, etc. It is essential to analyze the specific circumstances around each pricing decision before attempting to generalize these findings too broadly. The data also suggests that the relationship between price and quantity demanded may not follow a strict linear pattern, so additional research may be necessary to further understand this dynamic for future pricing decisions."
250,23.5,19.78161114414182,267.0517504459146,"Maintain a pricing strategy that takes into account recent sales trends. Analyze the product demand over time and adjust prices accordingly to maximize profits while minimizing idle inventory. Keep an eye on market competition, consumer preferences, and any unexpected changes in supply or demand that may occur.","- Adjusting prices based on sales trends can help balance inventory levels and maximize profits.
   - It's crucial to monitor and analyze market conditions, competition, and consumer preferences when determining pricing strategy.
   - Maintaining a flexible pricing approach allows for quick adjustments in response to changes in supply or demand.
   - Sales data should be carefully analyzed for long-term trends as well as short-term fluctuations."
251,23.5,19.78161114414182,267.0517504459146,"- Continue observing sales data and identify trends, aiming to find a pricing sweet spot that maximizes both unit sales and profits.
   - Consider offering discounts or promotions at select higher price points (e.g., 25) to boost item count during periods of lower demand.
   - Monitor competitor pricing strategies to ensure competitive positioning.","- The product seems to have a decent level of demand, with an average of around 20 items sold per round.
   - Increasing the price by a small amount has a positive impact on profit margins without affecting the quantity sold significantly (e.g., 23.51 vs 23.5).
   - Higher price points (up to 25.48) do have market appeal, but reducing the number of items sold while increasing profits per item could be beneficial (depending on total sales goals).
   - It might be worth exploring a tiered pricing strategy with promotions or discounts at certain thresholds (e.g., buy 10 get one free) to encourage larger order sizes without drastically decreasing the average price point."
252,23.0,23.14752165009825,300.9177814512772,"- Maintain competitive selling price around $23.00 while monitoring customer responses to pricing changes.
   - Explore options to encourage greater sales volume through promotions, discounts or bundle deals at the current price point.","- Consumers are willing to pay above the minimum acceptable price, with $23 being a sweet spot.
   - There may be an opportunity to balance profit and sales volume by adjusting prices strategically without veering too far from the current pricing range."
253,23.5,19.78161114414182,267.0517504459146,"- Track the relationship between price and quantity sold to identify optimal pricing
   - Conduct market research to understand customer perception of various price points
   - Consider the effects of discounting or promotions on overall sales performance","- A higher price point seems to correlate with fewer units sold (e.g., 25$ vs 10$)
   - The optimal quantity appears to be around 20 units per round, with prices ranging from 23$-24$
   - Customers may respond more positively to lower prices due to the perceived value and quality"
254,23.0,23.14752165009825,300.9177814512772,"- Continue adjusting the price strategically within the range of 23-25 dollars.
   - Monitor the impact of price changes on the number of units sold and profit earned.
   - Keep an eye on trends in consumer behavior to determine if any long-term changes are needed.","- The price point of 23 dollars is consistently profitable and appears to be a good baseline.
   - Higher prices, such as 24 or 25 dollars, can lead to higher profits but may also result in lower quantity sold. It seems there might be a sweet spot between profit and quantity sold somewhere within the 23-25 dollar range.
   - Monitoring trends in consumer behavior is crucial for making informed decisions about pricing adjustments."
255,23.75,18.242552380635633,250.83509523373996,"- Continue monitoring the market's reaction to price fluctuations
   - Investigate potential factors influencing the market sensitivity to price changes and adjust pricing strategy accordingly
   - Develop a plan for addressing any sudden demand surges or shortages that may occur in the future","- The correlation between higher prices and smaller quantities sold suggests market sensitivity to price changes
   - Adjusting pricing strategy in response to this sensitivity could result in increasing overall profitability
   - Future planning should take into account potential supply and demand fluctuations, ensuring a seamless adjustment of production or inventory levels when necessary"
256,23.0,23.14752165009825,300.9177814512772,"In order to optimize our pricing strategy going forward, we should gather more data on the item's demand and competition. This will allow us to identify trends and adjust our pricing accordingly. An analysis of the historical sales data could reveal possible price points that maximize profits and maintain high sales volume. After gathering this information, we can consider implementing a dynamic pricing strategy for future pricing rounds.","From an initial glance at the data provided, it appears that a lower price point (23.0) results in a slightly higher quantity sold compared to other prices within the range (23.5 and 24.0). This could suggest that a slight adjustment to this price may result in increased sales while still generating a substantial profit margin. Additionally, maintaining an eye on market competition and customer demand will be crucial to determine the ideal pricing strategy for this item."
257,23.5,19.78161114414182,267.0517504459146,Consider maintaining the price at $23.50 due to consistent performance and high sales volume at this price. It would be beneficial to continue monitoring sales data to confirm this trend.,"1. The product has a strong performance at $23.50, with consistent sales and good volume.
2. Sales may benefit from further analysis to identify other potentially profitable price points.
3. It's essential to monitor market conditions and adjust the price accordingly to remain competitive.
4. Continuing to monitor sales data can help confirm the trend and optimize pricing strategy."
258,23.5,19.78161114414182,267.0517504459146,"- Monitor competitor pricing strategies to ensure our price remains competitive
   - Implement a dynamic pricing strategy that accounts for fluctuations in demand and supply
   - Regularly review sales data to identify patterns and trends, and adjust pricing accordingly","- The market appears to be sensitive to price changes, with higher prices sometimes leading to increased sales (e.g., 25.0)
   - Price decreases can also lead to increased sales, but may not always be profitable (e.g., when the cost price is relatively high)
   - It may be beneficial to experiment with different pricing strategies to find the optimal balance between profit and sales volume"
259,23.5,19.78161114414182,267.0517504459146,"- Continue monitoring pricing trends to identify patterns or inconsistencies
   - Analyze the impact of varying the price on sales volume and revenue
   - Investigate factors influencing demand and consumer behavior
   - Evaluate competitor pricing strategies to gain valuable insights","- Higher prices lead to lower quantities sold, suggesting a price-sensitive customer base
   - Fluctuations in sales volume potentially indicate cyclical buying patterns or seasonality
   - Further research is needed to understand the role of perceived value in pricing decisions
   - Continuous monitoring of competitor strategies is essential for maintaining a competitive edge"
260,23.0,23.14752165009825,300.9177814512772,Maintain a competitive price slightly below the current peak to maximize unit sales and maintain a high profit margin. Monitor fluctuations more closely and remain agile in pricing decisions.,"Observed that a higher price does not always translate into increased profit due to decreased quantity sold. A lower price with an optimal quantity can yield a higher return. Further investigation required on the relationship between price, profit earned, and unit sales."
261,23.5,19.78161114414182,267.0517504459146,"Continue aiming for a price point close to 23.5 to maximize sales, while occasionally experimenting with slightly higher prices (up to 24) to test potential profit margins.","Optimizing inventory management and adjusting pricing based on seasonal demand may improve overall profits. Monitor the impact of price changes on sale velocities, as well as potential changes in consumer behavior."
262,23.5,19.78161114414182,267.0517504459146,"Keep an eye on the price sensitivity of customers
   Experiment with slightly lower prices around $23 to increase sales volumes while maintaining substantial profit margins
   Monitor overall market trends and adjust pricing accordingly","Lower prices may attract more customers but be careful not to undermine your brand's perceived value
   Consistent monitoring of sales volume, profit, and margin is essential in setting prices effectively
   It may be beneficial to test different price points to find the optimal balance between profit and volume"
263,23.5,19.78161114414182,267.0517504459146,"In an effort to improve the pricing strategy, we should consider monitoring the demand response closely and adjusting prices accordingly. Since there seems to be more success at higher price points with lower quantities sold, it may be beneficial to experiment with moderate price increases while also maintaining a competitive edge.","The insights gathered from this analysis suggest that pricing plays a crucial role in the demand for our product. Increasing prices too aggressively can lead to decreased sales, whereas setting reasonable yet attractive prices could result in higher profits and more overall sales. Additionally, it is essential to continually monitor demand response and adjust pricing accordingly to maintain a competitive advantage in the market."
264,22.95,23.505219623623535,304.39259412592475,"Evaluate the impact of different prices on sales volume and profit margin. Investigate the effectiveness of various price points, including the current price points ($23.5 and $25.0), as well as prices just below these levels to find a potential pricing sweet spot that maximizes both sales volume and profit margin.","There appears to be a relationship between price and quantity sold, with lower prices generally resulting in higher quantities sold but lower profit margins. It seems that the lowest price tested had a slight positive impact on sales volume compared to previous rounds. Further investigation is required to find an optimal price point that balances sales volume with profit margin."
265,23.0,23.14752165009825,300.9177814512772,"- Continue to maintain a price point between 23.0 and 23.5 as it generates the highest profit while still maintaining decent sales numbers.
   - Consider testing slight deviations from this range (upwards or downwards) to gauge their impact on pricing sensitivity of the customer base and if it could potentially result in an even higher average profit per sale.
   - Analyze historical data to identify any patterns or external factors that may influence demand for this product, such as seasonality or competitor price changes. Use this analysis to optimize pricing decisions further.","- Sales volume tends to decrease when prices are significantly higher than 23.5 while still maintaining a consistent (albeit lower) profit per sale.
   - Customers seem relatively sensitive to pricing changes, with significant fluctuations in both sales volume and profits generated at the extremes of the price range tested.
   - It appears that maintaining a slightly competitive price point of around 23.0 generates the highest average profit per sale while still maintaining decent sales volumes.
   - Further analysis and testing could potentially uncover additional opportunities to optimize pricing decisions for this product."
266,25.0,11.920292202211755,178.80438303317632,"- Continue to monitor the impact of price changes on quantity sold and overall profit.
   - Identify trends that might suggest changes in consumer behavior or market conditions, and adjust pricing strategy accordingly.
   - Consider introducing promotions or discounts as a means of increasing sales during periods of low demand.","- Higher prices may deter some consumers, but they can also lead to increased profit in specific situations (e.g., 24 dollars and 25 dollars).
   - Lowering the price in an attempt to boost sales might not always be effective if market demand is low. In such cases, a focus on improving product quality or marketing efforts may be more beneficial.
   - Monitor trends to identify any seasonal variations or changes in consumer preferences that could impact pricing decisions."
267,24.75,13.01084743629978,191.90999968542175,"In the following pricing round, I recommend adjusting the price slightly downwards. This could potentially attract a larger customer base and increase the overall sales volume. Simultaneously, it will be beneficial to keep an eye on the market trend and competitor prices.","Over the past few rounds, it seems that the price of $25 has resulted in a moderate number of sales (Round 178 onwards). This suggests that a slight reduction might help capture more customers without significantly affecting profit margins. However, to maintain competitiveness and maximize profits, regular monitoring of market trends, customer preferences, and competitor actions is essential."
268,23.0,23.14752165009825,300.9177814512772,"- Consider experimenting with a range of prices between 20 and 25 dollars.
     - Aim to find a balance between maximizing sales volume while also maintaining a reasonable profit margin in each pricing round.","- Lower prices tend to result in more sales, but higher quantity sales may not necessarily equate to a higher overall profit due to the lower selling price.
       - In order to optimize profits, it is important to strike a balance between maximizing sales volume and maintaining a reasonable profit margin."
269,23.5,19.78161114414182,267.0517504459146,"- Maintain a pricing strategy where prices are increased following periods of lower sales, but be mindful of situations where higher prices do not result in decreased quantities sold (such as rounds 175-176 and 185-186) as this indicates demand at that price point.
   - Monitor the market for trends and adjust pricing accordingly to capitalize on periods of increased demand.
   - Continue tracking the relationship between price and quantity sold to refine pricing strategy and maximize profits.","- The product does not appear to have a consistent, steady market; demand seems to fluctuate as prices change, with higher prices leading to smaller quantities sold in most instances.
   - There is potential for increased profit during some rounds by following periods of lower sales (higher prices) with price reductions, resulting in increased quantity sold (as seen in numerous instances throughout the data set).
   - Careful analysis of exceptions to the general trend of reduced quantity at higher prices (rounds 175-176 and 185-186) can provide valuable insights into demand for the product at various price points."
270,23.0,23.14752165009825,300.9177814512772,"For future pricing decisions, it may be beneficial to analyze trends in both price and quantity data to determine the optimal pricing strategy that maximizes profit while considering demand elasticity.","Some interesting insights can be drawn from this data, such as:
      - Pricing at $23.00 generally results in a relatively high volume of sales, resulting in a potentially profitable strategy.
      - Occasional higher price points may yield better profit due to the increased individual sale value, but a higher price could also decrease overall quantity sold and affect demand elasticity.
      - Identifying patterns in pricing and customer response can help inform future strategic decisions to optimize both sales volume and profitability."
271,23.5,19.78161114414182,267.0517504459146,"- Maintain a clear pricing strategy to ensure consistency in customer expectations and profit optimization.
   - Conduct market research to identify the optimal price point that maximizes profit while maintaining demand.
   - Monitor competition and adjust prices accordingly to remain competitive in the market.
   - Implement a dynamic pricing strategy to adapt to changes in the market and consumer behavior.","- A higher price does not always guarantee higher profits due to reduced demand.
   - Consistent pricing strategy is essential for maintaining customer trust and maximizing overall profitability.
   - Market research can provide valuable insights into customer preferences, market trends, and optimal pricing strategies.
   - Dynamic pricing allows flexibility in adapting to changes in consumer behavior and market conditions."
272,23.0,23.14752165009825,300.9177814512772,Maintain a base price of $23.00 while occasionally increasing the price to capitalize on customer willingness to pay higher prices and maximize profit per sale. Ensure to monitor sales volume during high-priced rounds to avoid negatively impacting overall unit sales.,"Market research should be conducted to understand if there is an untapped segment of customers willing to pay the consistently higher prices, and if so, to strategize on how to target this group. Consider implementing promotions or discounts to drive more sales when price increases are expected to have a negative impact on quantity sold. Review historical data from periods where the product was priced over $25.00 to gauge potential risk associated with market saturation and customer resistance."
273,23.5,19.78161114414182,267.0517504459146,"- Monitor price fluctuations carefully to identify patterns in customer behavior.
   - Consider implementing a more gradual reduction in price rather than large, sudden reductions.
   - Analyze the relationship between price and quantity sold to determine optimal pricing strategy.","- Customers appear to be less responsive to a significant reduction in price (e.g., Round 201). A smaller adjustment might lead to a more favorable response.
   - There may be a customer group that is willing to pay a higher price for the item, but it seems that these rounds did not draw enough of this demographic (as evidenced by the low quantities sold in Rounds 175 and 186).
   - It's important to maintain a balance between pricing competitively and maximizing profits."
274,23.0,23.14752165009825,300.9177814512772,"- Continue monitoring the effect of price changes on demand and profit margins.
   - Experiment with different price points to find an optimal balance between quantity sold and profit margins.
   - Analyze longer-term trends in consumer behavior and economic factors that might influence pricing decisions.","- The relationship between product price and demand exhibits sensitivity, as suggested by changing sales numbers.
   - Maximum profit was achieved at a higher price point ($25.45), but this did not yield the highest quantity sold compared to other pricing rounds."
275,23.0,23.14752165009825,300.9177814512772,"- Maintain a slight downward trend in pricing to incentivize more purchases, but avoid prices too low or too high as shown in the data.
   - Continuously monitor demand for fluctuations and adjust prices accordingly.
   - Consider market factors and consumer sentiment when making pricing decisions to optimize profit.","- Lowering the price slightly can significantly increase demand, as shown in rounds 180 and 207 where lowering the price from $23.50 to $23.00 nearly doubled the quantity sold.
   - Raising the price too high may decrease demand as seen in rounds 191 and 179, but this effect is not consistent throughout the data.
   - Setting a price that results in the best profit is not always achievable due to competing factors like consumer preference and market trends. However, by monitoring demand and adjusting prices accordingly, optimal pricing can be maintained over time."
276,23.0,23.14752165009825,300.9177814512772,"It is important to maintain a consistent pricing strategy, with only slight adjustments based on the current market demand, as shown by the quantity sold in each round. Consider keeping tracking of customer demand and make calculated tweaks (small price increases or decreases) based on trends observed over several rounds.","It's interesting to see that small prices changes may have a significant impact on the number of units sold, such as from 25.35 in round 208 to 16.8 in round 201 when the price was raised by almost one-third (from $22.7 to $25.45). This suggests that managing pricing strategy carefully can help influence customer demand, and observing quantity sold data may serve as an indicator for making such decisions."
277,23.95,17.079548202237447,238.25969742121237,"Let's focus on maximizing profits while staying competitive within the market. We should examine trends in price changes and their impact on unit sales quantities. Additionally, we might consider examining external factors such as market trends or competitor pricing strategies.","While it seems that a higher price (around $24) results in lower unit sales, the profit per unit is higher. Conversely, charging a lower price (around $23) results in more units sold, but the profit per unit is lower. It may be necessary to find a balance between these two factors to maximize overall profits and maintain a competitive market position."
278,23.0,23.14752165009825,300.9177814512772,Continue monitoring sales data to identify and understand the influence of pricing on overall demand and profitability. Investigate strategies to optimize the pricing range below 23.5 where there appears to be increased demand without significant loss in profit margin. Consider introducing promotions or discounts at these price points to drive customer engagement.,"- Prices between 23 and 24 seem to result in the highest overall sales, with minimal negative impact on profit margins.
   - Sales are volatile at higher prices (above 25); it may be beneficial to avoid placing the item at these price points or explore limited-time promotions to capitalize on demand without excessive risk.
   - The data suggests that the product is relatively inelastic, demonstrating consistent demand across a wide range of pricing options."
279,23.0,23.14752165009825,300.9177814512772,"Continue adjusting the price strategically between $23 and $23.5 while monitoring sales volume and other key performance indicators (KPIs) such as profit margin, customer acquisition cost, and average order value. Evaluate the potential impact of pricing lower than $23 to determine if it could boost sales further.","By carefully adjusting the product's price point, we can see consistent sales volume with some moderate variations. The highest and the lowest prices in the range provided have not resulted in significant changes in sales volumes. It is important to keep monitoring our target KPIs to ensure sustained profitability while exploring opportunities to increase sales."
280,23.0,23.14752165009825,300.9177814512772,"Based on current trends in sales quantities, we should maintain a consistent selling price at $23 per unit.","Increasing the price beyond $23 may negatively impact overall sales volume, while maintaining that value appears optimal. The occasional price deviations demonstrate the importance of sticking to this pricing strategy to maximize profit potential. Keep monitoring and adjusting prices accordingly if new information surfaces."
281,23.0,23.14752165009825,300.9177814512772,Maintain a pricing strategy that balances quantity sold and profit earned. Consider raising the price to maximize profit when market conditions allow for it (low supply) or lowering it to increase sales volume when competition is high or market saturation is expected.,"High-priced products have the potential to earn substantial profits, but their success relies on exclusivity and limited supply. Lower-priced alternatives tend to sell in higher volumes with more consistent results, but profits may not reach the same heights as those earned from the high-priced options."
282,23.0,23.14752165009825,300.9177814512772,"- Monitor sales volume and profit at different price points.
   - Identify the ideal price range that balances unit sales and profit margins.
   - Consider offering special discounts or promotions when sales are slow.
   - Review historical data regularly to identify trends and adapt pricing strategies accordingly.","- Higher prices may lead to fewer sales but can result in higher profits.
   - Maintaining a balance between price and volume is crucial for maximizing overall profit.
   - Regularly reviewing historical data helps identify trends and optimize pricing strategies.
   - Offering special discounts or promotions might be necessary to boost sales when needed."
283,23.5,19.78161114414182,267.0517504459146,Maintain the current pricing strategy of fluctuating between 23.0 and 23.5 while monitoring sales closely. Consider testing prices slightly below and above these ranges to further analyze their impact on sales volume and profit margin.,Continuously monitor price points with the highest quantity sold - 23.0 and 23.5 - while adjusting pricing strategy based on observed trends. Explore strategies for increasing sales in the range of 24.0 where there seem to be fewer sales but a higher profit margin per unit.
284,23.5,19.78161114414182,267.0517504459146,"- Maintain a competitive price between 23.0 and 24.0
   - Monitor the effect of this pricing strategy on sales and profit over time","- Higher prices may not necessarily lead to increased profit due to reduced quantity sold (e.g., round 186)
   - There is a sweet spot within the price range of 23.0 to 24.0 that yields reasonable sales and profit"
285,23.15,22.097389222018787,290.580668269547,"To optimize sales, consider adjusting the price strategically. As the price is currently higher than many of its previous levels, decrease it slowly until we find a sweet spot where both sales quantity and profit are maximized. Monitor this closely to avoid decreasing the price too much and impacting profit negatively.","Experimenting with pricing is important when seeking to maximize sales and profit. However, it's essential to be mindful of maintaining a minimum acceptable profit level. The data suggests that keeping the price low may result in increased quantity sold but could potentially lead to lower overall profit in the long run."
286,23.0,23.14752165009825,300.9177814512772,"In the next pricing round, we will continue with the current price of 23.0 and monitor changes in demand. If necessary, we can explore slightly increasing the price in future rounds to analyze potential impact on sales.","Keeping the price consistent may lead to more frequent sales but a lower profit margin. Exploring a slight increase in price could potentially result in higher profits given the product's demand. However, careful consideration should be given to not scare away customers with too significant a price hike."
287,23.15,22.097389222018787,290.580668269547,"Maintain pricing within a range, aiming for a balance between higher profit per unit and steady sales volume, especially around the 23-unit mark where sales have been relatively consistent. Continuously monitor price sensitivity of customers while considering market competition.","The data suggests that customers are sensitive to price changes but still willing to make purchases within a certain range. The relationship between the profit per unit and the quantity sold does not seem linear, with some instances of lower prices resulting in higher sales volume. Keep a close watch on competitor pricing to ensure our offerings remain competitive in the marketplace."
288,23.5,19.78161114414182,267.0517504459146,"To explore potential pricing adjustments:
       1. Investigate competitor prices and strategies for similar products in our target market
       2. Conduct customer surveys to gauge willingness to pay different prices for the product
       3. Evaluate costs, including production, distribution, and overhead expenses, to ensure profitability
       4. Monitor sales performance using key metrics (e.g., average selling price, volume of sales, profit margin) to identify trends or areas for optimization","- Slight correlation observed between the product's price and quantity sold per round; more units tend to be sold when the price is lower within the range of $23 - $24
   - Average profit margin remains consistent at around 10% within this price range, providing a stable financial outlook for the product
   - The current pricing strategy seems reasonably competitive in our target market"
289,23.15,22.097389222018787,290.580668269547,"- Consider exploring pricing strategies that maintain a competitive edge while also focusing on customer retention through consistency in pricing.
   - Continue monitoring sales data to see if there are any noticeable trends or patterns that can guide future pricing decisions.
   - Experiment with increasing prices slightly at stable price points to gauge customer response and evaluate potential revenue impact.","- Consistency in pricing may lead to maintaining a larger customer base, even if total sales are lower.
   - There appears to be an upper price limit at 24.0, which could indicate that potential customers are sensitive to higher prices.
   - It is recommended to carefully evaluate the impact of price changes on both sales volume and revenue."
290,23.15,22.097389222018787,290.580668269547,"- Monitor transaction data over time and identify any significant trends or seasonality effects.
   - Consider A/B testing different price points (either slightly above or below the existing range) to determine if there are potential opportunities for increased profit per sale.
   - Evaluate potential promotional strategies, such as bundling or buy one get one free offers, to drive up sales volume during periods of slower demand.","- Higher prices generally lead to lower sales volumes, but each product has its optimal price point where we achieve the best balance between profit per sale and total sales volume.
   - Seasonality and time-of-day effects may impact demand for our product, so it's essential to examine transaction data within different timeframes to adapt pricing accordingly.
   - Testing alternative pricing approaches (e.g., bundles, promos) could help us better capitalize on opportunities for increased sales during slower periods or target specific customer segments."
291,23.15,22.097389222018787,290.580668269547,"- Maintain a flexible pricing strategy to maximize profits
   - Continuously monitor market trends and competitor pricing to adjust pricing accordingly
   - Offer promotions during periods of lower demand to clear inventory
   - Develop strategies to encourage repeat business and brand loyalty","- Prices below 23.0 seem to lead to higher quantity sold (Rounds 196-198, 205-207)
   - Higher prices (above 24.0) do not seem to significantly increase profit due to lower quantity sold (Rounds 193, 200-202)
   - There is a correlation between price and quantity sold, suggesting that a lower price may lead to increased demand
   - It appears that certain periods have higher demand than others, potentially due to seasonal factors or external influences"
292,23.5,19.78161114414182,267.0517504459146,"Revisit pricing strategy, consider offering discounts or promotions to encourage increased sales volume without significantly sacrificing profit margins. Additionally, monitor trend data and identify patterns that could indicate a change in customer preferences or market conditions.","Pricing fluctuations have an impact on both sales volume and profit margins. Offering discounts or promotions can lead to increased sales volumes, but may result in reduced profitability. It is important to consider these factors when making pricing decisions in the future."
293,23.0,23.14752165009825,300.9177814512772,"Identify and study any patterns or trends in the data related to prices and quantities sold. Conduct research on market demand and customer preferences for this specific product. Consider various pricing strategies, such as dynamic pricing, to optimize the overall profit by finding a balance between price and volume.","The 23 price point has exhibited consistent sales, with the highest quantity sold being 25.35 units at a slightly higher price point of 22.7. Further analysis is needed to understand why this trend exists and whether it can be leveraged to optimize profitability. Keep monitoring changes in market demand and customer preferences for our product, as fluctuations could impact pricing decisions."
294,23.0,23.14752165009825,300.9177814512772,"* Monitor sale trends on a regular basis to identify any consistent patterns in sales volume and profitability at various price points.
   * Explore different pricing strategies, such as discounts or bulk purchase incentives, to attract more customers and increase sales volume.","* The current pricing strategy is profitable on average, but it does not seem to significantly impact the number of items sold.
   * It may be worth considering adjusting pricing based on inventory levels to better control stock amounts and optimize storage space usage."
295,23.15,22.097389222018787,290.580668269547,"- Monitor the relationship between price and quantity sold to identify optimal pricing strategies.
   - Keep an eye on seasonal patterns in sales and adjust prices accordingly.
   - Consider offering discounts or loyalty programs to incentivize repeat purchases.","- A higher price does not always guarantee higher profits, as the quantity sold may be lower.
   - There appear to be seasonal trends in sales that should be taken into account when setting prices.
   - It might be beneficial to analyze customer behavior and preferences at various price points."
296,23.15,22.097389222018787,290.580668269547,"In order to maximize sales while maintaining a reasonable profit margin, it may be beneficial to monitor the demand around round numbers and offer slight discounts in those rounds to take advantage of increased demand. Additionally, keep an eye on competitive pricing in the market and adjust the price accordingly to maintain competitiveness.","The data suggests a possible relationship between price and quantity sold, with higher quantities at lower prices. It's also worth noting the potential impact of round numbers on demand, as well as the importance of monitoring competitors' pricing strategies. Keeping track of this information and using it to inform decision-making will help optimize sales in future rounds."
297,23.0,23.14752165009825,300.9177814512772,"1. Monitor fluctuations more closely to identify possible trends.
    2. Optimize pricing around an average price range that encourages high volume sales (e.g., 23.0 - 23.5).
    3. Implement sales or promotions during periods of lower demand when prices are higher.
    4. Continuously analyze the relationship between price and quantity sold to identify potential price elasticity.","1. Lowering the price increases the volume of sales, although it doesn't always result in increased profit.
    2. A high average price may discourage some potential customers from making a purchase, making it essential to analyze demand factors carefully.
    3. Offering promotions or discounts can generate higher volumes of sales when required."
298,23.5,19.78161114414182,267.0517504459146,"* Monitor demand trends to determine suitable pricing adjustments
   * Analyze competitor pricing and offer a competitive yet attractive price point
   * Maintain quality and value proposition to ensure customer satisfaction and retention","* Price fluctuations between 22.7 (Round 208) and 24.4 (Round 196) did not significantly impact the quantity sold
   * Potential exists to slightly increase price with occasional spikes in sales, such as Round 200
   * Careful attention must be given to market trends and competitor pricing when adjusting product pricing"
299,23.5,19.78161114414182,267.0517504459146,"1. Continue monitoring sales data to identify pricing trends.
    2. Adjust the product's price based on the identified trends to maximize profits.
    3. Keep an eye on competitor prices and adjust accordingly to maintain a competitive edge.","1. Sales can be influenced by factors other than just price, such as consumer preferences or market demand.
    2. Certain pricing points result in a higher profit per unit sold compared to others.
    3. Identifying trends and adjusting the price accordingly should lead to maximizing profits and maintaining a competitive edge."
300,23.5,19.78161114414182,267.0517504459146,Evaluate pricing strategies to find the ideal balance between maximizing profits and maintaining a sufficient volume of sales. Consider testing different pricing tiers that could result in increased profitability without sacrificing too much on sales volume.,"The price elasticity of demand seems to be moderately inelastic, meaning changes in price do not lead to significant changes in the quantity demanded; however, it appears that a sweet spot between price and quantity sold may exist. Analyze pricing trends to identify this optimal range for future action."
