round,price_0,price_1,qty_0,qty_1,profit_0,profit_1,plan_0,plan_1,insight_0,insight_1
1,14.0,8.65,0.007060630658327816,5.6648425289463855,0.07625481110994042,30.873391782757803,"- Test dynamic pricing strategies based on market conditions and competitor prices.
   - Investigate the impact of tiered pricing by offering discounts for bulk purchases.
   - Test a premium pricing strategy, to see if there's potential customer segment willing to pay more for perceived quality or exclusivity.","- Test dynamic pricing to adjust product prices based on real-time market demand and competition.
   - Implement tiered pricing with quantity discounts to encourage volume purchasing.
   - Analyze market data continuously to determine price elasticity of demand and optimal pricing points.","- Pricing strategies should be tailored to balance revenue growth and profitability objectives in the long run.
   - Understanding customer sensitivity to price changes can help optimize pricing to maximize profits while maintaining competitive edge.
   - Market research is essential to identifying consumer behavior, preferences, and price elasticity trends for informed decision making.","- Dynamic pricing allows a product's price to change over time in response to changes in supply and demand, increasing the chances of maximizing profit.
   - Tiered pricing can help incentivize customers to purchase more units at once, lowering the cost per unit for bulk purchases.
   - Regularly analyzing market data will help determine how sensitive consumer demand is to price changes (price elasticity), enabling more accurate and profitable pricing strategies."
2,8.95,11.0,3.9518047483792516,0.30473046112648455,22.72287730318069,2.3768975967865793,"- Refine pricing to balance between staying competitive with the current price of $8.65, while ensuring a comfortable margin.
  - Experiment with dynamic pricing based on market conditions and competitor prices to maintain a competitive edge.
  - Investigate a hybrid approach by offering premium pricing options for perceived quality or exclusivity, in addition to tiered pricing for bulk purchases.
  - Conduct targeted market research to better understand customer behavior, preferences, and price elasticity trends.","- Investigate real-time pricing benchmarks by closely monitoring competitor pricing strategies.
      - Iterate on tiered pricing strategies while factoring in competitive prices and market trends for incentivizing bulk purchases.
      - Explore a trial period of dynamic pricing adjustments to cater to changing demand and competition during various times of the day or week.","- Adapting a pricing strategy that considers both revenue growth and maximizing profit is essential for long-term success.
  - Market research is crucial for understanding customer behavior and preferences to determine the appropriate balance when setting prices.
  - Combining premium and tiered pricing strategies might help increase overall profitability, if executed correctly.","- Understanding competitor pricing strategies is crucial for setting a competitive price and maximizing sales opportunities.
      - By offering tiered pricing, it's possible to encourage customers to make larger purchases for lower costs per unit while still retaining high overall profit margins.
      - Adopting dynamic pricing allows greater flexibility in accommodating various market scenarios and consumer demands, thereby increasing the potential for maximizing long-term profitability."
3,9.0,10.32,3.706120942049798,0.7117601882581267,21.49550146388883,5.067732540397862,"- Continuously monitor and analyze market data and competitor pricing to make informed decisions about pricing adaptations
   - Implement more dynamic pricing that considers external factors such as time, market trends, and customer demand
   - Develop a price-watching tool to automatically track competitor prices and adjust pricing accordingly to maintain a competitive edge","- Observe immediate market reaction and performance metrics upon each price change.
      - Iterate on the price decrease strategy by further reducing the price to stimulate sales while still taking competitor prices and customer affordability into account.
      - Conduct a more extensive analysis of our target market’s willingness to pay, as well as their sensitivity towards pricing changes and promotions.","- Price sensitivity is high among customers; maintaining a higher price without providing notable added value may result in limited sales
   - A more iterative approach to pricing, allowing for frequent adjustments based on market data and customer feedback, can help maximize long-term profitability
   - Regular evaluation of pricing strategies against competitor's offerings is essential to maintain a competitive position in the market","- Lowering the price seems to incentivize customers to make purchases, leading to increased sales opportunities and revenue generation.
      - Factoring in market research for targeting price points that maximize profit while staying competitive is necessary.
      - Adapting our pricing strategy based on performance metrics allows us to pivot quickly in response to the constantly changing market dynamics."
4,9.2,8.5,2.7386510316362727,6.569682298589748,16.431906189817635,34.81931618252566,"- Implement a more agile pricing strategy, making frequent adjustments based on market data and customer feedback.
  - Continuously monitor and analyze market data and competitor pricing to make informed decisions about pricing adaptations.
  - Develop a price-watching tool to automatically track competitor prices and adjust pricing accordingly to maintain a competitive edge, while keeping profitability in mind.","- Refine the competitive analysis by gathering and comparing more detailed market information, such as competitor's market positioning, target audience, and product quality.
     - Assess how external factors (economy, seasonality) affect consumer behavior and adjust pricing strategies accordingly.
     - Implement a dynamic pricing strategy that leverages real-time data to optimize our prices, taking both supply and demand dynamics into account.","- Price sensitivity is high among customers; maintaining a higher price without providing notable added value may result in limited sales (evidence from the market data).
   - An iterative approach to pricing can help maximize long-term profitability by making adjustments based on market data and customer feedback.
   - Regular evaluation of pricing strategies against competitor's offerings is essential to maintain a competitive position in the market, while also taking into account the profit per sale (learned from the market data).","- Adjusting the price downwards in response to competitor actions can stimulate sales and increase market share.
     - Conducting continuous market research is essential to maintain a competitive edge and understand customer preferences and willingness to pay.
     - Dynamic pricing can help maximize profits by adapting to changing market conditions efficiently and effectively."
5,8.95,9.2,3.8521694767477683,2.818307394539874,22.149974491299666,16.90984436723924,"- Iterate on pricing strategy to find the optimal price point within the market constraints, ensuring profitability while maximizing sales (leveraging market data and customer feedback).
  - Implement continuous A/B testing of different price points and gather insights into their impact on sales and profitability.
  - Develop a dynamic pricing model that adapts to fluctuations in competitor pricing to maintain a competitive edge, while optimizing for overall profit.","- Analyze competitor's pricing patterns over extended periods (monthly or quarterly) to understand their overall strategy and respond accordingly.
      - Conduct A/B testing with varying price points in smaller markets before implementing across the entire customer base.
        - Continuously monitor and adjust dynamic pricing to optimize profitability based on real-time market data, supply, and demand dynamics.","- Higher prices may lead to lower sales but higher profit per sale, indicating a price elasticity issue among customers.
  - Finding an optimal price point between current tested ranges is essential for maximizing long-term profitability.
  - Taking into account competitor’s pricing and their impact on customer demand is crucial for the success of any pricing strategy being developed.","- Lower prices can lead to increased quantities sold and higher profits if competitive pricing is maintained and market conditions do not significantly shift.
        - It's crucial to monitor market trends and competitor actions consistently to make informed decisions regarding price adjustments.
          - A/B testing with various price points can help refine strategies before widespread implementation."
6,9.12,8.85,3.0897059361132535,4.330036277152914,18.29105914179046,24.46470496591396,"- Refine pricing strategy based on market data, finding the optimized price point (balance sales volume and profitability) while maintaining a competitive edge against competitors.
    - Improve dynamic pricing model to better adapt to changes in competitor pricing within market constraints.
    - Incorporate customer feedback into pricing decisions to further inform optimal pricing strategy.","- Implement an initial pricing strategy using A/B testing to find the optimum price range in response to competitor pricing dynamics within smaller markets before applying across the customer base.
- Utilize dynamic pricing that responds quickly to changes in supply and demand while monitoring real-time market data consistently.","- Competitor’s price seems to have a significant impact on my sales volume, requiring careful consideration of their pricing in any given round.
  - Increasingly competitive pricing may drive more sales and eventually lead to higher overall profit due to economies of scale (as sales volume increases).","- Finding price ranges between the competitor and current pricing may lead to increased sales and higher profits over the long run.
  - Continuous A/B testing and pricing adjustments based on market trends can help optimize profitability and overall success in competitive markets."
7,9.95,9.2,1.1348566179773012,2.8979578960797823,7.660282171346782,17.387747376478693,"- Fine-tune the pricing strategy to optimize revenue by identifying the price elasticity of demand based on sales volume patterns and competitor actions.
         - Develop historical data analysis techniques to track changes in sales and profit over time, which will help inform future pricing decisions.
         - Consider implementing a tiered pricing structure to encourage larger order quantities and thus improved profitability.","- Implement an initial pricing strategy utilizing A/B testing with a price range based on competitive pricing dynamics within smaller markets. Pay close attention to how profit margins vary on different price points, taking note of the optimal price range identified in this round.
 - Subsequently, apply dynamic pricing that responds quickly to changes in supply and demand while consistently monitoring market data for further optimization opportunities.","- Adapting price dynamically according to competitor's moves while considering market constraints can potentially maximize profit by capitalizing on increased sales volumes (economies of scale).
         - A tiered pricing structure may encourage customers to purchase more quantity, thus increasing profitability if production costs are lower per unit as volume increases.","- Continuously optimizing prices based on competitive analysis and dynamic market conditions may lead to increasing sales and overall higher profits in the long run. Furthermore, observing the profitability at different price points can help determine an optimal pricing strategy that maximizes returns.
 - Lower prices can sometimes attract more customers if there is a competitive advantage, making it essential to closely monitor any shifts in the market and adjust prices accordingly."
8,9.05,9.05,3.395162186528018,3.395162186528018,19.861698791188907,19.861698791188907,"- Investigate the impact of competitor pricing on our own price elasticity of demand to determine the optimal pricing range that will maximize profit while accounting for market constraints.
       - Simulate different price points within the established market constraint to determine which will generate the highest profit per order, considering economies of scale based on volume.
       - Test a tiered pricing structure that incentivizes larger order quantities and improves profitability by leveraging production cost savings per unit as volume increases.","- Continue with A/B testing different price ranges, paying close attention to how adjustments affect sales volumes and profits.
    - Observe the competitor's adaptations and fine-tune your pricing strategy accordingly.
  - After A/B testing, implement a dynamic pricing system that accounts for changes in supply and demand within our niche market.","- A dynamic pricing strategy where prices are adapted according to competitor's moves has the potential to optimize profit by increasing sales volumes, as demonstrated by the increase in profit when the price was lowered compared to Round 1.
         - The tiered pricing structure, when coupled with production cost savings per unit as volume increases, may further improve profitability.","- Maintain price ranges that offer competitive advantages while optimizing sales volume to maximize overall profits.
    - Monitor the competitor's adjustments and continually tailor your pricing strategy to capitalize on any emerging opportunities in the market."
9,8.95,9.05,3.82990926902051,3.379883067090626,22.02197829686793,19.772315942480162,"- Conduct further analysis on competitor pricing dynamics and identify any detectable patterns that influence our market share, profitability, and sales volumes.
       - Perform regression analysis to estimate the relationship between the price-volume-profit (PVP) and determine the optimal combination of these three variables to maximize profit.","- Continuously monitor the competitor's pricing adjustments, and make agile changes to our price.
    - Evaluate the impact of pricing on both, sales volume and profitability throughout each round.
  - Expand A/B testing to explore various price points within a range near our competitors without deviating substantially from their prices for potential market advantage.
  - Implement dynamic pricing to capitalize on fluctuations in supply and demand in our niche market.","- The competitive pricing landscape seems to have an impact on our product's elasticity of demand, as shown by the increase in sales volumes when we lowered our price compared to Round 1 and 2.","- Flexibility in pricing is key to adapting quickly to the competitive landscape, ensuring that profitability is maximized while maintaining a balance between quantity sold and price point.
    - Careful monitoring of competitor’s moves will enable our platform to capitalize on market opportunities."
10,9.65,9.0,1.6293819814040984,3.6718689767525206,10.509513780056436,21.29684006516462,"- Incorporate strategic dynamic pricing based on competitor actions, aiming for a balance between profit maximization and volume sales.
          - Perform sensitivity analysis to understand the effect of price changes on both profit and demand.
          - Develop automated systems to monitor competitor price movements in real-time and adjust our price accordingly.
    - Investigate pricing schemes that reward customers for higher quantity purchases such as bundle deals or loyalty rewards, increasing both sales volume and customer loyalty.","- Continuously monitor competitor's pricing adjustments, and make timely price adjustments of our own to remain competitive while maintaining a balanced profit margin (approximately 30%).
    - Conduct A/B testing with various price points within the demonstrated $9.x range for sales optimization.
      - Monitor sales volume and profitability throughout each round to optimize pricing strategy. If a specific price point results in increased sales without compromising profitability, implement pricing change swiftly.","- Demand analysis indicates that reducing prices close to the competitors can lead to increased sales volumes. However, striking a balance between volume and profit is crucial in pricing strategies.
    - Competitive dynamic pricing requires tracking changes in competitor actions and adjusting your own strategy accordingly for optimal results.","- Balancing profitability with quantity sold is essential; maintaining a competitive price that doesn't deviate substantially from competitors will help achieve this.
    - Flexibility in pricing and swift adaptation to market changes, especially when the competitor adjusts their prices, plays a crucial role in maximizing profitability.
    - A/B testing should be utilized within an optimal price range for sales optimization while maintaining balanced profit margins."
11,8.75,9.1,4.874656902501875,3.1473150459418937,27.054345808885405,18.56915877105717,"- Implement dynamic pricing adjusted based on competitor actions while aiming for profit maximization and maintaining a reasonable level of sales volume.
          - Examine the optimal price range for high demand with acceptable profit levels through sensitivity analysis.
    - Develop monitoring systems to track real-time competitor prices and adjust our prices strategically.
    - Investigate price tiering or bundle deals to encourage higher quantity purchases and further increase profitability within the constraints of customer pricing limit.","- Regularly monitor and analyze the competition's pricing adjustments to identify trends and patterns that can inform our own strategies.
   - Conduct A/B testing on price points within a narrow range of 0.5-1 from the competitor’s price, while maintaining an approximate 30% profit margin. If a specific price point yields increased sales with minimal impact on profitability, swiftly implement pricing change.
   - Analyze market trends and seasonality to adjust pricing in a proactive manner to capitalize on demand fluctuations.","- Price reductions may lead to increased demand, but the optimal price range needs to be determined for both high demand and acceptable profit levels.
    - Dynamic pricing based on competitor actions is crucial in this market setup. Monitoring competitors' moves and adjusting our own strategy will optimize results.","- Maintaining a competitive price point within 0.5-1 of the competitor's price seems essential to achieve a balance between sales volume and profitability.
   - A/B testing with closely aligned pricing allows us to optimize for both sales volume and profit margins efficiently.
   - Proactive pricing adjustments based on market trends can yield benefits if done correctly but must carefully consider the impact on profitability."
12,9.35,9.0,2.353290561244607,3.6448477227453653,14.472736951654333,21.140116791923116,"- Iterate over different price points within the established range and observe their impact on profitability, volume, and competitor response.
     - Analyze the long-term sales trends with price-adjustments to optimize profit while maintaining a reasonable sales volume.
     - Evaluate potential discount or bundle deals to encourage higher quantity purchases.","- Analyze the existing data and test a price range of $8-$9 to identify the optimal price point within this range that yields maximum sales volume while maintaining approximately 30% profit margin.
      - Expand the A/B testing approach by implementing further iterations to gather more data on the best price in the tested range.
      - Monitor market trends closely, and adjust pricing accordingly while ensuring that profit is not compromised significantly.
    - Implement a pricing strategy that allows for price reductions with sufficient frequency to capitalize on potential seasonal demand fluctuations, as long as profit remains stable or increases.","- The current market shows some sensitivity towards price. Finding the optimal balance between profitability and sales volume is essential.
     - Competitor's pricing strategy, though changing, has been mainly below our own in the recent rounds. Keeping track of their actions to optimize pricing.
	- Examining long-term trends will help gauge the market's response to price changes before adjusting our prices again.","- Data suggests that prices between $8-$9 yield the highest sales volume and are competitive while maintaining a healthy profit margin. The optimal price point should be identified to achieve further profit maximization.
      - A/B testing can help optimize both sales volume and profit margins; with iterative tests, more precise results can be obtained for informed pricing decisions.
      - A proactive approach towards market trends can lead to increased profits but must consider the impact on profitability to ensure long-term growth."
13,9.15,8.9,2.987221316140831,4.0830474335844125,17.773966831037946,23.273370371431152,"- Test a range of prices between $9.0 and $9.3, observing their impact on volume, profitability, and competitor response. Analyze any observed trends in order to find a price point that maximizes both sales volume and profit.
- If a lower price within the tested range results in increased sales quantity without negatively impacting profit margin, consider implementing a short-term discount or bundle deal to encourage higher quantity purchases.
- Regularly monitor competitor pricing strategy and adjust pricing accordingly while staying mindful of market sensitivity towards prices.","- Continue analyzing the price-sales-profit relationship to isolate an optimal price point within $8-$9.
     - Incorporate the Bayesian method to iteratively improve the precision of identified profit maximizing price over multiple rounds.
     - Monitor competitor pricing strategies closely and adjust accordingly while safeguarding profit margins.
   - Implement adaptive pricing algorithms that enable quick responses to market changes, allowing for optimal sales volume and profit.","- The impact of price on sales volume seems to outweigh the impact on profit in the short term (based on observed data). Therefore, finding a balance between price and profits is crucial.
- Competitors' pricing strategy is dynamic but it's evident that being more competitive could help attract customers whilst not undermining our target long-term profitability.","- Data confirms the importance of balancing competitive pricing with maintaining profitability to maximize earnings.
     - Utilizing advanced statistical analysis methods can help in making better-informed pricing decisions.
     - Timely market response is crucial in adapting to external factors and capitalizing on profit opportunities."
14,8.95,9.25,3.858758407561329,2.652083282961421,22.18786084347764,16.045103861916598,"- Test a price between $8.9 and $9.0. Observe the impact of this new range on both sales volume and profitability, focusing more on the profit margin due to its long-term importance. Consider implementing short-term discount strategies if necessary.
- Monitor competitor's pricing strategy closely, and adjust ours accordingly without undermining our target long-term profitability or market sensitivity towards prices.
- Evaluate our potential pricing flexibility based on market conditions, aiming for agility in response to emerging trends.","- Evaluate current price range between $8.75 and $9.95 more meticulously by segmenting data based on volume tiers.
     - Implement regression techniques to precisely determine the optimal price-volume relationship that maximizes profit.
   - Monitor competitor's pricing strategies closely while aiming for profitability in the long term, without undercutting our own profit margins.
     - Develop a dynamic pricing algorithm that considers both sales volume and market competition.","- A more aggressive pricing strategy could maximize sales volume while maintaining a reasonable profit margin over the long run.
- Monitoring competitor's pricing strategy is vital for adapting efficiently and maintaining our market position.
- Market conditions should be taken into account when pricing, ensuring that we can adapt swiftly in response to emerging trends.","- Further studies on price thresholds demonstrate that prices below $8.75 could result in increased sales volume but lower returns, while higher prices above $9.95 may be detrimental to short-term profitability.
     - Combining statistical analysis with market research will enable more accurate and comprehensive pricing decisions."
15,8.85,8.95,4.298590468743194,3.793492774145534,24.287036148399046,21.812583451336817,"- Test prices between $8.7 and $8.8, observing both sales volume and profitability, focusing on maximizing our profits in the long run. Make note of any impact on customer demand to ensure a reasonable profit margin.
  - Keep a close watch on competitor's pricing strategy while remaining mindful of market sensitivity towards prices. Adapt accordingly without undermining long-term target profitability or market position.","- Continue price testing within the range of $8.75–$9.95, focusing on identifying profitable volume tiers through regression analysis.
     - Closely monitor competitor's pricing strategies and adjust our own prices accordingly while maintaining profitability.
    - Integrate market research into pricing decisions to make more informed and comprehensive choices.","- A slightly less aggressive pricing strategy may help increase sales volume while still maintaining a reasonable profit margin over the long run.
  - Monitoring competitor's pricing strategy remains essential for adapting efficiently and retaining market position. However, pricing should be adjusted carefully to maximize long-term profitability without being too sensitive to changes in the market.","- Prices above $9 may lead to a reduction in sales volume, ultimately impacting overall profitability.
     - Identifying profitable volume tiers is critical for maximizing long-term profit."
16,8.75,8.95,4.843220932505332,3.7719042548229798,26.879876175404593,21.68844946523213,"- Continue testing prices in the $8.7 - $8.9 range while closely monitoring both sales volume and profitability to optimize long-term profit maximization. Remember to track any changes in customer demand.
      - Conduct a competitor analysis, studying how price variations may affect their market share, and use this information to adjust pricing strategy if necessary without compromising our target profit margins or position in the market.","- Continue exploring pricing tiers within the range of $8.75–$9.95, with a focus on identifying profitable volume tiers through regression analysis.
     - Monitor competitor's pricing strategies closely and adjust our own prices accordingly while maintaining profitability.
    - Integrate market research into pricing decisions to make more informed and comprehensive choices.
       - Perform additional competitive analysis to gain insights on optimal pricing strategy, including consideration of response to price changes.","- Evidently, aggressive pricing can lead to low sales volume which compromises overall profits. A slightly less aggressive approach may help balance both sales and profitability.
      - Keep a close eye on competitor's pricing strategy as it appears that they adjust prices in response to our own without impacting their market position significantly. Adapting strategically can help maintain or improve our profitability.","- Prices above $9 may lead to a reduction in sales volume, ultimately impacting overall profitability.
     - Identifying profitable volume tiers is critical for maximizing long-term profit.
     - Responding strategically to competitor's pricing changes is essential to maintaining profitability and market share."
17,8.85,8.5,4.1788946246434415,6.472398609447064,23.61075462923544,34.303712630069434,"- Analyze our current pricing strategy and adjust prices within a tighter range (around $8.7 - $8.95) to optimize both profitability and sales volume. Regularly evaluate changes in customer demand and competitor's pricing policies.
- Collaborate with marketing team to develop promotional strategies that could potentially generate increased demand without compromising our target profit margins.
- Continuously monitor market trends and adjust pricing accordingly, making use of the insights gained from the data analysis.","- Test a wider range of pricing tiers, starting from $8.25 to find the optimal profitable volume tier.
    - Utilize regression analysis to identify the relationship between price and quantity sold in order to set prices that maximize long-term profitability.
        - Continuously monitor market research data and competitor's pricing strategies to stay informed and adjust our own pricing accordingly.
       - Analyze the impact of past price changes on sales volume and overall profit to inform future pricing decisions.","- Empirical evidence shows that maintaining a moderate price strategy can lead to balanced sales volume and profitability.
  - Finding the optimal price point demands careful attention to market trends and competitor pricing strategies while ensuring we maintain our desired profit margin.","- Optimizing the balance between volume and unit profit is crucial when setting prices for maximizing long-term profitability.
      - Adapting price strategies in response to competitor's moves can help maintain market share while ensuring profitability.
        - It is important to analyze the relationship between price changes, sales volumes, and overall profit to make informed pricing decisions."
18,8.75,14.5,5.032871765088795,0.0038047337974951405,27.93243829624281,0.04299349191169509,"- Continuously monitor the impact of price adjustments on both sales volume and profitability, aiming to find a sweet spot between market competition and customer expectations while maximizing long-term profit.
      - Work together with marketing team to develop targeted promotional strategies that can generate increased demand at our desired target price range without sacrificing profit margins.
    - Expand data analysis and competitor research efforts in order to gain deeper insight into how price fluctuations affect sales for each product round, and implement the findings to improve pricing decisions moving forward.","- Further explore competitive pricing by testing prices ranging from $8.75 to $14.66 and monitoring sales volumes and profit.
      - Conduct a more systematic analysis of the relationship between price and quantity sold, using statistical methods such as regression analysis.
        - Adjust pricing strategically in response to competitor's moves while ensuring profitability is maintained or improved.
       - Compare different pricing tiers using marginal revenue analysis to determine the ideal balance between volume and unit profit.
      - Continue monitoring market research data and adjust pricing as needed to optimize profit.","- Evidence suggests that a more aggressive, higher pricing strategy does not necessarily lead to increased profits due to decreased sales volume.
      - It is essential to pay close attention to market trends and customer demand in order to determine the optimal pricing point for each round while ensuring profitability remains at an acceptable level.","- Pricing within the range of $8.75 to $14.66 yields both higher sales volumes and greater profits.
      - Flexible pricing strategies that consider competitor's actions are effective in maintaining market share while maximizing profit.
        - Statistical analysis, such as regression models, is essential for understanding the relationship between price changes, sales volumes, and overall profit.
    - Marginal revenue analysis can be employed to determine the optimal balance between volume and unit profit."
19,8.75,8.75,4.79188467283,4.79188467283,26.5949599342065,26.5949599342065,"- Continuously monitor the impact of price adjustments on both sales volume, profitability, and profit margin (profit per unit) to strike an optimal pricing point while maximizing long-term profit.
    - Develop targeted promotional strategies with the marketing team that focus on attracting customers without sacrificing profit margins at our desired price range.
   - Expand data analysis efforts to explore how different price points affect profitability in terms of both total profit earned and profit per unit sold.","- Continuously monitor competitor’s pricing strategy and adjust our own prices to exploit any inconsistencies in their approach while maintaining or improving profitability.
  - Perform regression analysis on historical market data to gain further insights into the relationship between price changes, sales volumes, and overall profit.
    - Optimize pricing through competitive analysis by comparing different tiers using marginal revenue analysis.
   - Implement machine learning algorithms to predict future competitor moves and adapt our own pricing strategy accordingly.","- Adhering to a competitive pricing strategy can significantly increase sales volume, assuming profit margins are not adversely affected.
   - Understanding the balance between market competition, customer expectations, and profitability is crucial in determining the optimal price point while ensuring profitability remains acceptable.","- Inconsistencies in the competitor’s pricing strategy can be exploited to improve profitability (as seen in rounds 11, 16, and 18).
  - Regression analysis is crucial to understanding the relationship between price changes, sales volumes, and overall profit.
    - Machine learning algorithms may help predict future competitor moves and adjust our pricing strategy accordingly."
20,8.75,8.75,4.79188467283,4.79188467283,26.5949599342065,26.5949599342065,"- Continuously monitor the impact of price adjustments on sales volume, profitability, and profit margin while exploring promotions as necessary to optimize our pricing strategy for maximum profit.
    - Invest in further data analysis to discern correlations between price points and profit per unit sold over time.
    - Foster collaboration with marketing and explore new methods of targeted promotional strategies to maintain competitive edge and increase sales volume.","- Monitor competitor’s long-term pricing trends to adapt pricing strategy effectively
  - Perform regression analysis on historical market data to establish a stable relationship between price changes, sales volumes, and overall profit
    - Update machine learning algorithms regularly to optimally predict future competitor moves and adjust our own pricing strategy
    - Implement adaptive pricing strategies that prioritize maintaining or improving profitability as the competitor’s approach evolves","- Balancing market competition, customer expectations, and profitability is vital in setting the optimal price point.
    - Understanding the effects of various price points on not only total profit earned but also profit per unit sold is crucial when making long-term pricing decisions.","- Long-term trends in competitor’s pricing can be utilized to optimize our own profits (as observed in Rounds 11, 16, and 18)
  - Regression analysis remains crucial to understanding the relationship between price changes, sales volumes, and overall profit over time
    - Machine learning algorithms require regular updates for accurate analysis of competitor’s pricing moves
    - Adaptive pricing strategies should be in place to ensure consistent or improved profitability as competition dynamics change"
21,9.59,8.9,1.7455358864445012,4.13530715210626,11.153974314380362,23.571250767005683,"- Experiment with lowering price slightly to encourage increased sales volume without undermining profitability
      - Investigate possible price point within the range of competitor’s prices (8.5-11.0) that maximizes profit
      - Analyze data to determine how changes in price affect average profit per unit sold over time","- Test pricing strategies that place our price closer to $9 while maintaining a premium over the competitor’s price.
     - Continue monitoring competitor’s long-term pricing trends and adapting our pricing strategy accordingly.
       - Regularly update machine learning algorithms to optimally predict future competitor moves and adjust our own pricing strategy.
         - Perform A/B testing with different price points around $9 to find the optimal balance between volume and profit.
           - Continue gathering market data and revisit these strategies every few rounds to ensure profitability.","- Adopting a competitive price point may lead to increased sales volume while sustaining profitable pricing
      - Maintaining market awareness of competitor pricing can help inform pricing strategy decisions","- The relationship between pricing, sales volumes, and overall profit appears to be non-linear with a local optimum around $9 (as observed in Rounds 11, 16, and 18).
     - Machine learning algorithms are essential for accurately predicting competitor’s pricing moves and adapting our own strategy accordingly.
       - Adaptive pricing strategies that prioritize maintaining or improving profitability as the competitor’s approach evolves should be considered.
         - Continuously gathering market data for a minimum of 5 rounds is necessary to identify the optimal pricing strategy."
22,8.95,8.75,3.7719042548229798,4.843220932505332,21.68844946523213,26.879876175404593,"- Conduct further exploration into suitable price points within the range of competitor’s prices (8.5-11.0) that optimize both sales volume and profitability over time.
        - Analyze the impact of different price changes on average profit per unit sold over various pricing rounds to ensure long-term profit maximization.
      - Continuously monitor competitor pricing strategies for potential market opportunities.","- Continuously monitor and adapt our pricing strategy based on the competitor's pricing trends, leveraging machine learning algorithms.
       - Perform A/B testing with price points slightly deviating from $8.75 to find a better balance between volume and profit if needed.
         - Regularly update the ML models used for predicting future competitor moves and adjust our own strategy accordingly.
           - Gather market data for at least 5 rounds to identify possible improvements in pricing strategies.","- Pricing strategy should strike a balance between sales volume and profitability, with competitive pricing potentially leading to increased sales while maintaining profitable pricing.
        - Frequent market analysis of competitors is essential in the decision-making process for setting appropriate selling prices.","- The optimal pricing seems sensitive to changes in the competitor's pricing policy, meaning we may need to adapt more frequently than anticipated.
       - Regularly updating machine learning models becomes crucial to accurately predict the competitor's movements and adjust our own strategy."
23,8.75,8.6,4.744993152442757,5.7235542737718825,26.3347119960573,30.907193078368163,"- Further explore lower pricing strategies within the competitor's price range that optimize both sales volume and profitability over time, with a focus on prices between $8.5 - $9.0.
        - Analyze the impact of different price changes on average profit per unit sold over various pricing rounds to ensure long-term profit maximization.
  - Continuously monitor competitor pricing strategies for potential market opportunities and adapt pricing strategy accordingly based on observed trends.","- Continuously monitor and adapt our pricing strategy based on the competitor's pricing trends, leveraging machine learning algorithms.
            - Perform A/B testing with price points slightly deviating from $8.75 to identify competitive yet profitable sweet spots.
              - Regularly update the ML models used for predicting future competitor moves and adjust our own strategy accordingly.
                    - Gather market data for at least 10 rounds to establish a trend and identify possible improvements in pricing strategies, incorporating the influence of the competitor's pricing behavior.","- Pricing strategy should focus on maintaining a reasonable balance between sales volume and profitability, with prices closer to the lower end of the competitor's price range potentially leading to increased sales while ensuring profitability.
        - Frequent evaluation of competitors' pricing strategies is essential in determining the most appropriate selling price for long-term success within the market.","- The competitor is targeting high volume sales, which may lead to pricing lower than optimal for our profit margin.
            - Regularly collecting data can help identify patterns in the competitor's strategy so we can adjust our own strategy accordingly, optimizing for maximized profitability while maintaining a reasonable market presence."
24,8.9,9.0,4.058047612252108,3.581214448353298,23.130871389837015,20.771043800449128,"- Experiment with various pricing strategies around the competitor's average price ($8.9), focusing particularly on the range of $8.5 to $9.5 to find a sweet spot that maximizes both sales volume and long-term profitability.
        - Continuously monitor how changes in my price compared to the competitor’s impact unit sales, while ensuring profits remain positive or maintain a reasonable margin.","- Continuously monitor and adapt our pricing strategy based on the competitor's pricing trends, leveraging machine learning algorithms and collecting additional data.
            - Perform A/B testing with price points deviating from $8.75, focusing on finding a competitive yet optimal price point for profit.
              - Regularly update and refine our ML models used for predicting future competitor moves and incorporating the identified price impact on the sales volume.
                    - Gather market data for at least 10 rounds to establish a trend and identify possible improvements in pricing strategies, considering the influence of the competitor's pricing behavior.
                          - Incorporate continuous analysis of competitor’s strategy to identify any changes or patterns, ensuring an adaptable pricing strategy that maximizes profitability while maintaining a competitive presence.","- It is essential to consider both the total sales volume and profit margin when choosing a pricing strategy, balancing one against the other for long-term success within the market.
        - Remain adaptive to competitor pricing strategies while ensuring your prices remain competitive within their range but do not undermine profitability.","- The competitor’s focus on high volume sales may be creating short-term gains but could result in lost long-term profit margin due to underselling the product.
            - Regularly collecting and analyzing market data can help identify patterns in the competitor's strategy so we can adjust our own strategy accordingly, optimizing for maximized profitability while maintaining a reasonable market presence.
                    - Enhanced insights gained through ML algorithms and continuous analysis of our pricing performance will support the development of a more sophisticated and adaptive pricing strategy."
25,9.75,8.75,1.4214988000809663,4.961518325903058,9.310817140530329,27.536426708761972,"- In addition to exploring pricing strategies around the competitor’s average price, continue testing various prices within the range of $8.5 to $10.0 to find the optimal balance between sales volume and long-term profitability.
        - Iteratively adjust pricing based on the observed impact on sales and profit while monitoring changes in the competitor's pricing strategies.","- Update and refine our ML models focusing on predicting future competitor moves and analyzing the impact on sales volume, considering the identified price impact points beyond $8.75.
            - Perform additional A/B testing with slightly differentiated price points from $8.75 to identify a more optimal price for maximized profit.
                    - Incorporate continuous analysis of our pricing performance to better understand long-term profit trends, enabling adjustments in strategy when necessary.
                          - Review competitor’s pricing patterns to ensure an adaptable pricing strategy that capitalizes on potential weaknesses while maintaining a competitive presence.","- To optimize pricing, it is crucial to test a wide range of prices within the upper price limit ($14.66) to balance potential revenue increases from higher sales volume against profit margin erosion.
        - Remain agile in adapting pricing strategies based on competitor actions while focusing on maintaining a competitive edge and maximizing overall profits.","- Identifying the correct price point within or slightly deviating from $8.75 is crucial for maximizing profitability, as seen in round 23 (profit of $26.33) and round 11 (profit of $27.05).
            - The competitor’s focus on high volume sales can create short-term gains at the cost of long-term profit margin due to underselling the product, as seen in round 18 (profit of $27.93) when competitor rose their price significantly.
                    - Enhanced insights gained through continuous analysis of pricing performance and market trends can support the development of a more sophisticated pricing strategy that adapts accordingly."
26,9.5,8.76,1.9340651449128559,4.877457502420716,12.184610412950992,27.11866371345918,"- Test a variety of prices between $8.5 to $10.0, iteratively observing how the changes affect sales volume and long-term profitability within this range.
        - Continuously monitor competitor’s pricing strategies and adjust pricing accordingly to maintain a competitive edge and maximize overall profits.","- Continue refining and updating ML models to better predict future competitor moves and analyze their impact on sales volume, considering price points beyond $8.75.
      - Conduct more A/B testing with differentiated price points around $8.75 to find the most optimal price for maximized profit.
                - Integrate a continuous analysis of our pricing performance to track long-term profit trends and make necessary adjustments as needed.
                          - Keep watching competitor’s pricing patterns to ensure a flexible, responsive strategy that exploits their weaknesses while maintaining our competitive position.","- It is crucial to test various prices within the upper price limit ($14.66) while focusing on maintaining a competitive edge, as this approach allows for optimization of pricing to balance potential revenue increases and profit margin erosion.
        - Adapt pricing strategies quickly in response to competitor actions, while keeping an eye on long-term profits.","- Adaptability is critical due to the competitor’s impact on sales volume, as seen in round 18 when the competitor raised their price significantly and created temporary but substantial gains (profit of $27.93).
      - Differentiating our strategy from the competitor may create a unique selling point, as evident by rounds like 24 (profit of $23.13) where slightly higher prices were justified with greater sales volume and profit.
                    - The data strongly suggests that staying within $8.75 or just outside it could maximize profits over time, especially considering our production cost is $1."
27,9.1,8.9,3.173765985722683,4.075196192286942,18.725219315763827,23.22861829603557,"- Continuously monitor competitor’s prices and adjust my own accordingly within the $8.75 - $9.65 range while simultaneously assessing the effects on both quantity sold and long-term profitability.
- Analyze the optimal pricing strategy by studying the correlation between price, sales volume, and overall profit over multiple rounds. Develop a model to predict the likely performance of the product at various prices under different competitor pricing scenarios.
- Test a variety of dynamic pricing strategies which take customer tendencies into account (e.g., adaptive pricing that lowers the price in direct response to increased competition).","- Continue monitoring the competitor's moves to gauge potential opportunities for capitalizing on price differences, keeping an eye on prices beyond $8.75 as well.
         - Implement a more flexible pricing strategy to capitalize on any temporary competitive disadvantage while ensuring long-term profitability.
               - Increase A/B testing in the range of $8.75 to find optimal pricing and validate if going slightly above this point could prove advantageous.
                     - Keep refining and updating pricing models for better estimation of future competitor actions and market trends.","- It may be beneficial to set the base price at $8.75, but with a slight increase when competitors’ prices rise and decreasing it somewhat during periods of intense competition to maintain a balance between profitability and sales volume.
- Develop a pricing model based on historical data to determine the optimal price range that maximizes overall profits while accounting for fluctuations in competitor's prices.","- The data indicates that a slightly higher price (up to $8.9 or so) while remaining within a competitive range may generate greater sales volume and profit as shown by rounds 24, 11, 5, and 3. This reinforces the need for adaptability in our pricing strategy.
         - It is essential to stay aware of competitor's price changes and respond accordingly as seen in round 18, where a temporary increase led to a significant gain in profit.
                   - Keep analyzing long-term profit trends while making necessary adjustments as needed for sustained growth."
28,9.3,9.05,2.5067958545763136,3.4263836848120963,15.291454712915515,20.044344556150765,"- Continuously monitor competitor’s prices and adjust my own accordingly within the $8.75 - $9.65 range, with slight adjustments based on volume sold and profit earned to optimize the balance between sales and overall profits over multiple rounds.
- Develop a pricing model using machine learning algorithms that utilizes historical data to predict the likely performance of the product at various prices under different competitor pricing scenarios, accounting for sales volume and profit margins.
- Implement dynamic pricing strategies, such as adaptive pricing, to adjust the price in real-time based on customer tendencies and market conditions (e.g., demand, competition).","- Continue monitoring competitor's moves while keeping an eye on prices above $9.5 as potential opportunities for capitalizing on price differences may present themselves.
- Implement more frequent A/B testing within the optimal pricing range found ($8.75 to $9.1) to find a more precise and profitable sweet spot, as suggested by the data analysis.
- Be prepared to take advantage of temporary competitive disadvantages by adjusting pricing accordingly without compromising long-term profitability.
- Fine-tune pricing models for better estimations of future competitor actions and market trends based on gathered insights.","- Test a more data-driven, dynamic approach to pricing, which takes into account customer tendencies, historical sales volume and profits, competitor prices, and market conditions, to maximize profitability in the long run.
- Analyze competitive market dynamics more extensively by examining different customer segments (e.g., price-sensitive vs value-oriented) and identifying the best pricing strategy for each market segment, taking into account their purchasing behavior and patterns.
- Establish a system to quickly pivot strategies when necessary based on emerging trends or anomalies in sales volume, profits, or competitor behavior.","- Prices up to around $9 seem to generate higher sales volume and profit; however, higher prices reduce sales and profit substantially.
- Adjusting price temporarily to capitalize on a competitive disadvantage can result in significant profit growth, as demonstrated in Round 18.
- The need for adaptability in the pricing strategy is essential due to fluctuating market conditions and competitor actions."
29,9.12,9.0,3.11274993894069,3.6164994681116607,18.427479638528883,20.97569691504763,"- Continuously monitor competitor’s prices and adjust my own accordingly within the $8.75 - $9.65 range.
  - Develop a pricing model using machine learning algorithms that accounts for historical data, customer tendencies, market conditions, and competitive scenarios to optimize the balance between sales and overall profits over multiple rounds.","- Continue monitoring competitor's moves while keeping an eye on prices within the optimal range found (~$9); evaluate opportunities for capitalizing on price differences as potential areas to increase profit.
    - Implement A/B testing more frequently to finely tune pricing and find the sweet spot in the optimal pricing range discovered in market data analysis.
    - Be prepared to take advantage of temporary competitive disadvantages by adjusting pricing accordingly without compromising long-term profitability, as demonstrated in Round 18.
    - Analyze competitor actions and market trends based on gathered insights to better predict future situations and refine pricing models for a more adaptable strategy.","- Employ a hybrid pricing strategy combining static price adjustments based on competitor actions with dynamic pricing elements that account for various factors (e.g., customer segments, historical data, competitive scenarios).","- A competitive disadvantage can be exploited by adjusting the price temporarily, leading to substantial profit growth (seen in Round 18).
    - Adjusting prices within the optimal range of $8.75 to $9.1 generates higher sales volume and profit; however, higher and lower prices reduce sales and profits substantially.
    - Frequent A/B testing can finely tune pricing for a more profitable sweet spot within the optimal pricing range.
    - Adaptability in the pricing strategy is essential due to fluctuating market conditions and competitor actions."
30,9.12,8.95,3.105506525822339,3.840785236592925,18.384598632868244,22.084515110409317,"1. Develop and implement a machine learning pricing model, as initially mentioned, that takes into account historical data, customer tendencies, market conditions, and competitive scenarios to optimize the balance between sales and overall profits over multiple rounds.
   2. Continuously monitor competitor’s prices and adjust my own price accordingly within the $8.75 - $9.65 range, but with a focus on understanding the underlying factors driving these price changes rather than reacting blindly to individual competitor actions.
   3. Analyze the relationship between sales quantities and profit for different price points, using this information to fine-tune the pricing model further.","- Implement more frequent A/B testing to find the ideal price point within the optimal pricing range and maximize profit.
  - Analyze competitor actions and market trends based on gathered insights to better predict future situations, adjusting our strategy accordingly.
      - Be prepared to exploit any temporary competitive disadvantages by adjusting pricing when necessary without compromising long-term profitability.","- The hybrid pricing strategy suggested earlier should be refined to incorporate more in-depth data analysis on customer tendencies and market dynamics, as well as a more systematic approach for integrating these insights into competitive analysis.
   - Exploring the potential use of segmented pricing based on various factors such as customer segments, product attributes, and historical purchasing patterns could lead to increased sales and profitability by targeting the ideal price for each individual segment.","- Lower prices within the optimal range ($8.75 to $9.1) tend to generate higher sales volume and profit compared to higher or lower prices.
- Adaptability in the pricing strategy is critical due to fluctuations in market conditions and competitor actions.
- Frequent A/B testing can enhance our ability to fine-tune pricing for optimal profitability by finding the sweet spot within the optimal pricing range."
31,9.35,9.12,2.365299142770057,3.1531580348784503,14.54658972803585,18.666695566480424,"1. Continue monitoring competitor’s prices but be more proactive and responsive to changes in market dynamics, using market intelligence and a machine learning pricing model to adjust price accordingly within the permissible range ($8.75 - $14.66).
   2. Analyze the relationship between sales quantities and profit for different price points to fine-tune the pricing model and maximize overall profits over multiple rounds.
   3. Implement segmented pricing based on customer segments, product attributes, and historical purchasing patterns to target specific market segments effectively and boost sales while maintaining high profit margins.","- Continue tracking competitor's actions and adjust prices accordingly, with an emphasis on maintaining a lower price than the competitor within the optimal range ($8.75 to $9.1).
  - Perform A/B testing more frequently to fine-tune pricing for optimal profitability.
      - Use insights gathered from market data to better understand factors influencing product demand and make necessary adjustments to the strategy.","- It is crucial to adapt quickly to changes in the market, leveraging advanced pricing strategies such as a machine learning model and segmented pricing.","- Tracking competitor's actions and keeping prices competitive within the optimal range appears essential to maximize sales volume and profit.
- Frequent A/B testing is crucial for finding the ideal price point within the optimal pricing range and achieving maximum profit."
32,9.25,8.95,2.652083282961421,3.858758407561329,16.045103861916598,22.18786084347764,"1. Continue adapting prices swiftly based on changes in the market using a machine learning pricing model to adjust price accordingly within the permissible range ($8.95 - $14.66), while also taking into account competitor’s dynamic pricing strategies.
     2. Revisit the relationship between sales quantities and profit for different price points to fine-tune the pricing model and further optimize overall profits over multiple rounds.
     3. Evaluate the performance of segmented pricing based on customer segments, product attributes, and historical purchasing patterns to effectively target specific market segments, boost sales and maintain high profit margins.","- Continue tracking competitor's actions and adjust prices accordingly within the optimal range ($8.75 to $9.1), focusing on finding the most profitable price point through more frequent A/B testing.
    - Perform extensive data analysis to understand customer behavior, market trends, and external factors that impact product demand.
        - Use insights gathered from market data and adapt pricing strategies accordingly.","- It is essential to take advantage of market intelligence through a machine learning pricing model to make rapid adjustments in prices based on changes in market dynamics.
     - Pricing that is just below the competitor’s price can significantly increase sales without sacrificing large profit margins.
     - Analyzing various pricing points and their corresponding sales quantities and profits should not simply focus on maximizing overall quantity but rather balance it with maintaining high profit margins.","- There may be a potential sweet spot within the optimal pricing range that maximizes profitability; more A/B testing is required to identify it.
    - Gathering and analyzing customer behavior data alongside market trends can help make informed adjustments to the pricing strategy."
33,13.54,8.75,0.012631046071165957,5.032427531208557,0.130605016375856,27.929972798207494,"1. Continue monitoring and closely analyzing the relationship between the pricing strategy and unit sales to maximize profits.
     2. Perform a detailed analysis to determine an ideal pricing point that provides maximum revenue while maintaining a competitive edge.
     3. Explore dynamic pricing strategies in response to changes in market dynamics, taking into consideration competitor’s prices and customer buying patterns.
     4. Conduct frequent performance reviews of various pricing strategies to ensure long-term profit maximization.","- Perform comprehensive A/B testing with a focus on price points within the optimal range ($8.75 to $9.1) to identify the most profitable sweet spot accurately.
      - Monitor competitor's actions closely, adjusting prices accordingly to remain competitive while maximizing profitability.
      - Conduct in-depth analysis of customer behavior data and market trends to create a more data-driven pricing strategy.","- It is crucial to continuously evaluate the optimal price range based on factors like the competition, economic conditions, and customer preferences.
     - Adapting prices to be just slightly below that of a competitor can lead to an increase in sales with minimal sacrifice of profit margins.
     - When deciding pricing strategies, consider the potential effects on both revenue and quantity sold, rather than focusing solely on maximizing sales or earning maximum profit at any given moment.","- It is crucial to fine-tune the price point within the optimal range to maximize profitability as small adjustments have significant effects on profits.
      - Gathering customer behavior and market trend insights can help make informed decisions regarding pricing strategies.
      - Continuously monitor competitor's actions and adapt prices swiftly to maintain a favorable position in the market."
34,8.95,8.95,3.8127508909967105,3.8127508909967105,21.923317623231082,21.923317623231082,"+++++++++++++++++++++
1. Continue closely analyzing the relationship between pricing strategy and unit sales with additional focus on determining the optimal price point that balances both quantity sold and long-term profitability.
    2. Perform a detailed analysis to understand price elasticity, particularly how sensitive the market is to minor price changes.
    3. Adjust the price in response to changes in market dynamics while taking into account competitor's prices and customer buying patterns.
    4. Continuously modify pricing strategies as necessary based on insights gathered from analyzing data and understanding the effects of various pricing tactics on unit sales and profitability.
+++++++++++++++++++++","- Perform comprehensive A/B testing to identify the optimal price point that maximizes both quantity sold and profit earned within the range of $8.75 - $9.1 while also closely monitoring competitor pricing actions.
      - Continuously analyze customer behavior data and market trends to inform pricing decisions.
      - Keep a close eye on the impact of lowering prices versus the potential loss in profit margin in order to find a balance that maximizes overall profits.","+++++++++++++++++++++
* It is crucial to continuously evaluate the optimal price range based on factors like sensitivity to price changes, competition, economic conditions, and customer preferences.
   - Identifying an ideal pricing point where the quantity sold increases significantly while still maintaining a reasonable profit margin can lead to increased overall earnings in the long run.
   - Be mindful of potential short-term losses in the pursuit of long-term profits, as occasionally lowering the price to increase sales may result in minimal or even negative effect on the profit margin if not done strategically.
+++++++++++++++++++++","- The optimal price appears to be within the price range of $8.75 - $9.1, balancing quantity sold and profit earned.
      - Increasing profit margin by reducing units sold is beneficial in certain situations; however, this must be carefully weighed against total revenue potential.
      - It's essential to maintain competitor awareness at all times, adapting pricing strategies as necessary to maximize profits while maintaining a competitive edge."
35,8.75,8.95,4.843220932505332,3.7719042548229798,26.879876175404593,21.68844946523213,"+++++++++++++++++++++
+++++++++++++++++++++
1. Continue closely analyzing the relationship between pricing strategy and unit sales with additional focus on determining the optimal price point that balances both quantity sold and long-term profitability.
    2. Perform a detailed analysis to understand price elasticity, particularly how sensitive the market is to minor price changes around competitor's prices.
    3. Adjust the price slightly lower than the competitor when the latter's prices are relatively high without compromising profit margin significantly.
    4. Continuously monitor and adjust pricing strategies based on insights gathered from comparing unit sales, profitability, and market dynamics with those of competitors.
+++++++++++++++++++++
+++++++++++++++++++++","- Continue testing a range of prices within the interval $8.75 - $9.1 using A/B testing to pinpoint the optimal price point in this range, while monitoring competitor pricing actions and their potential impact on sales.
      - Regularly track customer behavior data and market trends to inform adjustments to pricing strategies and maintain a competitive edge.
      - Perform in-depth analysis of situations where slightly reducing units sold may lead to increased profit margin, evaluating each instance carefully to ensure overall profit maximization.","+++++++++++++++++++++
+++++++++++++++++++++
* Sensitivity to price changes varies depending on the customer's willingness to pay, economic conditions, and competition. It is crucial to analyze these factors when deciding on a pricing strategy.
   - Finding a balanced approach, whereby lowering or slightly increasing the price within reasonable bounds (that are still competitive against the competitor) may lead to increased overall earnings in the long run.","- Optimal price likely falls within the range $8.75 - $9.1, balancing quantity sold and profit earned.
      - Competitor action plays a role in customer purchasing decisions, necessitating consistent pricing strategy adaptations to maintain a competitive edge.
      - Potential to increase profit margin by reducing units sold should be considered on a case-by-case basis, while accounting for total revenue potential."
36,9.0,8.95,3.590041091242774,3.8215788489153657,20.822238329208087,21.97407838126335,"1. Analyze the effect of minor price reductions (within the range of 8.75-9.35) on unit sales while still maintaining a reasonable profit margin.
     2. Perform a sensitivity analysis to determine at which point lowering prices increases overall earnings in the long run without compromising the desired profit margin.
     3. Continuously monitor and analyze market trends, such as competitor pricing movements and customer demand sensitivities. Adjust price accordingly based on these findings to maximize profitability in the long term.","- Test a series of prices within $8.75 - $9.05, maintaining a close eye on competitor actions and their potential impact on sales using A/B testing.
      - Monitor customer behavior data to refine the optimal price range in this interval.
      - Analyze instances where slightly reducing units sold may lead to increased profit margin, weighing each situation carefully while accounting for overall profit maximization.
      - Consider implementing dynamic pricing strategies that adapt to market trends and competitor actions within the identified price range.","* When competing with similar products, it may be beneficial to make slight adjustments to our pricing without straying too far from the competitor's prices. This could lead to increased sales while ensuring sufficient profit margins.
      * Continuous monitoring and analysis of market trends are essential to remain competitive in a dynamic market environment. Adjust pricing strategies based on these findings to maximize overall profits over time.","- The optimal price is likely found within a narrower range of $8.75 - $9.05 compared to previous assumptions, balancing quantity sold and profit earned.
      - Competitive landscape plays a critical role in customer purchasing decisions, necessitating ongoing pricing strategy adjustments that maintain a competitive edge.
      - Potential increases in profit margin by reducing units sold should be considered on a case-by-case basis while accounting for the total revenue potential and overall maximization of profit goals."
37,9.1,9.02,3.1918844729270277,3.5275778933361672,18.83211839026946,20.53050333921649,"1. Test prices within a range of 8.75-9.35 while closely observing the impact on sales and profit margins compared with previous rounds.
2. Evaluate the sensitivity of overall earnings to price adjustments during these tests by performing a sensitivity analysis.
3. Continuously monitor competitor pricing movements and adjust prices accordingly based on these findings, prioritizing maximizing overall profits in the long term.
4. Analyze customer demand sensitivities to our product at different prices to better understand optimal strategies for price setting and sales volume manipulation.
5. Continue analyzing market trends over time and adjust pricing strategies as necessary to remain competitive.","- Continue testing prices within $8.75 - $9.05. Keep a close eye on competitor actions and sales using A/B testing.
    - Monitor customer behavior data to refine the optimal price range.
    - Analyze each situation where slightly reducing units sold may lead to increased profit margin, carefully weighing each case while considering overall revenue potential and long-term profit maximization.
    - Consider implementing dynamic pricing strategies that adapt to market trends and competitor actions within the identified price range.","* Competitor’s pricing movements have a significant impact on the number of units sold and profits earned, highlighting the need for adaptive pricing strategies.
* Small adjustments to prices within a range of 8.75-9.35 can potentially lead to increased sales without compromising profit margins.
* Long-term competitiveness necessitates continuous analysis and adjustment of pricing strategies in response to changing market dynamics.","- The optimal price seems to be in a narrower range of $8.75 - $9.05 compared to previous assumptions, finding balance between quantity sold and profit earned.
    - Competitive landscape plays a critical role in customer purchasing decisions; necessitating ongoing pricing strategy adjustments that maintain a competitive edge.
    - Potential increases in profit margin by reducing units sold should be considered on a case-by-case basis while accounting for the total revenue potential and overall maximization of long-term profit goals."
38,9.16,9.05,2.971963034374639,3.4100354557273946,17.71289968487285,19.94870741600526,"1. Perform a detailed analysis of customer demand sensitivities at different prices to better understand the impact on both sales volumes and profits.
2. Analyze how small price adjustments around the competitor's price can affect profits in the short and long run.
3. Consider implementing an adaptive pricing strategy that takes into account real-time changes in competitor prices and market dynamics for improved profitability.
4. Continuously monitor the sensitivity of overall earnings to price adjustments by performing a sensitivity analysis.
5. Review previous insights from PLANS.txt and INSIGHTS.txt to ensure ongoing improvements in our pricing strategy.","+++++++++++++++++++++
- Test prices within $8.75 - $9.05 while carefully monitoring both customer behavior data and competitor actions, adjusting the pricing strategy as needed.
    - Explore implementing dynamic pricing strategies that adapt to market trends and competitor actions within the identified price range.
    - On a case-by-case basis, weigh potential increases in profit margin by reducing units sold while keeping overall revenue potential and long-term profit maximization goals in mind.
+++++++++++++++++++++","* The market seems sensitive to slight price changes around the competitor's price, emphasizing the importance of responsive pricing strategies.
* By monitoring both price and quantity sold we can better understand how adjustments impact sales volumes and overall profits.
* Finding the optimal balance between volume and profit may require a more in-depth analysis of customer demand sensitivity to price changes.","+++++++++++++++++++++
- Balancing the optimal price between quantity sold and profit earned is crucial for profit maximization within a narrower range of $8.75 - $9.05.
    - Influence of competitive landscape calls for continuous adjustments in pricing strategies to maintain a competitive edge without compromising long-term profit maximization.
    - A dynamic approach to pricing can help optimize profitability by staying responsive to market trends and competitor actions within the price range identified.
+++++++++++++++++++++"
39,9.16,8.95,2.9585300963424475,3.8466112116327134,17.632839374200987,22.1180144668881,"6. Implement a dynamic pricing strategy that adjusts prices in real-time based on the competitor's price and market dynamics.
   7. Continuously monitor the ideal ratio between quantity sold and profit earned to optimize both volume and profit in the long run.
   8. Analyze customer demand data to understand the price level at which demand may start decreasing significantly.","- Continuously test prices in the $8.75 - $9.05 range, carefully monitoring customer behavior data and competitor actions, adjusting pricing strategy as needed.
        - Implement dynamic pricing strategies that adapt to market trends and competitor changes within the price cap identified.
        - Periodically reassess pricing decisions based on long-term profit maximization goals, even if short-term revenue potential decreases.
        - Explore options for a tiered pricing or bundle deals when appropriate to boost overall revenue.","- Finding a balance between profits and sales volumes is crucial for sustainable growth and maximizing overall profitability in this market.
   - A responsive pricing strategy can help optimize profits by taking advantage of customer demand sensitivity to price changes.","- The optimal price sweet spot lies around $8.95 where profitability and quantity sold are balanced. However, a narrower price range of approximately $8.75 - $9.05 appears to be even more profitable overall with consistent results.
        - It is essential to remain responsive to market trends and competitor actions in order to maintain a competitive edge while optimizing profitability within the identified price range.
        - Long-term strategies for revenue maximization should not undermine short-term profit goals, even if it means sacrificing immediate unit sales.
        - The potential benefits of tiered pricing or bundle deals should be explored when deemed appropriate to boost overall revenue while optimizing profitability within the target price range."
40,9.05,8.95,3.379883067090626,3.82990926902051,19.772315942480162,22.02197829686793,"- Analyze historical price data to determine an optimal price range that maximizes profitability while ensuring sustainable customer demand.
    - Test pricing strategies using a range of price points within the determined optimal range, continuously monitoring the ideal ratio between quantity sold and profit earned to optimize both volume and profit in the long run.
    - Regularly adjust prices based on market dynamics, customer demand sensitivity data, and competitor's price changes to maintain an advantageous pricing position.","- Regularly monitor customer behavior data, competitor actions, and market trends to update pricing strategy as needed, using a more flexible and responsive dynamic pricing approach. Adjust prices within the roughly $8.75 - $9.05 range based on these factors.
        - Periodically reassess pricing decisions based on long-term profit maximization goals while considering short-term impact on profitability.","- A careful balance between maintaining a competitive edge while maximizing profits is essential in this market.
    - Analyzing historical price data can help determine optimal price points that will attract customers, maximize sales volume, and sustain profitability in the long run.","- In order to remain competitive, it is crucial to adapt pricing strategies to market trends and competitor changes within the optimal price range identified ($8.75 - $9.05).
        - It may be beneficial to explore options for implementing a dynamic pricing approach that responds to both competitor actions and overall market conditions, allowing adjustments to the pricing strategy in real time.
        - Long-term strategies for revenue maximization should not undermine short-term profit goals, even if it means sacrificing immediate unit sales."
41,9.1,8.75,3.1473150459418937,4.874656902501875,18.56915877105717,27.054345808885405,"- Test specific price points within the determined optimal price range (around $8.95 - $9.35) to further refine the ideal balance between sales volume and profit in the long run. Continuously monitor market dynamics, customer demand sensitivity data, and competitor's pricing, adjusting our strategy as necessary to maintain a favorable position.
- Develop a system for continuously analyzing market conditions and sales data from multiple rounds to identify patterns or trends that may help inform future pricing strategies.
- Establish a procedure to test the effectiveness of various price changes over time, tracking both customer demand and profit margins at each adjusted price point.","- Implement a real-time dynamic pricing approach that factors in not only competitor actions but also market trends and changes in customer behavior. This strategy will allow for more frequent price adjustments to stay competitive and maximize profit.
   - Schedule regular, systematic analysis of customer and market data along with performance metrics (like profit margin) to ensure continuous improvement and adaptability.","- Maintaining a careful balance between a competitive edge and maximizing profits is crucial in this market.
    - Analyzing historical pricing data can help determine optimal prices that will attract customers, maximize sales volume, and sustain profitability in the long run.
    - Taking into account competitor's pricing strategies while making our own pricing decisions is extremely important in shaping an effective long-term strategy.","- A dynamic pricing approach can help maintain competitiveness in a rapidly changing market, as it allows for quick adjustments based on external conditions that impact demand and cost.
   - Continuously analyzing customer and market data is crucial for understanding price elasticity and reacting appropriately to changes in price sensitivity."
42,9.2,9.1,2.8369920743474277,3.214733180409634,17.021952446084565,18.96692576441684,"- Test incremental price points at $9.20, observing their impact on both quantity sold and profit earned while further refining ideal pricing range within the existing competitive environment.
   - Analyze trends in customer demand sensitivity data to identify correlations between price sensitivity and sales volume, further informing future pricing decisions.
   - Evaluate more frequent adjustments of the product price as market dynamics fluctuate and competitor pricing strategies change.","- Continue to monitor market trends and customer behavior while maintaining a competitive price point that is above or equal to competitors, but not so high as to discourage customers from purchasing (within $14.66 limit). Adjust pricing in response to competitor actions and changes in demand.
     - Explore ways of bundling with related products, potential discounts for multiple purchases or membership programs to foster customer loyalty and increase average purchase size.
     - Assess profit margin at different price points and adjust strategy accordingly to maximize long-term profits.","- Adjusting prices incrementally enables us to strike a favorable balance between volume and profit. This will not only capitalize on fluctuations in consumer demand but also ensure we remain competitive within the marketplace while maintaining our desired profitability.
   - Continuous monitoring of both competitor and personal pricing strategies, as well as sales data from multiple rounds, aids in creating effective long-term pricing plans that maximize profits.","- Having a competitive, yet not overly aggressive pricing strategy appears crucial for maintaining market presence and attracting customers while securing reasonable profits.
     - Careful analysis of customer behavior and price elasticity will help determine the ideal price point that balances profitability with demand.
     - Expanding product offerings through bundling or other promotions may provide additional means to boost average purchase size, increase customer loyalty, and further enhance overall profit margins."
43,9.85,9.56,1.297627129633749,1.864582768989526,8.629220412064429,11.858746410773387,"+ Monitor competitor's price movements on a regular basis (e.g., monthly or biweekly) and adjust price accordingly, always striving to maintain an optimal balance between volume sold and profitability.
   + Test price points based on competitor pricing and previous results while keeping in mind the impact on both quantity sold and profit earned within our existing competitive environment.
   + Evaluate correlations between demand sensitivity data and sales volumes over time for further insights into how price adjustments affect market response.","- Further analyze historical data and customer feedback to uncover optimal pricing strategies at different price points.
     - Test a slight upward adjustment to the price while continuously monitoring competitor actions, customer response, and profit margins.
     - Consider introducing tiered pricing or loyalty programs aimed at increasing average purchase size and fostering customer retention.
   - Implement a systematic approach to pricing by setting up an automated price modeling system that takes into account various factors like production costs, market demands, competitor actions, and potential revenue.","+ Competitor pricing strategies play a critical role in shaping the market and must be closely monitored to maintain attractiveness both within the price range and in terms of offering competitive value.
   + Balancing volume and profit is crucial when adjusting prices, as too much focus on either could harm long-term financial goals. It is important to find an equilibrium that maximizes overall profit given constrained production capabilities or other factors.
   + The impact of price adjustments on sales volumes and profitability tends to be cumulative over time; making informed decisions based on both short-term and long-term market data is essential for sustained success.","- A delicate balance between competition, profitability, and customer demand is critical in determining the ideal pricing strategy.
     - A price range of $9 - $10 appears to be a reasonable sweet spot that encourages sales while still generating enough profit.
     - Bundling products or offering discounts for multiple purchases may help boost customer loyalty, increase average purchase size, and drive overall profit margins higher."
44,8.75,9.21,4.894446219134943,2.754128717621026,27.164176516198935,16.55231359290237,"1. Monitor competitor's price movements and adjust our own prices accordingly;
   2. Analyze the impact of short-term price adjustments on both sales volumes and profitability, taking into account long-term trends;
   3. Collaborate with data analytics teams to employ statistical methods for identifying patterns in market behavior.","- Continuously analyze market trends and customer feedback to adapt pricing strategies accordingly.
     - Implement a slight upward adjustment to the price while keeping an eye on competition, sales volume, and profit margins.
     - Develop a pricing strategy that encourages cross-selling or upselling to increase average purchase size per customer.
   - Invest in a systematic approach to pricing by creating an automated pricing model system that considers factors like market demands, competitor actions, and potential revenue.","1. Lowering the price slightly can increase quantity sold with a decreased impact on profitability; but, maintaining awareness of when this strategy may lead to increased profits overall (e.g., outlier rounds);
   2. The cumulative effect of repeated price adjustments on both sales volumes and profitability appears significant over the long term (e.g., consecutive rounds showing either negative or positive trends);
   3. It is important to understand the underlying market conditions that make price adjustment strategies effective or ineffective, as some patterns may suggest temporary market trends (e.g., outlier rounds).","- A tiered pricing strategy could encourage sales while boosting profit margins due to larger purchase sizes per customer.
     - Monitor the effectiveness of various pricing tiers and adjust as needed based on market feedback and sales data.
     - Leverage market trends and competitor pricing to optimize pricing strategies for maximum profitability."
45,9.0,9.0,3.598372682664919,3.598372682664919,20.87056155945653,20.87056155945653,"1. Test pricing strategy by systematically lowering the price until it reaches a level that maximizes long-term profitability, while monitoring competitor's price movements and adjusting prices accordingly;
    2. Analyze the impact of repeated short-term price adjustments on both sales volumes and profit margins, taking into account the findings from data analytics collaborations;
    3. Investigate potential factors contributing to outlier rounds where lowering the price results in increased profits, and seek ways to replicate this strategy when appropriate.","- Test out a price point around the proven success of $9.0 to see improvements in both quantity sold and profit margins.
    - Analyze competitive prices for adjustments if necessary.
      - Monitor customer response and feedback to refine pricing strategy further.
    - Explore introducing tiered pricing strategies with higher-priced options as a potential incentive for loyal customers or differentiated product offerings.","- Competitor-aware pricing may help increase sales, but at the cost of reduced profit margins;
  - There is a sweet spot in pricing around $9.00-$9.50 that consistently generates profits and appears less susceptible to competition;
  - Outlier instances exist where lowering the price leads to increased profits, but these instances seem driven by temporary market trends;
  - Collaboration with data analytics teams may help uncover patterns in market behavior to inform pricing decisions.","- Lower prices might be attractive but do not guarantee adequate sales volume.
- Competitor pricing significantly affects buying decisions in this market.
- A price between $8.5 and $11.0 may resonate with customers while providing an opportunity to compete with existing competitors."
46,9.0,8.9,3.581214448353298,4.058047612252108,20.771043800449128,23.130871389837015,"1. Continue to target pricing around $9.00 as this has proved profitable in previous rounds when the competitor's price is similar.
       a. Monitor and adjust slightly up or down based on market fluctuations and competitor strategy.
    2. Investigate potential opportunities for bundle pricing or unique value propositions that can differentiate our product within the competitive landscape.
       a. This could help maintain profits while staying competitive with lower prices in certain circumstances.","- Test out a slightly reduced price point with a target of $8.9 around the proven success of $9.0 to see improvements in both quantity sold and profit margins. Monitor the impact of this change on sales volume and revenue.
    - Analyze potential adjustments to tiered pricing strategies for higher-priced options as an incentive for loyal customers or differentiated product offerings. Keep a watchful eye on how these changes affect overall profitability.
      - Continuously monitor the competition and adapt our pricing strategy to maintain a competitive edge while maximizing profit potential.","* Pricing between $8.6 and $9.0 is not sustainable in the long term due to reduced profit margins and market competition.
    * Consumers are more likely to purchase when our price is competitive with the competitor's, but there should be a balance of profitability and competitive positioning.","- Lower prices seem to result in a higher quantity sold with mixed results in terms of profit margins.
- A price around $9.0 has proven some success but could be refined further for improvements.
- Introducing tiered pricing strategies and adjusting based on customer response may be effective in boosting sales volume while maintaining profitability."
47,8.75,9.2,4.8927512392435935,2.7878056218019434,27.154769377801944,16.72683373081166,"Analyze historical pricing data more closely to determine if the observed trends represent an actual price-quantity relationship. Test small price decreases (down to $8.60) and observe their impact on quantity sold while ensuring profitability remains acceptable. Additionally, consider implementing dynamic pricing strategies that make adjustments based on time or competitor actions.","Investigate the impact of slight variations around the current optimal pricing range ($8.75 - $9.35) to optimize profits and minimize loss due to reduced sales at higher price points, while keeping an eye on the competitor's pricing strategy.","Price elasticity appears to be moderate in this market; a slight decrease in price can lead to more significant increases in demand. However, there is a need for further research into the effects of pricing strategies not only at specific points but also on an ongoing basis.",Reducing the price beyond $8.75 can lead to increased sales but decreasing profit margin; prices above $9.35 will have limited market appeal given the competitor's price ceiling at $11 and customer preference.
48,9.5,8.95,1.9542152475002,3.8864210863326862,12.31155605925126,22.346921246412943,"Maintain prices within 9.0 – 11.0 range, adjust price according to competitor's pricing strategy to maximize profits.",Analyze various price points close to the identified profitable ranges and identify potential optimal variations that would maximize profit margins while staying competitive with our rival. This analysis should also account for consumer demand and market fluctuations as well.,Optimal pricing seems to be between $9.0 and $11.0; this needs continuous monitoring of competitor's pricing strategies for profit optimization. It is essential to remain adaptive within the constraints of maximum selling price ($14.66).,"The competitive landscape, including the competitor's ceiling near $10, impacts our pricing decisions. Consumer demand at different price points should also factor into our strategy to maximize profitability while remaining attractive to customers."
49,9.25,8.9,2.6454994671784022,4.0974297297863655,16.005271776429332,23.355349459782285,Maintain competitively priced products while considering the profit margin. Explore dynamic pricing strategies when needed for increased flexibility in response to market conditions.,"Analyze market trends and potential competition changes. Continuously monitor pricing strategies of competing brands to minimize price disparities. Experiment with price points slightly above $8.75, aiming for the profitable range of $9 while minimizing differences with competitor's pricing.","In general, prices between 8.75 and 9.5 yield good results. However, some trial-and-error pricing may be necessary to optimize sales and profits. Pay close attention to competitor pricing, as it can significantly influence sales volumes.","Adjusting price within a narrow range around $8.75 can maximize profits without sacrificing sales volume. Prices too high or too close to competitors' prices have diminishing returns in terms of profitability and sales, respectively."
50,9.5,8.95,1.9542152475002,3.8864210863326862,12.31155605925126,22.346921246412943,"- Implement a data-driven approach to price adjustments
   - Test dynamic pricing strategies to respond to market changes
   - Monitor competitor pricing and adjust accordingly","Keep monitoring the competitor's pricing strategy and adjust accordingly. Strive to maintain a price around 8.95 - 9.05, with some flexibility to adjust up or down based on the competition and perceived demand.","- Fixed higher prices do not always result in increased sales
   - Observed 'sweet spot' for competitive positioning
   - Dynamic pricing strategies may optimize profits and sales","Price elasticity is important; lower prices can attract more customers but reduce profit margins, while higher prices lead to less customer volume but potentially greater profits. Maintaining a balance between the two is crucial in maximizing overall sales and revenue."
51,9.5,9.0,1.9588276274219443,3.6595717962375987,12.340614052758248,21.22551641817807,"- Implement a pricing strategy that adjusts prices based on competitor’s actions and market response to find an optimal price point.
   - Conduct regular market analysis to understand the competitive landscape and consumer preferences.","- Monitor competitive pricing closely to adjust our own price accordingly
   - Continuously analyze the relationship between price and quantity sold to make informed decisions
   - Implement customer feedback and market trends in our pricing strategy","- Prices that are significantly higher than the competition may lead to limited sales despite a reasonable profit margin.
   - Finding a balance between profit and sales is crucial in maintaining financial health while ensuring steady market penetration.","- Pricing too high may deter potential customers, while pricing too low may underestimate the value of our product
   - It is essential to understand market demand and adjust price accordingly to maximize profits and maintain a reasonable sales volume
   - Keeping a close eye on both competitors' prices and customer sentiment will help us make informed decisions"
52,9.25,9.0,2.658298127544428,3.6334627396789845,16.08270367164379,21.07408389013811,"Continue observing the competition's pricing strategy and adjust our own prices accordingly, focusing on the 8.75 - 9.50 price range. Implement a dynamic pricing model that takes into account changes in demand and competitors' actions.","Continue monitoring competitor pricing strategies closely and adapt pricing accordingly, adjusting both minimum and maximum prices based on sales volume and individual profit analysis. Implement a price elasticity study to better understand the customer's purchasing behavior.","Keep monitoring market trends and competitor strategies to stay competitive price-wise. The relationship between price and quantity sold suggests an optimum pricing strategy exists, but may shift over time due to market fluctuations.","Prices should be set dynamically according to competitor strategies while considering potential impact on profit margins and overall sales volume. Lowering prices will generate more sales but with smaller profit margins, whereas higher prices will result in lower sales volume but larger profit margins per sale."
53,8.95,9.2,3.8521694767477683,2.818307394539874,22.149974491299666,16.90984436723924,"Maintain a close watch on competitor's pricing strategy to adjust ours accordingly, while targeting a slight decrease in our own prices when it benefits sales. We should also consider occasional increases in price when we have a monopoly in the market, like Rounds 1 and 7.",Continue adjusting prices based on market trends and competitor's pricing strategy. Monitor total revenue generated by each price point to determine a balanced pricing strategy that generates the maximum profit without limiting sales momentum.,Competitor's aggressive pricing strategy has an impact on our sales but can be mitigated with astute observation and strategic adjustments of our own price point. Balancing competitiveness and profitability is crucial for improved sales performance.,"Develop a more robust pricing algorithm to predict the optimal price point considering factors such as market trends, competitor's pricing, and seasonality. Leverage machine learning techniques to enhance the accuracy of the predictions over time."
54,8.75,9.5,4.935780221502849,1.9328793067805734,27.393580229340813,12.177139632717612,"- Implement market research to gather insights on the preferred pricing range and quality expectations of potential customers.
      - Develop a marketing strategy that highlights the affordability aspect while emphasizing product quality.
      - Explore partnerships with complementary brands or retailers that could offer shared customer bases and increased visibility in the market.","In light of the observations, I recommend adjusting our pricing strategy. We need to find a competitive price point where we can remain profitable, but also attract more customers by offering a slightly lower price compared to the competition in most instances.","- The competitive landscape shows customers are price-sensitive when making purchasing decisions, suggesting a need to find a balance between quality and affordability.
      - Higher prices do not necessarily result in increased sales, underscoring the importance of value perception among consumers.",Our pricing strategy seems to have an impact on sales volume. Keep monitoring competitor prices and adjust our own accordingly while focusing on maintaining profitability. It's essential to find a sweet spot where sales can grow without compromising overall profits. Finding a more competitive price point can help us gain a larger market share in the long run.
55,8.75,9.0,4.854314406255891,3.5514922874376476,26.941444954720193,20.598655267138355,"Maintain a competitive pricing strategy, with prices set around 8.75 - 8.95. However, carefully monitor competitor pricing trends and adapt if they indicate a shift in strategy. Consider offering discounts or sales promotions during perceived lull periods (rounds 6-18 and again around round 23).","- Strategize pricing to remain competitive with the current trends, while maintaining an advantageous position over the competitor.
   - Continuously monitor market dynamics and adjust pricing based on customer behavior, competitor actions, and overall market conditions.
   - Offer promotions or discounts to attract new customers during periods of increased competition or when our sales volume is declining.","Competitors' strategies revolve around mixing high and low pricing with short-term price drops, likely to drive impulse purchases and gauge market reactions. Our product performs best when priced competitively yet higher than the minimum competitive prices. Discounts or promotions may help bolster sales during perceived downturn periods in competitor behavior.","- Lower prices generally lead to greater sales volumes, but there can be exceptions where slightly higher prices still maintain a customer base (e.g., Rounds 4 & 5).
   - The competitor's pricing strategies can impact sales volume, with consistent increases in price potentially leading to a loss of customers over time. However, the competitor has shown resilience and adaptability on some occasions (e.g., Round 18).
   - Monitoring market dynamics and adjusting pricing based on customer behavior is essential for maintaining competitive advantage and market share."
56,8.0,9.0,11.526632249047719,3.302435430995532,55.32783479542905,19.154125499774086,Adjust pricing strategy to match or slightly dip below the competitor's price range in order to increase sales volume while sustaining a profit margin. Explore potential promotions and bundling options to attract more customers. Monitor customer feedback on our higher perceived value to justify premium pricing when necessary.,Revise and optimize pricing strategy to ensure consistency and better competitiveness. Explore different pricing models such as dynamic pricing or tiered pricing based on customer segments.,"There is room for improvement in sales volume compared to the competitor, suggesting that our current pricing is not appealing enough or the perceived value is not aligning with our price point. This indicates a need for re-evaluating pricing strategy and marketing efforts to appeal to a wider audience and increase customer acquisition.","The competitor's tendency to lower their price does not necessarily translate into increased sales, suggesting that building brand value may be more crucial in attracting customers than offering the lowest prices. Additionally, it appears that our business needs a more adaptive and strategic approach to pricing changes in response to the competitor's actions."
57,9.0,8.95,3.590041091242774,3.8215788489153657,20.822238329208087,21.97407838126335,"Moving forward, I would recommend testing a pricing strategy closer to the $8.75-$9.00 range as it seems to encourage sales while still maintaining an acceptable profit margin.","Strive to maintain price competitive but not too low. Aim for prices within 8.75 to 9.0 range, adjusting slightly based on the competitor's pricing strategy.","The given data shows that customers are more likely to buy this item when priced in a specific range (around $8.75 - $9.25), despite its perceived lower quality at higher prices. This suggests that we need to be aware of customer price sensitivity and adjust our pricing strategy accordingly to boost sales.",Keep a close watch on the competitor's pricing strategies as drastic changes can impact sales significantly. Leverage this information to seize potential opportunities and prevent revenue loss. It may also be beneficial to analyze the impact of price elasticity on our product and adjust strategies accordingly.
58,9.35,8.95,2.347771596288178,3.8708209695459144,14.438795317172294,22.257220574889004,Tweak our pricing strategy by targeting a moderate increase and maintaining a competitive edge while providing superior customer service to improve customer satisfaction and repeat business.,"- Continue monitoring competitor's pricing strategies and react accordingly if necessary.
    - Maintain a competitive price range (~8.75 - 9.2). Consider occasional slight adjustments to maintain or potentially increase market share.
    - Explore potential partnership or collaboration opportunities with competitor to jointly leverage resources, knowledge, and expertise for growth.","Fluctuating prices have mixed outcomes; higher prices lead to lower quantity sold, while lower prices tend to attract more customers but may not guarantee higher profits. Increasing profit requires finding the right balance between price, quality, and customer satisfaction.","- Competitor appears to be price-sensitive, primarily aiming to undercut our product pricing but with some instances of pricing at a premium.
    - The competitor's strategic use of premium pricing does not substantially affect our sales in those specific rounds, but it remains crucial to continue monitoring this strategy.
    - There might be an opportunity for cooperation and mutual benefits by engaging in a partnership or collaboration with the competitor."
59,8.75,9.0,4.854314406255891,3.5514922874376476,26.941444954720193,20.598655267138355,"- Maintain a competitive pricing strategy by adjusting prices as needed based on the competitor's price and market dynamics
- Look for opportunities to capitalize on price differences between myself and my competitor, but avoid making unsustainable price cuts that could impact profitability
- Continuously monitor the pricing of other competitors within the market to detect any changes in strategy or potential threats to my market position","- Analyze production costs and identify potential areas for cost reduction without compromising quality.
   - Develop a marketing strategy emphasizing quality, unique features, and competitive pricing to distinguish ourselves from the competitor.
   - Launch targeted advertising campaigns to attract potential customers who value quality but are deterred by our higher initial price point.","- Lower prices can drive more sales and initially lead to increased revenue, but may also hurt profit margins over time (e.g., Rounds 1-3)
- Higher prices can maximize profitability when the competitor is significantly more expensive (e.g., Round 1), but may result in lost opportunities for potential sales when price differences are minimal (e.g., Round 20)
- Maintaining a balanced and flexible pricing strategy that adapts to market conditions and competitor actions is crucial for long-term success in this market","- The price decrease has led to increased sales in Rounds 4-12 without a significant loss in profit margin.
   - Despite the competitor's premium image, we have shown that competitive pricing can attract more customers while maintaining profits.
   - Carefully monitor the competitor's market positioning and adjust our strategy accordingly to ensure long-term success."
60,8.75,8.95,4.843220932505332,3.7719042548229798,26.879876175404593,21.68844946523213,"We should continue to monitor the competitor's pricing strategy and make adjustments accordingly. If our prices are consistently higher than the competitor but we continue to sell at a similar rate, it may be beneficial to lower our prices slightly. However, it is also important to consider any potential negative impact on profit margins. Additionally, ensuring product quality and brand image remain strong can help us maintain and grow our customer base even in competitive situations.","Maintain a competitive price, but avoid a price war unless it is necessary to gain market share. Monitor competitor's pricing changes and adjust our strategy accordingly to maximize profit and maintain profitable volumes sold.","- Pricing is a crucial factor in competitiveness but may not be the only determinant of sales quantity (product quality, brand image, etc.).
- It's advantageous to have more data regarding the customer buying patterns and their sensitivity to price changes.
- Regular review and adjustment of pricing strategy based on competitors' moves are essential in maintaining or improving market position.","Aggressive pricing strategies such as lowering prices significantly may attract customers, but they can also lead to a price war that negatively impacts profits in the long run. Monitor competitor's marketing activities alongside their pricing decisions to holistically evaluate their strategy and identify potential opportunities."
61,8.95,8.95,3.8127508909967105,3.8127508909967105,21.923317623231082,21.923317623231082,"1. Analyze competitive pricing strategies and adjust pricing accordingly while maintaining profitability.
   2. Investigate potential incentives or promotions to attract more customers.
   3. Monitor market demand and respond with price adjustments when necessary.
   4. Continuously analyze sales data to make informed pricing decisions.","- Monitor competitor pricing strategies closely
   - Adjust pricing based on competitive landscape, but ensure profitability remains stable
   - Implement sales promotions during periods of high competition to attract customers","- The highest profit occurred when the product was priced at $22.15, but this resulted in low quantity sold.
   - Lowering the price point below $10 results in increased quantity sold and a noticeable increase in profit compared to higher pricing tiers.
   - Price war with the competitor may not be beneficial as they offer significantly lower prices in some instances.","- Increasing price beyond a certain point (~$9) reduces demand and overall profit
   - Lower priced items may experience increased demand, but thinner profit margins
   - It's essential to understand the relationship between price, demand, and competition when making pricing decisions"
62,8.95,9.0,3.8215788489153657,3.590041091242774,21.97407838126335,20.822238329208087,"Identify a price range where we can remain competitive while maximizing profitability. Consider lowering the price during promotional periods or when necessary to drive volume, but ensure that we are not sacrificing our margin.","- Adapt pricing strategy based on market competition. Consider adjusting prices slightly lower than the competitor to attract more customers, while maintaining quality to justify the price.
   - Monitor sales data closely and adjust pricing accordingly. A lower price might lead to an increase in quantity sold but could impact overall profit margins if the product's quality is not compromised.","Lower prices may increase sales volume, but it could impact profit margins significantly if not managed carefully. Keep a close eye on competitors' pricing strategies and adjust responses accordingly. Further study may be required to better understand the relationship between price, quantity sold, and overall profitability in this specific market scenario.","- Competitors constantly changing their prices suggests a dynamic market with frequent adjustments necessary to stay competitive.
   - The seller's lower price has led to an increase in quantity sold, indicating that attracting customers through pricing could be effective. However, careful monitoring of overall profits is crucial as lower prices may impact profitability.
   - Maintaining a consistent quality of the product is essential when changing pricing strategies to justify new prices to customers and avoid potential damage to the brand image."
63,8.95,9.5,3.8864210863326862,1.9542152475002,22.346921246412943,12.31155605925126,"To maximize revenue while keeping our prices competitive, it's important to analyze our profit per quantity sold at different price points and make adjustments accordingly. Regular monitoring of the competitor's pricing strategies will be crucial in order to remain flexible and responsive to market changes.","- Regularly monitor the competitor's pricing strategy and adjust ours accordingly to maintain advantageous positions in the market.
   - Develop a pricing model taking into account various factors such as cost, market demand, and overall business goals.
   - Keep an eye on consumer trends and preferences to optimize our pricing strategy.","Consumers seem to prefer lower prices, but a significant increase can lead to decreased sales. Maintaining an attractive price while ensuring profitability requires careful observation of consumer behavior and pricing dynamics. Adopting competitive pricing strategies might help us edge out the competition and maximize market share.","- Our product has a higher perceived value at certain price points which can translate into increased sales.
   - Aggressive competitor pricing strategies may lead to temporary market share decrease but could encourage short-term demand and eventually help us learn from their approach.
   - There is potential for a pricing strategy that appeals more strongly to consumers looking for both value and exclusivity in our product."
64,8.9,8.75,4.00542729904412,4.831467569963594,22.830935604551485,26.814645013297945,"- Maintain a competitive price with the competitor, ensuring our price does not exceed theirs by more than 20%.
   - Analyze the relationship between price and quantity sold to gain insights into customer demand.","- Monitor and research competitor pricing strategies.
   - Maintain an adaptive pricing model to accommodate changes in the market.
   - Implement dynamic pricing adjustments based on sales performance and trends.","- Customers seem to be sensitive to high prices as the lowest number of units sold was when the product's price was 9.95. However, it is also clear that they are willing to buy if the price is more competitive (e.g., 8.75, 8.95).
   - When our price approaches the competitor's lower price points, we tend to sell more units than at higher price points. This suggests a price-sensitive market.","- Higher competition prices lead to increased sales (e.g., Rounds 3, 4, 5).
   - Lower company prices result in higher sales volume but lower profit per sale (e.g., Rounds 13, 17, 21-23).
   - Competitor pricing significantly impacts market share and potential profits."
65,8.5,9.0,6.518974682161109,3.4893557008526854,34.55056581545388,20.238263064945574,"- Lower the initial price to make our product more competitive and appealing to potential customers
   - Monitor competitor pricing changes and adjust accordingly to remain competitive but avoid undercutting ourselves
   - Consider offering occasional price promotions to stimulate sales when quantities are low","- Maintain a moderate product pricing strategy
   - Continuously monitor market conditions and adjust prices accordingly, focusing on competitiveness with Competitor B
   - Invest in marketing efforts to increase brand awareness and appeal to consumers seeking competitive pricing","- Pricing plays a crucial role in sales and customer appeal
   - Being aware of and adapting to competitor pricing strategies can help maintain market competitiveness
   - Periodic price changes, such as promotions, may aid in stimulating sales when quantities are low","- Lower product price points may negatively impact perceived value or profitability
   - Pricing strategy plays a crucial role in sales volume and competitiveness
   - Marketing efforts can help capture more market share when the pricing strategy is competitive with other similar products"
66,9.0,9.0,3.598372682664919,3.598372682664919,20.87056155945653,20.87056155945653,"In this pricing environment, it is crucial to be cost-efficient while keeping an eye on potential competitors' price adjustments. Monitor industry trends and consumer sentiment to determine at which point the product becomes less competitive or too expensive, and be prepared to adapt prices accordingly without losing market share.","Continue adjusting the price based on competitor action, aiming for a slight advantage over them. Consider experimenting with increasing the price gradually as it proves profitable in some rounds.","- Competitors vary in their pricing strategies, with most setting their prices between 8.5 and 9.2.
- Offering a significantly higher price than competitors may not drive sales while also limiting the profit per unit.
- Pricing below 8.0 might put undue pressure on profits and potentially hurt the company's brand image.
- Consumer preferences seem to be leaning towards cost-effective options without compromising quality, so finding that sweet spot between affordability and profitability will be key.","- Pricing strategy can influence both profitability and sales volume (quantity)
- Keeping the price at or above the competitor's may result in higher volumes of sales when competitive pricing attracts more customers
- It is essential to adapt quickly to changes in the market such as competitor actions, new entrants, or changing consumer preferences
- Slightly raising the price can lead to increased profitability, provided that the quantity sold remains consistent or increases"
67,8.75,9.0,4.854314406255891,3.5514922874376476,26.941444954720193,20.598655267138355,"- Consider pricing strategies that aim to increase our sales volume while maintaining a profit margin above a certain threshold.
   - Analyze the effect of various competitors' prices on our sales and adjust our own accordingly.","Consider implementing dynamic pricing strategies to better compete with the competitor. Offer occasional discounts and sales promotions to attract more customers, but avoid dropping the prices too low as it may diminish brand value. Continue monitoring sales data to gauge customer response to different prices.","- Lowering our price can lead to increased sales volume, but we must ensure it still results in acceptable profit margins.
   - Timing is key when it comes to pricing. Adjusting our price based on the competitor's moves can yield better results.","Competitors are using dynamic pricing strategies, which can be effective if executed correctly. However, this approach may dilute brand value and confuse customers over time. Sales data suggests that there is some price sensitivity in the market with prices above 10.0 potentially affecting sales volumes."
68,8.95,8.85,3.793492774145534,4.298590468743194,21.812583451336817,24.287036148399046,Consider decreasing the price of our product to better align with the market's preference while taking into account the cost of production and desired profit margin. Continue monitoring the competitor's pricing strategy to adjust accordingly and capitalize on any opportunities.,"To maximize sales and maintain reasonable profit margins, consider adopting a strategy that includes setting competitive prices that balance affordability and perceived value. Additionally, monitor customer behavior in response to price changes to identify potential opportunities for further optimization.","There is a strong preference in the market for our product over the competitor at slightly lower price points, even when the competitor lowers their own price. Capitalizing on this trend may lead to increased sales at an appropriate profit margin. It's important to keep monitoring pricing strategy as the competition may change course in response to our actions.","In the short term, it may be advantageous to lower the base price to increase sales like we have seen during pricing rounds with lower prices compared to the competitor (e.g., Rounds 8). Over the long term, understanding customer needs and preferences will help in setting an optimal price that generates healthy profit margins while remaining attractive to potential customers (e.g., Round 18 had both a higher price and high sales volume, but also resulted in lower profits compared to other rounds with similarly low prices.)"
69,8.75,9.12,4.8784478216286065,3.0719947304384156,27.075385410038766,18.186208804195417,Adopt a more competitive pricing strategy by lowering prices closer to the market mean while maintaining a differentiated quality image. Improve marketing efforts to emphasize this competitive advantage. Explore differentiating the product by offering limited edition or exclusive varieties based on consumer feedback and preferences.,"In future pricing rounds, we should continue monitoring the competitor's price changes and strive to maintain a competitive edge by adjusting our prices accordingly while keeping an eye on profit margins to ensure sustainability and growth. We may need to explore ways to reduce manufacturing costs or increase efficiency to enable us to lower our prices if necessary without diminishing profitability.","Price elasticity suggests that demand for this product will increase as it approaches lower price points, but a price too close to the competitor's lowest point risks diluting our perceived value and quality image. Continuously monitoring competitor pricing and assessing our own cost structure is key to maintaining profitability while maximizing sales volume.","By maintaining a competitive price, we attract more customers and experience higher sales volume. Adjusting our pricing strategy based on the competitor's movements allows us to stay relevant in the market. It is essential to find the right balance between maintaining a reasonable profit margin while keeping our product affordable for customers."
70,9.0,9.2,3.627243993101341,2.824900462218379,21.03801515998778,16.949402773310272,"It is important to monitor the competitive landscape and adjust pricing strategies accordingly. Given that the market appears to favor moderate prices and increases in quantity sold, consider implementing dynamic pricing that keeps the price just below the competitor's while maximizing profits.","To optimize prices and increase sales, it may make sense to initially set a slightly higher price to compensate for the production costs and gradually lower it over time based on market response. Analyzing rounds 8 and 9 in which a price of $9.2 managed to attract some customers could be a starting point in setting an initial price. It would also be helpful to consider the potential impact of seasonality and demand fluctuations on pricing.","The influence of competition and pricing sensitivity from customers is evident in this market. By keeping a close watch on the competitor's prices and observing the effects on sales, we can make informed decisions to effectively compete and grow market share.","There seems to be a strong relationship between the competitor's pricing strategy and our sales volume; however, the relationship is not always straightforward, as seen in rounds 16 and 20. Additionally, it appears that setting a lower price can help attract customers but might not necessarily guarantee a sale (e.g., round 18: despite a significantly lower price than the competitor, only 5.03 units were sold). These insights suggest that focusing on price alone is insufficient and that marketing strategies, supply chain efficiency, product quality, customer service, and other factors may also need to be considered simultaneously."
71,8.0,9.0,11.526632249047719,3.302435430995532,55.32783479542905,19.154125499774086,Adjust pricing based on market competition and customer preferences while maintaining profitability.,"Adapt pricing strategy based on competitor's actions, focusing on undercutting when their prices are high and adjusting prices upward when they are low to maintain profitability.","Competitors often fluctuate prices to maximize sales, focusing on both price and customer appeal is essential. Initial prices should be less aggressive, but the ability to differentiate products may justify a premium price when appropriate.","Competitor's pricing strategy appears inconsistent, offering both opportunities for undercutting and potential threats for price wars. Further analysis is required to understand the underlying factors influencing their decisions."
72,8.95,8.0,3.5079526714122866,11.502133993464119,20.170727860620644,55.21024316862777,"* Focus on maintaining a competitive price point that is slightly lower than the competitors'
* Monitor the impact of pricing changes on sales volumes and profits closely
* Remain flexible in our pricing strategy to respond quickly to any changes in competition or market conditions",Keep prices competitive and slightly lower than the competitor's to encourage sales and take advantage of their higher prices. Monitor their pricing strategies to determine if there is an opportunity to increase our own prices.,"* Low prices tend to result in increased sales volumes, although this may not always translate into higher profitability (see Rounds 18 and 19)
* Maintaining a competitive price can still result in significant profits as there is still demand for our product even at higher prices (see Rounds 5 and 10)
* Pricing too high relative to the competition may limit sales volumes, but could potentially yield higher profit margins if the market demand is strong enough (see Round 2)","Our price sensitivity analysis shows that lower prices lead to higher sales volumes compared to the competitor, despite their higher prices. The competitor's pricing strategy appears inconsistent and may have a negative impact on their sales volumes overall. Monitor competition closely for potential opportunities to adjust our own pricing strategies."
73,9.0,9.0,3.598372682664919,3.598372682664919,20.87056155945653,20.87056155945653,Maintain competitive pricing strategy to attract consumers whilst staying profitable. Regularly analyze competitor's strategies and adjust ours accordingly,"To increase sales, it is necessary to reduce the price to come closer to market rate while still maintaining some profitability. We should monitor our competitor's pricing strategy closely and adjust our own accordingly. Potential revenue streams could also be explored, such as offering additional services or accessories.","Our lower pricing strategy is successful in attracting more customers and gaining market share, but it also requires close monitoring of profit margins to ensure sustained profits","High prices lead to low demand in the initial stage, indicating a need to optimize our pricing strategy to meet market expectations. Close observation of competitor's moves and adjusting our own accordingly is important. Additional marketing efforts or value-added products might help attract customers."
74,8.85,8.95,4.298590468743194,3.793492774145534,24.287036148399046,21.812583451336817,"- Conduct market research on competition's pricing strategy and positioning.
- Analyze consumers' perception towards our brand and product.
- Test price reduction in a controlled environment to assess impact on sales volume.
- Monitor the competitive landscape and adjust pricing accordingly.","To achieve maximum sales and maintain profitability, our price should be competitive with the current market while considering consumer purchasing power. We can adopt a dynamic pricing strategy that adjusts relative to competitor's movements while taking into account market fluctuations. Maintaining an affordable price that still provides us good profit margins will help us remain competitive in the market and increase sales volumes over time.","- Higher pricing may be deterring potential customers due to increased competition with lower-priced alternatives.
- There is an opportunity for growth by reaching a wider customer base through price competitiveness.
- It's crucial to understand the market and our product positioning before implementing any changes in pricing strategy.","In this analysis, it has become clear that pricing significantly impacts our sales volume and overall revenue. By offering a competitive yet profitable price point, we can achieve increased sales volume while still maintaining profit margins. Additionally, understanding the impact of market competition on consumer decision-making will guide us towards developing successful pricing strategies for future growth and adaptability in our target market."
75,9.0,8.95,3.590041091242774,3.8215788489153657,20.822238329208087,21.97407838126335,Adjust the initial price to be within a reasonable range compared to competitors. Monitor market conditions and make adjustments as needed while maintaining profitability and competitiveness.,"- Evaluate the effectiveness of pricing fluctuations in relation to sales volume.
  - Investigate potential correlation between price and customer perception/response.
  - Assess the impact of competitive pricing on overall profitability.",A higher starting price does not always guarantee sales when competing with aggressively priced products in similar markets. Continuously monitoring competitor prices and making timely adjustments is crucial.,"- Adopting a more structured approach to pricing based on data analysis might improve profitability and customer perception.
  - Dynamic pricing appears to work in certain situations, but more research is needed to identify which types of products/markets are best suited for this strategy.
  - Exploring alternative pricing models such as value-based or bundle pricing could help differentiate the product and increase perceived value."
76,8.5,9.0,6.518974682161109,3.4893557008526854,34.55056581545388,20.238263064945574,"- Maintain price competitiveness with the competitor while seeking opportunities to further reduce our price while maintaining profit margins.
   - Monitor and adapt to the competitor's pricing strategies, focusing on the customer's response to the changing prices.","- Monitor competitor pricing and adapt if necessary.
   - Consider exploring discounts or promotions to boost sales without drastically decreasing profits.
   - Focus on improving product quality or adding unique features to differentiate from competitors.","- Despite initial high prices, the product remains competitive in the market due to its appeal to customers.
   - The competitor's price stability may be a strategic move designed to attract a specific customer base or maintain market presence.
   - Market demand appears to support both products at various price points, providing opportunities for further pricing flexibility.","- Market is highly competitive, therefore maintaining a balanced price is essential.
   - Exploring promotional strategies might help increase sales without significantly impacting profits.
   - Investigating ways to enhance product quality or offer unique features to better stand out in the market would be beneficial."
77,8.0,9.0,11.526632249047719,3.302435430995532,55.32783479542905,19.154125499774086,"* Continue to monitor competitor's pricing strategies closely
   * Consider adjusting my prices to be more competitive, while still maintaining profit margins
   * Investigate potential reasons for high sales volumes in certain rounds despite higher pricing (e.g., promotions, market trends)","- Monitor competitor's price changes closely and adjust ours accordingly.
- Implement a marketing strategy to highlight product quality and unique selling points when pricing is competitive.
- Consider offering discounts strategically to increase sales volume, but ensure profitability at the same time.
- Continuously analyze and optimize pricing based on market trends and customer behavior.","* Sales volume increases when price is closer to competitor's (e.g., Round 18)
   * Higher selling prices can still result in decent sales volumes under the right circumstances (e.g., Round 17 with a price of 8.85 and a sale of 4.18 units)
   * It may be beneficial to adjust pricing strategies more frequently to maintain competitiveness","- Customers are price-sensitive and may require discounts or special offers to make a purchase, but are also willing to buy at higher prices when they perceive quality or value.
- A competitive pricing strategy may be necessary to attract more customers and gain market share.
- Offering premium priced items could work if positioned correctly and paired with effective marketing strategies that highlight the product's value proposition.
- Successfully increasing sales volume will require a balance between competitively priced and premium price offerings, as well as targeted promotions and strong marketing efforts."
78,9.35,8.95,2.347771596288178,3.8708209695459144,14.438795317172294,22.257220574889004,Maintain varying pricing strategies and observe customer reactions to identify potential opportunities for profit maximization. Further research is needed to determine if a long-term high price or temporary lower prices would be more effective in attracting customers and maintaining market share.,"* Monitor the competitor's pricing more closely and attempt to adjust yours accordingly to maintain a competitive edge.
* Experiment with different pricing strategies (e.g., dynamic pricing) and observe the impact on sales volume and profit margin.
* Conduct customer surveys or focus groups to gather insights into why customers choose one product over another and use that information to inform pricing decisions.","Competitor's lower price strategy has proven successful, leading to increased demand in some pricing rounds. The seller should analyze the factors contributing to these successful pricing rounds (e.g., timing, market conditions, target audience) and consider implementing short-term promotional offers to attract customers and increase sales.","* The competitor's strategy seems focused on incremental price increases over time.
* Lowering your price can lead to an increase in sales volume but may not always be profitable.
* It is essential to consider the relationship between pricing and the quantity sold to create a well-informed pricing strategy."
79,9.95,8.75,1.1105563500722675,4.977168256113406,7.496255362987805,27.6232838214294,"* Lower the price to be closer to competitor prices to attract potential customers
* Keep an eye on the market trends and adjust pricing as necessary to stay competitive
* Monitor cost-price ratio to maintain profitability","Consider exploring different pricing strategies, such as a temporary decrease in price during the early rounds to match or beat my competitor's price, followed by gradually increasing the price later to maintain profitability.","* The high price point of our product is not attractive to most customers in this particular market
* Competitor prices range between $8.5 and $11.0, with some success in sales
* It's essential to adapt pricing strategy based on the competition to remain competitive and attract potential customers",My competitor may be using a dynamic pricing strategy to gain market share and adapt to changing market conditions. This could be an opportunity for me to learn from their approach and incorporate flexibility in my own pricing strategy going forward.
80,8.95,9.25,3.858758407561329,2.652083282961421,22.18786084347764,16.045103861916598,"- Adopt a competitive pricing strategy to attract customers and increase sales.
   - Regularly analyze the market to ensure price is always competitive.
   - Implement promotions or discounts during off-peak seasons to further boost sales.","Consider exploring pricing strategies that strike a better balance between competitive pricing and profitable returns, taking into account fluctuations in production costs and consumer demand trends.","- A higher price does not necessarily equate to more sales in this market.
   - The target audience may be sensitive to price fluctuations and could respond positively to price reductions or promotions.
   - A long-term strategy of careful price monitoring and adjustment will likely yield better results than a static high price.","High prices can deter customers, but not always – observe market dynamics carefully to identify potential profit opportunities at different price points. Additionally, keep an eye on competitors' pricing moves and adjust accordingly."
81,9.0,8.75,3.5514922874376476,4.854314406255891,20.598655267138355,26.941444954720193,"Adjust pricing strategy to find a lower and more competitive price point than the competitor. Test pricing strategies systematically using different prices, keeping track of changes in sales volumes.",Consider monitoring competitor's pricing stratagies more closely and adjust our own prices in response. Explore various demand elasticity models to determine our price sensitivity and find a optimal pricing strategy that maximizes profit while maintaining market share.,"Lowering our product's price led to increased sales, and higher prices from the competitor didn't seem to have a significant impact on their own sales. Finding a competitive and effective pricing strategy can help maximize sales volume.","The competitive landscape appears to be highly reactive, with both ourselves and the competitor frequently adjusting our prices in response to one another. The demand seems relatively inelastic, as fluctuations in price have not led to significant changes in demand, although further investigation is warranted to confirm this finding. Additionally, there may be a pricing psychology factor at play, where higher prices are perceived as more premium or exclusive and could potentially increase our market positioning if carefully managed."
82,9.0,9.0,3.598372682664919,3.598372682664919,20.87056155945653,20.87056155945653,"- Keep an eye on competitor's price changes and analyze their strategy
- Analyze the effect of different pricing tiers on quantity sold to find the optimal price point
- Implement a flexible pricing strategy that can respond quickly to market demands and competitor actions",Consider monitoring competitor's actions closely to adjust pricing accordingly. Keep a balance between attractive pricing and maintaining profitability.,"- The market seems sensitive to pricing and is responsive, demonstrating elasticity
- It may be worth experimenting with lower prices initially and then gradually increasing them if the product's value is perceived as high enough by customers
- Frequent adjustments in pricing suggest a need for a fast-adapting pricing strategy to maintain competitiveness and market share","There is potential for increased sales volume at lower prices, but with higher prices there remains an opportunity to maximize margins. Be prepared to react quickly when the competitor adjusts its pricing tactics."
83,8.75,8.95,4.843220932505332,3.7719042548229798,26.879876175404593,21.68844946523213,"Maintain consistent monitoring of competitor pricing trends to stay competitive
   Test various price ranges based on demand and competition
   Continuously review unit sales and profit margins to optimize pricing","- Monitor competitor price adjustments carefully and adjust OUR price accordingly, focusing on maintaining a position in the mid-price range whenever possible.
   - Continuously evaluate the profitability and demand of premium offerings and consider their implementation when market conditions are favorable.
   - Investigate potential promotional strategies to generate interest and sales when facing direct competition from our lower-priced competitor.","Lower prices are associated with increased demand
   Maintaining a competitive pricing strategy is crucial in the market
   Regularly reviewing and adjusting pricing can help maximize profits and remain responsive to market conditions","- Pricing fluctuations in the market suggest a sensitive customer base that may be susceptible to price manipulation.
   - Occasional instances of similar pricing by our lower-priced competitor suggest potential opportunities for collaboration or market domination.
   - The demand for premium offerings seems limited, but could be capitalized upon when the opportunity arises.
   - Promotions and competitive pricing may influence sales and expand our customer base during periods of aggressive competition from our competitor."
84,8.5,8.95,6.504337054861288,3.7060595401208847,34.47298639076483,21.309842355695082,No plan found.,"To maximize sales and attract customers, consider adjusting pricing strategically around common price points or offering special promotions to give the product perceived added value. Regularly monitor competitor pricing strategies to stay competitive.",No insight found.,Competition appears to heavily influence buyers' decisions. Offering lower prices or competitive bundles increases chances of success in this market. Continuously analyze market trends and be prepared to adapt pricing accordingly.
85,9.0,9.0,3.598372682664919,3.598372682664919,20.87056155945653,20.87056155945653,"- Continue offering the product at a competitive price (around 9 dollars).
   - Monitor and respond to competitors' changes in price.
   - Explore implementing a discount or promotional strategy to boost sales during low demand periods.",Update pricing strategy by following the lead of the competitor with a higher average quantity sold while monitoring the impact on profit margins. Increase advertising to further attract customers and leverage economies of scale.,"- Consumers are sensitive to pricing differences, even when one product is of higher quality.
   - Psychological pricing can play an important role in the consumer decision-making process.
   - Maintaining a price close to the competition may help maintain a consistent sales volume.","Aggressive or consistent low pricing can lead to an increase in market share. Pricing strategy should be adaptable to changing market conditions but keep a close eye on maintaining healthy profit margins. Also, identify key factors that cause a change in the competitor's selling quantity, as understanding these patterns can help fine-tune the pricing approach."
86,9.0,8.75,3.5514922874376476,4.854314406255891,20.598655267138355,26.941444954720193,"* Investigate competitors' pricing strategies in detail
* Assess current production costs and potential volume discounts/incentives to consider adjusting our prices downward
* Identify potential customer segments that might be sensitive to a change in our price point
* Monitor market trends and customer behavior during promotions or price changes","- Continue monitoring competitive pricing and adapt strategy accordingly.
   - Analyze demand dynamics based on volume of sales and customer feedback.
   - Develop a unique selling proposition to differentiate ourselves from competitors and justify higher prices when necessary.","* Our current pricing strategy appears uncompetitive in the given market range ($8.5 - $14.0)
* Customer responsiveness seems sensitive to price fluctuations; lowering our price slightly may increase attractiveness and potentially boost sales volumes
* Further study is necessary to understand competitors' strategies, production costs, potential customer segments, and market trends to guide any pricing adjustments","- Competitive analysis is crucial in such a volatile market.
   - Price elasticity of demand needs to be determined to optimize pricing strategy.
   - Collaborating with marketing team to establish a strong brand and messaging would help to justify our higher prices."
87,9.0,9.0,3.598372682664919,3.598372682664919,20.87056155945653,20.87056155945653,"To achieve sustainable growth and maintain competitiveness, a balanced approach would be best. We should continue with slightly lower prices compared to our rival at times when we enjoy better production costs or higher demand. Additionally, engage in targeted marketing campaigns during periods of intense competition to promote product differentiation.","- Monitor competitor pricing and their impact on consumer demand
- Consider offering occasional discounts as a means to boost sales during slower periods
- Stay vigilant of changes in the market by tracking industry news and consumer sentiment
- Investigate alternative marketing strategies to increase brand visibility","Competitor A's pricing strategy appears more effective for attracting customers and generating sales, as their prices are consistently lower than competitor B's. However, the wider profit margins of competitor B suggest a possible emphasis on quality or additional product features that may provide a competitive advantage when priced competitively. It is essential to focus on product differentiation while remaining flexible in our pricing strategy and proactive during periods of intense competition with competitor B.","- Competitor pricing strategy is unpredictable with occasional spikes and dips in price points
- Consumer behavior can be influenced by competitor pricing changes, as evidenced by my competitor's quick reaction to consumer demand shifts
- Maintaining a consistent price strategy may not always yield the best results, but occasional adjustments may help capitalize on market opportunities"
88,8.95,8.9,3.8033982849529093,4.048696399390055,21.869540138479227,23.077569476523312,"To increase sales volume, it is recommended to adjust our price downwards to be closer to the competitor's range ($8.5 - $9.0). This should make our product more attractive and competitive.",No plan found.,"The high initial price strategy appears not to work well in this market. Closer pricing alignment with the competitor may attract more customers and boost sales volume. However, maintaining a profitable margin is crucial as demonstrated by our positive earnings in most rounds, even with lower prices. This indicates that the product has intrinsic value and can generate profits within a competitive price range.",No insight found.
89,9.25,8.85,2.638526856177421,4.35019535109326,15.963087479873398,24.578603733676914,"To improve sales, I suggest adjusting the price to match the competitors' price range. The target market seems to respond well to prices between $8.5 and $10.0, so a reasonable price would be around the median of these prices at $9.25. This could also potentially attract more customers seeking competitive pricing.","In light of this analysis, it would be wise to continuously monitor the competitor's pricing strategy closely and anticipate swift responses if I choose to raise or lower my price. Maintaining a balance between competitive prices while ensuring profitability will be key in this market. Additionally, considering offering promotions or bundles with complementary products could help boost sales.","Customers are sensitive to price changes, as significant drops in sales have been observed when increasing the price above $8.95. It may be beneficial to monitor competitor's pricing strategies more closely and adjust our own prices accordingly. Additionally, finding ways to differentiate our product from competitors could help maintain a higher price point without affecting demand negatively.","Market dynamics play a crucial role in pricing decisions. Being aware of the competitor's pricing strategy and having the ability to adapt quickly is essential in maintaining and enhancing market share. Offering promotions or bundles can help increase sales, but it's important to ensure they are profitable and don't undercut long-term goals. Monitoring the competitor's responses to price adjustments can provide valuable insights into their pricing strategy and reveal opportunities for growth."
90,8.95,9.3,3.8649687012366774,2.4954113466433796,22.223570032110892,15.222009214524617,"In light of these observations, a dynamic pricing strategy seems most suitable for this scenario. It would involve monitoring competitors' moves and adjusting pricing as needed to remain competitive while maximizing profit potential. Flexibility should be emphasized over rigid pricing rules to make adjustments more swiftly in response to market conditions.",No plan found.,"- Sensitive customer pricing behavior: price changes can have significant effects on quantities sold.
   - Competitor price responsiveness: competitors may attempt to counter pricing moves, with mixed results.
   - Adaptive pricing strategy: a combination of competitive and opportunistic pricing can be used to navigate the market and remain agile.",No insight found.
91,9.0,8.95,3.590041091242774,3.8215788489153657,20.822238329208087,21.97407838126335,Maintain a competitive pricing strategy while keeping an eye on market trends and competitor actions. Consider testing different pricing tiers to identify the optimal balance between profit margins and market share.,"- Continue experimenting with pricing by maintaining a close eye on the competitor's pricing strategy.
   - Consider lowering prices when necessary to increase sales and profit, while ensuring that profits are maintained or increased overall.
   - Analyze price trends to identify patterns and long-term strategies for sustainable pricing.","The relationship between price, sales quantity, and profits requires careful management in order to maximize overall profitability. Adjusting pricing based on market conditions and competitor actions can potentially increase profits or market share but may come at the cost of lower sales quantities.","- Prices are relatively high in the early stages, but dropping prices may lead to higher profitability over time.
   - Seller must be aware of competitor's pricing strategy and adjust accordingly to maintain or increase profits.
   - There seems to be some demand-price elasticity as price reductions generally result in increased profit."
92,8.9,8.95,4.048696399390055,3.8033982849529093,23.077569476523312,21.869540138479227,Adjust pricing strategy to maintain a competitive margin while preserving our premium brand image and market differentiation. Monitor the competitor’s ongoing price changes and adjust accordingly to protect our market share and profit levels.,"Adjust pricing strategy in response to competitor's moves, aiming to maintain or increase the profit per unit while staying competitive. Continuously monitor fluctuations in competitor prices and sales volumes to identify trends and opportunities.","The lower starting price initially gave the competitor an advantage in terms of quantity sold, but it seems to have less impact on their average profit per sale. The customer base seems sensitive to pricing changes, as evidenced by fluctuations in sales volume. Maintaining our premium brand image and competitive pricing is essential for preserving market share and maintaining our profit margin.","The competitor's pricing approach seems to be unstable, with significant variations in prices throughout the observation period. This instability may provide opportunities for us to exploit if we can predict when they will reduce their prices or vice versa. It also appears that despite their price reductions, our sales and profit remain stable compared to the competitor's performance during the same periods."
93,8.95,8.95,3.8127508909967105,3.8127508909967105,21.923317623231082,21.923317623231082,"Consider offering price point adjustments based on the sales data trends, aiming to find a balance between increasing profitability while not deterring potential customers due to excessive price increases.","Keep adjusting prices according to market response and competitor actions, focus on competitive pricing while maintaining profitability. Implement strategies to encourage repeat purchases through customer loyalty programs or discounts for bulk purchases.","Sales volume tends to be higher when prices are similar to competitors, but there may be an opportunity to experiment with slightly higher pricing in certain circumstances (e.g., round 16). In rounds where the product's price is significantly higher than the competition, lower sales volumes have resulted (e.g., round 1 and 9).","Consumers prioritize value alongside price; they may be more willing to pay higher prices if they perceive greater value (e.g., Round 17 compared to Round 23). It is essential to communicate our unique selling points clearly to persuade customers that our offering represents higher perceived value than the competitor's offerings, even at potentially higher prices."
94,9.0,9.05,3.606234793079517,3.3877440721913508,20.916161799861197,19.818302822319403,"Keep competing with similar pricing strategies, focusing on maintaining higher average profits per unit while adjusting slightly to maintain or even increase quantity sold in some rounds. Consider investigating the competitor's production and marketing costs to potentially widen the price gap if possible, or explore collaborative efforts to jointly lower costs while maintaining high quality.","- Continue monitoring and adapting our pricing strategy based on market responses and customer demand.
   - Maintain a competitive pricing range while exploring opportunities for potential discounts or promotions to increase sales volume.","Initial high prices could deter customers looking for a budget option, but can be adjusted later in the competition to attract new customers. Emphasizing marketing messages on product quality, reputation, and positive user experiences could help justify higher pricing. It may also be beneficial to monitor competitor actions and adjust strategies accordingly to sustain competitive advantage.","- Customer cost sensitivity allows us to gain advantage by offering more competitive prices, leading to higher sales volumes compared to our competitor.
   - Monitor price changes made by our competitor and respond accordingly to maintain market position."
95,8.95,8.5,3.7060595401208847,6.504337054861288,21.309842355695082,34.47298639076483,Keep an eye on competitor's pricing strategies and adjust ours to match when necessary. Ensure our price remains competitive with the $8.75 to $9.2 range while remaining flexible to make adjustments as needed.,"With ongoing competition from lower-priced sellers, it's essential to focus on product quality and customer experience to differentiate and justify higher prices. Incorporate targeted advertising to a specific audience that is willing to pay more for the product due to its unique features or quality.","Offering a slightly higher-priced product has minimal impact on sales but can lead to stronger profit margins when demand is lower (e.g., round 6). The competitor's strategy of dropping their price periodically increases sales volume, which may be beneficial in specific market conditions. Keep investigating pricing strategies for further insights.","The market is sensitive to price changes. Lowering prices can result in increased sales, but maintaining profitability becomes challenging even with incremental sales when prices are significantly lower. The importance of branding and positioning in justifying a higher price must not be underestimated."
96,8.95,9.25,3.858758407561329,2.652083282961421,22.18786084347764,16.045103861916598,Consider implementing a price monitoring system and regular updates on new competitor pricing trends. Monitor how changing our own price affects customer choices and take appropriate action based on the insights gained from this analysis.,"- Maintain a pricing strategy that is competitive with the market average
   - Regularly monitor the competitor's pricing and adjust ours accordingly
   - Offer promotions or discounts to attract customers when necessary","It is essential to be aware of competitor prices as it could affect demand for our product. Moving forward, it will be vital to optimize our pricing strategy by balancing competitiveness with profitability.","- The market appears sensitive to price changes, as evidenced by the fluctuations in both our product's and the competitor's prices
   - It may be beneficial to have a flexible pricing strategy that can adjust to market conditions
   - Potential customers may be attracted to lower prices, but quality and brand reputation also play important roles in sales decisions"
97,9.0,8.95,3.590041091242774,3.8215788489153657,20.822238329208087,21.97407838126335,"The current strategy of adjusting our price based on the competitor's movements appears to be effective, especially when we notice a trend of our competitors pricing their product higher than ours (as seen in rounds 1-3). However, it is equally important to monitor our own sales performance and adjust our prices accordingly to optimize revenue without cannibalizing our profit margins.",Adjust the pricing strategy based on competition but also consider product appeal and marketing efforts. Monitor the competitor's price changes closely and make adjustments accordingly to maintain a competitive edge while maximizing profit.,"- Pricing strategy plays a critical role in determining the quantity of products sold, as seen through rounds 1-3 where high prices led to low sales and low profits, while lower prices resulted in higher sales with reasonable profits (rounds 21-25).
- Competitor's pricing movements have an impact on our own decision-making process, as evidenced by our adjustments made in response to their price increases (e.g., rounds 13, 18) and decreases (e.g., round 6). It is essential to track and analyze the competitor's pricing closely to improve market positioning and optimize revenue streams.
- The sweet spot for optimal profitability appears to be prices ranging from $8.75 to around $9, as seen in rounds 14-23 where we achieved reasonable profits while selling more units compared to other price points (e.g., round 10 at $9.65). It will be crucial to continue observing and refining this pricing strategy moving forward.","Pricing sensitivity of customers can have significant impact on quantity sold. Keeping the price relatively close to competition may boost sales but also requires careful evaluation of potential profits and overall business strategy. Factors like marketing efforts, product appeal, and timing can play a role in successful pricing rounds despite higher competitor prices or vice versa."
98,8.0,8.97,11.512104818555043,3.4243068603718996,55.2581031290642,19.758250584345863,"In order to increase unit sales and better compete in the marketplace, we should consider adjusting our pricing strategy by setting our price slightly lower than the competitors but not so low that we compromise our profit margins. This could attract more customers while still preserving value. We can also reassess our marketing strategies to generate more interest and demand for our product.","* Monitor competitor's price fluctuations and identify trends
* Take advantage of competitor's volatile pricing strategy by setting our price lower when they raise their prices
* Adjust our pricing strategy based on market conditions","The data suggests that consumers are generally price-sensitive and a lower price is attractive, with the optimal balance between cost and perceived value being crucial in attracting customers. Additionally, it may be important to focus on creating effective marketing strategies to communicate the worth of our product to potential customers.","* Competitor price volatility may create opportunities to gain market share
* Being mindful of competitor's price trends and adjusting our own pricing accordingly is essential to winning long-term market competition"
99,9.15,8.0,2.753361169238916,11.592083505456243,16.382498956971553,55.642000826189964,Maintain a close eye on competitors' price points and adjust pricing strategy accordingly to maximize profitability while maintaining competitiveness. Continuously analyze sales data to further refine pricing decisions based on factors such as demand fluctuations and seasonal trends.,"- Monitor competitor's pricing strategy closely to find opportunities to set competitive yet profitable prices
 - Consider implementing strategic sales promotions or discounts during periods of higher competition to encourage customer purchases
 - Explore methods to enhance the perceived value of the product, such as advertising its unique features or benefits","A significant drop in price did not necessarily lead to an immediate increase in sales as evidenced by round 1, despite having a lower price than the competitor. On the other hand, instances where the competitor had a lower price or was more competitive (rounds 17 and 18) resulted in increased sales - indicating that maintaining a lower price can help increase sales volume, although not always guaranteeing higher profit margins. It might be beneficial to explore promotional strategies to attract customers during periods of high competition, as well as find ways to improve product differentiation to create more perceived value and justify higher pricing.","- Adjusting pricing in response to competitor moves is critical to maintaining marketplace presence
 - Higher prices do not always deter sales but can impact quantities sold
 - Striking a balance between price and perceived value is key to maximizing product appeal"
100,9.85,9.25,1.2862758241286891,2.7230459410489116,8.553734230455783,16.474427943345916,"- Analyze competitors' price changes and identify patterns
- Experiment with various pricing strategies with a focus on maintaining a profitable margin while increasing unit sales
- Monitor fluctuations in competitor pricing, adjusting prices in response where necessary to maintain or improve market share","Consider implementing a reactive pricing strategy against the competitor. Monitor their price changes and adjust ours accordingly. Also, examine potential long-term strategies, such as introducing differentiation through product quality or customer experience.","- Competitor is initially priced lower but has higher unit sales
- Seller's high initial price leads to fewer units sold but a higher profit margin
- Future rounds may require a flexible pricing strategy to take advantage of pricing opportunities","The competitor's low price suggests they are aiming to attract a budget-conscious customer base. It is essential to be mindful of maintaining profitability and providing value to customers beyond price, as implementing identical pricing could harm our brand positioning."
101,8.95,9.12,3.840785236592925,3.105506525822339,22.084515110409317,18.384598632868244,Continue monitoring competitor activity and make adjustments as needed; explore potential opportunities for expansion into new markets or niches where competition is lower.,"- Consider implementing a variable pricing strategy based on competitor actions and perceived customer value
   - Monitor competitor price changes and update our pricing accordingly to maintain a competitive advantage
   - Develop a segmented approach, pricing differently for segments with varying willingness to pay
   - Implement promotional offers strategically to attract new customers and retain existing ones","Competitors are pricing higher than my product for most of the observed period, with occasional price increases up to 10x more than my own pricing. This suggests an inefficient market with opportunities for competitive advantage or niche expansion.","- The competitor's initial high price could be perceived as a premium offering, which may attract luxury-seeking customers
   - Our current pricing strategy appears to be reactive rather than proactive, making it difficult to maintain a consistent competitive advantage
   - It is essential to understand customer segments' willingness to pay when developing a pricing strategy
   - The competitor occasionally drops their prices, indicating a potential need for monitoring and responding quickly to their pricing adjustments."
102,9.12,9.5,3.1659610954408097,1.9688638946042623,18.74248968500959,12.403842536006852,"* Continuously monitor market trends and competitor pricing strategies
* Identify key factors affecting consumer perception of value, such as brand reputation, unique selling points, or bundle offers
* Establish a pricing strategy that adjusts based on these factors while maintaining a competitive position in the market
* Test different pricing tiers to see their impact on sales volume and profitability","- Explore dynamic pricing strategies to adapt our product pricing based on competitor moves
   - Investigate sales bundle options and possible upselling","* Higher prices may discourage some consumers, but when perceived value is high, customers are willing to pay more
* A slight increase in price can lead to increased revenue when sales volume remains steady
* Balancing profitability and competitiveness is crucial; offering a lower price without significant improvement in market share or customer satisfaction may not be worthwhile
* Continuously adapting the pricing strategy based on market conditions is essential for long-term success.","- Competitor is sensitive to price changes, with notable adjustments in rounds 18, 23, and 43
   - High demand across various price points suggests that a dynamic pricing strategy may be beneficial in maximizing profitability"
103,3.5,9.35,97.34100919925035,0.06494077177975142,29.202302759775087,0.3993857464454712,"- Continue increasing prices, as it generally increases profit with sufficient sales figures. However, be mindful of the competition and monitor its effect on demand closely.
   - Consider investigating more about the market segments that may have a higher price tolerance, focusing on creating unique selling points to justify increased pricing.","In light of the observed price dynamics, we should consider implementing a competitive response to counter the competitor's occasional low-pricing strategy. However, it is essential to ensure that our pricing remains profitable. Additionally, monitoring the competitor's pricing patterns more closely will provide insights into potential future moves and help us stay proactive.","- The competitor's approach appears slightly more aggressive, sometimes lowering their prices to boost sales volume (e.g., round 28). This may result in short-term wins but has the potential to dilute brand value over time.
   - Sales figures show a correlation between price and volume: when my price is significantly higher than the competitor's, sales are lower (e.g., round 19). However, this does not hold true for all cases (see round 24), suggesting potential market segments with a willingness to pay more.","Prices do not appear to have a direct correlation with quantity sold. However, being too far off from the competition may impact customer perception of value and attractiveness. Understanding the competitor's pricing strategy can provide valuable insights for our own pricing decisions. Keeping tabs on this information will be crucial in maintaining and improving our competitive edge."
104,8.95,9.0,3.8215788489153657,3.590041091242774,21.97407838126335,20.822238329208087,"- Analyze and compare sales data when prices are higher versus lower ($>8.75) to determine their impact and profitability.
   - Investigate competitor pricing strategies in greater detail to understand their competitive edge or disadvantage.
   - Explore potential strategies for decreasing costs without negatively affecting product quality to maintain a price point that is both competitive and profitable.","Analyze competitor pricing strategies, especially rounds with higher quantity sold. Investigate potential improvements in marketing or product quality to increase profit margin. Monitor the market for trends and adjust our strategy accordingly.","- Prices above $9.00 have lower sales quantity compared to the range near $8.75, pointing towards a preferred customer price range.
   - Competitor pricing strategy appears important in determining overall sales quantities.
   - It may be necessary to find ways to decrease costs while maintaining quality and product integrity.",Our prices remain competitive but have a lower profit margin compared to some competitors. Strategic pricing fluctuations might drive overall sales volume. Higher quantity sold indicates potential advantages in marketing or product quality over competitors.
105,8.85,8.75,4.2527690778097424,4.819018701770535,24.028145289625044,26.745553794826467,"Consider setting the price dynamically based on market conditions such that the price remains competitive and maximizes sales volume when possible, but still generates sufficient profit per unit sold. One approach could be to gradually lower the price in small increments until the optimal point is reached where both quantity sold and profitability are maximized, then slightly adjust it over time as market conditions change.","Implement a discount strategy for lower price points, aiming for 8.5 - 8.75. Monitor the impact on sales volume and profitability. Continue to maintain sales and profitability at higher price points (between 8.75 - 9.35).","The pricing strategy's primary goal should focus on generating revenue through maximum sales volume while ensuring sufficient profit per unit sold. The price seems to have a strong influence on the quantity of units sold, and further analysis is required to determine the optimal point that balances both factors effectively.","Market analysis suggests that a moderate competition environment exists, with optimal pricing between 8.75 - 9.35 leading to profitable sales. Discount strategies at lower price points may help attract a broader customer base while retaining profitability. Regularly reassess the overall competitive landscape to adapt accordingly."
106,9.0,8.75,3.5514922874376476,4.854314406255891,20.598655267138355,26.941444954720193,Consider monitoring and analyzing the competitor's price adjustments over time to identify patterns and make strategic pricing decisions based on this information. Implement a dynamic pricing strategy that allows for quick responses to market changes while maintaining a competitive edge. Regularly assess our cost structure to ensure we can sustain variations in our pricing strategy without compromising profit margins.,"* Continue offering competitive pricing that is consistently affordable
* Monitor competitor pricing strategies and adjust accordingly to maintain profitability","Our pricing seems more effective when it is set higher than the competitor but with some flexibility to lower prices, as our competitor occasionally raises their own prices significantly. Gathering data on our competitor's pricing behavior may help anticipate changes in the market and make informed decisions regarding adjustments to our own pricing strategy. Continuously analyzing this information will provide valuable insights to maintain competitive advantage.","* Competitors often price their products higher, making our offerings more attractive to budget-conscious customers
* Need to be mindful of increasing prices too much as it may affect sales volume"
107,8.75,9.0,4.854314406255891,3.5514922874376476,26.941444954720193,20.598655267138355,"- Evaluate pricing strategies that balance affordability with profitability.
   - Consider implementing dynamic pricing tactics to adjust prices based on market demand.
   - Explore ways to create a sense of perceived value, such as offering premium services or warranties.","In order to increase our competitive advantage and maximize profits, we should consider implementing a more flexible pricing strategy that can handle wider price gaps in the market while maintaining a competitive edge when required. Additionally, we may want to explore ways to better estimate demand sensitivity and adjust prices accordingly.","- Customers may be sensitive to price changes; large fluctuations may negatively impact sales and perception of the product.
   - In-depth market research could help identify optimal pricing strategies based on customer preferences, competing prices, and production costs.
   - It would be beneficial to closely monitor sales trends in response to price adjustments and adapt pricing accordingly.","The data suggests that setting higher prices over a longer period may not be effective in gaining significant market share against competition or attracting customers who are sensitive to price differences. It is important to find a balance between maximizing profits and maintaining competitiveness. Future analysis should investigate how other factors, such as product differentiation, can influence pricing decisions to achieve our goals."
108,8.95,9.0,3.8215788489153657,3.590041091242774,21.97407838126335,20.822238329208087,"Maintain a competitive pricing strategy relative to the competitor, but occasionally raise prices to secure higher profit margins per sale, provided that it does not result in significantly lowering sales volume. Experiment with raising prices during periods of low competition or increased demand for the product.","* Consider price adjustments in reaction to the competitor's moves, with special emphasis on lower pricing to stimulate demand when the competitor raises prices
   * Investigate the impact of pricing changes on daily sales volume and revenue to optimize long-term profitability
   * Explore differentiating the product from the competitor by offering better value or improved customer experience that allows for higher, more stable pricing","Pricing strategy is a delicate balance between profit maximization and maintaining sales volume. In this scenario, the seller has demonstrated potential for both high-profit and high-volume strategies, making it crucial to continually monitor competitor movements and market demand. Additionally, it may be valuable to explore offering limited time promotions or discounts during periods of lower competition or increased product demand.","* Seller's price fluctuations may indicate a need to monitor market conditions closely and quickly adapt pricing strategy
   * Price flexibility is essential for maintaining a competitive edge against a nimble competitor
   * Developing unique selling points can reduce the need for frequent price adjustments, improving profitability and long-term success."
109,8.95,8.75,3.7719042548229798,4.843220932505332,21.68844946523213,26.879876175404593,"* Maintain a competitive, yet profitable price point to attract demand while protecting profit margins
  * Monitor competitor's pricing closely and react swiftly to capitalize on their pricing errors or overextension
  * Study consumer behavior during periods of low vs high competition to determine optimal pricing structure",Take advantage of competitor's inconsistent pricing and higher prices relative to sales volume. Set our prices competitively to draw in potential buyers who may be deterred by their high prices.,"* High demand exists for our product, with consumers showing responsiveness to competitive prices
  * Competitor appears to have a complex pricing strategy and may be guided by variable costs or other factors (e.g., marketing campaigns)
  * Opportunities exist to adjust our own pricing strategy in response to competitor's pricing inconsistencies
  * It's possible that an even lower pricing strategy could garner additional sales, but potential impact on profit margins should be a consideration","Competitor has shown price instability throughout the rounds and may lose business as a result of this strategy. Consider researching optimal pricing strategies to ensure long term success, and be prepared to adjust our pricing accordingly to maintain competitiveness without compromising sales volume."
110,9.0,8.95,3.590041091242774,3.8215788489153657,20.822238329208087,21.97407838126335,Inconsistent pricing may lead to confusion and a potential dampener on sales. A consistent pricing strategy across more rounds might be beneficial. Consider implementing a slightly lower base price with occasional fluctuation to maintain competitiveness while also staying consistent.,"```markdown
Consider exploring a middle ground pricing strategy to attract more buyers by setting a new price not too far from the competition while still maintaining profitability. Continuously monitor sales data and market response to determine the optimal adjustment and potential future price changes.
```",The data suggests that an inconsistent pricing structure may impact the perception of value and the overall performance of sales. It is crucial to strike a balance between competitive pricing and consistency to optimize sales and customer engagement.,"```markdown
Maintaining our product's price at 8.75 proved to be successful in terms of revenue generation when considering each sale. However, it is essential to remain adaptable and responsive to the constantly evolving market, as competitors may change their pricing strategy at any given time. Proactively adjusting our pricing within reason could potentially help retain or attract more buyers in the long run.
```"
111,8.9,9.0,4.058047612252108,3.581214448353298,23.130871389837015,20.771043800449128,Consider setting my prices competitively with a slight undercut on my competitors to win over price-sensitive customers while maintaining profitability. Regularly monitor my competitor's pricing movements and make necessary adjustments.,Consider maintaining a competitive but slightly higher price range to capitalize on the trend of increased sales when the competitor's price rises significantly. Flexibility in pricing might be necessary to take advantage of unusual price-sensitive buyer groups.,"Competitor has been experimenting with a dynamic pricing strategy, lowering their prices in response to market conditions or competitor actions. This strategy suggests that the competitor is either very reactive to changing market dynamics or is actively trying to capture more market share.","As competitor's price fluctuates, consumer response varies, indicating a more nuanced customer behavior than initially anticipated. Keeping an eye on competitor pricing will help in tailoring our own strategies to maximize sales while maintaining profit margins."
112,9.0,8.95,3.590041091242774,3.8215788489153657,20.822238329208087,21.97407838126335,"Consider offering prices in the range of 8.75 to 9.25. This seems to be a competitive range, and pricing slightly higher than average may help position our product as superior, while maintaining a lower price could attract more customers. It is essential to maintain a consistent strategy to avoid confusion for potential customers.","- Monitor competitor pricing strategies and adjust product pricing accordingly.
- Maintain awareness of customer sensitivity to price changes with respect to this product.
- Develop a strategy to encourage repeat purchases by offering loyalty rewards or discounts.","Our competitor's inconsistent pricing strategy may create opportunities for us to establish ourselves as the more reliable choice. We should monitor their pricing trends and capitalize on any pricing mistakes or fluctuations they make. Additionally, we must maintain a competitive price range while emphasizing our product's unique selling points to attract and retain customers.","- Highly competitive market for this product, necessitating close monitoring of competitor pricing strategies.
- Customer sensitivity to price fluctuations can impact sales quantities for this particular product.
- Potential for increasing sales through targeted promotions or loyalty programs."
113,8.95,7.5,3.1894340556698677,19.537652262076158,18.339245820101738,84.01190472692747,"- Monitor industry trends and adjust pricing as needed to remain competitive in the market.
   - Continuously analyze sales data to identify patterns and opportunities for margin optimization.
   - Explore potential partnerships or collaborations with complementary businesses to expand product offerings without increasing prices significantly.","1. Explore tiered pricing options to cater to different customer segments. Offer a basic version for price-sensitive customers and a premium version with added features or benefits for those willing to pay more.
  2. Consider bundle deals that offer savings to customers who purchase multiple items together, encouraging repeat purchases or upselling opportunities.
  3. Monitor the competitor's strategies closely and adjust pricing accordingly if necessary to remain competitive without compromising profit margins.","- Pricing seems to influence sales volume but may not be the decisive factor in purchase decisions for some customers.
   - Competitor's dynamic pricing strategy suggests that they are closely following market trends and perhaps customer preferences.
   - It may be beneficial to explore marketing strategies beyond price-based promotions to better engage with potential customers and influencing factors such as brand perception, product features, and unique selling points.","- Competitor-watching is crucial in this market to adapt pricing strategies efficiently in response to their moves.
  - Understanding customer segments and their price sensitivities can lead to more effective pricing decisions.
  - Bundling products or offering tiered pricing options could improve customer engagement and create upselling opportunities.
  - Balancing quality and affordability is essential for a diversified and broad market reach."
114,8.95,9.05,3.82990926902051,3.379883067090626,22.02197829686793,19.772315942480162,"- Monitor market trends and adjust pricing strategy accordingly
   - Keep a close eye on the competitor's pricing decisions
   - Regularly analyze sales data to assess the impact of pricing changes
   - Maintain a competitive edge by offering superior quality or unique features",Adjust prices based on competitor strategy while ensuring the price remains between 8.75 and 10 dollars to maximize sales opportunities. Study consumer response to price changes more closely in future rounds for further optimization.,"- Lower prices may attract more customers, but care must be taken not to devalue the brand
   - Flexibility in pricing can help stay competitive without sacrificing profit margins
   - Regularly assess the market and respond appropriately to changing conditions
   - Monitor competitor strategies and adjust own strategy as needed","Price elasticity seems to be moderate, as there appears to be a slight difference in unit sales when the product is priced competitively versus premium prices (e.g., Round 27 and Round 18). Pricing strategies should take into account both competition and market demand for our product."
115,10.0,9.25,1.0687103742419917,2.729047545386835,7.267230544845543,16.51073764959035,"1. Conduct market research to identify optimal price ranges without hindering customer trust.
2. Investigate potential add-ons or modifications that can justify a slight price increase.
3. Evaluate the feasibility of offering loyalty programs or discounts to existing customers on specific product lines to foster loyalty and encourage repeat business.
4. Engage in targeted advertising campaigns to promote our higher value offerings and attract more customers.","- Maintain product quality and customer satisfaction
- Periodically review competitor pricing trends
- Explore offering additional services or features as bundled options at a premium price","1. Competitor price volatility is attracting market share but may result in unpredictable expenses.
2. Consumers tend to trust businesses with stable pricing, especially if they offer quality products or services (as perceived by the customer).
3. Higher perceived value add-ons or modifications can justify charging higher prices and maintaining/increasing revenue.
4. Loyalty programs are effective ways to encourage repeat business and increase revenues through repeat customers.","- Our product enjoys a consistent demand despite varying competitor prices
- There is potential to raise our prices within reason while maintaining quality and customer satisfaction
- Regularly evaluate the market to identify new differentiators and increase revenue streams through bundled options or additional services"
116,9.0,8.75,3.5514922874376476,4.854314406255891,20.598655267138355,26.941444954720193,"- Continue to maintain a relatively higher pricing strategy, capitalizing on our slight perceived value advantage over the competitor.
  - Monitor our competitor's pricing closely and be prepared for sudden price drops by adjusting our response accordingly.","* Consider adjusting the pricing strategy to maintain consistency with prices below 8.75 to capitalize on higher sales volume.
* Monitor competitor's pricing and be prepared to react if they increase their prices to exploit potential market opportunities.","- Our competitor struggles to boost quantity sold despite lower prices, suggesting we may have a stronger product perceived value.
  - Price fluctuations do not always translate into increased sales for the competitor, indicating potential vulnerabilities in their pricing strategy.","* Lower pricing appears to drive higher unit sales, although it may come with lower profit margins.
* Customers seem less sensitive to price increases when the competitor's prices remain high.
* Market saturation might be a factor in limiting sales potential since the maximum units sold in this analysis do not exceed 5."
117,9.1,9.0,3.189036629428177,3.613651923409978,18.815316113626242,20.959181155777873,Focus on striking a balance between attracting potential customers by keeping the price competitive while maximizing profit through strategic adjustments based on customer demand and competition trends.,"- Continue monitoring market sensitivity to price changes
   - Consider running small campaigns to test consumer response to slight price increases in order to gauge potential for higher profits
   - Monitor competitor pricing strategies and adjust our own price accordingly to remain competitive while maintaining perceived quality","Competitor pricing dynamics are critical to consider as they influence customer preference and our positioning in the market. Additionally, maintaining a flexible yet calculated approach to pricing can be beneficial in responding to customers' perceived value of the product.","- Consumers are more sensitive to price decreases than price increases, with larger increases in quantity sold compared to smaller ones
   - While a lower price can attract more customers, raising the price slightly (e.g., 8.9 to 9.3) can still lead to increased sales due to perceived product quality
   - Market seems to respond well to consistent pricing, but occasional strategic adjustments may help to maximize profits and maintain competitiveness"
118,9.1,8.95,3.1816215255806704,3.8377681263643337,18.771567000925952,22.067166726594916,"Maintain a close eye on the competitor's pricing strategy while striving to balance price, sales, and profitability. Continue monitoring and adjusting prices based on these factors.","- Consider adjusting pricing strategy to be more competitive in rounds where my product is priced significantly higher than the competition.
   - Monitor sales trends and analyze consumer demand in order to leverage any identified advantages in product appeal.
   - Maintain a balanced approach to pricing, avoiding both under-pricing and over-pricing of the product.",There is evidence that setting too high of a price may result in low sales volume but maintaining a competitive pricing strategy can encourage sales while still generating a profitable return. Further analysis may be required to determine the optimal pricing range.,"- The market appears to be receptive to my product with relatively steady sales numbers compared to the competition.
   - There may be an opportunity to further increase sales through dynamic pricing strategies, taking advantage of the identified differences in the data.
   - The potential impact of pricing on consumer trends should be closely monitored as it may influence overall demand for the product."
119,8.95,8.5,3.7060595401208847,6.504337054861288,21.309842355695082,34.47298639076483,Investigate demand elasticity for our product and analyze market trends in pricing and competition. Develop strategies to adjust prices based on these insights while maintaining profitable margins.,We should consider a more flexible pricing strategy that takes into account competitor actions and the product's saleability. This can help us maintain or grow market share by better responding to changing market conditions.,Competitor's lower average price may indicate stronger price competition; High-price offers from the competitor suggest some demand for premium products or occasional promotions; Analysis of market trends could reveal opportunities to adapt price strategy accordingly.,"- The pricing strategy needs continuous monitoring and adjustment to remain competitive.
- Aggressive price increases may not always lead to increased sales, so careful consideration should be given to this tactic before implementation.
- Exploring a lower price point while maintaining profit margins could potentially increase sales, especially when the competition is less aggressive."
120,9.1,8.75,3.1473150459418937,4.874656902501875,18.56915877105717,27.054345808885405,"- Continue to monitor the competition and adjust our prices accordingly to remain competitive while maximizing profits.
   - Explore potential new marketing strategies or promotions that may entice more sales, focusing on value perception rather than price wars alone.
   - Consider conducting customer surveys to better understand what factors drive purchasing decisions in this market segment, which could inform future pricing and promotional decisions.","Continue monitoring the competitor's pricing strategy to identify trends and gain an understanding of how the market responds to varying prices. Additionally, make sure to maintain quality and customer service while adjusting prices strategically in order to maximize sales within the potential optimal range identified.","- Pricing significantly above the competition may severely limit sales volume without significant long-term benefits to profit margins.
   - Psychological pricing (round numbers) can positively influence a customer's perception of value and purchasing decision.
   - Monitoring the competitor's price adjustments is crucial in maintaining a competitive edge and maximizing profits, but avoid engaging in continuous price wars as it may lead to devaluation of the product/brand.","Competitor's pricing appears dynamic as it changes frequently, possibly in response to fluctuations in their costs or market demand. Additionally, it is observed that customers seem more likely to purchase when the price difference between the seller and competitor falls within a specific range (for example, up to $0.10), indicating there might be an optimal pricing zone for maximizing sales. Further analysis and research can help refine this assumption and develop strategies to optimize profit."
121,8.95,8.95,3.8127508909967105,3.8127508909967105,21.923317623231082,21.923317623231082,"Investigate the reason behind the significant drop in demand for higher priced items, and explore options to adjust pricing based on market trends while maintaining a competitive edge.","In order to increase sales, it may be beneficial to adjust the price to meet or be slightly lower than the competitor's price in most rounds. However, occasionally offering a higher price might create a sense of exclusivity or superiority, increasing perceived value and potential profit per sale. Regularly analyzing the competition's strategy is crucial for price adaptation.","Competition exists at various price points, but there's a higher demand at lower prices (8.75 - 9.05). It may be necessary to find ways of adapting pricing strategy based on market trends while staying competitive in the market.","Price sensitivity appears to exist among customers as they seem to purchase more when the price is competitive or lower than the competitor's price, indicating that pricing strategy significantly impacts sales volume. It would be insightful to explore other variables, such as promotion strategies or product features, that could potentially influence customer purchasing decisions in addition to price."
122,9.5,9.12,1.9688638946042623,3.1659610954408097,12.403842536006852,18.74248968500959,"We should conduct further research on customer preferences and willingness to pay for our product in order to determine the optimal price range that maximizes profits while staying competitive against similar offerings. Additionally, explore potential partnerships or collaborations to expand our market reach and increase sales volumes.","```plaintext
- Analyze competitor's prices and market trends regularly
- Experiment with varied pricing strategies, including temporary discounts or offers
- Build customer trust through reliable product quality, exceptional customer service, and competitive pricing
```","Our customers appear to value higher-priced options in certain cases, but are less likely to purchase at significantly higher price points. It may be beneficial to experiment with a slightly higher price point while ensuring competitiveness against comparable offerings in the market. Moreover, partnerships and collaborations could help us expand our market reach and increase sales volumes.","```markdown
- Aggressive pricing strategies (e.g., setting the price too high) can significantly reduce sales volume
- Carefully consider both market trends and competitor behavior when deciding on a product's price point
- Offer competitive, but reasonable pricing in order to maintain profitability while appealing to customers
```"
123,9.1,9.5,3.2435082177779377,1.9672871791121973,19.13669848488983,12.393909228406843,"- Monitor competitor pricing changes closely to adapt our own pricing as needed
- Implement a dynamic pricing strategy to better compete in the market
- Explore possible partnerships or promotions to attract customers and combat lower price competition
- Review product quality to ensure we’re offering value that justifies higher prices when necessary","- Consider conducting customer surveys to determine the optimal pricing range that offers both competitive advantage and maximizes profit margins.
   - Experiment with a combination of permanent and temporary price drops to attract customers and boost sales. Monitor carefully to avoid undercutting our brand value or eroding profitability.
   - Develop targeted marketing strategies for promoting the product to consumers willing to pay a premium.","- The customer base responds positively to competitive pricing, but expects a corresponding level of quality and service
- Dynamic pricing strategy may be beneficial to maintain a competitive edge in the market
- Partnerships or promotions could prove effective in attracting customers amidst price competition with similar products","- There exists a segment of the market that is responsive to price drops, indicating the potential for boosting sales through promotional pricing.
   - Pricing strategy should aim to maintain competitiveness while maximizing profit margins, taking into account the perceived value of our product and the willingness of customers to pay a premium.
   - A data-driven approach that considers customer feedback, market trends, and competitor strategies is essential for making informed pricing decisions."
124,9.0,9.2,3.627243993101341,2.824900462218379,21.03801515998778,16.949402773310272,"- Monitor competitor's ongoing pricing strategies and adjust ours accordingly to maintain a competitive edge.
   - Keep an eye on customer sensitivity to price fluctuations in the long term.
   - Continuously track our own success at various price points.",Maintain a comparable price range to competitors but focus on improving product features and unique selling points to increase perceived value and potential profit margins.,"- Market is dynamic and sensitive to price changes, but customers do not seem overly price-sensitive.
   - Lower prices can still be profitable if the quantity sold increases significantly.
   - High prices may limit overall sales numbers.","Competitors' pricing around 9.0 - 9.3 is well-received by customers, while higher prices above 13 are not met with significant demand. Lower prices below 8.75 seem to generate some demand but potentially limit profitability. An opportunity for differentiation lies in enhancing the product offering or value proposition."
125,6.0,9.15,61.49957277291935,1.1990507810767703,172.19880376417416,7.1343521474067835,"1. Implement a dynamic pricing strategy, adjusting prices based on competition and market trends.
  2. Monitor sales data more closely to identify a sweet spot price where profit per unit is optimal and sales volumes are high.
  3. Investigate the feasibility of offering discounts or promotions to stimulate sales when needed (e.g., during slow periods).
  4. Regularly review customer feedback on pricing to ensure our strategy remains in line with market expectations.","Based on the provided data, consider pricing just slightly above the competitors (about 0.1-0.4 increase) in order to achieve higher profit margins. Regularly adjust the price based on competitor's movements and customer response.","- Pricing too high or too low can negatively impact sales volumes. A sweet spot price is needed to maximize profit potential while appealing to the most customers.
  - Our competitor has been consistently pricing their product within a narrow range, likely due to market research and understanding of customer preferences. To remain competitive, our company must carefully consider our pricing strategy when adjusting prices.
  - Gathering more extensive sales data can help identify trends and patterns in customer purchasing behavior that will inform strategic decisions on pricing.
   - Offering discounts or promotions strategically may be necessary to stimulate slow-moving inventory. This approach should be researched further before implementation.","Prices around 9.0 - 9.5 seem to be profitable, but it is essential to keep an eye on competitors' pricing strategies and make adjustments as needed. Observing customer demand in relation to price changes can provide valuable insights for future decision making. Pricing too low or too high could negatively impact profitability."
126,9.0,9.25,3.6334627396789845,2.658298127544428,21.07408389013811,16.08270367164379,Evaluate the impact of adjusting prices to match or slightly undercut that of the competition while still ensuring profitability. Monitor the response in sales volume and customer behavior. Consider implementing targeted promotions during low-sales periods to boost demand.,"1. Analyze product quality and offer premium versions to customers willing to pay more
2. Study the competition and identify gaps in their offerings to differentiate our product
3. Create a marketing strategy that highlights the value we bring compared to competitors
4. Continuously monitor customer feedback to adjust our product and pricing accordingly","Lower prices may be more attractive to customers, as evidenced by increased sales volume for the competitor. However, it's crucial to maintain a pricing strategy that ensures profitability. Dropping the price temporarily could create an initial draw, but long-term success may require careful reconsideration of the strategy and implementing promotions during slower sales periods.","1. Customers are willing to pay more for better quality products and additional features
2. Competition is tight, but there is room for differentiation if we can identify unique selling points
3. Balancing price and profitability is crucial in attracting customers without compromising profit margins
4. Customer feedback should be an ongoing consideration in product development and pricing decisions"
127,9.0,9.05,3.606234793079517,3.3877440721913508,20.916161799861197,19.818302822319403,"Analyze historical pricing data to identify patterns and trends, with a focus on finding the most profitable price point while maintaining competitive quantities sold. Consider A/B testing different price points in future pricing rounds to validate findings.",Evaluate the impact of slightly reducing product prices and monitor customer response while ensuring quality remains consistent. Investigate potential volume discounts for large-scale customers. Consider implementing a new marketing strategy targeting potential clients attracted by our competitor's lower prices.,"Higher prices do not always result in higher profits due to lower quantities sold. Conversely, lower prices can still result in substantial profits when quantity sold is high enough. It seems that a sweet spot price exists between 8.75 and 9.0 for maximizing both profit and quantity sold. However, more pricing rounds are needed to confirm this pattern before making any definitive conclusions or future pricing decisions.","Reducing prices might increase the number of customers while maintaining similar sales per customer, leading to increased overall revenue. Targeting larger volume discounts can help secure more significant orders from bigger businesses. A new promotional strategy aimed at swaying customers away from our competitor is necessary due to their appealing lower prices."
128,9.12,9.12,3.128509792289416,3.128509792289416,18.52077797035334,18.52077797035334,"- Continue monitoring sales trends at different price points to identify optimal pricing sweet spots that maximize both sales and profit.
   - Consider implementing a dynamic pricing strategy to adjust prices based on market demands and competitor pricing.
   - Investigate ways to improve product value perception, such as offering better packaging or additional features, to justify higher price points.","- Continue monitoring market competition and adjust price accordingly.
   - Explore methods to strengthen the perceived value of our product (e.g., improved packaging, unique features).
   - Analyze customer feedback and preferences to ensure prices are competitive yet profitable.
   - Evaluate potential partnerships for cross-promotion to boost sales and gain a competitive edge.","- Lower pricing seems to drive increased sales, but with lower profit margins.
   - A slight price increase (e.g., from 8.75 to 9.12) can lead to an increase in sales due to perceived value boost.
   - Keeping a competitive price point is essential in maintaining market share and attracting customers.","- Higher pricing strategy appears to be effective in some cases, but maintaining market competitiveness is crucial for long-term success.
   - Stronger perceived value may help increase profits and customer loyalty over time.
   - Customer feedback should continue to guide pricing decisions for optimal sales and profitability.
   - Collaborative partnerships can help reach new customers and strengthen market positioning."
129,9.0,8.75,3.5514922874376476,4.854314406255891,20.598655267138355,26.941444954720193,"- Price our product closer to competitors to increase volume, but be aware of lower profit margins.
   - Monitor competitor pricing changes and adjust ours accordingly.
   - Investigate potential cost savings in production that could allow higher prices while still remaining competitive.","Investigate different pricing strategies, specifically discounts and promotions, to attract more customers. Research other factors like packaging and branding that could help set our product apart from the competitor's.","- In rounds where we price above the competition, our profit per unit is often higher due to their higher production costs.
   - Increasing price can lead to lower volume sales but overall increased revenue if cost savings in production are taken into account.
   - Keep a close eye on pricing strategies of competitors and adjust ours accordingly to maximize both volume and profit.","Competitors have a slight price advantage in some rounds but offering unique or premium products at higher prices can still attract buyers. It is important to find the balance between competitive pricing and setting ourselves apart in other aspects, such as quality, marketing, or customer service."
130,8.95,9.05,3.82990926902051,3.379883067090626,22.02197829686793,19.772315942480162,"- Monitor competitor's price changes and adjust pricing accordingly
- Investigate ways to reduce costs to stay competitive with lower prices
- Consider introducing promotions or discounts to attract customers despite lower prices","- Monitor competitor's pricing strategy closely
   - Understand reasons for increased sales in our higher-priced rounds
   - Consider occasional price drops to remain competitive
   - Analyze customer feedback and satisfaction with the product","- The market responds well to lower prices, as indicated by the high volume of sales at those price points
- Customers may perceive our higher prices as too expensive compared to the competitor's offering
- Our brand image and positioning might need reevaluation if we want to compete effectively at lower prices.","- Competitor's pricing strategy is dynamic and somewhat reactive
   - Higher prices can lead to increased sales in certain situations, likely due to customer perception of quality or other factors
   - Consistently high pricing may lead to loss of customers to the competitor
   - Regularly monitoring customer feedback and satisfaction is crucial for long-term success"
131,9.0,9.1,3.613651923409978,3.189036629428177,20.959181155777873,18.815316113626242,"To maintain a competitive edge, it may be beneficial to lower the product price when in direct competition with similar priced items but higher priced items can still sell well if positioned correctly and marketed effectively.","In order to capitalize on segments of the market willing to pay a premium, we should consider introducing a tiered pricing structure, offering our base product at the current price and a higher-end version at a slightly increased price. This could allow us to tap into both the cost-sensitive and luxury markets simultaneously.","Higher prices do not always guarantee better sales and sometimes, even though the product is priced below its competitor, it can still attract more buyers. It's essential to monitor competition and be agile in price adjustments as needed.","We've observed that customers respond positively to the product when priced competitively yet remain cost-conscious. Pricing our product slightly above market average could provide an opportunity to increase profit margins while still appealing to this customer base. On the other hand, it is crucial to monitor market trends as competitors appear to adjust their prices frequently based on various factors."
132,9.1,9.0,3.189036629428177,3.613651923409978,18.815316113626242,20.959181155777873,"Maintain or adjust price to closely match the competition while also considering the overall cost structure of production, market demands, and potential profit margins. Continuously monitor and evaluate our pricing strategy based on the impact on sales quantity.","Focus on maintaining a competitive yet profitable price range, while also keeping an eye on the competitor's pricing strategies and adjusting accordingly to maximize sales without compromising the profit margin.","- Keeping a competitive edge in pricing helps stimulate sales, as shown by rounds 34 and 35.
- Being considerably more expensive than competitors can lead to a drop in sales as demonstrated in round 33.","The seller has been able to maintain a consistent profit even with gradually decreasing prices, suggesting that there is room for price flexibility within this range without significantly impacting the total profit. Additionally, it may be beneficial to periodically monitor and adjust pricing based on the competitor's offerings to remain competitive while maintaining strong sales figures."
133,9.1,9.0,3.189036629428177,3.613651923409978,18.815316113626242,20.959181155777873,"To maximize sales while maintaining a high price point, we should focus on developing unique selling points that differentiate our product from the competitor. Marketing efforts should be directed toward highlighting these distinct advantages. In addition, we need to be nimble in adjusting prices as needed based on market conditions and consumer preferences.","To optimize the pricing strategy, we can experiment by lowering our price slightly from its current $8.75 to remain more competitive with the average competitor price of approximately $9. This should help increase unit sales while maintaining a reasonable profit margin.","Over the 70 pricing rounds, we observed that our product has a relatively stable demand, although it appears vulnerable when priced too close to or above the competitor's product. Lower price points result in higher sales volume but lower profit margins. Higher price points result in smaller volumes but higher profit margins. It seems crucial to maintain a balance between competitiveness and profitability while keeping an eye on market trends and consumer preferences.","The pricing round data shows that pricing too high, even if it results in higher profit per sale, may negatively impact overall revenue by reducing the quantity sold. Conversely, lowering our price can potentially increase total sales and overall revenue while maintaining a similar profit margin. It's crucial to find a balance between maximizing profits and driving sufficient volume in sales."
134,9.1,8.9,3.173765985722683,4.075196192286942,18.725219315763827,23.22861829603557,"Consider raising the product's price gradually, by small increments (e.g., every 5-7 rounds), to test if customers are willing to accommodate an increase based on perceived equivalency with the competitor's product. Monitor the impact of each price rise on sales and adjust accordingly.",Consider lowering the price slightly to remain competitive or provide more attractive options to potential customers by offering bundle deals or discounts on multi-item purchases.,"The market appears receptive to a higher price point, possibly due to the perceived quality and features of both products being relatively similar. However, it is essential to tread cautiously when raising prices, as customers may become sensitive to any significant increases in cost.","Lower prices can lead to increased sales volume, while maintaining higher pricing can allow for increased profit margin when demand remains strong. It may be beneficial to monitor competitor price changes and adjust our pricing strategy accordingly. Keep in mind that offering additional product features or benefits could help differentiate from the competition and maintain a premium price."
135,9.1,9.1,3.2026355096124832,3.2026355096124832,18.89554950671365,18.89554950671365,Maintain a competitive yet profitable pricing strategy. Monitor competitor moves closely to make timely adjustments while considering the potential impact on overall profitability and market positioning.,"```
Adjust pricing strategies based on market competition:
- Observe the competitive landscape and dynamically price our product to outperform the competition under certain conditions
- Experiment with higher prices when the competitor is perceived as less attractive or when demand for their product is low
- Adopt lower prices when our product's perceived appeal is greater or in times of high customer interest in the competitor's offerings
```","There is a perceived sensitivity to losing market share; price increases often follow changes in competitor prices or if sales decline. Lowering the price does not always lead to increased sales, suggesting that pricing may be more closely linked to perceived value rather than simply cost-based competition.","```
Customer sensitivities to slight price changes can result in significant differences in sales quantities
Trend suggests that increasing our price above the competition can lead to higher sales when perceived appeal of their product is lower
Adjusting pricing dynamically based on market conditions seems effective for competing in this competitive landscape
```"
136,9.0,9.5,3.6595717962375987,1.9588276274219443,21.22551641817807,12.340614052758248,"- Implement a more dynamic pricing strategy, with regular monitoring and adjustment based on the sales volume, profit margins, and market conditions.
   - Explore opportunities to offer various price points to cater to different customer segments, ensuring competitiveness without compromising profits.
   - Conduct customer research to gain insights into pricing preferences and sensitivities among different customer groups.","In order to maximize profits, it seems that a strategic balance needs to be struck between price and sales volume. Lowering the price slightly from its current level might attract more customers, but it is important to ensure that the profit margin does not become too thin.","- The competitor's flexible pricing strategy seems to be effective in maintaining sales volume and targeting various segments of the market.
   - Higher price points may still attract a significant number of customers, indicating that not all buyers are solely price-sensitive.
   - Monitoring trends and adjusting our pricing strategy accordingly could help maximize profits and maintain competitiveness in the market.","The data suggests that customers are willing to pay premium prices for this product, with a significant drop in demand only when the product's price exceeds 10 dollars. It also shows that the overall profit decreases as the price increases, highlighting the importance of considering the cost-to-sales ratio when setting a pricing strategy."
137,9.2,9.35,2.8616822147112413,2.372417882974595,17.170093288267445,14.59036998029376,"- Maintain close monitoring of the competitor's pricing strategies and adjust accordingly.
   - Investigate market trends to ensure competitiveness and potential for increased profit margins.
   - Consider exploring alternative sales channels or product offerings to diversify revenue streams.","- Explore opportunities to slightly raise our prices and test the reaction of the market without sacrificing volume.
   - Consider experimenting with lower price points if we believe that increased volume could outweigh the decrease in revenue, providing insights into potential growth strategies.","- The target price range is between $8.75 and $9.50, with higher prices resulting in lower unit sales and slightly higher profit margins.
   - Lowering the price to $8.75 increases the number of units sold significantly but reduces overall profitability.
   - There is some potential for market growth by capturing a larger share of the customer base through strategic pricing or new product offerings.","- Consistent demand at around 4 or slightly higher units sold per round suggests stable demand in this product category.
   - Competitor prices slightly undercutting ours did not drive more sales, indicating possible room for higher pricing."
138,9.2,8.95,2.818307394539874,3.8521694767477683,16.90984436723924,22.149974491299666,"Implement a more consistent pricing strategy that aligns with our desired profit margin. To drive volume and attract customers, ensure prices lean towards the lower end while maintaining a healthy margin. Periodically review competitor's pricing and adjust accordingly to stay competitive.","Strategy should focus on keeping the price competitive while emphasizing the superior qualities or added value our product provides compared to the competitor. Offer attractive discounts or promotions during periods of lower demand to encourage sales. Additionally, focus on continuous quality improvement and innovation to maintain a competitive edge in the market.","Our competitor is flexible in setting their prices, but it seems that low-priced items sell better than high-priced ones. The competitor may not have a definite strategy in place for their product offerings. This leaves an opportunity to capitalize on consistent pricing and drive volumes by targeting affordability for our customers.","The market seems sensitive to price changes and is more likely to purchase our product when it offers superior quality and value compared to the competition. It is crucial to monitor competitor pricing and adjust our own accordingly while maintaining a focus on continuous quality improvement. Additionally, our product's pricing appears more effective when strategically linked to promotions or periods of lower demand. Lastly, there seems to be room for further research into understanding customer preferences and willingness-to-pay in order to optimize our pricing strategy even further."
139,9.16,8.95,2.9585300963424475,3.8466112116327134,17.632839374200987,22.1180144668881,"* Analyze market trends by comparing your prices with similar products and adjust accordingly.
   * Investigate factors affecting sales volume to ensure a balance between quantity sold and profitability.
   * Continuously monitor competitor pricing strategies to anticipate potential price wars or other changes.",Consider adjusting the pricing strategy to match our competitors more closely while keeping an eye on opportunities to capitalize on customers who may be willing to pay a premium for exclusivity or additional benefits.,"* Lowering the product price can lead to increased sales volume, but this may come at the expense of reduced profitability.
   * It is crucial to balance short-term gains (increased sales) with long-term viability (profit margins).
   * Competitors' pricing strategies should be closely monitored to gauge market conditions and adapt your pricing accordingly.","The data suggests that being price competitive can lead to higher sales volumes but maintaining a higher price might attract less customers, yet those may be more profitable in the long run due to the higher margins. Monitor price elasticity and make adjustments accordingly."
140,9.1,9.0,3.189036629428177,3.613651923409978,18.815316113626242,20.959181155777873,"- Analyze sales data per price point to identify optimal pricing strategy based on profit and quantity sold.
- Evaluate the impact of different discounts and promotions on sales volume and revenue.
- Monitor competitor's pricing changes and adjust pricing accordingly to stay competitive.","- Adjust pricing strategy to reflect market competition and customer demand.
   - Monitor sales data to identify trends and optimal price points.
   - Consider offering discounts or promotions to boost sales at the current lower price range.","- Prices around $9 - $9.25 tend to maximize profit per unit while maintaining steady sales volume.
- Higher prices may not lead to significantly higher profits due to reduced sales volumes.
- Lowering the price slightly can increase sales volume but at the cost of lower profit per unit sold.","- Customers are more likely to purchase when prices are within the 8.75 - 9.25 range.
   - Higher prices see significantly less demand.
   - The competitor's slightly lower prices do not seem to be impacting sales significantly."
141,9.0,8.95,3.590041091242774,3.8215788489153657,20.822238329208087,21.97407838126335,Keep a close eye on competitor prices and adjust pricing accordingly. Maintain price around the average that leads to significant quantity sold without risking low profits. Consider using periodic discounts or promotions to attract more customers.,Adapt pricing strategy to maintain the price just below or around $9 in order to maximize both total sales and profit. Consider monitoring the market performance of competitors when adjusting pricing to account for changes in the competitive landscape.,"Increase awareness of product's unique selling points (USPs) to differentiate from competitors, encourage customer loyalty, and maintain stable prices. Regularly monitor market trends and customer preferences to stay competitive.","It seems that a higher profit per sale can be achieved with a higher priced product, but a greater number of sales can be obtained by maintaining prices lower than $9. Additionally, it is essential to consider market competition when adjusting pricing strategy in order to remain competitive and maximize profit potential."
142,9.0,9.0,3.598372682664919,3.598372682664919,20.87056155945653,20.87056155945653,Maintain a competitive yet profitable pricing strategy. Monitor market trends and adjust pricing accordingly to maximize profit while remaining attractive to consumers.,"- Monitor the competitor's pricing strategy, as frequent changes in their prices do not seem to follow a discernible pattern.
   - Take into account the correlation between price reductions and increased sales volume.
   - Consider adjusting our pricing if the competition drops theirs significantly in order to maintain or increase market share.
   - Analyze the impact of different pricing tiers on profit margins and select the most profitable option.
   - Evaluate the possibility of introducing sales promotions to boost unit sales while maintaining decent profitability.","-Consumer price sensitivity is moderate, with some willingness to pay higher prices for the product
-Optimal pricing range appears to be between 8.75 to 9.25, based on historical sales data","- The competitor is not consistent in their pricing strategy, with prices ranging from 8.5 to 9.56 throughout the observed pricing rounds.
   - Price reductions seem to result in increased sales volume, but this may come at the expense of profit margins.
   - It's important to consider strategic pricing and adjust our offerings accordingly to maximize profits while maintaining or increasing market share."
143,8.9,8.5,3.935672787786721,6.488827439739637,22.43333489038431,34.39078543062008,Maintain competitive pricing while monitoring competitors' actions and adjust price accordingly to maintain sales and profit levels.,Continue monitoring competitor pricing and adjust our own pricing strategy to maintain profitability and remain competitive. Consider offering occasional discounts or promotions to encourage sales while maintaining overall revenue.,"The product is more sensitive to lower-priced competition, but it still manages to stay on top due to its competitively priced features. It is essential to keep a close eye on competitors with higher prices as an opportunity might arise to raise our price and capture more profit.","Adjusting the price of the product can have a significant impact on the number of units sold, although the relationship between price and demand appears complex and may be influenced by external factors such as competitor pricing. It's essential to closely monitor both our own prices and those of the competition."
144,8.75,9.25,4.901029303385122,2.623331946143352,27.200712633787425,15.871158274167279,Evaluate potential impacts on consumer preferences and purchasing power when adjusting pricing strategy. Keep an eye on competitor moves and consider making minor fluctuations to keep the competitive landscape balanced while maximizing profit margins.,"- Monitor competitor pricing trends and adjust our prices when necessary to maintain a competitive edge
- Explore higher pricing tiers to capitalize on profit margins shown in the data (e.g., 9.25, 9.35, 9.5)","By analyzing the quantities sold, it appears that a lower price point may have an advantage in winning more sales when compared to our competitor's higher prices; however, it is important to strike a balance between profitability and market share. Additionally, considering consumer preferences and purchasing power when making pricing decisions will be essential for staying competitive in this market.","- Elastic demand for our product, responding well to both lower and slightly higher pricing tiers
- Competitor pricing strategy is dynamic, adjusting prices based on volume sales objectives and differentiation efforts
- Potential opportunity for increased profit margins when priced above competitor but near the upper price limit of elastic demand (e.g., 9.25, 9.35, 9.5)"
145,8.75,7.0,3.474451814087597,30.967451931812704,19.283207568186164,117.67631734088827,"- Continue monitoring competitor's pricing strategy, taking note of patterns and adjust pricing accordingly.
    - Keep a close eye on the quantities Sold to identify any potential optimal price points.
    - Consider offering limited-time promotions or discounts if necessary to stay competitive.","To maintain a competitive edge and maximize profits, it seems that a pricing strategy of lowering the price when my competitor raises it and raising the price when they lower it would be effective. However, it is crucial to consider the impact of this strategy on profit margins and potential long-term customer loyalty.","- The relationship between price and quantity sold appears significant, implying that adjusting price could impact sales volume.
    - Keep a close eye on the competitor's pricing tactics and adapt quickly to remain competitive in the market.
    - It may be necessary to strike a balance between maximizing profits through higher prices and attracting customers with competitive pricing.","Price sensitivity among customers appears to lean towards a preference for lower prices, but they are still willing to pay higher prices if no direct competitors offer a lower price. The competitor's pricing strategy seems sensitive to my own price changes, suggesting a need for careful observation and response in pricing decisions."
146,8.65,8.75,5.395491738743881,4.761504747362247,29.405429976154153,26.42635134786047,"- Analyze competitor pricing strategies more closely to identify trends, optimal prices, and potential opportunities for promotional offers
   - Conduct a market analysis to determine consumer preferences and willingness to pay
   - Develop targeted marketing campaigns to drive sales and attract new customers","- Maintain competitive pricing around the 8.75 to 9.0 range.
   - Explore targeted product differentiation to justify slight increases in price at specific points.
   - Monitor competitor strategy changes and adjust accordingly.","- Our current pricing strategy may discourage some price-sensitive consumers from purchasing our product, as lower priced competitors may offer a more appealing deal
   - There seems to be an optimal price range where consumers show increased interest in purchasing our product, with our current price being slightly on the expensive side compared to competitors
   - A pricing strategy that combines competitive pricing with targeted promotions could potentially boost sales and help capture market share from lower priced competitors","- Higher prices (9.5) might be successful against certain competitor pricing strategies when no other significant price differentiators exist.
   - Consistently competitive pricing maintains market presence but can limit potential profitability."
147,8.95,9.0,3.8215788489153657,3.590041091242774,21.97407838126335,20.822238329208087,"To stay competitive while maximizing our profit, we should continue monitoring our competitor's pricing strategies and adjust ours accordingly. It is essential to consider the impact on quantity sold and total profit when contemplating a price change.","The seller should focus on striking a balance between competitive pricing and quality differentiation to maximize sales volume while still generating substantial profits. This means choosing a price somewhere near the competitor's but distinct enough that it adds perceived value to customers, as demonstrated in rounds 39, 40, 41, 56, 57, and 58. Additionally, being mindful of market trends and customer demands can help better adjust pricing during periods of high or low demand, such as the shift seen from rounds 21 onwards.","- Understanding the relationship between price point, sales volume, and overall profit is crucial in this competitive market
- Monitoring our competitor's pricing strategies can help us make informed decisions about adjusting our own price points","Continuously monitor market demand, consumer preferences, and competitor pricing strategies to remain competitive and maximize profit potential. Identifying opportunities to differentiate through quality, innovation, or marketing strategy may also bring long-term success in adjusting prices accordingly. Keep in mind that while a lower price can boost sales volume, focusing on margin should not be overlooked. Also, being willing to adapt pricing based on trends and changes in consumer behavior will better position the seller for growth over time."
148,8.0,9.0,11.526632249047719,3.302435430995532,55.32783479542905,19.154125499774086,"In light of the pricing data, it's crucial to maintain a balance between competitiveness and maintaining healthy profit margins. Consider implementing a dynamic pricing strategy that takes into account factors like competition, market trends, and seasonal demand. Continuously monitor the market and adjust prices as necessary to stay competitive without compromising on profits.","To maximize profit, it may be worthwhile to explore strategies such as upselling premium products and maintaining a mix of high- and low-priced items. Testing varying price points and monitoring sales volumes and profits will help tailor the offering in response to consumer demand.","Price sensitivity analysis shows that there is room for price reductions to increase sales volume, but this should be weighed against potential brand degradation or a loss of profit margin. Dropping the price too low during periods of high competition may not significantly boost sales volume due to market saturation and lower awareness of our brand.","Prices seem to have an inverse relationship with sales volume, but there is more profit per item sold at higher prices compared to lower prices. There appears to be a level of price sensitivity among consumers, so maintaining affordability while maximizing profits must be carefully balanced."
149,9.0,9.0,3.598372682664919,3.598372682664919,20.87056155945653,20.87056155945653,"- Continue adjusting pricing strategies while monitoring customer trends and competitor movements
   - Analyze purchase patterns to identify opportunities for upselling or cross-selling
   - Explore partnerships with complementary businesses to expand market share
   - Investigate potential price discounts during slower sales periods","- Maintain a competitive pricing strategy while ensuring profitability.
   - Keep an eye on the rival's price fluctuations to adjust as needed.
   - Consider offering promotions or discounts during periods of slower sales.","- Customers appear willing to pay higher prices for our product, as indicated by sales of up to 11.53 units on several occasions
   - Pricing competition with the competitor may impact overall market saturation and profitability
   - Consistent pricing over time may help establish brand recognition and loyalty among customers
   - There are opportunities to explore additional revenue streams through partnerships or promotions","- Lower prices can lead to increased unit sales, but lower overall profit per sale.
   - Higher prices may limit quantity sold, but each sale yields a greater profit.
   - It's crucial to monitor the rival's pricing strategy and adjust accordingly."
150,9.35,8.95,2.347771596288178,3.8708209695459144,14.438795317172294,22.257220574889004,Continue observing the price-quantity relationship between both parties in order to gain additional insights. Keep tracking the optimal price points that offer better profitability and ensure a higher volume of sales.,"- Monitor market competition more closely
   - Evaluate the impact of price adjustments on sales
   - Consider a tiered pricing strategy to cater to different customer segments
   - Implement surveys to gauge customer perception of the product's value and willingness to pay","The competitive landscape seems tighter than initially expected, with both companies adjusting their prices frequently and showing awareness of each other's moves. Identifying an untapped market niche or targeting secondary markets could help establish a stronger position in the market.","- Customers who prioritize quality are more likely to choose our product despite the higher price
   - Customers sensitive to cost may opt for lower-priced competitors, indicating a need to tailor pricing based on market segments"
151,8.25,8.75,8.594828369346136,4.6004801108517555,43.40388326519798,25.53266461522724,Analyze the competition's pricing strategy closely for future adjustments. Evaluate how changes in sales volume affect overall profit margin and consider implementing flexible pricing schemes to optimize both factors.,Adopt a dynamic pricing strategy that takes into account both demand sensitivity and competitor's prices. Regularly review and adjust the price based on sales and competition dynamics.,"Lower prices can lead to increased sales volume, but a significant impact on the profit margin should be carefully considered. Conversely, higher prices may result in lower volumes but could allow for maximizing profits per sale. A balance between the two pricing strategies appears crucial.","The product exhibits elasticity in its demand, meaning small changes in price can significantly impact sales volume. Competitive analysis is important for setting an appropriate pricing strategy, as competitor prices also affect demand."
152,8.75,8.5,4.7091058854058865,6.436584593177589,26.13553766400267,34.11389834384122,"- Adjust pricing strategies to make our product more competitively priced, aiming for the 8.75 price range or below.
   - Investigate potential manufacturing cost adjustments if necessary, focusing on maintaining profit margins without compromising quality.
   - Launch promotions and advertising campaigns to attract customers drawn by the lower pricing.","- Explore a slight price decrease to capitalize on the visible customer demand and sales volume potential.
   - Maintain close observation of market dynamics to ensure profitability is not compromised.
   - Consider implementing price promotions to generate further interest and attract more customers.","- Lower market prices have a positive impact on sales quantity but may not affect profits significantly at current manufacturing costs.
   - Customers seem more price-sensitive than initially thought, as sales volumes increase under lower price points and remain stable around the 8.75 mark.
   - Considering the competition's pricing strategy, it appears that we have a competitive advantage in the market by offering our product at lower prices while maintaining quality.","- The product's performance can bring in significant sales if priced competitively compared to the competition.
   - Customer demand is strong at lower price points, which may indicate a potential market segment sensitive to value pricing."
153,8.75,8.95,4.843220932505332,3.7719042548229798,26.879876175404593,21.68844946523213,"Monitor the competitor's pricing strategy
Adapt our pricing based on the competitor's movements
Evaluate different pricing tiers to find an optimal sweet spot
Adjust pricing strategies to respond to changes in market demand or saturation
Keep a close eye on consumer behavior and preference toward our product versus competitors","To remain competitive, it would be advantageous to monitor changes in the market and adjust prices accordingly. Flexibility in pricing may help attract more customers while maintaining profit margins. Additionally, focusing on brand image and customer loyalty could ensure repeat business and steady profits.","Lowering our price increases sales volume but may negatively impact profit margins if the competitor also lowers their price
Raising our price can create a perceived value and improve profit margins, while maintaining sales volume by leveraging existing customer loyalty
Competitor pricing fluctuations don't significantly impact their sales when prices are close to ours
Consistency in sales suggests customer loyalty despite minor variations in price differences
There appears to be a degree of market saturation for certain price points with minimal impact on sales volumes","The data suggests that while both strategies (steady pricing vs continuous price adjustments) can lead to success, the main contributor to competitiveness seems rooted in customer demand rather than fixed or variable pricing itself. Developing a strong brand image and fostering customer loyalty may provide additional insights for maintaining long-term profitability and growth."
154,9.0,8.9,3.581214448353298,4.058047612252108,20.771043800449128,23.130871389837015,"Consider offering a competitive price point close to the competition (e.g., 9.0) while optimizing marketing strategies that cater to those who prioritize cost but are willing to pay for quality. This may attract more customers, increase sales volume, and maintain profit margins.","- Maintain competitive pricing but with occasional small decreases to capitalize on the competitor's price increase.
   - Monitor sales volume and customer feedback to ensure any changes in pricing do not negatively impact sales or customer satisfaction.
   - Keep an eye on the competition's pricing strategy and adjust ours accordingly.","In this market, pricing strategy significantly impacts both the quantity of sales and overall financial performance. Optimizing prices in relation to the competitor's price can help maximize profits, as well as gain a larger share of the market. Price sensitivity is demonstrated in the data provided, so adjustments should be made accordingly. It may also be advantageous to explore pricing tiers or promotional offers in subsequent rounds for further enhancement.","- Lower prices appear to lead to increased sales.
   - The competitor seems sensitive to our price changes and often follows suit with their own slight changes.
   - Customer feedback suggests that our current pricing is perceived as fair and competitive."
155,8.75,8.75,4.79188467283,4.79188467283,26.5949599342065,26.5949599342065,"Continue offering competitive pricing that balances between affordability and perceived value to maintain customer loyalty and attract new customers. To further boost sales, consider introducing promotions or bundles.","- Maintain competitive pricing by keeping costs low and increasing volumes.
   - Continuously monitor the competitor's prices to maintain competitiveness.
   - Develop marketing strategies to target customers who are price-sensitive or value-driven.
   - Explore opportunities for volume discounts, bulk sales, or package deals to increase overall sales.
   - Monitor customer feedback and adjust offerings as needed to stay relevant in the market.",Maintain a strong brand identity and develop strategies to demonstrate unique product benefits that can justify higher prices. Keep an eye on the competitive landscape and be prepared to adjust prices as needed based on competitor moves and market conditions.,"- The price sensitivity is relatively high in this market. Customers appear to prefer lower-priced products over higher-priced ones.
   - It may be beneficial to target promotions towards customers who are price-sensitive or value-driven.
   - Keeping costs low and increasing sales volumes can lead to higher profits in the long run, despite initially seeming less profitable per unit sold.
   - The competitive landscape is dynamic, requiring constant monitoring of competitor pricing.
   - It's essential to stay agile and react quickly to changes in the market or customer preferences."
156,8.95,8.95,3.8127508909967105,3.8127508909967105,21.923317623231082,21.923317623231082,Consider testing competitive pricing to better match the market and increase our sales volume.,"- Analyze competitor's pricing strategy and identify optimal price points where sales increase significantly without causing a significant loss in profit margin
   - Consider adjusting prices according to market fluctuations and consumer demand to maintain a competitive edge
   - Develop a dynamic pricing model that can accommodate rapid changes in the market
   - Collaborate with marketing team to develop promotional strategies to boost sales during price drop periods",Competitor's price reduction increases their sales significantly compared to our current prices. We should re-evaluate our pricing strategy.,"- Lower prices compared to the competitor tend to increase sales while keeping profit margins sustainable
   - Aggressive pricing can potentially attract more customers, but must be done judiciously to avoid significant loss in profits due to market fluctuations or underestimating costs"
157,8.95,8.95,3.8127508909967105,3.8127508909967105,21.923317623231082,21.923317623231082,"Given that a lower price strategy has been somewhat effective in boosting sales for a short period during rounds 72 to 80, it may be beneficial to occasionally reduce our product's price to attract more customers. However, maintaining a steady and competitive pricing approach is essential to avoid diminishing the value of the product in the long run. Close monitoring of competitor price movements and sales performance will be crucial for informed decision-making.","To optimize our sales, we should target competitive prices with the competitor while also considering our unit cost and our goal to maximize profits. We should be mindful of our high-profit range ($20-$22 per unit).","Based on observation, competitors seem to occasionally offer lower prices which may impact our sales. However, maintaining a steady competitive pricing approach generally results in acceptable sales volumes. The data also suggests that customers are more likely to purchase the product when there is a price drop or increased competitiveness compared to the competitor. Further research should focus on identifying the optimal balance between competitive pricing and maintaining profitability margins for long-term success.","Sales volume is sensitive to price differences with the competitor, but profit per unit appears relatively constant at around $20. Our focus on maximizing profits should guide us toward smart pricing decisions that account for both the sale quantity and price point needed to maintain our favorable profit margins."
158,8.5,8.95,6.504337054861288,3.7060595401208847,34.47298639076483,21.309842355695082,"With these findings, we should focus on lowering our prices slightly in order to increase sales quantity and potentially boost profit over the long term. We will monitor the data closely to ensure that this strategy remains profitable.",Adjust pricing strategy based on market fluctuations and customer behavior. Implement a mix of high and low prices to attract more buyers and maximize profit margins. Monitor customer patterns closely to identify potential areas for price optimization.,"The relationship between price and sales quantity is evidently significant. Prices at 8.0 and below seem to generate the most sales, but the highest profit per sale is still observed when the price is a bit higher. This suggests that finding an optimal balance between lowering prices for increased volume and maintaining a reasonable profit margin should be our priority.","Market seems to respond well to both low and high prices, but customer patterns indicate sensitivity to price changes. Lower prices may attract a higher quantity of buyers, while higher prices can secure greater profit margins. It appears that some customers switch between low and high prices, which suggests the need for an adaptable pricing structure."
159,8.95,8.95,3.8127508909967105,3.8127508909967105,21.923317623231082,21.923317623231082,We should focus on maintaining a competitive yet attractive pricing strategy. This means adjusting our prices depending on the competitor's moves and current market trends. We should also consider promotional offers or bundles that add value without affecting our profits significantly.,Consider adopting a strategy whereby you gradually increase your price when you see that it remains consistent or lower compared to your competitor's price. This could help boost profit margins over time while maintaining a level of competitiveness in the market.,"1. Our product has consistent demand in the market.
2. The competitor seems to be using a premium pricing strategy which might affect our sales if we don't adjust accordingly.
3. Promotions or bundles could potentially increase sales without affecting profits significantly.","It seems that consumers may be more responsive to lower prices rather than being deterred by slightly higher prices as long as quality remains consistent. By closely monitoring your competitive environment and adjusting pricing accordingly, you can capitalize on this insight to maximize sales volume while maintaining profitability."
160,8.95,8.75,3.7719042548229798,4.843220932505332,21.68844946523213,26.879876175404593,"- Maintain a competitive pricing strategy while keeping focus on quality and customer satisfaction
   - Continue monitoring competitor prices and adjust own prices accordingly, with slight reductions when necessary
   - Evaluate factors influencing demand to ensure price reductions do not lead to diminishing returns","- Continue monitoring competitor's pricing strategy to identify patterns and opportunities
- Consider adjusting my own price strategically to gain or retain market share, while maintaining profit margins
- Diversify product offerings or improvements to cater to customer needs and preferences
- Investigate potential collaborations with complementary businesses for cross-promotion or bundling deals","- Competition in pricing is essential
   - Price reduction can potentially increase sales volume and profit (round 64-65 vs round 70)
   - Stable demand at the $9 price range, but sensitive to sharp price reductions (rounds 61-62)
   - Maintaining quality products is crucial for loyal customer retention","- A significant price difference between the products can lead to a shift in market share
- Lowering the price temporarily may help increase sales and boost profits
- Customer behavior is sensitive to price changes, indicating the need for careful pricing strategy adjustments
- Continuous monitoring of competitor's moves is essential to maintain a competitive edge"
161,8.95,8.95,3.8127508909967105,3.8127508909967105,21.923317623231082,21.923317623231082,"* Monitor the competitor's pricing strategy more closely and be prepared to adjust our own prices accordingly
   * Continue to offer competitive pricing during periods of low demand while maximizing profits during high demand
   * Study consumer behavior to better predict market trends and adjust prices proactively","Analyze the trends more closely within each price segment to identify patterns that might inform future pricing strategies. Additionally, consider incorporating promotional events to boost sales during periods of lower demand or when our prices are higher than the competition.","* Adapting to changing market conditions is essential in maintaining a competitive edge
   * Consumer demand appears to be responsive to pricing changes, with higher-priced items potentially attracting more buyers when perceived as higher quality
   * Maintaining a dynamic, responsive pricing strategy may offer opportunities for increased profits and market share","The optimal price range seems to be between $8.85 and $9.12, as this appears to balance profits and sales effectively. Price fluctuations in response to competitor moves do seem beneficial but require careful monitoring. Consideration should also be given to promotional events to entice customers during less busy periods."
162,8.85,9.35,4.363724427535237,2.335733370745724,24.655043015574087,14.364760230086203,"- Monitor competitor prices and adjust pricing strategically to remain competitive but maximize profit margins.
 - Continuously evaluate the impact of pricing sensitivity (quantity sold) on the overall revenue stream.
 - Conduct regular market research to understand customers' perceived value based on the range of prices offered.","-Monitor competitor pricing strategy closely
   -Analyze transaction data to identify potential price-quantity relationships
   -Keep an eye on the competitive environment and adjust pricing accordingly
   -Consider running a test to determine whether offering discounts or special promotions may boost sales, while maintaining profitability","- Customers seem price-sensitive, as evidenced by the increase in sales at lower price points.
 - It is essential to remain competitive with price while also understanding the maximum profitability that can be achieved based on the current demand and supply levels.
 - Future pricing adjustments should take into account competitor actions, customer perceived value, and overall market conditions to best optimize the product’s pricing strategy.","-Price fluctuations seem to have a direct impact on quantity sold
   -Prices outside the range of $8.75 to $9.35 result in lower sales volume compared to the competitive advantage price range mentioned above
   -It appears that the competitor may be following a pricing strategy designed to exploit the elasticity of demand in this market
   -An analysis of pricing over multiple rounds and seasons might reveal recurring patterns or trends in pricing performance"
163,9.0,8.95,3.590041091242774,3.8215788489153657,20.822238329208087,21.97407838126335,"- Continue setting a higher base price to maximize profits, keeping an eye on the competitor's actions and potentially adjusting the price downward strategically to increase sales volume when needed. Consider testing lower prices in smaller quantity and shorter time intervals to see their impact on sales and profitability.","- Monitor our competitor's pricing strategies closely and adjust ours accordingly.
   - Focus on maintaining a competitive edge without undercutting our own profit margins.
   - Continuously analyze the demand response to various price points to refine our strategy and capitalize on customer sensitivity.","- The seller has a higher base price which generates larger profits per sale but results in smaller quantities sold. Lowering the price can increase the number of sales but may not always be profitable.
- Customers are likely price sensitive, with lower prices leading to higher quantities sold. To balance profit and sales volume, it will be important for the seller to consider the impact of different pricing strategies on their bottom line.
- The competitor's price points tend to be consistently lower than the seller's but have a slightly larger quantity sold. Analyzing which prices generate the best return on investment for both parties can help inform the seller's future pricing strategy.
- It may be beneficial to occasionally lower the price temporarily (and strategically) to gain market share, with an expectation of returning to a higher base price when appropriate to maximize profits.","- Customers respond favorably to moderate price drops, but are willing to pay slightly higher costs under certain circumstances.
   - The competitor seems to adopt a more aggressive pricing approach in some rounds. Emulating this may not always be beneficial due to potential negative impact on profit margins.
   - Identifying patterns in customer demand and response to pricing changes can help optimize our own strategy and maximize sales."
164,9.0,9.0,3.598372682664919,3.598372682664919,20.87056155945653,20.87056155945653,"- Keep an eye on the competitor's pricing strategy and respond with appropriate measures.
   - Monitor sales volumes and adjust prices accordingly to optimize profit.
   - Consider occasional discounts or promotional offers to boost sales during slower periods.
   - Collaborate with market research teams for valuable insights into consumer behaviour.","- Monitor the competitor's pricing strategy and adjust our own pricing accordingly to maintain a slight advantage or not drop below them
- Expand the product line or enhance existing features to further justify higher prices","- Consumers seem to be more price-sensitive during certain periods, showing a preference for lower prices.
   - The competitor often responds immediately to our pricing changes, so it is crucial to have a well-informed strategy in place.
   - There appears to be periodic demand trends that can help us determine optimal pricing for specific times of the year.
   - Understanding consumer segments and tailoring our pricing approach to cater to varying preferences can lead to increased market share.","- Customers tend to gravitate towards slightly higher priced options, signifying that they perceive value in these offerings
- Lower pricing may not necessarily result in increased sales as customers appear to be attracted by a competitive edge and unique product features"
165,9.0,8.75,3.5514922874376476,4.854314406255891,20.598655267138355,26.941444954720193,"```
   - Observe and record current market conditions
   - Frequently assess competitor pricing strategies
   - Diversify product offerings when applicable
   - Optimize prices based on cost, demand, and market trends
   ```","Pricing Strategy: Implement dynamic pricing based on competitor's actions and customer demand. Start with a competitive mid-range price at approximately 8.75 to take advantage of the observed sweet spot, while leaving room for discounts during periods of low demand to increase sales volume. Regularly analyze market conditions to adjust prices accordingly.","```
   - Prices play a decisive role in sales quantities
   - Frequent adjustments to prices might indicate profit margin issues
   - Monitoring competitor pricing strategies is essential
   - Potential for improved profitability by focusing on cost, demand, and market trends
   ```","Insights: The data points to a market with some degree of price sensitivity, with potential customers gravitating towards medium-priced items. It also suggests that lower prices encourage more purchases but at a lower profit margin per item and that increasing the price decreases sales volume sharply. This knowledge can guide future marketing and pricing decisions for short-term promotions or long-term growth strategies."
166,9.0,8.9,3.581214448353298,4.058047612252108,20.771043800449128,23.130871389837015,"In future pricing rounds, it may be beneficial to observe the market closely and adjust prices to maintain or increase profit margins while still being competitive. This can be done by leveraging insights from previous pricing decisions to identify trends and price sensitivities among customers. Additionally, consider exploring alternative strategies like tiered pricing or promotional deals to generate higher sales volume and revenue.","- monitor competitor's pricing strategies closely
   - adjust prices proactively based on market trends and competitive landscape
   - maintain flexibility in setting prices to optimize profits and remain competitive","It is essential to constantly monitor the market response to various prices to optimize profitability. Certain price points appear more appealing to customers than others (e.g., 8.75, 8.9, 9.0), which could indicate potential pricing tiers or psychological thresholds for buyers. Frequent price adjustments may be necessary to stay competitive in an ever-changing market, especially when faced with aggressive competition like in Rounds 71 and 73.","- price elasticity might not be linear; a drop in price can lead to increased sales volume, but too much competition can drive down profit margins
   - understanding the impact of competitor pricing strategies on customer buying behavior is crucial
   - maintaining open communication with different team members (sales, marketing, finance) will help in making informed pricing decisions"
167,8.95,71.0,3.963883910097009,8.18757279395229e-34,22.7923324830578,5.551174354299652e-32,"In light of competition, consider adopting dynamic pricing – adjust prices to cater to different consumer segments and market conditions, keeping an eye on the competitor's reaction while balancing profitability.","* Monitor competitor pricing strategies more closely to anticipate price changes and potential new opportunities.
   * Consider implementing a more dynamic pricing strategy, adjusting our prices based on competitor movements or market trends.
   * Continue monitoring our product's sales performance during rounds when we lower our prices (e.g., Rounds 71, 77) to evaluate if this could be a viable long-term approach.
   * Conduct customer surveys to see if there is a significant preference for the lower priced products or if customers are willing to pay more for our consistent pricing and perceived better value.","- The influence of demand on product pricing is apparent, with higher prices reflecting higher demand and increased ability to charge more.
   - Low-price competition can help attract new customers; however, ensuring profitability should be the primary focus in the long run.
   - Monitoring your competitor's pricing strategy will be essential for maintaining competitiveness.","* Competitor appears to occasionally adjust their prices, with a tendency to increase prices (e.g., Rounds 69 and 89).
   * Our product's sales remain relatively consistent across various pricing rounds, suggesting a strong customer base or perceived added value.
   * Lowering the price of our product significantly (as seen in Rounds 71 and 77) can result in increased sales, but might not be sustainable long-term."
168,8.95,8.95,3.8127508909967105,3.8127508909967105,21.923317623231082,21.923317623231082,"*

At this stage in the data, it would be beneficial to further analyze the patterns in the competitor's pricing strategy. Identifying trends could help us predict potential price movements and adjust our pricing more effectively in response. We should also look into how demand changes with different prices since it may provide valuable insights into market elasticity and optimal pricing levels.

*","Keep a close eye on the number of units sold when the price is set to 8.0. Explore pricing strategies that balance the number of sales and the profit made from each sale. Consider setting the product price slightly above the average price (currently around 8.95) in order to increase profit per unit while maintaining a competitive number of sales, but be prepared to adjust quickly in response to changes in market conditions.","*

Based on the available data, we can see that a higher price doesn't necessarily equate to a larger profit when comparing sales volume. Although the profit earned at higher prices is greater per unit sold, the lower quantity purchased may offset this advantage. At the same time, consistently keeping our prices lower than the competition may result in increased demand but potentially lower individual profits. In order to maximize profits, it might be crucial to find a balance between pricing competitiveness and capitalizing on price sensitivity in the market.

*","There is strong evidence that the product's competitiveness in terms of price plays a significant role in determining both the number of units sold and overall profit made. Pricing the product too high can result in fewer sales, causing a decrease in overall profit, while pricing the product too low may result in increased sales but decreased profits on each unit sold. It is essential to find a price point that balances these factors to achieve optimal profit performance."
169,9.0,8.95,3.590041091242774,3.8215788489153657,20.822238329208087,21.97407838126335,Adjust pricing strategy dynamically by monitoring competitive market trends and adjusting price points accordingly to maximize sales volume while preserving a competitive profit margin. Continuously monitor customer feedback on the perceived value of the product to inform future price decision-making.,"To maintain competitiveness, we should aim to match or slightly undercut the competition's prices while ensuring that our profit margin remains stable. Additionally, monitor the competitor's pricing strategy closely and be prepared to adjust our own pricing accordingly.","A flexible pricing strategy in response to changing market conditions has proven effective as indicated by the variable sales volume observed throughout the data set. Significant price differences compared to the competition may result in a reduced customer base, even though higher prices yield higher profit margins. However, customers perceive low-price points to provide better value and encourage greater demand, with an associated reduced profit margin.","- The competitor's pricing fluctuates significantly but their lowest price of 8.0 is outsold by our mid-tier price (8.95)
- In some instances, slightly lower prices can lead to higher sales numbers but may result in less profit than matching or exceeding the competition's price
- There were a few rounds where our lower prices resulted in substantially higher sales compared to when we matched or exceeded the competitor's price
- Monitoring the competitor's pricing strategy closely and making strategic adjustments is key to remaining competitive"
170,8.9,8.95,4.048696399390055,3.8033982849529093,23.077569476523312,21.869540138479227,"- Consider offering a lower price to appeal to a larger customer base seeking more affordable options. While this may result in lower profits per unit, it could lead to higher volume sales and overall profitability.
   - To differentiate from competitors, explore unique selling points or additional benefits that can justify a slightly higher price compared to similar products in the market. Potential ideas include superior quality, exclusive packaging, better warranties, etc.","As our primary competitor seems to focus on the 8.95 range, we should consider adjusting some of our price points to match that price point, ensuring that our own products are at least as competitive if not more so. Additionally, we will want to analyze profit margins and costs for our pricier products (e.g., item priced at 9.95) to determine if there's room for further adjustment. Maintaining a balance between competitiveness and profitability is critical in such a saturated market.","Lower-priced options appear to be more in demand due to customer preferences for affordability; however, some potential exists for increased profitability by targeting niches with higher-priced offerings. A combination of strategies could optimize both volume and margin.","The price competition between our direct and indirect competitors reveals a trend of focusing on items priced at 8.0, 8.95, and premium items (e.g., item priced at 9.95). Our research should continue to assess the optimal pricing strategy for each product category to maximize sales while minimizing the loss of potential customers due to overpricing. We will also want to track the overall market trends in pricing strategies to adapt accordingly and stay competitive in our respective niches."
171,8.95,8.95,3.8127508909967105,3.8127508909967105,21.923317623231082,21.923317623231082,"- Continue monitoring the competition's prices and adjust ours accordingly while staying competitive
   - Consider offering discounts or promotion periods to drive sales during slow times
   - Investigate alternate revenue streams, such as partnerships or affiliate programs, to increase profitability",Adjust price based on competition while maintaining competitive advantage with quality and marketing strategies.,"- Lowering the price slightly increases demand but reduces profit margins
   - There is a significant drop in quantity sold when increasing prices higher than 9.00
   - Opportunities may exist to collaborate with complementary businesses to increase product exposure and revenue","Higher prices lead to lower volumes but potentially higher profits, whereas lower prices attract more sales but may impact profitability. Balancing these factors is critical to maximize revenue and market share. Keep monitoring competitor pricing strategies closely in making decisions about our own pricing."
172,9.0,8.95,3.590041091242774,3.8215788489153657,20.822238329208087,21.97407838126335,"To optimize our strategy and capitalize on moments when competitors have higher prices, we should focus on adopting a dynamic pricing policy that adjusts based on the competition's current price. Additionally, monitoring trends over several rounds can help us anticipate when price increases may prove profitable and when it is best to maintain our competitive edge with lower prices.","- Monitor competitor price adjustments and react accordingly
   - Consider implementing promotional strategies during periods of high competition
   - Review production costs and evaluate potential impact on pricing","We have observed that the product tends to perform well in terms of sales when priced competitively against similar products in the market. However, there seems to be room for occasional price increases at certain intervals without significantly impacting the number of units sold. By studying the competition and tracking pricing trends over time, we can fine-tune our dynamic pricing strategy, ultimately leading to increased profits.","- Higher quality products may justify a premium price, but it's important to remain competitive
   - Sales data indicates that our product is popular among customers
   - There are periods where pricing adjustments could lead to increased sales and profitability"
173,8.95,9.0,3.8215788489153657,3.590041091242774,21.97407838126335,20.822238329208087,"1. Continue monitoring changes in price and quantity sold to understand price elasticity for this product in this market.
   2. Keep testing different pricing tiers to find the optimal balance between profit margins and quantities sold.
   3. Consider conducting a survey or focus group to gain deeper insights into consumer preferences regarding price, quality, and overall value perception when making purchasing decisions.",Consider increasing our prices to explore higher revenue opportunities. Maintain a watchful eye on competitor pricing trends and consumer demand levels.,"1. The market appears moderately elastic with respect to price changes as changes of less than 0.35 caused a proportionate adjustment in quantities sold while alterations beyond that led to drastic drops.
   2. Consumers tend to favor prices slightly lower than 9, but not so low that perceived value is compromised, causing an impact on profit margins.
   3. It seems that offering slightly cheaper options can potentially attract more customers and increase total sales, however, it could lead to decreased profitability if the price fall is substantial or frequent.","Competitor pricing varies, indicating potential flexibility in our own pricing strategy. Sales volumes suggest that consumers are interested in the product at the current prices, but there seems to be an untapped market at higher price points."
174,8.35,8.95,7.741879232631877,3.6570048048555726,39.87067804805417,21.027777627919537,"```
   Maintain a competitive pricing strategy by continuing to monitor my competitor's actions. Stay open to adjusting prices based on market conditions and consumer behavior patterns. Be cautious not to overreact or underestimate the impact of price changes. Continue tracking sales volume, revenue, and profits to make informed decisions.
   ```",Consider implementing a dynamic pricing strategy that occasionally adjusts the price downward to encourage sales volume while still maintaining a competitive edge through slightly higher prices in other instances. This may also involve monitoring competitor prices to further optimize decision-making.,"```
   Observed that a lower initial price can result in higher overall profits if there is a consistent approach to pricing and maintenance of competitiveness against the competition. High-priced strategies may lead to fewer sales, but can be beneficial when market analysis dictates. It's vital to balance between maximizing sales volume, revenue, and profits while staying competitive and offering value to customers.
   ```","The data suggests that offering lower prices compared to competitors can drive sales volumes upward, but it is important to balance these price reductions with maintaining a premium price to capitalize on demand from customers willing to pay more. Additionally, there appears to be room for testing more frequent product releases and promotions to further stimulate sales growth."
175,8.95,8.5,3.7060595401208847,6.504337054861288,21.309842355695082,34.47298639076483,"In future pricing rounds, we should consider lowering our prices strategically in order to increase quantity sold while maintaining a reasonable profit margin. We should also monitor the competitor's pricing strategy and adjust ours accordingly to maximize profits and maintain our competitive edge.","- Continue exploring a pricing strategy around the 8$ range, as it appears to maximize sales volume.
   - Keep watch on competitor's actions and adjust prices accordingly, focusing on competitiveness while ensuring profitability.","Lowering our price strategically can lead to significant increases in quantity sold, which ultimately leads to increased profits. However, our overall profit is not as high compared to when we sell at a higher price with less quantity sold. It's crucial to monitor the competitor's pricing strategy and adjust ours accordingly to maximize profits.","- Understanding price sensitivity is crucial in driving volume of sales.
   - Maintaining a competitive edge requires ongoing monitoring of market dynamics, pricing strategies, and competitor actions."
176,70.0,8.95,2.8577437040077546e-33,3.963883910097009,1.90897279427718e-31,22.7923324830578,"- Monitor competitors' pricing strategies closely and be prepared to adjust ours as needed
   - Consider introducing a dynamic pricing strategy to stay competitive in response to competitor actions
   - Maintain or slightly lower prices within price ranges lower than the competitor to grab market share
   - Continuously analyze product demand and our production costs for optimal pricing decisions.","* Monitor and adjust pricing based on competitor offerings and market trends
   * Evaluate different pricing strategies such as dynamic pricing or bundle deals to remain competitive
   * Continuously track sales volume and profit margins at various price points to optimize pricing strategy","- Price sensitivity varies among customers during different periods
   - Competition is flexible with its pricing strategy, making adjustments according to the specific round and customer behavior
   - Lowering the price temporarily may be beneficial in some instances (rounds 73-75) as customers appear to respond favorably to discounted products
   - Monitoring the competitor's actions closely is crucial for understanding the market dynamics and potential opportunities.","* Sales tend to be more frequent at lower and middle price points, but overall profits can still be maximized by finding the perfect balance between these two factors
   * It may be beneficial to explore bundle deals or dynamic pricing strategies to remain competitive in a rapidly changing market"
177,8.75,8.5,4.7091058854058865,6.436584593177589,26.13553766400267,34.11389834384122,"""Consider adjusting pricing strategy to be competitive yet profitable, with an focus on bulk purchases and bundling products.""","To maintain a healthy margin while competing effectively, we should consider offering occasional promotions with strategic price drops or bundle deals that appeal to market segments sensitive to lower prices. Monitor competitor activity closely and adjust prices as needed to stay competitive.","""Pricing lower may lead to increased sales volumes, though profit per unit decreases. It's essential to evaluate the overall profitability when adjusting the price strategy.""","The product has consistent customer loyalty, making it important to not only focus on price but also invest in marketing efforts to reinforce our brand identity and quality promise. Keep an eye on key market trends, and explore potential opportunities in related fields or demographics."
178,8.95,8.95,3.8127508909967105,3.8127508909967105,21.923317623231082,21.923317623231082,"- Maintain a pricing strategy that targets profitability by setting prices above average, while also monitoring market trends and competitor moves.
   - Introduce promotional offers or discounts at strategically selected intervals to boost sales while maintaining an optimal price point.","- Regularly analyze competitor's pricing strategy
   - Be mindful of fluctuating prices and adjust accordingly
   - Maintain a competitive but profitable pricing structure","- The market can support higher-priced products if they offer unique value, but it is crucial to monitor competitor actions and adjust pricing accordingly.
   - Lower prices may lead to increased unit sales, but this comes at the cost of lower profit margins per sale. Balancing sales volume and profitability should be considered when making pricing decisions.","- Competitor uses dynamic pricing to remain competitive
   - High prices closer to mine indicate periods of stability in the market
   - Fluctuating competitor prices suggest sensitivity to consumer demands and competition"
179,9.25,8.5,2.5770004797415513,6.58060125849113,15.590852902436385,34.87718667000299,No plan found.,"Continue monitoring pricing strategy closely to identify trends and optimal prices. Consider testing a lower price point, as there have been instances where this resulted in higher sales volume.",No insight found.,"Lowering the product price can increase demand, but it may also decrease profit margin. It is essential to find the balance between competitiveness and profitability. Testing different price points and tracking sales volume and profit margin will help determine this balance."
180,9.0,8.85,3.571866103771888,4.308492941251118,20.71682340187695,24.342985118068814,No plan found.,"- Monitor competitors’ pricing strategies more closely, especially during periods of a wider price gap.
   - Consider introducing promotions to capture additional market share when our price is higher than the competitor's.
   - Increased marketing efforts to emphasize the unique features and advantages of our product for potential customers.",No insight found.,"- There may be opportunities to strategically adjust prices based on competitor actions, as price changes do seem to influence quantities sold.
   - It is important to maintain a competitive edge by highlighting key product differences and offering promotions to attract customers when necessary."
181,9.0,8.95,3.590041091242774,3.8215788489153657,20.822238329208087,21.97407838126335,"Keep an eye on the competitor's pricing strategy and adjust ours accordingly to ensure competitive advantage while maximizing our revenue. Monitor the impact of pricing changes on product demand and adjust prices as necessary to optimize sales. Additionally, continue to offer quality customer service and effective marketing efforts to retain and grow our customer base.","Based on the data provided, it appears that maintaining a flexible pricing strategy may be effective as it allows for price differentiation and competitive positioning. It is also important to keep an eye on the competitors' strategies and adjust the pricing accordingly to maintain market share.","Price sensitivity has been observed in our market, as price changes can significantly influence the quantity sold. Lowering the price can stimulate immediate sales growth but might hurt long-term profitability if the decrease is too dramatic. Increasing the price too much could lead to reduced demand and lower overall sales. Further analysis is needed to determine optimal pricing for maximum revenue generation.","Flexible pricing can help increase sales and maintain market share by adapting to both the buyers' and competitor's behaviors. However, it is essential to strike a balance in price differentiation, as aggressive pricing may lead to reduced profitability, while inflexible high prices could result in lost sales to more cost-conscious customers."
182,8.75,8.95,4.843220932505332,3.7719042548229798,26.879876175404593,21.68844946523213,Continue analyzing the competitor's price fluctuations and adjust our prices accordingly while not losing sight of our core competitive advantages. Consider offering occasional promotions or discounts to maintain customer interest.,"To increase sales, we might consider a more competitive pricing strategy, at around the average price observed ($8.95). However, given the higher profit margins at the premium end, we should aim to drive traffic towards our product by emphasizing its added value or unique features in our marketing efforts.","The pricing landscape is dynamic, and we should keep a close eye on competition and react quickly when necessary. Establishing brand reputation can help sustain profitability even in price wars, as customers might be willing to pay slightly more for trusted brands. Premium products are less susceptible to immediate price adjustments due to lower sensitivity to price fluctuations.","It is essential to keep an eye on competitors' pricing and adapt accordingly. Offering a competitive yet distinct product with superior quality or unique value could help us differentiate ourselves from the competition. In this pricing game, it will be crucial to remain flexible and adjust strategies based on market conditions."
183,8.95,8.75,3.7719042548229798,4.843220932505332,21.68844946523213,26.879876175404593,"It would be beneficial to closely monitor competitor prices and adjust our own price accordingly to remain competitive but also maximize profits. Additionally, understanding the target market segment could help in determining an optimal price point that balances affordability with profit margins. Regularly tracking sales data and adjusting pricing based on these findings will help optimize product positioning and sales performance in the long run.",Consider lowering the price point to increase demand while still maintaining a reasonable profit margin. Keep an eye on competitors' strategies and adjust accordingly.,"In rounds where the competitor maintains a lower price, our product may still have high appeal; however, it is important to consider offering promotions or discounts to remain attractive to potential customers. Additionally, analyzing customer feedback can provide valuable insights into preferred price points and any general trends in consumer behavior. By continuing to gather data on both competitor strategies and customer preferences, we can make more informed decisions regarding our pricing strategy moving forward.","It appears that our product has greater market potential at lower price points, demonstrating higher demand and generating larger profits. This underscores the importance of pricing sensitivity in achieving success in the market. A continuous observation of competitors' prices and strategies will be essential to adjust pricing optimally."
184,3.5,8.9,97.29330256456899,0.11391874521232356,29.18799076937068,0.6493368477102444,"To stay competitive in the market, we should keep an eye on competitor pricing and adjust our price accordingly. We can experiment with prices slightly lower than the current average (~8.95) to capture more market share without significantly impacting profit margins. It may be beneficial to also analyze consumer demand for different price points.","- Monitor market trends and competitor pricing closely.
   - Consider experimenting with periodic sales or discounts to boost demand if the current price becomes too high.
   - Continuously evaluate product quality vs price ratio to ensure it remains competitive.","Consumer demand is high for this product, as indicated by the significant quantity sold in most rounds (ranging from 97.34 to 11.51 units). Competitor presence seems fairly strong, and they occasionally undercut our current price (e.g., at 8.75 or 8.0) which indicates potential room for price optimization.","- Lower starting prices can generate higher initial demand, but may not be sustainable in the long term (Rounds 1-20 and 50-60).
   - Periodic pricing adjustments appear to be effective in increasing sales when done strategically (e.g., Round 103).
   - Maintaining a reasonable price point that balances cost, quality, and value is crucial for long-term success."
185,9.0,8.95,3.590041091242774,3.8215788489153657,20.822238329208087,21.97407838126335,"To optimize our strategy, we should initially consider setting a price point slightly above the competition to capitalize on customer's willingness to pay more when demand is higher, while also taking advantage of low demand periods to drop the price and maintain a steady sales flow.","Consider exploring pricing strategies that take into account the competition's prices but also consider factors like product quality, exclusivity, and marketing efforts. Experiment with prices between $8 and $10 to see if there is a sweet spot where price competitiveness and increased sales can coexist.","We have observed that pricing the product competitively can help boost sales during times with high demand, as shown in Rounds 87, 90, and 91 where competing with the competitor's price led to increased sales. However, periods of lower demand indicate a need for more flexible pricing strategies. We also see an example in Round 93 where setting our price slightly higher (8.9 vs. 8.85) resulted in a greater profit due to increased sales.","The data suggests that having a slightly higher price than the competition may not necessarily lead to a lower quantity sold. Instead, it seems that both price competitiveness and product quality/exclusivity are important factors in driving sales. Future analysis should take into account these factors when making pricing decisions."
186,9.0,8.95,3.590041091242774,3.8215788489153657,20.822238329208087,21.97407838126335,Continue monitoring the effect of pricing on demand and adjust prices accordingly to minimize losses while maximizing profits in this competitive market. Keep an eye on the competitor's pricing strategy changes and adapt accordingly.,"- Continuously monitor competitor's prices and adjust ours accordingly
   - Analyze the impact of price changes on unit sales and profit margins
   - Test various pricing strategies to optimize revenue and maintain reasonable profit margins","Identifying key trends between pricing, competition, and demand is essential. It appears that our sweet spot might be around a 10% price difference compared to the competitor with some instances showing higher profit margins when we undercut them slightly. However, this strategy should only be employed strategically and not consistently.","- Lowering prices appears to increase customer demand
   - Profit margins can be significantly higher at lower price points, but it is important to find a balance with competitive pricing
   - Keeping track of competitor's moves and adjusting our own prices accordingly is crucial in this market"
187,9.0,9.0,3.598372682664919,3.598372682664919,20.87056155945653,20.87056155945653,"Analyze various pricing strategies based on market trends and competitors' movements. Test slightly lower prices without compromising profit margins, but maintain our overall product quality and value proposition.","```
   Focus on maintaining competitive pricing around the range of 8.75 - 9.25. Periodically test lower pricing tiers to increase overall volume if the profit margin remains acceptable. Monitor competitor's prices and adjust accordingly.
   ```","The client needs to keep a competitive eye on the market and adjust pricing accordingly, considering the fluctuation in competitor pricing and customer response. Focus on market research to find ideal price points that balance profitability with competitiveness.","```
   Experimenting with different price points can lead to increased sales volume and revenue. Keep a close watch on the competitor's pricing strategy and be prepared to shift strategically if warranted by market conditions.
   ```"
188,8.95,9.0,3.8215788489153657,3.590041091242774,21.97407838126335,20.822238329208087,"`Strive to find a middle ground between attracting a high volume of sales and maximizing profit per unit. Consider maintaining a price just below some competitors and offering competitive promotions or incentives when necessary, especially with low prices.`","To optimize sales and profit, it seems that keeping a closer eye on competitor pricing is crucial. Furthermore, adjusting prices based on demand could yield better results, as was demonstrated in rounds 97, 98, and 102 where higher profits were achieved by lowering the price when demand was strong (i.e., when the competition's price was lower). It may also be helpful to monitor trends in the data to identify patterns that can inform future pricing decisions.","`Pricing below the competition can potentially lead to increased sales due to attractiveness to customers seeking lower prices. However, this may not always maximize profit per unit. High prices may yield higher profit per unit but result in fewer total sales unless targeting a niche market with high price tolerance. A hybrid strategy, balancing volume and profit, could be beneficial for our product.`","- Lower prices generally lead to more sales and higher profits, particularly when demand is high (rounds 97, 98)
- Keeping a close eye on competitor pricing is essential for making informed pricing decisions (e.g., round 102)
- Adjusting prices based on demand trends can yield better results (e.g., rounds 97, 98, and 102)"
189,9.0,8.95,3.590041091242774,3.8215788489153657,20.822238329208087,21.97407838126335,"Aim to remain competitive with the market average while observing customer response to price changes. Monitor inventory levels to determine if discounted pricing is necessary, and make a plan to adjust in-store promotions based on fluctuations in competitor's prices.","- Continue focusing on volume sales by keeping prices competitive whilst maintaining acceptable profit margins
   - Monitor market trends and adjust pricing strategies accordingly to stay competitive
   - Explore opportunities for differentiating our product in the market, such as branding or added value propositions","Competitor regularly adjusts their prices based on demand, revealing an awareness of market trends and inventory management practices. Our focus should be on understanding the triggers that cause these price changes so we can respond effectively to remain competitive in the marketplace.","- Competitor's pricing strategy seems to be profit-oriented with frequent adjustments
   - Lowest price point observed at $3.5 and highest at $9.85 in the analyzed data, indicating a wide pricing range
   - The company seems to prioritize volume sales over maximum profits"
190,8.95,9.0,3.8215788489153657,3.590041091242774,21.97407838126335,20.822238329208087,"To stay competitive, it is essential to continuously monitor and adjust our pricing strategy based on market trends, volume sold, and profit margins. Regularly reviewing and refining our product mix will help us cater to different customer segments effectively. Additionally, offering promotions or discounts at strategic times may boost sales and improve overall performance.","- Implement a pricing strategy that closely follows the competitor's price with a slight premium, considering the customer value perception.
   - Monitor sales volume at different price points and optimize pricing accordingly to achieve higher profitability while maintaining reasonable sales volumes.
   - Regularly reassess the competitive landscape and adjust pricing as needed based on changes in market dynamics.","It is important to recognize that a ""one size fits all"" pricing strategy might not be optimal in our market. Different products could require bespoke pricing strategies to maximize their potential. Furthermore, analyzing the correlation between price and volume sold can help inform decisions on whether to lower or raise prices for specific items. Lastly, considering customer segmentation and understanding the drivers of demand for each group is crucial when making pricing choices.","- Pricing is a crucial factor in determining product attractiveness and profitability. Customers are sensitive to incremental price increases, requiring precise pricing decision-making.
   - Having a flexible pricing strategy allows for quick adjustments when market dynamics change or new competitors emerge.
   - By monitoring competitor prices, it's possible to keep the brand competitive while ensuring long-term profitability and growth."
191,8.95,8.95,3.8127508909967105,3.8127508909967105,21.923317623231082,21.923317623231082,"Moving forward, we should monitor competitive pricing closely to gauge potential opportunities for price adjustments based on market trends. Investigate the impact of price elasticity on our product and consider offering discounts or promotions for bulk purchases and loyalty programs. Utilize marketing strategies to create a strong brand perception that justifies premium pricing in certain scenarios.","* Continue monitoring competitor's pricing strategy
* Develop a more flexible pricing approach to stay competitive
* Analyze the impact of different price elasticities on sales volume and profitability","Adopting a flexible pricing strategy is crucial as it enables the seller to respond to market conditions effectively. By studying competitor prices, monitoring sales data, and understanding price elasticity, the business can make well-informed decisions about when to lower or raise prices to optimize overall profitability.","* Pricing too low may result in financial loss while still not guaranteeing significant sales increase
* Setting prices similar to competitors will maintain sales volume and increase competitiveness
* A more flexible pricing strategy can potentially lead to increased sales when the right balance is found between competitiveness and profitability"
192,8.95,9.1,3.8377681263643337,3.1816215255806704,22.067166726594916,18.771567000925952,"- Evaluate competitive pricing dynamics on a regular basis and adjust our pricing strategy when necessary.
   - Consider offering some products at lower price points to attract more customers while minimizing the impact on overall profitability.","Focus on maintaining prices slightly above the competitor's, as this yields higher profits per unit while still maintaining a reasonable level of sales. Additionally, pay attention to rounds 30 and 105, as these seem to have unique factors impacting sales.","1. Premium pricing can be a profitable strategy, but it may result in reduced unit sales compared to lower price options.
   2. A value-based pricing approach might offer increased market share and sales without jeopardizing financial performance too much.
   3. Regular monitoring of competitive prices is crucial to maintain an edge in the marketplace.","Sales are highly sensitive to price changes; lower prices result in more units sold but lower profit per unit while higher prices lead to fewer units sold with increased profit per unit. The optimal strategy might involve a balance between these two extremes. Monitor competitor pricing closely and adjust accordingly, as it appears that matching the competitor's price does not guarantee increased sales or profits. Factors such as rounds 30 and 105 may require further investigation to better understand their unique impacts on sales."
193,8.95,8.95,3.8127508909967105,3.8127508909967105,21.923317623231082,21.923317623231082,"- Monitor competitor's pricing closely and respond accordingly
   - Consider implementing a more flexible pricing strategy to attract a larger customer base
   - Investigate potential market segments that may be less sensitive to price changes
   - Enhance marketing efforts to boost sales and create brand loyalty","- Monitor competitor's price changes and adjust pricing strategy as needed to stay competitive while maximizing profit
   - Test lower prices during times of high competition to drive sales volumes while maintaining a profitable margin
   - Consider implementing targeted promotions or discounts to increase sales in specific markets or demographics.","- Prices above 9.0 result in lower unit sales, while prices around 8.x seem more favorable for higher volumes
   - Competitor appears to closely follow our pricing strategy but may capitalize on our price increases by reducing their own prices
   - Market sensitivity to price changes may vary across different segments; further research needed","- Lowering the price below competitor's may result in increased sales but lower profit per unit sold
   - High prices may discourage potential customers and potentially decrease total quantity sold
   - Competitive pricing is critical to attracting and retaining customers in this market"
194,9.15,3.0,0.04518702714800784,98.54908576202445,0.2688628115306467,-19.709817152404906,"* Evaluate competitors' prices and adjust our own to stay competitive while maximizing profits
   * Implement customer segmentation strategies to offer tailored pricing for different customer groups
   * Monitor trends in demand and adjust our pricing accordingly","Implement a more dynamic pricing strategy with different tiers based on sales volume. Use the data provided from these 100 pricing rounds to help determine optimal price points and adjust them as needed. Keep in mind that a lower price does not always mean higher sales volume, so consider other factors like perceived value and brand reputation when making decisions.","* Higher prices tend to lead to lower sales volumes, but can generate more revenue if the market is willing to pay a premium
   * When faced with a competitive threat (as seen when competitors' prices were low, e.g., $8.00), consider adjusting our own pricing to remain competitive while maintaining profitability","After analyzing the provided data, it appears that prices between 3 and 4 might be more effective in attracting larger volumes of customers. It is important to find the precise price point within this range that provides the maximum profit while also considering factors like competitors' pricing, production costs, and demand. It may also be useful to explore different pricing tiers to better cater to various customer segments and increase overall sales volume."
195,8.95,8.95,3.8127508909967105,3.8127508909967105,21.923317623231082,21.923317623231082,Adapt pricing strategies based on market conditions and product quality. Monitor price changes of competitors closely to maintain competitiveness without compromising profit margins.,"- Monitor competitor's pricing strategy
   - Consider implementing periodic price drops to boost sales
   - Investigate potential collaborations or partnerships to widen our market share","While lower prices can lead to increased volume, higher profits may not always be achieved. Inverse relationships between quantity sold and profit margins can occur when competition intensifies. Continuously evaluate quality-price balance while staying aware of unique selling points to maximize profits.","- Lower prices can lead to increased quantity sold
   - Competition plays a role in pricing strategy, so it's important to keep an eye on the competitor's movements
   - Maintaining a higher average price can lead to more profit per unit sold when the right balance is struck"
196,8.0,9.5,11.706296879184524,1.7952187697842323,56.19022502008571,11.309878249640663,"Focus on competitive pricing while maintaining profit margins. Monitor the market closely and be prepared to adjust pricing strategies based on competitor actions, customer demand, and cost variations.","* Monitor competitor's price changes more closely and be prepared to adjust own prices more frequently
   * Consider offering discounts or promotions during periods of decreased demand to maintain market share","Lower prices generally lead to higher sales, but it's crucial not to compromise profitability. Keep an eye on competitors' pricing trends and adapt accordingly while considering the potential impact on market positioning and customer perceptions of quality or value.","* The competitor employs a dynamic pricing strategy, potentially giving them an advantage in capturing market share and customer loyalty
   * The seller may benefit from adopting a more flexible pricing policy, allowing them to optimize profits and remain competitive in the market"
197,8.95,8.97,3.81634348817818,3.722117631724953,21.94397505702453,21.47661873505298,"```markdown
* Price sensitively based on competition to optimize profits
* Experiment with different pricing levels (ideally between 8-9) to strike a balance between quantity sold and profit margin
* Monitor market trends and adjust pricing strategies accordingly
```","- Clearly identify our target market segment(s) and analyze their price sensitivity.
   - Monitor competitor pricing strategies and adapt accordingly, while maintaining a competitive advantage.
   - Regularly evaluate the effectiveness of pricing adjustments and make necessary changes to maximize profitability.
   - Consider implementing a dynamic pricing strategy for improved flexibility in a rapidly changing market.","```markdown
* Setting very high prices may not lead to increased sales, as the quantity is not proportionate to the price increase
* Low prices, while driving more sales, do not necessarily yield higher profits per unit
* Being competitive with pricing can impact both sales volume (quantity) and individual profit per unit
```","- Small differences in price can have a significant impact on sales volume.
   - Flexibility in pricing is crucial for success in this competitive environment.
   - Understanding customer segments and their price sensitivity will be critical to our success.
   - Regular monitoring of competitor strategies is essential to ensure competitiveness.
   - A dynamic pricing strategy may provide a competitive advantage by adapting more quickly to market trends."
198,8.95,8.95,3.8127508909967105,3.8127508909967105,21.923317623231082,21.923317623231082,"As we have been successful selling around 8.75, and there's potential to increase the price due to competition, it is important that we continue monitoring competitor pricing closely to identify opportunities for slight price increases while still maintaining a competitive edge over other options available in the market.","Monitor competitor pricing regularly
   Adjust pricing strategically based on market conditions
   Keep a close eye on sales volumes to determine the optimal price point","It appears our current strategy of offering an appealing product at an attractive price has helped us maintain sales, but there is ample room for improvement as we face competition from a competitor who is willing to charge slightly more for comparable products in some instances. As it pertains to future pricing strategies, finding the optimal balance between maintaining competitiveness and maximizing revenue will be crucial for long-term success.","Higher prices result in lower sales volumes and potentially lower overall profit
   It may be beneficial to adjust pricing during periods of increased competition to maintain sales volumes
   Maintaining profitability while staying competitive is crucial to long-term success in this market"
199,9.1,9.12,3.205169944940421,3.126034017035697,18.910502675148482,18.506121380851322,"Moving forward, it is crucial to remain competitive with the competitor's pricing while capitalizing on price discrepancies that lead to higher sales. This may involve analyzing demand patterns and adjusting our prices accordingly. Additionally, understanding specific factors influencing pricing differences (e.g., product quality, brand value, demand-supply dynamics) could help inform future pricing decisions.","- Continue offering products at a competitive price range of around 8.75 to 9.35, with occasional deviation from this range to test different pricing strategies.
   - Monitor sales volume, profitability, and market response closely to assess the effectiveness of current pricing strategy regularly.
   - Consider conducting A/B testing or market research to identify optimal price points that best balance sales volume and profit.","The data reveals that maintaining a competitive price in line with the competitor can positively impact sales quantity (as seen in Rounds 125 and others). However, overpricing our products can lead to reduced sales (e.g., Round 100), while underpricing can result in higher sales (e.g., Round 103) but lower profit margins. Strategic pricing adjustments based on market dynamics could potentially maximize both quantity sold and profits.","- A competitive pricing strategy of around 8.75 to 9.35 appears effective in maintaining sales volume while maximizing profit.
   - Lower prices (such as 3.5) or premium pricing (such as 10.0) may be advantageous in certain scenarios depending on the target market and product characteristics.
   - Continuous price monitoring, testing, and adjustment are crucial for maintaining profitability and staying competitive in the market."
200,8.95,9.0,3.8215788489153657,3.590041091242774,21.97407838126335,20.822238329208087,"```
Maintain a competitive price to ensure the product remains appealing compared to competitors while also offering periodic discounts or promotions to boost sales and attract new customers.
```","* Evaluate the market and identify key competitors and their pricing strategies.
   * Research customer preferences in terms of price sensitivity and product quality expectations.
   * Identify profitable price points based on current data while avoiding undercutting ourselves (too low prices) or overpaying customers (too high prices).","```
- There is an optimal pricing range (around 8.9 - 9.0) where demand appears to be maximized, balancing competitiveness with attractiveness.
- Lower prices can still drive significant sales; however, maintaining a competitive range should be a priority to avoid losing profit margin.
```","* Lower priced items tend to sell in larger quantities, however, it is important to ensure that the profit margins are not sacrificed significantly.
   * It may be advantageous to target a mid-range price, as both high and low prices appear to have their drawbacks (either low sales volume or low profit margin respectively).
   * Keep an eye on competitor pricing and adapt our strategy accordingly whenever possible."
201,8.95,8.95,3.8127508909967105,3.8127508909967105,21.923317623231082,21.923317623231082,No plan found.,"Given the fluctuating market demand and competition, it would be prudent to conduct periodic price optimization based on market conditions. This includes analyzing competitors' prices, evaluating fixed costs, and assessing the potential impact of price changes on both quantity sold and profit per unit.",No insight found.,"The product has shown a positive relationship between price and profit per unit but a negative relationship with quantity sold. Lower prices attract more customers, but they also result in lower profit margins due to fixed costs. It is essential to strike a balance between competitiveness and profitability when pricing the product. Frequent monitoring of market trends and competitive analysis will help achieve this balance."
202,8.95,9.0,3.8215788489153657,3.590041091242774,21.97407838126335,20.822238329208087,"Consider implementing a tiered pricing strategy to take advantage of customers who prioritize different factors (volume or profit). Offer the item at a lower price with smaller quantities (perhaps 2 tiers under 10 units), and offer a slightly higher price for larger volume purchases.",Adjust pricing on a regular basis to remain competitive with market trends and stay agile in response to changes in demand or competitor behavior. Keep track of customer feedback and the quantities sold to determine if certain price points are more successful than others.,"Lower prices result in more sales but less profit per unit. Higher prices yield significantly more profit per unit, but fewer sales are made. It may be beneficial to consider offering lower prices for smaller quantities or implementing a tiered pricing strategy to capture customers with differing priorities (higher profit vs higher volume).","There appears to be some sensitivity to pricing, as lowering prices can lead to a significant increase in units sold, while maintaining middle or higher prices may limit sales and revenue potential (e.g., rounds 103, 125). It's important to find the right balance between maximizing profits and increasing market reach through attractive pricing."
203,8.95,8.95,3.8127508909967105,3.8127508909967105,21.923317623231082,21.923317623231082,"- Monitor the competitors' pricing strategies and adjust our product offerings accordingly to remain competitive.
   - Aim to increase demand through effective marketing campaigns targeting potential customers.
   - Continuously analyze sales data to optimize pricing strategies, considering both profit margins and market demand.","```yaml
- Continue setting prices between 8.75 to 9.0
- Monitor the competitor's pricing strategy and adapt accordingly
- Experiment with lower and higher price points to gather more insights","- $10.0 appears to be a less feasible long-term pricing strategy, as it results in low quantities sold. However, it can be used in specific situations for high-value customers or promotional offers.
   - Pricing around $8.95-$9.0 provides a stable and sustainable profit margin based on demand data.
   - Stay attentive to the competitive landscape to adapt to any changes and remain price competitive.","```
* Lowering the price does not necessarily lead to substantial profit growth (172.2 vs. 219.6) despite attracting more sales volume
* A higher price deters potential customers even when they might have otherwise been willing to pay it
* Prices around 8.9 and 9.0 achieve high sales volumes and profits compared to other price points
* The competitor's similar but not identical pricing can indicate opportunities for strategic experimentation with low or high prices
* Understanding the customer sensitivity to price is essential in making informed decisions about price strategy"
204,8.9,8.95,4.048696399390055,3.8033982849529093,23.077569476523312,21.869540138479227,"To counteract the competitor's pricing strategy, it would be beneficial to keep a close eye on their movements and adjust our own pricing accordingly. This could involve lowering the price temporarily when appropriate to increase sales. It also may be prudent to monitor consumer feedback and preferences regarding price elasticity, as well as market trends to make informed decisions.","To effectively increase sales, we should strategically position our product price below the competition while ensuring that our costs are covered and profit margins are maintained. This can be achieved by monitoring price changes of our competitors and adjusting our pricing accordingly. We will need to conduct regular market analysis and cost-benefit assessments when deciding on the optimal pricing strategy.","The data collected from this exercise indicates that the competitor's pricing strategy can have a substantial impact on our sales, especially when they lower their prices significantly below ours. Consumers appear to be sensitive to price variations and are more likely to purchase when offered a lower price. Maintaining constant communication with market forces and the consumer will help in forming effective strategies for optimal pricing.","In this market, customers seem more price-conscious than quality-oriented, as they are more likely to purchase lower-priced items from competing brands. It is essential to find a competitive edge by offering superior value or unique features that set our product apart. By doing so, we can justify a slightly higher price without facing significant competition on pricing alone. Additionally, understanding the customer's perception of value and their willingness to pay will be invaluable in formulating an effective pricing strategy."
205,9.0,8.0,3.302435430995532,11.526632249047719,19.154125499774086,55.32783479542905,"- Maintain competitive pricing while keeping an eye on the competitor's strategies
   - Consider periodic price reductions (like what was done in Round 125) to attract customers and boost sales
   - Monitor the impact of various prices on total sales volume for future strategy adjustments","Continue the strategy of matching the competitor's price when possible to increase sales. However, there are instances where higher prices may also be effective, so keep monitoring and adjust as necessary.","- Reducing prices during certain periods may lead to increased sales, as seen in Rounds 125 and 106
   - Maintaining the same price can lead to increases in sales, such as Round 118
   - Keep a close eye on the competitor's pricing strategies and adjust ours accordingly","Matching the competitor's price point increases the volume of sales in some cases, but it's important to note that higher prices can still result in sales when the product is perceived as valuable (e.g., rounds 83, 95, 111, 125)."
206,8.95,9.0,3.8215788489153657,3.590041091242774,21.97407838126335,20.822238329208087,"- Maintain competitiveness by staying within the range of $8.95 - $9.50
   - Monitor the competitor's pricing strategy closely and be prepared to adjust our own prices accordingly
   - Continuously evaluate the impact of price changes on profitability","Review competitors' pricing on a regular basis and adjust our own prices accordingly to stay competitive while maximizing profit. Implement marketing strategies aimed at highlighting the value of our product and building trust with customers, which could allow us to charge higher prices or push down competition. Consider offering volume discounts for larger orders.","- Lower prices generate more unit sales but lower profits per sale (e.g., $6.0 vs. $10.0)
   - Higher pricing may lead to fewer sales but increased profit per sale
   - Competitor's pricing strategy appears relatively stable, with occasional deviations that offer opportunities for profitable price matching or undercutting
   - Profitability is impacted not just by the price, but also by the quantity sold at that price","The market appears to be sensitive to pricing, with significant fluctuations in sales quantities at different price points. It seems that the ideal range for profit maximization is between 8.75 and 9.25. The data suggests a correlation between lowered prices and increased quantity sold, but this needs further study to determine if the decreased profit offsets the increase in sales volume. Additional insights on customer perception of value and product differentiation would be valuable for future pricing decisions."
207,9.1,8.95,3.1816215255806704,3.8377681263643337,18.771567000925952,22.067166726594916,"Based on the data provided, we should aim to price our product competitively yet distinctly above its immediate competitors. This strategy seems to generate higher demand due to increased perceived value.","Adjust pricing strategies based on customer demand, ensuring that the price is competitive yet attractive to potential customers. Test slight increases to the price (up to $9.50) to gauge its impact on sales if necessary.","In this competitive landscape, it is essential to balance our pricing with both attracting new customers and maintaining a sense of quality and exclusivity. Pricing too low may send a message that the item is not worth what we claim it to be, while being priced too high could limit sales and reduce customer interest.","The item sells best at around or slightly above $8.95 compared to competitor prices. Prices significantly above this point may decrease sales, as seen in Rounds 114-121 when the price was set at $10.00."
208,8.8,9.0,4.57365785982043,3.5619683227288363,25.612484014994408,20.65941627182725,"In future pricing rounds, we should consider lowering our prices slightly to remain competitive while still making profit.",Maintain a competitive yet slightly above-average price point to optimize sales. Keep an eye on competitor pricing and adjust accordingly to remain competitive without drastically increasing the product's cost. Make sure to revisit and revise pricing plans based on performance observed in subsequent rounds.,"One interesting observation is the fluctuation in quantities sold despite a lower competitor price (rounds 112-114). This suggests that our product may have unique qualities which set it apart from the competition, but we need to find a balance between profit and competitive pricing. We should monitor this trend more closely and adjust our strategy as needed.",Lower prices seem to lead to higher sales but at a reduced profit margin compared to higher price points. Competitive pricing within an acceptable range of the average is beneficial for maintaining steady sales without compromising profits significantly. Be cautious when lowering prices too much as it may result in lower overall revenue due to increased quantity sold and slightly reduced profit per unit.
209,9.0,9.1,3.613651923409978,3.189036629428177,20.959181155777873,18.815316113626242,"- Analyze the relationship between price, quantity sold, and profit margin in each pricing round to identify potential trends or patterns that could help guide future decisions.
- Investigate whether there are any external factors (e.g., promotions, competitor actions) that may have impacted sales during these rounds.
- Consider conducting A/B testing for different price points to verify our assumption about the optimal pricing strategy.","- Regularly monitor competitors' pricing strategies and adjust our own prices accordingly
   - Invest in market research and customer feedback to understand changing consumer behavior and preferences
   - Offer occasional discounts or promotions to stimulate sales during periods of low demand","- Lower prices generally lead to higher quantities sold but lower profit margins.
- Competitor often adjusts their prices to be slightly below ours, suggesting a need for more aggressive competitive analysis and strategic pricing decisions.","- Consumers appear to be willing to pay a premium for the product, but are also sensitive to slight price differences
   - Competitors seem to be closely watching our pricing moves and adjusting theirs accordingly, suggesting a need for quick response strategies
   - It may be advantageous to periodically reduce prices during periods of low demand to boost sales and maintain a competitive edge"
210,7.0,9.0,31.258937953733923,2.5658898789167868,118.7839642241889,14.882161297717364,Monitor competitor pricing strategies and take advantage of any perceived weaknesses by temporarily decreasing our own price. Continue tracking customer response to different prices to better understand their purchasing behavior.,"- Maintain a high price when the competitor lowers theirs
- Utilize short-term discounts to increase sales volume and customer acquisition
- Monitor competitor's pricing strategy closely to ensure optimal pricing decisions","Customers seem responsive to lower prices, but increased competition suggests that a low-price strategy may not be sustainable long-term. The highest sales occurred at 6.0, highlighting the need for strategic pricing adjustments to maximize revenue. Additionally, there appears to be opportunity for targeting price-sensitive customers who are drawn to lower prices by emulating competitor strategies.","- Lowering price temporarily can generate higher sales volume but at a lower profit per unit (e.g., rounds 129, 118)
- Increasing marketing efforts during low price periods may boost sales and help maintain high volume (round 125)
- Adjusting pricing based on the competitor's strategy seems to be crucial for maintaining market position and profitability"
211,9.1,8.95,3.1816215255806704,3.8377681263643337,18.771567000925952,22.067166726594916,"* Increase the frequency of competitor price checks and adjust our own pricing accordingly.
   * Analyze the impact of minor price increases on market demand and customer satisfaction.
   * Develop a contingency plan for handling long-term trends in competition, such as sustained low prices by competitors.","* Evaluate potential pricing strategies that involve decreasing our prices slightly and assessing the impact on quantity sold in order to better understand our optimal pricing range.
   * Monitor competitors' actions, especially those instances where they have underpriced us but still maintained profitability.","* Competitor price changes are frequent and substantial, necessitating agility and adaptability in our pricing strategy.
   * There is potential profit in being more responsive to market changes, but it must be carefully balanced against maintaining customer trust and satisfaction.
   * Adopting a more proactive approach to pricing could potentially improve our overall market position.","* Increased price points (from 9.1 to 10.0) led to lower sales despite maintaining similar or higher profits.
   * Lower prices (8.75 in one instance yielded a profit of 20.6) are associated with higher quantities sold and should be further explored as an pricing strategy option."
212,9.1,9.1,3.2026355096124832,3.2026355096124832,18.89554950671365,18.89554950671365,"Monitor the competitor's pricing strategy closely. It appears that they occasionally lower their prices, making it essential to maintain a competitive edge while still maximizing profits. Further exploration into pricing psychology might provide useful insights for establishing optimal price points.","- Analyze the average cost per unit to ensure our chosen price maintains a reasonable profit margin.
   - Schedule regular competitive pricing analysis to stay informed about competitor's strategies.
   - Perform a market segmentation study to identify potential new customer groups that may be more sensitive to lower pricing.","The customer seems responsive to slight adjustments in the product’s price. Finding the sweet spot where both profitability and customer interest are balanced is crucial. Exploring alternative revenue streams, such as bundle deals or ancillary products, could increase overall profit margin without raising the base product's price.","- Round 125 saw success with aggressive pricing and higher volumes, but led to thinning profitability.
   - In many cases, customers will not pay a significantly higher price than our competitor with minimal perceived advantages.
   - Exploring market segmentation may open new growth opportunities, as it enables us to offer tailored pricing options based on customer preferences."
213,8.95,9.0,3.8215788489153657,3.590041091242774,21.97407838126335,20.822238329208087,"To capitalize on our high demand while maximizing profit, let's continue experimenting with lower pricing tiers to see if we can strike the right balance between price and sales volume. We should keep monitoring how our sales fares compared to our competitors.","- Keep existing price competitive (around 9.00) but explore slightly higher or lower pricing strategies for variety and potential increased sales
   - Monitor market trends and adjust prices accordingly
   - Explore advertising campaigns to potentially increase product visibility and demand","Our current pricing strategy seems to be attractive to a broad customer base, but a lower price might not equate to higher profits if sales volume does not compensate for the decrease in per-unit profit. It would also help us stay competitive and potentially gain market share against our competitors. However, careful monitoring is necessary to ensure we don't lose too much profit per unit, as seen in round 115 when setting a very high price.","- Competitors are consistent with pricing strategy, using 8.75 and 8.95 frequently
   - Price elasticity is present, notably when the price reaches $10
   - Potential exists to explore additional marketing initiatives to boost sales and visibility"
214,9.05,9.0,3.3877440721913508,3.606234793079517,19.818302822319403,20.916161799861197,"* Maintain a competitive price point within a tight range (e.g., 9.0 - 9.1) to capitalize on sales volumes while minimizing the impact of temporary competitor price cuts.
   * Invest in high-quality marketing efforts targeting our key demographic segments.
   * Monitor competitor pricing and sales data closely to quickly respond to changes in the market.
   * Explore alternative profit sources by diversifying product offerings.","- Analyze historical pricing trends and identify patterns to guide future pricing decisions.
  - Monitor competitors' pricing strategies and adjust as necessary to remain competitive.
  - Consider implementing a more aggressive pricing strategy during periods of high demand (low price, high quantity sold) while maintaining a premium pricing strategy in markets with lower competition or higher perceived value.","* Pricing within a narrow range (e.g., 9.0 - 9.1) helps capitalize on sales volumes while keeping profits relatively stable, even during periods of increased competition.
   * Aggressive pricing fluctuations (up or down) can result in lower overall profits due to decreased sales quantity.
   * Focusing on high-quality marketing efforts and targeting key demographic segments is essential to driving customer awareness and preferences.
   * Closely monitoring competitor pricing and sales data helps us stay ahead of the market and optimize our pricing strategically.","- Prices have a direct impact on the quantity sold, with increased sales at lower prices and decreased sales at higher prices.
  - The competitor appears to deploy strategic pricing tactics to influence consumer behavior and maintain market share.
  - Consumers are price-sensitive in this market, especially when price differences between products are minimal, as can be seen in rounds where the competitor price is close to or slightly lower than the product price (e.g., round 116)."
215,8.95,8.95,3.8127508909967105,3.8127508909967105,21.923317623231082,21.923317623231082,"Consider a gradual approach to reducing product prices to test the market and assess customer response while maintaining profitability. If necessary, slightly raise prices during periods of lower competition from other sellers.",No plan found.,"Lowering the price can increase sales volume significantly, but it will also reduce profit margins. It's essential to find a balance between attracting customers and maintaining profits when determining pricing strategy. Keep monitoring competitor pricing rounds and adjust accordingly.","Prices play a crucial role in determining profit, but they also affect the number of units sold. It seems that customers are generally less likely to purchase our product at higher prices, even if they perceive its value to be high. Conversely, lower prices attract more customers, but may not guarantee a profitable venture due to decreased margin per unit. Monitoring competitor pricing and adjusting ours accordingly appears to be an effective strategy for maintaining sales while maximizing profit. It's essential to find the equilibrium between profit and volume that best suits our business goals."
216,9.2,120.0,2.9312230751356365,2.0761710321901813e-60,17.587338450813817,2.4249677655981318e-58,"In light of the competitor's ability to match my sales volume while offering a slightly lower price, I should consider raising my price to increase profit margins while still positioning myself as competitive in terms of value to the customer.","Based on the observed data, it seems like maintaining a competitive price point is important for this seller. The seller adjusts their prices based on competitor actions and market trends, with an emphasis on not undercutting competitors too significantly while also attempting to maximize profits. Future plans could include implementing more sophisticated pricing strategies such as dynamic pricing or exploring market segmentation.","The market appears sensitive to differences in relative prices, with customers preferring products that offer better perceived value even when a higher price is charged. It may be prudent to focus on improving product features or benefits as part of our marketing strategy to justify any proposed price increase.","* Competitive price monitoring is crucial in this market for staying competitive and ensuring profitability.
* Price fluctuations can lead to changes in quantity sold, with a potential trade-off between price and revenue/profit margin.
* Maintaining a flexible pricing strategy may be necessary to adapt to changing market conditions and competitor actions."
217,9.1,9.0,3.189036629428177,3.613651923409978,18.815316113626242,20.959181155777873,"Analyze competitors' pricing rounds in greater detail, with a focus on identifying trends and patterns. Adjust our pricing strategy accordingly, leveraging any insights gained to maximize profit margins while staying competitive.",No plan found.,"Competitor appears to engage in price undercutting as a tactic to attract customers, but occasionally they raise prices as well. This inconsistency creates opportunities for us to adjust our own pricing strategy to take advantage of market momentum and maximize profit margins.",No insight found.
218,9.35,8.95,2.347771596288178,3.8708209695459144,14.438795317172294,22.257220574889004,"1. Analyze customer purchasing behavior and pricing sensitivity to understand optimal pricing levels.
2. Conduct regular market research to stay updated on competitor strategies and adapt pricing accordingly.
3. Implement a dynamic pricing strategy that allows for flexibility in adjusting prices based on external factors such as demand and competition.
4. Develop targeted promotional campaigns to encourage higher-priced purchases or to discount specific products with lower profit margins.
5. Establish solid relationships with key distributors to ensure the efficient distribution of our product line at competitive price points.",No plan found.,"1. Maintaining a competitively low price is crucial for attracting customers in this market.
2. Regular monitoring of competitor pricing and adaptability in response are essential strategies for success.
3. A dynamic pricing strategy can provide an opportunity to optimize profit margins while maintaining high sales volumes.
4. Promotional campaigns could be a means to encourage higher-priced purchases or adjust the profit margin on lower-pricing products.
5. Establishing strong distributor relationships can aid in efficient distribution and price consistency.",No insight found.
219,9.0,9.0,3.598372682664919,3.598372682664919,20.87056155945653,20.87056155945653,"Maintain a flexible pricing strategy that accounts for both competitive pressures and the impact of variations in quantity sold. Constantly monitor market dynamics, as adjustments to the chosen price can have a sizable influence on sales volume.",No plan found.,"Low-priced products are not always favored by customers, as demonstrated by Rounds 125 and 137 where lower prices led to more units sold on one occasion but less on the other. High prices can lead to diminished sales volume at times, as shown in Round 142. Careful consideration should be given when deciding on a price change.",No insight found.
220,9.0,9.0,3.598372682664919,3.598372682664919,20.87056155945653,20.87056155945653,"We need to consider implementing a dynamic pricing strategy that allows us to adjust our prices based on market trends and competitor actions. This could potentially increase sales during periods of price decreases by the competitor, or during times when demand is high.","To maintain competitiveness and adapt to fluctuating market dynamics, we should closely monitor competitors' prices and consumer preferences. Furthermore, leveraging promotional strategies at strategic intervals may help capture additional sales during periods of high demand. Investing in targeted advertising to raise brand recognition could also boost our position in the market.","The pricing data suggests that customers are sensitive to price changes, with significantly higher sales during periods of lower prices (6.0 and 8.95). However, maintaining a competitive price seems crucial in attracting customers away from the competitor. Additionally, it's important to note that offering discounts or promotions may lead to increased sales, but it could also affect perceived value and overall profitability.","Observed that a competitive price point is essential for attracting customers and maintaining sales velocity. However, it's important to balance affordability with perceived value, as higher prices can still drive profits when demand is high enough. Additionally, promotions and targeted advertising have the potential to increase our market share by raising brand recognition."
221,9.0,9.25,3.6334627396789845,2.658298127544428,21.07408389013811,16.08270367164379,"- Monitor competitor pricing to optimize sales quantity and revenue
   - Maintain competitive price points in lower tiers
   - Identify opportunities to increase prices strategically, based on demand and competition
   - Consider targeting a more budget-friendly market segment to capitalize on potential demand
   - Conduct ongoing research to identify pricing trends and opportunities",Consider implementing more dynamic pricing strategies that closely track and respond to our competitor's pricing movements. Continue monitoring market conditions and customer feedback to ensure our pricing remains competitive and profitable.,"- Competitor analysis is crucial in identifying optimal pricing strategies
   - Pricing fluctuations can have significant impact on sales quantity and revenue
   - High-demand periods may present opportunities to increase prices without experiencing a drastic decrease in sales quantity
   - A budget-friendly product or service may tap into an unmet market need
   - Continually monitoring pricing trends is essential for maintaining competitiveness and profits","Our price advantage has been eroded due to the competitor lowering their prices; however, focusing on quality and unique value propositions may assist in maintaining a loyal customer base without sacrificing profitability. Regularly evaluating competitor pricing and sales data will be essential for staying competitive and maximizing revenue."
222,8.65,9.0,5.465333977101151,3.5286848287516484,29.786070175201274,20.46637200675956,"- Regularly monitor market demand and competitor pricing strategies to optimize our competitive positioning.
   - Emphasize marketing efforts when the product is priced at more attractive price points (e.g., 8.0, 9.0)
   - Consider offering discounts or promotions for bulk purchases or during specific periods of low demand (e.g., seasonal fluctuations).","- Continuously monitor unit costs and explore methods to reduce costs
   - Maintain a competitive pricing strategy to maximize sales
   - Evaluate the potential for bundling or discounts to increase revenue","- A wide pricing range from as low as 6.0 to as high as 9.5 demonstrates the existence of various price points that can result in strong sales.
   - Maintaining a competitive edge against similar products may involve a versatile pricing strategy, taking into account factors such as market conditions and consumer behavior","- Lower prices yield higher sales volumes while maintaining a reasonable profit margin
   - Higher prices can still generate significant revenue despite lower unit sales
   - Regular monitoring and adjustments of pricing strategy is necessary to remain competitive and profitable in the market"
223,8.95,9.0,3.8215788489153657,3.590041091242774,21.97407838126335,20.822238329208087,Update the price adjustments algorithm to take into account both price patterns (competitor's pricing and our own historical performance) and sales volume. Continue monitoring the competitors' actions and adjust prices accordingly while maintaining high profit margins.,"To maintain profitability and growth, we should stick to our competitive pricing strategy, keeping our prices close to but slightly lower than the competitors'. By remaining flexible with our pricing based on market conditions, we can adjust our strategy depending on whether there is higher demand or competition.",Maintain a competitive edge by constantly monitoring competitor's pricing strategies and adjusting our own pricing based on their movements and our historical performance data. This will ensure maximum profitability while appealing to cost-conscious customers with strategic price drops.,"- Our pricing strategy seems effective at maintaining profitability in an evolving market, and it allows us to capitalize on potential increases in demand when the competitor raises their prices (Rounds 125-124)
- Periodic price wars with the competitor can lead to increased sales for both parties, but may not be necessary as our lower cost structure gives us a competitive advantage (Rounds 130-127)"
224,9.0,9.0,3.598372682664919,3.598372682664919,20.87056155945653,20.87056155945653,"Consider increasing or decreasing the price based on competition's prices and our unit sales. In rounds where we are setting a higher price but are selling fewer units, examine the competitor's price to see if there is space for a discount. Conversely, in scenarios when we sell more units at a lower price, consider raising the price slightly to boost profits.","- Continue monitoring competitors' prices to maintain a competitive advantage while maximizing profit.
   - Adjust pricing strategy based on consumer demand, as there seems to be high demand at lower price points (as demonstrated by sales quantities).","- Customers are sensitive to price differences between our product and that of the competition; even small differences in prices can have an impact on sales.
   - Higher prices may lead to lower volumes of units sold but potentially higher profit margins, while lower prices may lead to increased sales volume with lower profit margins.
   - It is important to carefully monitor competitor's pricing moves and adapt our pricing strategy accordingly to maximize profitability.","- Pricing sensitivity exists among consumers as drastic changes in the seller's price affect sales quantities significantly.
   - Lowering prices for a short time can increase immediate sales but may impact long-term profit sustainability.
   - Consumers tend to purchase more units when prices are lower, suggesting there is a correlation between affordability and demand."
225,9.0,8.95,3.590041091242774,3.8215788489153657,20.822238329208087,21.97407838126335,"- Monitor market trends and competitor pricing closely to adjust our product's price strategically.
   - Experiment with different price points to find an optimal balance between maximizing profits and meeting demand.","We should monitor the competition's pricing strategy and its impact on sales volumes. Explore opportunities to capitalize on situations when competing prices are higher, offering competitive yet slightly lower prices selectively to boost our market share.","- Lowering the price can increase demand significantly, ultimately leading to higher profits due to increased volume.
   - The sweet spot seems to be a price lower than our competitors but still high enough to generate reasonable profit margins.","When competing prices are very close, sales volumes seem to be more dependent on factors other than just price. Analyze these factors and consider their impact on our target customer segments in order to optimize our pricing strategy. Additionally, pay attention to competitors adjusting their prices in reaction to ours as these could represent opportunities for strategic responses."
226,9.0,9.1,3.613651923409978,3.189036629428177,20.959181155777873,18.815316113626242,"In light of the observed trends, I will continue to monitor my competition's pricing strategy and adapt accordingly. I must consider both the potential increase in demand with lower prices and the higher profit margins that come with higher prices. A successful strategy might involve dynamically adjusting prices based on competitor actions and market conditions while maintaining a focus on overall profitability.","In order to remain competitive, consider adjusting prices slightly upward to maintain profitability while not deviating too far from the current competitor pricing strategy. Monitor consumer response closely to identify any changes in their buying behavior and adapt accordingly.","Key insights from this analysis include recognizing the potential impact of price elasticity on demand, understanding how competition influences pricing decisions, and identifying the importance of striking an optimal balance between price and demand when setting prices. Additionally, monitoring market trends and adjusting pricing accordingly is essential for staying competitive in these dynamic market conditions.","Continued monitoring of competitor pricing strategies and consumers' preferences is crucial in determining optimal pricing tactics for success in this market. Adjustments need to be precise while maintaining the balance between competitiveness and profitability. Stay attentive to changes in consumer behavior, as it may provide valuable insights into effective pricing strategies."
227,8.95,8.95,3.8127508909967105,3.8127508909967105,21.923317623231082,21.923317623231082,Consider offering competitive pricing with occasional promotional discounts to maximize sales volume while maintaining profitability margins. Monitor the performance of price fluctuations and adjust accordingly. Develop strategies for handling sluggish periods to maintain consistent sales.,"- Monitor competition movements closely for any significant price changes or trends.
   - Conduct regular customer interviews and surveys to gauge potential response to price reductions in different price tiers.
   - Implement a dynamic pricing strategy with slight adjustments based on market conditions, customer feedback, and competitor behavior.","Pricing plays a crucial role in the success of our product, with lower prices leading to increased demand and higher volumes in some instances. It appears that closely matching or exceeding competitor pricing can decrease our attractiveness to potential buyers. Furthermore, occasional promotions or discounts could be effective in boosting sales during slow periods.","- A lower starting price could help win over budget-conscious customers without sacrificing substantial profit margins.
   - Redressing the balance between maintaining a higher margin and growing the customer base will require a strategic approach.
   - Pricing agility will become increasingly important to respond to changing market dynamics, such as increased competition and potential shifts in consumer preferences."
228,8.95,8.95,3.8127508909967105,3.8127508909967105,21.923317623231082,21.923317623231082,"```
Adjust pricing strategy slightly below competitor while monitoring quantity sold and profit margin changes.
Consider offering unique features or promotions to differentiate from competitors.
Continue keeping a close eye on market trends and competitor moves.
```",Consider exploring pricing strategies where we gradually lower our price to undercut competitors while maintaining excellent product quality and offering promotions or incentives to drive sales volume. This will allow us to capture market share and eventually increase prices once a dominant position is established.,"```
Matching the competitor's price doesn't always yield higher profits, as increased volume may not offset slight decreases in profit per unit.
Adjusting our pricing slightly below competitor prices can lead to higher sales volumes with potentially acceptable profit margins.
```",Observed that consistently higher pricing compared to competitors may limit sales growth. Price matching or undercutting selected competitors could prove beneficial while maintaining high-quality standards to satisfy customers and increase overall profits in the long run.
229,9.0,9.0,3.598372682664919,3.598372682664919,20.87056155945653,20.87056155945653,"- Monitor competitor pricing trends closely and adjust our own prices accordingly within a reasonable range to maintain sales volume.
   - Regularly analyze cost of goods sold and profit margins to ensure that price adjustments do not negatively impact overall business sustainability.","Given the historical data, it seems that adopting a dynamic pricing strategy, where the price is adjusted based on the competition's actions, may be beneficial. Continuously monitoring the competitor's price movements and adjusting one's own price accordingly can help maintain a competitive edge.","- Competitor pricing has a significant impact on our sales volume, with lower prices leading to increased sales.
   - Maintaining a competitive pricing strategy over multiple rounds can lead to higher profitability in the long run.
   - It's crucial to consider both the immediate impact of price adjustments on sales volume and the potential longer-term implications for profit margins and business sustainability.","The insights from this data analysis suggest that understanding the competitor's pricing strategy is vital in determining one's own pricing approach. By closely observing fluctuations in the competitor's prices, one may identify trends and adjust their pricing accordingly to maximize market share and profitability."
230,9.0,8.95,3.590041091242774,3.8215788489153657,20.822238329208087,21.97407838126335,"* Monitor competitor's pricing strategies closely and adjust prices accordingly, staying competitive without sacrificing profits.
* Conduct market research to better understand the elasticity of demand for our product and adjust prices accordingly.
* Consider offering additional services or bundles to create incentives for customers to choose our product over competitors.",No plan found.,"* Lower prices can attract more customers, but may not always be profitable in the long run.
* It's important to be aware of how changes in pricing affect overall profitability and market positioning.
* Offering additional value-added services or bundles can create stronger customer loyalty and increase profitability beyond simple price adjustments.",No insight found.
231,8.75,9.0,4.854314406255891,3.5514922874376476,26.941444954720193,20.598655267138355,"We should monitor the competitor's pricing strategy closely, as it appears to be dynamic with some strategic increases and decreases. It would be prudent to adjust our pricing strategy according to the competitor, while also factoring in market dynamics such as customer preferences, current demand levels, and cost-related factors.","To improve competitiveness, it may be beneficial to revisit the pricing strategy and consider occasional price adjustments based on market trends and customer behavior. Regularly monitoring competitor pricing can help us stay informed about any significant changes in the market. Additionally, maintaining a strong focus on our product quality and unique value propositions will differentiate us from competitors and support competitive pricing.","- The competitor usually has a higher price compared to our product; however, there are instances where it can be lower. Understanding why pricing fluctuations occur will help in making informed decisions regarding pricing adjustments.
 - Our current strategy seems to work well when the product is less expensive than the competitor, capturing more market share in those scenarios.
 - Strategically decreasing the product's price can help attract more customers, though we should be careful not to do so consistently as it may affect overall profitability.","It seems that price-sensitive customers exist in our market, as they are drawn to lower prices offered by some competitors. However, it is essential to maintain a balance between competitiveness and product quality. Understanding customer preferences and behaviors will help us make data-driven pricing decisions. Regularly reviewing and adjusting pricing strategies based on competitive analysis and market trends will be crucial for our success in this dynamic market."
232,9.0,8.95,3.590041091242774,3.8215788489153657,20.822238329208087,21.97407838126335,"- Implement a dynamic pricing strategy, with occasional promotions at lower price points to gain market share or stimulate demand during slow periods.
   - Monitor the competition's prices closely and adjust our own accordingly.
   - Use seasonal sales data to inform our pricing decisions and optimize pricing during high-demand seasons.",Monitor competitors' prices and adjust our own pricing accordingly to maintain competitiveness and maximize profits.,"- Higher price points seem to attract fewer customers, but tend to result in a higher profit margin per unit sold.
   - Lowering the price seems to increase sales volume, but might require offering a corresponding reduction in profit margin per unit.
   - Dynamic pricing strategies can help adapt to changing market conditions and optimize profits across varying demand scenarios.","Lowering the price can increase sales, but it may yield lower profit per unit sold. On the other hand, raising the price above $9 decreases sales considerably, but the profit per unit sold increases significantly. It's essential to balance sales volume and profit margin when determining optimal pricing."
233,9.1,9.0,3.189036629428177,3.613651923409978,18.815316113626242,20.959181155777873,"- Monitor the competitor's pricing strategies more closely and adapt my own pricing accordingly
   - Consider implementing a competitive yet profitable pricing strategy that encourages higher volumes of sales
   - Analyze the customer demand for different price points to determine optimal pricing levels","Focus on maintaining a competitive price with slight differences in unique selling points, such as better materials, customization options, or exceptional customer service to justify slight price variations. Regularly evaluate competitor's pricing and adjust accordingly while aiming to improve quality and create an overall positive customer experience.","- The competitor's pricing fluctuations don't seem to have as much impact on overall market share compared to volume of sales and profit margin
   - Higher prices can result in lower sales volumes but potentially higher profits per sale, requiring careful balance between competitiveness and profit generation",The data indicates that maintaining a competitive price with slightly better product qualities or unique selling points can lead to increased sales and profit margins. It may be helpful to conduct market research to identify specific areas where enhancements can be made to differentiate ourselves from competitors while keeping our pricing strategy flexible.
234,9.0,8.5,3.4893557008526854,6.518974682161109,20.238263064945574,34.55056581545388,"- Examine the correlation between price and quantity sold in greater detail
   - Investigate factors that may influence market sensitivity towards this product
   - Analyze price adjustments under different market conditions","Consider monitoring the competitor's pricing strategy during the coming rounds to identify patterns that may indicate their response to our own pricing shifts. Gather data on potential customer preferences, production costs, and demand forecasts to develop a more data-driven pricing approach.","- Price variation has minimal impact on overall sales volume in most cases, with some exceptions
   - Market sensitivity appears to play a significant role in determining optimal pricing strategy
   - Demand-based pricing might be a viable approach to maximize revenue opportunities","In round 147, we increased the selling price slightly and saw an immediate drop in sales volume; it seems that customers were sensitive to this slight increase. Our analysis suggests that our target market may have a relatively narrow price range they are willing to pay for this product. Also, notice that competitor's pricing does not seem consistent – they may also be making efforts to understand the price sensitivity of consumers and adjust their own prices accordingly."
235,8.95,8.9,3.8033982849529093,4.048696399390055,21.869540138479227,23.077569476523312,"Consider exploring a more aggressive pricing strategy within the range of competitor's lower-priced offerings to secure more sales, while also optimizing margin by adjusting prices based on customer segment.","- Maintain a competitive pricing strategy to attract customers while maximizing profits.
   - Consider adjusting the price based on customer demand patterns, aiming for equilibrium between attractive pricing and profitability.
   - Regularly analyse competitor prices to ensure our offering remains attractive without sacrificing significant margins.",Lower prices do not always guarantee higher sales; profitability should be prioritized alongside securing a significant market share. It is essential to understand the customer segments and their price sensitivity to develop effective pricing strategies.,"- Lower prices tend to attract more customers and result in higher sales, but lower profit per unit sold.
   - Higher prices, while potentially resulting in less volume, can lead to a greater profit per unit sold if careful consideration is given to demand patterns.
   - Maintaining a competitive price compared to the competition can increase market share without sacrificing significant profitability."
236,9.2,8.9,2.8113228432522974,4.090450600652118,16.867937059513782,23.315568423717075,"Consider pricing strategies that differentiate our offering from competitors while maximizing profitability. Analyze competitive prices and adjust our price in response. Monitor how changes in price influence profits, sales volume, and market share.","It seems prudent to test pricing strategies that balance attracting a reasonable number of buyers with maximizing profit margins. This may involve adjusting prices based on demand, with occasional higher-priced items to capitalize on consumer willingness to pay a premium.",Pricing appears to have a significant impact on both sales volume and profit earned. Lower pricing may lead to higher sales but lower overall profits per unit. Higher pricing may result in less units sold but potentially larger per-unit profits if demand remains consistent. A balanced approach that takes into account both the competition and our production costs will likely be necessary for optimal results.,"Consumers appear to be sensitive to price changes in either direction. Lower prices can increase the number of units sold but may not always translate into desirable profit margins. On the other hand, higher-priced items might attract fewer buyers but could potentially yield better average returns per unit. Continuous monitoring and adjustment based on pricing round results is essential to maintain profitability while maximizing sales volume."
237,8.75,8.95,4.843220932505332,3.7719042548229798,26.879876175404593,21.68844946523213,"```
1. Analyze market trends to ensure pricing remains competitive.
2. Implement dynamic pricing strategies where possible to maximize profits and sales volume based on demand fluctuations.
3. Monitor competitor pricing closely to adjust accordingly.
4. Continuously evaluate the profit per unit versus overall revenue potential.
5. Consider offering promotions or discounts during slower periods to drive sales while maintaining a profitable margin.
```","* Maintain current pricing for the next several rounds, with a focus on building brand identity and quality perception.
   * Consider occasional minor price reductions (e.g., 5%) to attract new customers or increase sales during slower periods.
   * Explore opportunities for partnerships or collaborations that may allow for temporary price increases or unique product bundles.","```
1. Lowering the price slightly can increase sales volume, but this may result in lower profit per unit.
2. Maintaining a competitive yet profitable pricing strategy appears crucial for success in this market.
3. Regularly monitoring competitor pricing and adjusting accordingly is essential to remain competitive.
4. Dynamic pricing strategies, implemented with care, can help optimize profits and sales volume based on market demand fluctuations.
```","* It appears that aggressive pricing can entice more sales, but may not be sustainable in the long term and could potentially harm the brand's perception of value.
   * Customers are responsive to temporary price reductions, indicating an opportunity for strategic pricing promotions.
   * There seems to be a general willingness among consumers to pay relatively higher prices for products they perceive as high-quality or from well-regarded brands."
238,8.75,8.75,4.79188467283,4.79188467283,26.5949599342065,26.5949599342065,Maintain competitive pricing while considering a slight price decrease if necessary to boost sales volume and remain more attractive to buyers compared to the competitor.,"1. Monitor competitor's price changes more closely to react quicker to potential threats in pricing.
     2. Consider adopting a more aggressive pricing strategy, similar to that of the competitor.
     3. Investigate the possibility of offering additional features or benefits to customers at select price points as a way to differentiate ourselves from the competition.","The market seems to respond relatively well to prices between 8.75 - 9.35, as evident by a steady profit being earned in most rounds. However, it is essential to keep an eye on the competition and their pricing strategy to remain competitive and ensure maximum profitability.","The competitor's aggressive pricing strategy has yielded them sales, but they have also made fewer overall sales due to the higher prices they have used. It may be beneficial to find a middle ground between being competitive and maintaining a stable profit margin. Additionally, it appears that customers are responsive to minor price changes, suggesting that small adjustments could significantly impact our market share."
239,8.5,8.5,6.32728214140419,6.32728214140419,33.534595349442206,33.534595349442206,Focus on understanding the competitive landscape and keep adjusting our pricing strategy accordingly. Pay close attention to market trends and consumer preferences to find a balance between competitiveness and maintaining profit margins. Regularly analyze sales volume and average units sold per round to guide pricing decisions.,"Analyze market trends, identify opportunities to differentiate our product and offer competitive pricing to maximize our share in the market while maintaining profits.","There seems to be a correlation between price and sales volume, where lower prices in certain instances increase the number of units sold. However, it is still essential to maintain profitability by setting an appropriate markup on cost. Understanding consumer preferences and market trends play a crucial role in making pricing decisions moving forward.","Lower-priced products often sell more units compared to higher priced competitors due to the consumer perception of better value. It is important to monitor competitors' strategies, understand market dynamics, and optimize pricing accordingly to maximize profitability."
240,8.95,9.0,3.8215788489153657,3.590041091242774,21.97407838126335,20.822238329208087,"In order to maximize profits, we should consider pricing strategies that fall in the middle range of competitive prices or slightly above (e.g., 8.95 - 9.25), as it seems to balance quantity sold with profit per unit.","Continue monitoring competitor prices to identify trends and opportunities for strategic adjustments. Consider implementing promotions or discounts to drive sales when necessary, but aim to maintain a competitive price point.","A lower price does not always mean more units sold, and a decreased number of competitors may help our product stand out in the market. Regularly observing competitors' changes in prices is essential to maintain a competitive edge and stay current with market fluctuations.","Observed that lowering the price to compete with lower-priced competitors can result in increased quantities sold (as seen in round 145). However, it's essential to note that maintaining a competitive price (around 9.0) still leads to consistent sales as demonstrated in rounds 146 and 148."
241,8.65,8.75,5.395491738743881,4.761504747362247,29.405429976154153,26.42635134786047,Strategy should focus on maintaining a competitive edge while adjusting pricing based on market dynamics. Monitor competitor prices closely and aim to offer slightly lower or the same price when possible to attract customers. Use promotions as needed to boost sales during price wars or downturns in demand.,Continue monitoring competitor prices and adjusted sales volume to determine optimal pricing strategy. Consider testing a lower price point ($8.5) in a limited market to gauge customer response and potential impact on overall profitability.,"Lowering the price has been effective in increasing sales for this product, but only by a small margin (e.g., from 9.0 to 8.75) and not always, as there seems to be an optimal range of profitability that customers are willing to pay. Keep track of production costs to ensure pricing remains sustainable while staying competitive with the market average of 8.75.","Price elasticity seems high, as changes in price may significantly impact demand. Monitoring sales volume and competitor moves is essential for pricing strategy adjustments. High-profit margins suggest favorable production costs but should be reevaluated if testing lower prices reduces profitability significantly."
242,8.75,8.0,4.459864631098832,11.388663306361684,24.752248702598518,54.66558387053608,"Focus on finding an optimal balance between pricing and profitability, considering the varying demand at different price points.","Consider implementing a tiered pricing strategy, offering discounts for higher quantities or repeat customers. We should monitor the response to these promotions and adjust our pricing accordingly to maximize both profit and customer satisfaction.",Higher prices do not necessarily lead to higher profits. Explore pricing strategies that cater to the target market's sensitivities and demand patterns.,"Price sensitivity among customers is evident, with lower prices leading to increased sales volume. Profit margins decrease when lowering prices significantly. It's crucial to consider balancing price and profit in future pricing strategies."
243,8.95,8.95,3.8127508909967105,3.8127508909967105,21.923317623231082,21.923317623231082,"Maintain a flexible pricing strategy, monitoring both profit margins and sales volume, as both metrics are important indicators of product competitiveness in the market. Continuously compare our prices with that of competitors to ensure we're offering competitive yet profitable options.","Monitor competitor's pricing strategies and adjust our price accordingly, taking into account seasonal demand and sales targets. Consider offering promotions or discounts strategically to attract more customers during sluggish periods.","Pricing between $8.5 to $9.35 tends to yield higher profit margins, but sales volume diminishes as the price increases beyond $9.0. It is essential to balance profit and volume to maintain a consistent revenue stream and market presence. Lower pricing strategies like $8.0 may help increase market share, yet it comes with lower profits. Be cautious when adjusting prices; consider conducting customer surveys or focus groups for better insights on price sensitivity and value perception.","Pricing flexibility can help drive sales, but it is crucial to maintain healthy profit margins. Competitor analysis plays a significant role in our pricing strategy, and understanding their pricing trends can provide valuable insights into market dynamics. Promotions and discounts may be required during certain periods to remain competitive."
244,8.95,8.0,3.5079526714122866,11.502133993464119,20.170727860620644,55.21024316862777,"1. Implement a discount strategy to attract more customers.
2. Study the competition closely and adjust our prices accordingly.
3. Develop a unique value proposition that justifies a slightly higher price point.
4. Analyze customer feedback to ensure pricing remains competitive yet profitable.
5. Monitor market trends to stay abreast of any changes or opportunities in our target market.","It seems that having a flexible pricing strategy is important when dealing with competition, as shown in this game. The merchant should be prepared to adjust their price based on the competitor's moves. Paying attention to subtle changes in consumer behavior might also help make informed decisions about pricing.","1. Competitors are offering similar products at comparable prices, but there may be room for improvement through a better value proposition or discount strategy.
2. Adjusting our pricing with the market and monitoring competition will help maintain a competitive edge in this industry.
3. It is crucial to understand our customers' preferences and expectations when it comes to pricing to best serve their needs.
4. By implementing strategies based on these insights, we can improve our company's financial performance in the long run.","By analyzing trends between rounds, we can observe how changes in both prices and quantities sold impact profits. For example, setting a higher price combined with increased sales can result in greater profit. However, it is essential to note that there may not always be a direct correlation between price increases and sales growth. The relationship between pricing and demand seems complex and influenced by various factors."
245,8.75,8.75,4.79188467283,4.79188467283,26.5949599342065,26.5949599342065,No plan found.,Continue to closely monitor competitor's pricing strategy and sales volumes. Be prepared to adapt our own pricing on a case-by-case basis to maintain a competitive advantage in the market.,No insight found.,"It is important to understand that market conditions can have a significant impact on sales performance, as demonstrated by fluctuations in the price and volume of sales. Adapting our strategy quickly to suit these changing conditions will help us remain flexible and competitive in the market."
246,8.95,8.75,3.7719042548229798,4.843220932505332,21.68844946523213,26.879876175404593,"To gain an edge in this market, it is recommended that we maintain a competitive pricing strategy near our competitor while trying to find opportunities where a price increase can be justified without losing significant market share.",Adjust pricing strategy to remain competitive with the market and attract more buyers by keeping prices at or slightly lower than the competitive average. Continuously monitor the competitive landscape for further price shifts.,"In a broader analysis, our competitor tends to respond in a conservative manner, adjusting prices incrementally rather than making major shifts, indicating cautiousness and concern for customer loyalty. Additionally, it is observed that fluctuations in consumer demand may influence pricing strategies.",Monitoring competitor's pricing strategies is crucial in optimizing sales. Adjusting prices appropriately can lead to increased unit sales. Keep track of historical data to inform future pricing decisions and stay abreast of market trends.
247,8.92,8.75,3.9104001115322773,4.836250348425024,22.367488637964627,26.84118943375888,"Based on the data from the first 100 pricing rounds, our current pricing strategy seems to be working well in terms of average price and sales volumes. However, we should keep an eye on the competitor's strategy and consider adjusting our own if they show signs of further significant price reduction.","In order to maximize profits, we should maintain a competitive pricing strategy while staying mindful of our costs and market conditions. This could include periodic adjustments in response to competitor actions, customer demand trends, or external factors such as changes in supply chain costs. It is also important to continuously monitor the quantity sold and profit earned in order to inform these pricing decisions.","Our product appears to have a higher perceived value compared to the competitor's due to its initial higher price point (8.92 vs 8.65). However, it is essential to remain vigilant in case the competitor continues with a more aggressive pricing strategy that could potentially impact our market position.

Final answer:","The data suggests that a price differential between our product and the competitor's product affects both the number of units sold and the profit earned. Specifically, when our price is lower than the competitor's price, we tend to see more units sold and higher profits. However, it's important to note that sometimes setting a lower price can still result in a lower overall profit due to increased sales volume not necessarily compensating for the reduced margin per unit (especially if costs remain constant). Additionally, there are instances where a slightly higher price may lead to higher absolute profits despite lower quantities sold."
248,8.75,8.95,4.843220932505332,3.7719042548229798,26.879876175404593,21.68844946523213,"To remain competitive, it's essential to continue monitoring the market price fluctuations and adapt prices strategically to stay ahead of the competition while maximizing profits. We should also consider introducing discounts or promotions when necessary, especially during periods when our competitor has a more aggressive pricing strategy.","When determining pricing, consider market competition and aim to price slightly lower than competitors on some rounds while keeping a consistent base price of around 8.95 on others. Analyze the sales results from previous rounds to determine the most effective strategy for increasing sales.","By analyzing the data, a trend has emerged where sales volumes and profits are optimized in the price range of $8.75 to $8.35. It seems there is a competitive advantage for both parties within this range, but careful attention must be paid when the competitor's prices drop below ours as they may employ aggressive selling tactics for short-term market capture. The sweet spot depends on product or service specifics and requires continuous monitoring to adapt accordingly. By making informed strategic decisions based on this data, we can increase profits and solidify our competitive position in the marketplace.","Pricing competitively is important in this market, as shown by the impact of pricing changes on sales results. When pricing significantly higher than competitors, it can lead to decreased sales (e.g., round 149). Conversely, when pricing slightly lower than competitors or offering unique value, it can lead to increased sales (e.g., rounds 173 and 152)."
249,8.95,8.95,3.8127508909967105,3.8127508909967105,21.923317623231082,21.923317623231082,Analyze competitor pricing more closely to identify trends and patterns. Consider implementing a dynamic pricing strategy that takes into account fluctuations in demand and supply.,Balance profit and quantity sold by adjusting prices within a reasonable range while analyzing trends over multiple pricing rounds.,"Lowering the price does not always lead to increased sales; sometimes, higher prices can yield more substantial profits when smaller quantities are sold. It is important to consider both quantity and profit when making pricing decisions.","Pricing strategy needs to focus on both maximizing profit and increasing quantity sold as the two do not necessarily correlate, and careful adjustments in our price point can lead to better overall performance based on this data."
250,8.45,8.95,6.894907053195785,3.690577798799237,36.19826202927786,21.22082234309561,Continue monitoring competitor pricing strategies and their correlation with quantity sold. Consider experimenting with lower prices in rounds where it seems appropriate to drive sales while maintaining a profitable margin.,"- Monitor market trends and competitor prices more closely to adjust our pricing strategy as necessary.
   - Conduct customer surveys to determine their willingness to pay and assess how sensitive they are to changes in price.
   - Implement a tiered pricing model or bundle offers to attract various customer segments.","Competitors generally price between $8.50 - $9.35, with occasional outliers. One competitor prices their product at $71.00, but without sales, it is unclear if this is a viable strategy. Lower prices may drive more sales in certain rounds while maintaining profit margins should be considered.","- Our starting price may be deterring some potential customers who can find similar products at lower prices.
   - Maintaining a premium image while also being competitive is crucial to our success.
   - It would be beneficial to offer promotions and discounts during certain periods or for bulk purchases."
251,8.95,8.95,3.8127508909967105,3.8127508909967105,21.923317623231082,21.923317623231082,"- Monitor historical sales data and pricing trends for both our product and the competitor.
- Analyze the impact of changes in our pricing on sales volumes.
- Keep abreast of any market trends and adjust pricing as necessary to maintain competitiveness.
- Evaluate potential seasonal fluctuations in demand and adjust pricing accordingly.","- Consider testing a price range from 8.5 to 9.35 USD to capitalize on the observed responsiveness to these prices, while also evaluating if there's potential to gain sales from higher-priced items.
   - Review competitor pricing strategies for higher-priced items to determine if this could be an opportunity for market segmentation or expansion.","- Our product has shown a competitive edge at certain price points, resulting in higher sales volumes.
- The competitor's pricing strategy may be influenced by their perceived market position or an attempt to drive customer acquisition.
- Market fluctuations and economic conditions should be considered when adjusting pricing for our product.
- Close monitoring of both the competitor's pricing strategy and quantitative sales data is essential for informed decision-making about product pricing.","- Our customers appear to respond best to prices around 8.95 USD, as this results in the highest quantity sold. However, it's important to note that competitor success at higher price points (up to 70 USD) indicates potential market segments and opportunities for expansion.
   - The observed competitive responses to my pricing changes suggest a need to continue monitoring their strategies closely and adapt accordingly."
252,9.0,8.9,3.581214448353298,4.058047612252108,20.771043800449128,23.130871389837015,"Revisit price positioning strategies in our market research and competitive analysis efforts. Explore options for a dynamic pricing scheme that allows us to take advantage of customer demand patterns without being undercut by competitors, while still providing excellent value for money.",Consider implementing a strategy where we adjust our prices to remain competitive or even outperform our competitor when possible. Keep track of the pricing rounds where we have an advantage or disadvantage in terms of quantity sold and try to understand the reasons behind these differences.,Maintain focus on the value our product offers the customers above all else. Ensure that our marketing efforts emphasize the benefits and unique selling points of our product. Continuously monitor customer preferences in different price ranges to inform pricing decisions moving forward. Keep a close eye on competitor prices but remain confident in the superiority of our product offering.,"Adjusting the price slightly may affect the number of items sold, with larger shifts having a more significant impact on sales volume. It seems that there is room for improvement by making strategic adjustments to our pricing strategy when necessary in order to increase sales and maintain competitiveness in the market."
253,8.95,8.95,3.8127508909967105,3.8127508909967105,21.923317623231082,21.923317623231082,Maintain a competitive pricing strategy by keeping our price around the average of competitors' medium-priced offerings. This is likely to maximize appeal to cost-conscious customers without being significantly undercut or overpricing our product compared to similar ones in the market.,Refine pricing strategy focusing on a balance between competitive pricing and maintaining product value. Monitor market response to price adjustments and adapt as necessary. Build stronger relationships with valued customers to foster loyalty and encourage repeat business.,"Competitors tend to price their products within a specific range, and it appears that moderate pricing can attract more customers. It would be beneficial to analyze market trends regularly to ensure our price remains competitive while keeping costs low. Additionally, exploring options to target customers looking for mid-priced items is worth considering.","The provided data highlights the importance of monitoring competitor's pricing strategies while staying mindful of one's own product value. Adaptable pricing can prove effective in securing market share, but strong relationships with loyal customers contribute significantly to business success."
254,8.95,89.0,3.963883910097009,1.3852537401348039e-43,22.7923324830578,1.1885477090356617e-41,"Consider adjusting the price based on the competitor's pricing strategy. For rounds where the competition is offering significantly lower prices, consider temporarily lowering our own price to remain competitive and maintain market presence. In cases where the competition is charging substantially higher prices, assess whether there is room to raise our price in a way that won't discourage potential customers from purchasing.","Analyze competitor pricing trends and aim to set prices that offer a good balance between maximizing sales volume and maintaining profit margin. Keep an eye on instances where setting a lower price may increase sales volume, but be careful to ensure that overall profit is not negatively affected.","Observed that maintaining a similar price to the competitor generally results in consistent sales. On the other hand, offering significantly lower prices may lead to increased market presence and sales when facing stiff competition, but may also impact profitability. Charging significantly higher prices may create an opportunity for greater profit margins if the product is perceived as superior or unique, but can make it difficult to compete in crowded markets.","The competitive market environment has a significant impact on pricing decisions. When the competitor's price is high, setting a price on the upper end of the scale can result in higher profits. Conversely, when the competitor's price is low, it may be beneficial to lower the price to maintain or increase sales volume. It is crucial to consider both the competitor's pricing strategy and potential market demand when making pricing decisions."
255,8.5,8.95,6.504337054861288,3.7060595401208847,34.47298639076483,21.309842355695082,Consider testing pricing strategies by gradually lowering prices in successive rounds and measuring changes in sales volume. Monitor competitor's pricing and adjust accordingly.,"Consider analyzing current market trends and adjust pricing strategy accordingly to maintain a competitive edge in the market, leveraging insights from both low-price and high-price offerings.","Lower prices tend to boost the product's popularity, as evidenced by rounds 157, 158, and 160-162. It may be necessary to continue this trend or slightly lower prices to maximize sales while maintaining a reasonable profit margin. Keep an eye on competitors' pricing strategies and adjust accordingly.","Low-priced products may increase sales volume when demand is higher but can lead to lower profit per unit sold. Conversely, higher priced products can result in higher profit per unit sold when demand is lower or customers are willing to pay a premium. Overall, it's crucial to maintain a balanced approach that capitalizes on diverse market demands, ensuring long-term viability and sustainability of the business."
256,8.5,8.95,6.504337054861288,3.7060595401208847,34.47298639076483,21.309842355695082,Analyze competitor pricing trends and adjust our own price accordingly. Test the impact of price reduction on sales volume and revenue. Monitor customer feedback for perception changes.,"Maintain competitive pricing while keeping an eye on opportunities to raise the price slightly given reasonable customer demand and market conditions. Regularly analyze the competitor's pricing strategy to adjust our approach when necessary.

   New content for INSIGHTS.txt (add to existing content): Competitors occasionally set lower prices, which may attract customers but does not necessarily mean a loss in sales quantity for our product. Customers seem responsive to higher prices within a certain range, with optimal profit generated at a moderate price point.

   My chosen price: [8.95]",Keeping prices competitive with the market is important as it can help maintain a steady customer base and increase overall sales volume. Lower price points may attract more customers willing to pay a slightly lower cost while still receiving good value for the product.,No insight found.
257,8.95,8.75,3.7719042548229798,4.843220932505332,21.68844946523213,26.879876175404593,"Revisit and refine our pricing strategy to take into account various factors including competitor's pricing, fluctuations in demand, and potential external factors affecting sales (e.g., seasonality). Consider implementing a more dynamic approach that adjusts to changes in any of these aspects. Continue monitoring the market closely and be prepared to adapt quickly if necessary.","To maintain a consistent pricing strategy that maximizes profits while keeping the product competitive, I suggest setting the price within the range of 8.5 to 9.0 moving forward. Additionally, regular monitoring of competitor prices and consumer preferences will ensure maintaining an edge in the market.","Pricing has a notable impact on the product's competitiveness, with higher prices potentially leading to lower quantities sold (although not consistently). It is essential to remain flexible in pricing decisions in order to stay responsive to market changes and shifts in demand. Continue monitoring sales data for insights into consumer behavior and potential external factors that could influence sales figures.","In rounds where the suggested optimal price was higher (e.g., round 176), no sales were recorded. Conversely, when the price fell outside the identified range, it led to fluctuations in consumer demand and profits. The data indicates that staying competitive with a stable price within the range of 8.5 to 9.0 will maximize profitability without sacrificing market share."
258,8.95,8.95,3.8127508909967105,3.8127508909967105,21.923317623231082,21.923317623231082,"Continue monitoring the competitor's pricing strategy and adjust the seller's price accordingly while keeping an eye on demand, market conditions, and overall business objectives. Experiment with different price points to find an optimal balance between maximum profit and maintaining a competitive edge.","- Analyze pricing behavior of my competitor closely.
      - Evaluate marketing and promotional strategies for better product positioning and perceived value.
      - Consider lowering prices in certain cases to compete effectively while maintaining profitability.
      - Monitor sales volume and market share changes based on different pricing strategies.","Price sensitivity varies depending on market, product category, and brand recognition; in this case, it doesn't appear that the buyers are extremely sensitive to pricing changes given the shifts from relatively low prices to higher ones. The seller might consider investing more in advertising and branding to take advantage of potential market segmentation. Additionally, analyzing the data further could help uncover hidden trends or patterns that may provide insights into customer behavior and preferences.","- Higher prices do not always translate into increased profits, as the quantity sold may decrease.
      - Price parity with my competitor can help maintain market share and profitability, particularly at lower price points.
      - Monitoring the competitor's pricing and sales strategies is crucial in determining appropriate adjustments to my own pricing strategy."
259,8.95,8.95,3.8127508909967105,3.8127508909967105,21.923317623231082,21.923317623231082,Reevaluate pricing strategy regularly to stay competitive. Monitor market trends and competitor behavior closely. Consider slight adjustments or promotions to increase sales when necessary.,"- Analyze competitor pricing strategies and adjust product prices accordingly to maintain competitiveness.
   - Monitor sales data closely to identify any significant changes in consumer behavior or sensitivity to price changes.
   - Regularly evaluate the efficiency of current pricing strategies and make adjustments as needed based on market trends and insights.","Price sensitive consumers exist in the market, as shown by rounds like 176, 178, 183, and 185 where pricing increases significantly affected the quantity sold. Monitoring the effect of price changes on sales is crucial to long-term success. Additionally, there seems to be an upper limit on prices that customers are willing to pay (e.g., round 176).","- Consumers appear to be sensitive to sudden, drastic changes in product prices.
   - Maintaining a competitive price is important but setting it too low or too high can lead to decreased sales.
   - It's crucial to consider market trends and consumer behavior when making pricing decisions."
260,8.95,8.95,3.8127508909967105,3.8127508909967105,21.923317623231082,21.923317623231082,Maintain a competitive advantage by pricing our product at or around 8.95 dollars. This seems to be the sweet spot where our product attracts enough customers while not being overpriced compared to competitors' prices.,"Maintain the current pricing strategy close to 8.95 when competing against similar products, but consider experimenting with higher and lower prices in a limited range to evaluate customer response and potential profit margins. It may also be beneficial to strategically deviate from this benchmark to gain competitive advantage or clear excess inventory on occasion.","Although a higher price can potentially increase profits, it may reduce sales volume substantially. It is essential to consider this trade-off in our pricing strategies to maximize overall profitability. The sales data suggests that the optimal pricing strategy should aim to balance profit per unit and quantity sold to achieve maximum efficiency.","Identify key selling points that can enable the product to command a premium, such as superior quality, unique features, or better customer service. This information can be leveraged to justify slightly higher prices and increase the perceived value of the product in the eyes of customers. Additionally, monitoring the competitive landscape and closely tracking competitor pricing can help inform strategic decisions about pricing adjustments over time."
261,8.97,8.95,3.722117631724953,3.81634348817818,21.47661873505298,21.94397505702453,"To remain competitive, it is crucial to monitor competitor price changes and adjust accordingly while maintaining a higher profit margin. Implementing a dynamic pricing strategy could provide flexibility in adapting to the market without sacrificing profits. Regularly reassessing costs and market trends, especially when the competitor reduces their prices, will ensure optimal pricing decisions are made.","To better position ourselves in the market, we should keep monitoring our competitors' pricing strategies and adjust ours accordingly. However, it would also be beneficial to analyze consumer behavior and demand response to pricing changes to ensure that our decisions do not hurt sales volumes too much.","Gaining insights into the competitor's pricing strategy reveals potential price variations that could impact revenue. This knowledge can inform strategic decisions regarding pricing flexibility, monitoring specific rounds for competitor discounting or lower prices, and adjusting accordingly to maintain a competitive advantage in the market. Additionally, considering long-term costs and customer expectations while determining the target price will help sustain profitability over time.","It has been observed that aggressive price reductions can lead to a considerable boost in short-term sales, as seen in Rounds 184, 176, and 165. However, such a strategy should be used judiciously as it may lead to diminishing returns over time (as evidenced by a decrease in the effect of price reductions between rounds). It would therefore be wise to maintain an adaptive pricing approach that takes into account consumer demand, competitor prices, and market dynamics."
262,8.95,9.0,3.8215788489153657,3.590041091242774,21.97407838126335,20.822238329208087,"In response to the competitor's pricing strategy, we need to focus on defining our unique value proposition, ensuring that it addresses any price or quality concerns customers may have regarding our offering compared to the competition. Additionally, consider introducing a promotional offer temporarily reducing our prices to generate interest and increase sales volumes quickly while not compromising long-term profit margins.","The product should be priced competitively to attract a larger customer base without compromising profit margins. A flexible pricing strategy might be beneficial, adjusting the price according to competitor's actions and market trends.","- Our product can command higher prices compared to the competitor if we emphasize unique value propositions that justify the premium pricing.
    - Temporarily lowering our prices through promotions could be an effective strategy to increase sales quickly.
    - Careful analysis and consideration is required when setting our price points, as both volume and margin need to balance effectively for long-term success.","Pricing sensitivity of potential customers seems to be moderate; they are not swayed by extremely high or low prices. The product is likely to sell better when priced around the competition, but a more premium pricing strategy could also work in specific cases where customers value added benefits are communicated effectively. It would be useful to conduct further research on customer perceptions and preferences regarding price points, as well as investigate potential competitor strategies for future reference."
263,8.95,9.0,3.8215788489153657,3.590041091242774,21.97407838126335,20.822238329208087,Adjust pricing strategy to capitalize on instances where the competition sets a higher price. Consider offering promotions or discounts during such times to encourage more sales.,"Moving forward, we should consider a dynamic pricing strategy based on market trends and competitor behavior to maximize sales while maintaining a competitive edge. This could involve adjusting prices up or down as needed according to the information gathered from each round.","It appears that the price of $8.95 attracts buyers in most cases; however, when we can sell our product at $9.0 or lower compared to the competitor's $8.95, it results in higher sales and profit. It is essential to monitor price gaps carefully and be flexible with pricing when possible.","It has been observed that our customers react differently to certain price points (e.g., multiples of 5, 10, and 25). This suggests a need to tailor pricing strategies to account for customer preferences at different price ranges, rather than having a blanket approach."
264,8.95,8.95,3.8127508909967105,3.8127508909967105,21.923317623231082,21.923317623231082,We should consider setting our price around the average to maximize our chances of being competitive while still maintaining reasonable profit margins. Future pricing adjustments will depend on market trends and our cost-per-unit.,"- Monitor competitor pricing and pricing trends closely
   - Analyze sales quantities to determine ideal pricing ranges
   - Consider offering discounted promotions at times when profits are lower, to stimulate sales when necessary
   - Regularly update pricing strategy based on the insights gained from ongoing analysis",Keeping an eye on the competition and their pricing strategies is crucial. Regularly monitoring customer feedback and conducting surveys to understand their price sensitivity could provide valuable insights for future pricing decisions.,"- Higher prices don't always guarantee higher profits due to reduced quantities sold
   - Lower-priced items can generate significant profits when they sell in high volumes
   - Competitor pricing plays a significant role in determining market share and profitability
   - Regular analysis is essential for staying competitive and maintaining (or improving) profit margins"
265,8.95,8.65,3.7477363259549743,5.452924178517239,21.549483874241098,29.718436772918952,Investigate competitor's marketing strategies and pricing logic. Consider introducing promotions or discounts during periods where our prices are significantly higher than the competition to remain competitive while maintaining profitable margins.,"Adjust product pricing downwards by a negligible amount, aiming to match or remain slightly above the competition.
   Monitor sales volume and revenue to determine the impact of this new pricing strategy on both factors.","Competitor is actively pursuing a price war, but our product pricing strategy ensures stable profitability despite variable sales numbers. Potential to explore market share growth through promotional offers.","Current pricing may be deterring some potential customers due to its relative high cost compared to competitors.
   Lowering the price slightly could drive higher sales volume while maintaining profitability, thereby maximizing revenue for the product."
266,9.0,8.95,3.590041091242774,3.8215788489153657,20.822238329208087,21.97407838126335,"- Monitor competitors' pricing strategies and adjust accordingly to maintain an advantageous position in the market (Round 167).
   - Investigate opportunities to add unique product or feature sets that could justify a premium pricing strategy and appeal to higher paying customer segments (Rounds 178, 179).","We will continue to dynamically adjust the price based on competitor prices, customer demand, and overall market conditions. It will be essential to maintain a competitive edge while ensuring profitability and market share growth.","- Price adjustments have a significant impact on market demand and subsequent sales volume. Lower price points generate more volume but offer lower margins, while higher prices offer higher total revenue per sale but fewer sales due to limited market demand (various rounds).
   - Finding a unique product or feature set that could justify a premium pricing strategy might be beneficial in certain customer segments (e.g., Rounds 178 and 179) (Insights from various rounds).","The dynamic pricing strategy demonstrated in some rounds appears to have been effective, as evidenced by the increased quantity sold during those periods. However, we should exercise caution when employing this approach, as rapid price fluctuations could deter potential customers. Additionally, it is essential to closely monitor competitor prices and adjust our own pricing accordingly."
267,8.95,8.95,3.8127508909967105,3.8127508909967105,21.923317623231082,21.923317623231082,"* Maintain the current pricing strategy of 8.95 whenever possible, as it provides an adequate balance between profit margins and sales volume.
   * Monitor competitor pricing closely and adjust pricing strategically, if necessary, to stay competitive without sacrificing profitability.
   * Consider introducing occasional promotions or discounts when necessary to boost sales during slow periods or to attract new customers.",No plan found.,"* Lower prices (below 8.95) increase sales volume but may reduce profit per unit sold
   * Higher prices (above 8.95) do not attract customers and lead to no sales, resulting in lost potential profit
   * Competitor pricing has minimal impact on our market share when selling at the current price of 8.95",No insight found.
268,8.9,8.97,4.052501951527613,3.7129787653916075,23.099261123707393,21.423887476309577,"To remain competitive, it is essential to monitor our competitor's price fluctuations and adjust ours accordingly while maintaining profit margins. Consider implementing dynamic pricing strategies to capitalize on market trends, especially during certain seasons or sale periods.","1. Monitor the competition's pricing strategy closely, as it may dictate our own adjustments.
  2. Conduct market research on customer price sensitivity and preferences to determine ideal price ranges within our target demographic.
  3. Implement a more flexible pricing model that allows us to capitalize on opportunities for increased profit during specific rounds or periods of high demand.
  4. Explore the possibility of adding a premium tier with select, higher-priced products for customers who value exclusivity and higher quality.","By observing the competitor's strategy, it seems that they react quickly to changes in demand and price their products strategically. This information suggests that our own responsiveness to market fluctuations should be improved to maintain a competitive edge. Additionally, understanding seasonal trends will aid in making more informed pricing decisions.","1. Price elasticity varies among product categories, and it's essential to develop specialized pricing strategies tailored to specific offerings.
  2. Understanding customer preferences through market research can help inform strategic decisions regarding product positioning and pricing.
  3. Monitoring the competition's sales volumes and profit margins helps in evaluating our competitiveness within the market.
  4. Being aware of and adapting to fluctuations in demand is crucial for optimizing revenue opportunities."
269,8.95,8.95,3.8127508909967105,3.8127508909967105,21.923317623231082,21.923317623231082,"To remain competitive, consider lowering prices in instances where it is comparable or higher than the competitor's price. Implement a dynamic pricing strategy that adjusts based on market demand and competition. Offer discounts for bulk purchases to encourage sales.","Let us conduct further analysis on the relationship between price changes and sales quantities. We need to determine whether decreasing our price by a small amount will boost sales and maintain or even slightly increase profit margins, or if this lowering of price would result in marginal profit gains.","Dynamic pricing has shown promise in attracting customers by keeping prices competitive with the market. Offering discounts on bulk orders can foster loyalty among customers. It is essential to monitor changes in the market and adjust prices accordingly, ensuring a fair price without sacrificing profitability.","It's evident that customers are sensitive to price fluctuations and respond positively toward slightly lower prices (approximately 8.95), which results in increased sales quantities. This insight supports the importance of a competitive pricing strategy with an emphasis on offering value for money to our target market."
270,8.35,8.75,7.662292357107777,4.647415238267641,39.46080563910505,25.793154572385404,"To remain competitive while still maintaining profitable pricing, it is important to analyze the trend between customer demand and price point. Pay attention to rounds where I have lower prices but maintain larger quantities of product sold compared to the competitor. It might be valuable to consider adopting a similar pricing strategy when I am at a lower end of the price spectrum.",The next pricing round should focus on further evaluating the optimal pricing strategy. I recommend pricing the product slightly lower than the current average (8.95) since historically lower prices have led to increased demand occasionally.,"It appears that a price point of $3 or less seems to drive high demand, whereas prices around $9 may discourage customers from purchasing the product. This suggests that there might be two distinct market segments – price-sensitive and non-price-sensitive customers – requiring us to strategize pricing accordingly for each segment based on competitor positioning.","Lowering the price of the product may lead to temporary increases in sales, but it's essential to monitor market response and adjust pricing accordingly while maintaining profitability objectives. Also, observe competitors' pricing strategies and make adjustments as necessary to stay competitive."
271,8.95,9.0,3.8215788489153657,3.590041091242774,21.97407838126335,20.822238329208087,"We need to create a pricing strategy that balances profitability and market competitiveness. This may involve adjusting our prices in line with competitor movements, monitoring their product offerings, and considering external factors such as economic conditions, supply chain issues, and customer preferences.",Implement a dynamic pricing strategy that adjusts based on competitor prices while maintaining a focus on profitable sale quantities. Monitor sales in response to different price levels and adjust accordingly.,Prices above the competitor average led to lower sales quantities but higher absolute profits. Price sensitivity seemed to vary based on competitors' prices and product quality. Aggressive pricing (price below competitors) resulted in more units sold but a lower profit per sale. The importance of customer perception must be taken into account when setting our final price point.,"Dynamic pricing strategies can benefit businesses by ensuring competitive pricing that appeals to customers and optimizes for profitability. While lowering the price temporarily (e.g., Round 149) can attract more customers, it's crucial to remember higher prices may also yield better long-term earnings due to higher sale quantities as demonstrated in Rounds 178 and 185-188."
272,8.9,89.0,4.208772791561884,1.3817213894653007e-43,23.99000491190274,1.185516952161228e-41,"* Monitor customer buying patterns and adjust prices as needed
        * Consider implementing a dynamic pricing strategy that takes into account competitor actions
        * Analyze cost structure to ensure profitability even with slight price changes","Monitor price trends to identify patterns in demand; Utilize market research to get a better understanding of competitors' pricing strategies; Consider experimenting with different promotional tactics, such as discounts or bundle deals, to increase demand and profit during periods of low sales.","* Customer responsiveness to price changes can vary significantly
        * Balancing revenue and profit is crucial when adjusting prices
        * Competitor actions have a direct impact on our market position","Pricing an item too high can lead to low sales, while pricing it too low may not maximize profit; Being aware of competitors' prices and their impact on your own sales is crucial; Adjusting promotion tactics based on demand fluctuations can help improve profitability during low-sales periods."
273,8.95,8.95,3.8127508909967105,3.8127508909967105,21.923317623231082,21.923317623231082,"- Continue pricing strategy of being slightly cheaper than the competitor, but maintain a strong perceived value in the market.
   - Monitor competitor's sales and pricing strategies, making adjustments as necessary to remain competitive.
   - Develop marketing campaigns highlighting our product's unique features and benefits compared to the competition.","Keep monitoring competitors' pricing strategies, maintaining our product's quality, and adjusting our prices accordingly to stay competitive while maximizing profit margin.","- A smaller price difference between us and the competitor tends to drive more sales. However, it can be beneficial to maintain a noticeable differentiation in pricing to solidify our competitive edge.
   - Pricing the product significantly lower than the competition can potentially compromise its perceived value and impact profitability negatively.
   - It is essential to monitor competitor's pricing and sales strategies to make informed decisions about our own pricing.","The dataset indicates that our customers are responsive to changes in price; when we lower the price point, there is a slight increase in sales volume. A careful examination of the competitor's prices also reveals potential opportunities to adjust our pricing strategy to gain market share. Additionally, paying attention to trends and seasonality could further improve sales performance."
274,8.75,8.95,4.843220932505332,3.7719042548229798,26.879876175404593,21.68844946523213,Consider testing a lower price point ($8.75) to increase unit sales and remain competitive with the slightly lower competitor prices.,Consider implementing a dynamic pricing strategy that adjusts based on market demand and competitor prices. It would be essential to monitor competitors' pricing closely to respond effectively. Offering promotions or discounts during periods of low demand could help sustain sales levels.,"Testing different price points can impact the number of units sold drastically. Lower prices may lead to increased sales, but profit margins must be considered in these decisions. More analysis on elasticity is needed to optimize pricing strategy and maximize profits.","Offering a competitive price can boost product demand. Monitoring competitor pricing strategies is crucial for developing an effective response. To remain profitable, it will be necessary to consider both revenue from increased sales and potential losses due to lower prices."
275,8.95,8.75,3.7719042548229798,4.843220932505332,21.68844946523213,26.879876175404593,Maintain an average pricing of 8.95 while keeping an eye on the competition and market trends to make adjustments as necessary. Regularly evaluate profit earned along with unit sales quantities to ensure optimal profitability.,"- Maintain a competitive pricing strategy while ensuring profitability.
  - Monitor competitor’s pricing movements closely and adjust our strategies accordingly.
  - Offer occasional discounts or promotions to attract customers, while still ensuring profitability.
  - Maintain high-quality products to differentiate ourselves from the competition.","It appears that a lower price point can lead to higher sales quantities, but this must be balanced against the impact on profit per unit sold. The ideal pricing strategy should maximize both sales volume and profits. Additionally, taking into account market trends and competitor's prices is crucial in maintaining a competitive advantage.","- Customers are sensitive to price reductions and seem to be attracted by lower prices.
  - Occasional low pricing can significantly boost sales volumes.
  - Competitors occasionally drop their prices drastically which impacts our revenue streams.
  - High-quality products can help differentiate ourselves from the competition in a highly competitive market."
276,9.0,8.95,3.590041091242774,3.8215788489153657,20.822238329208087,21.97407838126335,"- Maintain a competitive pricing strategy to match or slightly undercut competitors while emphasizing unique selling points.
   - Monitor competitor pricing and features closely as rapid changes can significantly impact sales volume and revenue.
   - Consider offering promotions or discounts during periods of intense competition to maintain market share.
   - Evaluate the effectiveness of current pricing strategies regularly and make adjustments as necessary based on observed market conditions and customer behaviors.","- Maintain a competitive price range within the boundaries of $8-$9 for premium quality products to maximize profit margin.
   - Regularly monitor market trends and adjust the pricing strategy accordingly to adapt to any changes in consumer behavior or competition.
   - Offer promotional discounts periodically to stimulate sales during slow periods or attract new customers.","- Lower prices do not always lead to increased sales volume, suggesting that customer perception of value is important in purchasing decisions.
   - Aggressive pricing strategies (e.g., significant price drops) can be effective for capturing market share but may require additional investment in marketing or promotions to maintain that momentum.
   - Emphasizing unique selling points and competitive advantages can help justify higher prices and build customer loyalty over time.","- Consumers show willingness to purchase premium products at higher prices, but the demand is not high enough to warrant an indefinite pricing strategy near $9.25. A more balanced pricing range between $8-$9 may be optimal.
    - Lowering the price temporarily can help boost sales during promotional periods or when targeting a new demographic group.
    - Pricing should also consider the competitive landscape to stay competitive and maintain market share without compromising profits."
277,3.5,8.95,97.30001820001345,0.1070241441452138,29.19000546000402,0.6153888288349793,"- Maintain a flexible pricing model to cater to variations in demand and competitor's actions.
   - Continuously monitor competitor's pricing strategies and adjust ours accordingly to optimize sales volume and profit.
   - Consider implementing aggressive pricing campaigns when necessary to capture market share, increase sales volumes dramatically, and generate substantial profits.","Consider testing prices closer to the average market price but with a competitive edge to encourage sales in higher quantities. Analyze competitor's pricing strategies and adapt our own accordingly, taking into account the range of prices and quantities sold in each round.","- Pricing lower than the competitor can lead to increased sales volumes and higher overall profit.
   - Matching the competitor's price can result in increased sales compared to pricing slightly above or below theirs.
   - Sales seem to be highly sensitive to price changes, with substantial fluctuations observed in both volume and profits based on the chosen price point.","Lowering the price can lead to increased sales, as observed in Round 184. However, it's important not to consistently lower our prices as it could devalue our product in the market and affect long-term profitability. Furthermore, there seems to be a correlation between prices and the quantity sold, with higher quantities appearing when prices are closer to the average market price or significantly lower."
278,9.0,8.9,3.581214448353298,4.058047612252108,20.771043800449128,23.130871389837015,"A flexible pricing strategy is important, with a focus on fine-tuning prices based on current sales volume and market competition. Frequent price monitoring and adjustment will help maintain profitability while staying competitive.","For future pricing strategies, it appears important to stay close to the competition's price while trying to find areas where we can gain an edge through quality, features, or service. Flexibility in altering our price based on market dynamics may also prove beneficial. It is essential to keep track of overall sales and profitability so that any adjustments can be made quickly if needed.","By observing both our pricing changes and competitor's pricing movements, we understand that there is a strong correlation between price and sales volume for this product. Adjusting the price too low may result in decreased profitability, while setting it excessively high could lead to reduced sales. It is essential to find the balance between the two. Furthermore, our data shows that customer demand can be influenced by adjusting our price compared to the competitor's offering.","The data suggests that finding a competitive pricing sweet spot can lead to increased sales without significantly sacrificing profit margins. Additionally, it shows that customers tend to respond positively when pricing is fair and reasonable compared to the competition. This information should be considered when making future pricing decisions."
279,8.5,9.0,6.518974682161109,3.4893557008526854,34.55056581545388,20.238263064945574,Consider testing lower price points within a reasonable range to boost sales volume and attract more customers while maintaining overall profitability.,Maintain the current price at around 9.0 to ensure consistent sales while keeping an eye on the competitor's pricing. Occasionally lower our price when it reaches the sweet spot of $7.5 to $8.5 to increase profits.,"There appears to be demand for lower prices, but further research is needed to determine the optimal price balance between volume and profits.",Competitor pricing seems to fluctuate more often but can attract customers at lower prices. Lowering our own price to the sweet spot of around $7.5 to $8.5 results in higher profits. It may be beneficial to closely monitor the competitor's pricing and adjust our strategy accordingly.
280,8.95,8.95,3.8127508909967105,3.8127508909967105,21.923317623231082,21.923317623231082,"- Keep track of competitor's price movements and adjust ours accordingly to maintain market competitiveness
   - Investigate potential reasons behind instances where the competitor sells more units despite offering fewer quantities
   - Collaborate with marketing team to target customer preferences effectively","Identify potential sales opportunities during times when the competitor lowers their prices. Explore discounts or targeted promotions to increase sales during these periods. Consider improving product features, packaging, or marketing messages to create a stronger value proposition compared to our competitors.","- Competitor's higher prices do not always guarantee higher sales volumes
   - Low customer preference could potentially lead to lower sales volumes even with relatively high prices
   - Paying attention to market trends and competitor actions is crucial for competitive pricing strategies","Our pricing strategy appears effective given our relatively high sales quantities. However, it is crucial to remain competitive and responsive to market changes, including competitor price adjustments. Monitoring the market closely will enable us to optimize pricing strategies effectively."
281,8.0,8.9,11.47616990392279,3.7257668751321686,55.08561553882939,21.23687118825336,"Monitor market fluctuations in pricing and volume to determine optimal prices for continued market share. Stay adaptable, as our pricing success hinges on both high-profit prices and low-priced strategies depending on competitive dynamics.","Keep experimenting with pricing as per Round 184, offering competitive yet slightly reduced prices can help attract a larger customer base while still maintaining profitability. Observe the effect of this strategy closely and be prepared to adjust if necessary.","High competition pricing can lead to increased sales volume when maintained over a long period (Rounds 184 & 194), however, this is not always the case and high revenue does not necessarily equate to profitability (Round 3). Additionally, observing competitor's underpricing strategy may present opportunities for price adjustment to outperform them in certain rounds.","Consider conducting customer surveys to gather more information about their price sensitivity and preferences. This data could be invaluable in making informed pricing decisions. Additionally, review any market trends and competitor strategies that may have influenced sales during the given period."
282,8.5,8.9,6.488827439739637,3.935672787786721,34.39078543062008,22.43333489038431,"In future price adjustments aim for a range between 3.5 - 9.0 to keep profits steady and maintain more significant sales volume compared to the competition, while ensuring competitiveness with lower prices when necessary. Continuously monitor competitor's pricing strategy to ensure optimal results.","- Monitor and respond to changes in competitor's pricing strategy
   - Identify potential areas of differentiation between our products and competitor’s offerings
   - Implement regular price monitoring and adjustments as necessary
   - Continuously evaluate the impact of price adjustments on sales and market position","Overall sales performance is positive due to higher quantity sold in comparison to the competition, but profit per unit falls short of some rounds. The lowest and highest profits indicate that extreme prices can have adverse effects on sales volume or profit respectively. It is crucial to balance these factors when determining future pricing strategies.","- Competitor’s pricing strategy appears to be focused on keeping prices close to initial product price ($8.95)
   - Occasional adjustments in pricing, with some instances of significantly lower prices compared to our company's offerings
   - Potential to gain competitive advantage through differentiation or unique features in the market"
283,8.95,8.0,3.5079526714122866,11.502133993464119,20.170727860620644,55.21024316862777,"Strategies to consider include maintaining a high price in order to maximize profit per unit sold, while ensuring the product remains appealing and competitive in terms of quality and features. Additionally, exploring ways to lower costs within our operations could enable us to offer more competitive prices without sacrificing profits.",Keep an eye on the competitor's pricing strategy and sales volume to gauge potential customer demand for lower prices. Consider introducing small price discounts during special promotions or in response to the competitor's lower prices to stay competitive without compromising profit margins. Monitor and adjust accordingly based on observed market reaction.,"A deeper understanding of the relationship between price, sales volume, and profit margin is essential for making informed pricing decisions in the future. It may be beneficial to gather additional data from various sales channels or conduct customer surveys to determine their sensitivity to price changes and factors influencing their purchasing decisions.","- Lowering the price in the range of 8.0 to 8.9 seems to encourage more sales, suggesting potential demand elasticity of the product within that range.
   - The competitor's pricing strategy appears somewhat reactive, often setting lower prices during promotional periods or in response to your own pricing decisions. It may be beneficial to anticipate these movements and adjust accordingly to maintain a competitive edge.
   - Periodic monitoring of sales volume and market reaction after price changes can provide valuable insights into customers' willingness to pay for the product and their sensitivity to changes in price."
284,9.0,8.95,3.590041091242774,3.8215788489153657,20.822238329208087,21.97407838126335,"* Analyze pricing trends by averaging prices per each competitive round group to understand how changes in price affect sales volume.
* Create visualizations of the data, such as line graphs or scatter plots, to help identify patterns and correlations more easily.
* Conduct A/B testing on different price points within a narrow range to see which pricing strategy results in more profit.
* Study competitor's pricing strategies and identify possible gaps or opportunities for differentiation.
* Observe consumer behavior during sales periods, if any, and adjust pricing accordingly.","Maintain a flexible and adaptive pricing strategy, making adjustments based on demand analysis without deviating too much from the norm to avoid affecting perceived value. Consider offering discounts to boost sales during periods of lower demand.","* Overall, prices that are slightly higher than competitors result in a better profit margin when demand allows.
* Pricing significantly below competitors can be an effective strategy to attract customers but may not yield as much long-term profit due to lower margins.
* It's essential to balance price and sales volume objectives, taking into account market conditions and consumer preferences.
* A flexible pricing strategy that adapts to different situations (e.g., market trends or seasonal changes) can help improve long-term success.",It's important to study market trends and consumer behavior to stay competitive in pricing. Offering lower prices might attract more customers but ensure that profit margins are not compromised too drastically. Flexibility in pricing is crucial as it allows adjustments based on changing dynamics within the market.
285,8.95,8.5,3.7060595401208847,6.504337054861288,21.309842355695082,34.47298639076483,"- Analyze competition's pricing strategies more closely and identify any patterns.
   - Consider implementing price fluctuations based on demand trends, particularly during high demand periods.
   - Investigate ways to differentiate the product from competitors to justify a higher price point.","Consider experimenting with a lower price point slightly below 9.0, but still maintaining quality. Observe how this impacts the quantity sold in comparison to the current prices.","- The mid-range pricing seems to result in consistent sales but with lower profit margin compared to some of the competitors.
   - Prices below 3.0 and above 9.5 do not appear to be widely used among competitors, suggesting these price points may not be viable options to consider.
   - High demand periods (e.g., rounds 167-200) present an opportunity for strategic pricing adjustments that could increase profit.","While higher-priced items do not generate as many sales, they can still produce reasonable profits if produced in smaller quantities. Consider focusing efforts on optimizing production when selling at a premium price. On the other hand, lower-priced items can yield substantial profits due to their high quantity sold with careful management of costs."
286,8.95,8.95,3.8127508909967105,3.8127508909967105,21.923317623231082,21.923317623231082,"In upcoming pricing rounds, we should consider implementing a strategy that takes into account both pricing and perceived value. This might involve occasional temporary reductions or promotions to drive immediate sales and maintain/increase market share, as well as maintaining the higher price to preserve the perception of quality.","- Continue charging a slightly higher price than the competitor
   - Monitor sales and profit trends to adjust pricing as needed
   - Consider promotions or other tactics to drive more sales when competing on price","- Lower prices may lead to increased sales volumes but could potentially harm the perceived value and quality of the product.
- Maintaining a strategic pricing strategy that factors in market trends, competitor's actions, and our own costs will be crucial in maintaining profitability.","- Higher prices generally result in more sales and larger profits
   - Being competitive on price may lead to sales, but may not necessarily maximize profitability
   - Careful consideration must be given to pricing decisions to balance volume and profit goals"
287,8.95,8.95,3.8127508909967105,3.8127508909967105,21.923317623231082,21.923317623231082,"To optimize our strategy, an approach where we adapt to our competitor's changes in price but always maintaining a lower price point may result in more sales while still securing healthy profits. It is crucial to closely monitor any changes in our competitor's pricing strategies and adjust accordingly.",Maintain competitive pricing at $8.95 while keeping an eye on competitor pricing activities. Monitor profit margins and adjust if necessary.,"The data suggests that, ideally, keeping the price just slightly below that of our closest competitor could help us secure an advantage in terms of sales volume while still maintaining a reasonable profit margin. It is also worth noting that offering lower prices without sacrificing quality (as evident by the consistent positive reviews) may resonate positively with our customer base and encourage repeat business and referrals.","The product seems popular as it has a fairly consistent quantity sold across different rounds (3.61-4.05 units per round). Customer demand appears steady but can be influenced by slight price changes. Competitors seem to be pricing competitively, and we should continue monitoring the market carefully."
288,8.95,9.0,3.8215788489153657,3.590041091242774,21.97407838126335,20.822238329208087,"- Regularly evaluate price points based on market trends and customer buying behavior
   - Optimize cost structure to ensure competitive profit margins
   - Continuously monitor competitor strategies and adjust prices accordingly
   - Implement promotional strategies during low demand periods to stimulate sales
   - Improve inventory management to minimize storage costs and facilitate quick response to changes in demand","- Continue monitoring sales data to identify trends and opportunities for adjusting pricing strategy.
   - Analyze competitor's price changes in response to market fluctuations to optimize profitability and sales volume.
   - Explore segmentation strategies, catering to different customer groups with varying sensitivities to price changes.","- Higher price points tend to result in lower sales volumes but potentially higher profitability
   - Lowering prices during holiday seasons or high-demand periods might stimulate higher sales, but caution must be exercised to avoid undercutting competitor's prices too severely
   - Prices that are consistently below or above the market average can negatively impact overall sales performance over time
   - Frequent monitoring and adjustment of prices based on internal and external factors is essential for staying competitive in a dynamic market","- Reducing the price can lead to increased unit sales but may decrease overall profitability (e.g., Round 196).
   - Maintaining a competitive yet slightly higher price can result in consistent sales, despite occasional fluctuations (e.g., Rounds 189-195).
   - Keeping the price unchanged during periods of market equilibrium contributes to stable sales (e.g., Rounds 190-195)."
289,8.95,7.5,3.1894340556698677,19.537652262076158,18.339245820101738,84.01190472692747,"Implement a dynamic pricing strategy that takes into account both demand and market competition. Use competitive intelligence tools to stay informed about competitors' pricing changes, and adjust prices proactively rather than reactively. Monitor sales data regularly to understand the impact of price changes on profitability and volume.","- Analyze pricing trends and patterns more carefully, identifying any recurring promotional events if they exist.
   - Investigate potential reasons for the significant price drops, such as oversupply or increased competition.
   - Consider implementing more strategic pricing based on market conditions, rather than a one-size-fits-all approach.","In rounds when we have a lower price compared to our competitors (Round 196), we experience high demand and see increased revenue overall due to the higher volume of units sold. However, it's essential to consider the difference in profit margins between low-priced rounds and slightly more expensive ones like priced at 8.95 in most rounds. A dynamic pricing strategy would help maximize profits while capitalizing on opportunities for increased sales volume when competitors overshoot their optimal price point.","- The initial price may be too high for the target population, and a lower price point might increase sales volume.
   - Pricing drops to a much lower level may negatively impact the overall brand image if done excessively or without adequate explanation.
   - It might be beneficial to study competitor pricing behavior more closely and react accordingly to market shifts."
290,8.95,8.95,3.8127508909967105,3.8127508909967105,21.923317623231082,21.923317623231082,"- Analyze competitive price trends more closely, particularly during periods of matching or lower prices.
   - Implement a pricing strategy that gradually increases prices while carefully monitoring sales volume and customer response.
   - Develop a contingency plan in case of a significant price drop by the competition to counteract potential losses.","- Adapt pricing strategy based on competitor actions
   - Monitor sales trends when lowering prices to prevent oversaturation of the market
   - Experiment with slight price increases to potentially increase profitability","- Despite periodic competitive price increases, our strategy seems to be working well overall as we are able to maintain or even increase sales when prices match or are lower (Rounds 195, 197-200).
   - There is evidence that customers continue to purchase during periods of increasing competition (e.g., Rounds 81-100, 131-140), demonstrating a willingness to pay slightly higher prices compared to the competition.
   - The market appears to be resilient despite occasional steep price decreases by the competition (Rounds 196, 194). Explore additional marketing strategies to further strengthen our position and ensure customer loyalty.","- Lowering prices does not always result in increased sales
   - Maintaining a competitive price is crucial when sales are already high
   - Slight price increases can increase profitability without significantly reducing sales volume."
291,8.95,8.95,3.8127508909967105,3.8127508909967105,21.923317623231082,21.923317623231082,"- Monitor the competitor's pricing strategies closely and adjust our prices accordingly to remain competitive yet profitable.
   - Implement a more diverse pricing strategy to attract a wider customer base.
   - Investigate the causes behind the fluctuations in sales quantity and work towards maintaining consistent sales.","* Monitor competitor pricing strategies and adjust our prices accordingly
   * Analyze the effect of lowering the price on sales volume
   * Consider promotions or discounts to increase sales during off-peak times
   * Investigate potential differences in the customer base that drive different response to price changes
   * Develop a dynamic pricing strategy based on real-time market conditions and competitor actions","- The product appears to be profitable at higher price points (e.g., Round 109).
   - A lower price might be more attractive to potential customers, but it could also lead to lower profits (e.g., Round 194).
   - It seems that sales volume can be significantly impacted by the competitor's pricing (e.g., Rounds 101, 163, and 205).","* Our product is more price-sensitive than the competitor's, as evidenced by the volume of sales at both higher and lower prices
   * The customer base may have different levels of budget constraints, causing variations in sales response to price changes
   * Dynamic pricing could lead to improved sales performance and better market positioning against the competitor
   * Competitor may be using high pricing as a positioning strategy to target a higher-end market segment
   * There is potential for increased sales when offering competitive promotions or discounts, particularly during off-peak times."
292,8.95,8.95,3.8127508909967105,3.8127508909967105,21.923317623231082,21.923317623231082,Consider monitoring the competitor's pricing patterns more closely and adapt our pricing strategy accordingly. This may involve adjusting our prices based on the competitor's actions or considering offering promotions at times of significant competitor price drops.,"* Experiment with lowering prices as a strategy to attract more customers
* Monitor competitor's pricing and adjust our own accordingly
* Increase marketing efforts during times when we have a price advantage over competitors","Our initial pricing strategy may have been misaligned with that of our competitors, as they seemingly adapt their prices more frequently and flexibly. Additionally, it appears that the competitor occasionally uses lower prices to boost sales, which could be an effective strategy worth considering if tailored to our target market and product.","* Lowering prices can lead to increased sales and profit in certain circumstances
* It's important to consistently monitor the competitive landscape and adjust pricing strategy accordingly
* Marketing efforts may need to be increased during times when we have a price advantage over competitors"
293,8.5,8.95,6.504337054861288,3.7060595401208847,34.47298639076483,21.309842355695082,"As we approach dynamic pricing rounds, it will be essential to remain competitive with the competitor's price. However, if our cost remains lower than theirs or demand is high, strategically increasing our prices may yield higher profits.","- Keep an eye on competitor pricing to make informed decisions about our own product's price
   - Monitor customer demand and adjust prices based on fluctuations
   - Consider implementing a price strategy that offers discounts to increase sales at certain times","By analyzing the impact of prices on quantities sold, we can see that there exists a tipping point where customers will shift toward the competitor if our price exceeds their price by more than a certain margin (for example, in Rounds 216 and 194). This highlights the importance of continuous market research and competition analysis in setting prices.","- Price decreases generally lead to increased quantity sold, while significant increases in price can decrease quantities significantly
   - Customers are sensitive to price changes and may switch to competitors if our product's price is too high or too low relative to others in the market
   - It is important to stay competitive in pricing to maintain a strong customer base and steady sales"
294,8.95,8.95,3.8127508909967105,3.8127508909967105,21.923317623231082,21.923317623231082,"Consider maintaining a moderate price relative to the competition (slightly lower in some cases), as it appears that slightly lower prices increase the quantity sold without necessarily reducing profit. Monitor competitor's pricing strategy and adapt accordingly.","- Introduce periodic promotional deals and discounts to attract customers
   - Offer added value in the form of services or enhancements to increase perceived product value","The relationship between price and quantity sold is complex. Lowering the price does not always result in a proportional increase in sales, but can improve overall position compared to the competition. It's crucial to balance price reduction with maintaining profitability. Also, it appears that there may be a ""sweet spot"" for pricing where significant increases or decreases in price lead to reduced sales.","- Competitor pricing strategy is varied, with both lower and higher price points compared to our initial offering
   - While higher prices generally lead to fewer sales, there seems to be a point where even matching competitor prices does not significantly increase sales volume"
295,8.95,9.0,3.8215788489153657,3.590041091242774,21.97407838126335,20.822238329208087,"To maintain a competitive edge, focus on providing exceptional quality and customer service. Continue monitoring competitor prices while maintaining our current pricing strategy. When the time is right, consider raising the price slightly based on market conditions and to generate higher profit margins.",Adjust pricing strategy by monitoring competitor's prices more closely and making adjustments accordingly. Keep a balance between profitability and quantity sold. Test different price points to find the optimal mix.,Pricing sensitivity among customers can have a significant impact on sales volume. Maintaining a competitive and consistent pricing strategy is essential for attracting and retaining customers in this market segment. Regularly monitoring competitor prices and adjusting our own strategy accordingly will help us stay profitable while also providing the best value to the customer.,"Pricing too high when competition lowers their prices significantly results in decreased quantity sold, leading to profit loss. Test lowering prices slightly to increase quantity sold without jeopardizing profitability."
296,8.94,9.1,3.884166296162748,3.180086396737445,22.295114539974172,18.76250974075092,"- Monitor the competitor's pricing more closely to identify patterns and reactive pricing opportunities.
   - Implement a dynamic pricing system that can automatically adjust based on market conditions and competitor prices.
   - Develop targeted promotions to attract customers during instances when the competitor offers lower prices.",Maintain a pricing strategy that allows us to be competitive with our main rival but also encourages higher sales volumes through competitive prices and promotions. Monitor the competitor's actions closely to maintain this advantage.,"- The customer preferences are sensitive to price changes, responding positively to lower prices in some cases but not always being able to convert these into increased sales volume due to competitive factors.
   - Competition plays a significant role in shaping our product's success, and understanding their pricing strategies is essential for our success.
   - A dynamic pricing approach will help us adapt quickly and capitalize on market opportunities while ensuring optimal profitability.","The lower prices associated with our products have enabled them to sell more units compared to the competitor, suggesting that a competitive pricing strategy can lead to increased sales volume while maintaining profitability. It may be beneficial to identify optimal price points through analysis of competitor pricing actions and market trends."
297,9.0,8.95,3.590041091242774,3.8215788489153657,20.822238329208087,21.97407838126335,"- Consider a more cost-based pricing strategy for Product 1, closer to our average profitability range ($7.00 - $9.35) in an attempt to better compete with the competitor's prices.
   - Maintain our currently successful low-priced competitive strategy for Product 2, especially since the demand seems to support it and we have found success in capturing a large market share.",Adjust our pricing strategy to maintain competitive prices while maximizing profit. Offer the product at slightly lower prices compared to the competition to attract more customers and ensure steady sales quantities.,"- Price volatility on our part doesn't necessarily drive higher quantities sold but stability in price (and perhaps a slight competitive advantage) does benefit us more.
   - A potential downside to the low-priced strategy for Product 2 is that we may not be making as much profit on each sale, although it appears the increased quantity sold has offset this issue so far.
   - There may be an opportunity to revisit our pricing strategy for Product 1 as we seem more sensitive to competitor's prices than the average consumer.","The data suggests that customers are price-sensitive, as they tend to buy more when our price is lower than the competitor's. However, it's crucial to choose a profitable pricing strategy."
298,8.95,8.95,3.8127508909967105,3.8127508909967105,21.923317623231082,21.923317623231082,"- Continue monitoring competitor's pricing strategy to identify trends and strategies.
- Explore opportunities to offer discounts during off-peak seasons or when market conditions are favorable.
- Investigate whether adopting a dynamic pricing model could potentially increase sales volume and overall profit.","```
   Monitor competitors' pricing strategies more closely, paying particular attention to consistent changes in pricing over a period of many rounds
   Identify if there is any pattern or relationship between pricing and demand (quantity)
   Consider diversifying the product range or offering additional services to create unique value propositions, potentially attracting more customers and creating barriers to entry
   Explore price bundling strategies or introductory offers to gain competitive advantage when entering new markets
   ```","- A fixed pricing strategy may not be optimal in this situation due to the varying competitor prices.
- Sales quantity does not always correlate with the lowest price, suggesting that other factors (such as quality, brand image, or customer loyalty) may impact sales.
- Competitor's strategy appears to involve dynamic pricing based on market conditions and competitors, potentially offering higher profits when implemented correctly.","```
   Competitors tend to adjust their prices fairly frequently in response to market conditions
   The elasticity of demand, specifically the relationship between pricing and quantity demanded, is moderate
   Diversification could be an effective strategy for creating unique value propositions and gaining competitive advantage
   Price bundling or introductory offers may offer a strategic means of attracting customers and differentiating from competitors in new markets
   ```"
299,8.95,8.9,3.8033982849529093,4.048696399390055,21.869540138479227,23.077569476523312,"To maximize profit, it seems crucial to set competitive prices that are only slightly lower than our direct competitor's while maintaining a high-quality and unique selling proposition. This approach allows us to attract customers who value quality but are also price-conscious. Maintaining the product's price close to our competitors will help generate sales volume, thus increasing overall profitability.","It would seem beneficial to maintain our current pricing strategy with occasional price drops below the competitors' baseline to capitalize on potential customers looking for cost savings. Additionally, we should consider implementing a similar pricing strategy of offering both cost-conscious and premium options. This could help attract a wider variety of customers while maintaining consistent revenue from the premium offerings.","Lowering the price on certain pricing rounds seems to have led to an increased number of sales and higher profit margins. This suggests that consumers might be more likely to purchase the product at lower prices, particularly when they are within the same range as our competitors' prices. It is essential to carefully monitor competitor pricing strategies and adjust ours accordingly.",The competitor's dynamic pricing strategy with slight deviations from the baseline suggests that they are agile in adapting to market trends and customer preferences. It also highlights the importance of staying attentive to competitors' movements in order to remain competitive and adapt our strategies accordingly.
300,8.95,9.0,3.8215788489153657,3.590041091242774,21.97407838126335,20.822238329208087,No plan found.,"Analyze competitor's price fluctuations and attempt to predict trends, adjust our pricing accordingly to capitalize on potential opportunities. Explore different price points to identify the sweet spot between quantity sold and profit margins.",No insight found.,"The competitive pricing strategy has been moderately successful so far, but it may be advantageous to consider alternative strategies that focus on maximizing both sales volume and profit margin. Keep track of competitor's price variations and make data-driven decisions based on these observations."
