round,price_0,price_1,qty_0,qty_1,profit_0,profit_1,plan_0,plan_1,insight_0,insight_1
1,30.0,45.0,1.7985408112219214,0.004458136950639617,35.97081622443843,0.1560347932723866,"1. Implement dynamic pricing strategy to test sensitivity of price to demand and adjust pricing accordingly.
   2. Explore markdown pricing by offering temporary discounts to stimulate sales and gather customer feedback.
   3. Perform A/B testing of various positioning strategies (e.g., premium, value-based) on subsets of the customer base to understand their impact on price sensitivities and willingness to pay.
   4. Monitor competitors' pricing strategies and adapt our own strategy as necessary to maintain a competitive edge while maximizing profits.","- Test dynamic pricing strategy by adjusting prices based on demand and time (seasonality) to optimize profit.
   - Investigate competitor pricing trends to inform our own pricing decisions.
   - Conduct research on consumer perception of value and quality, using this insight to tailor our pricing strategy accordingly.","1. A dynamic pricing strategy can optimize profits by adapting prices based on changing market conditions such as demand or competition level.
   2. Markdown pricing can boost sales and generate valuable customer feedback. However, excessive use might devalue the brand over time.
   3. A/B testing allows for evaluating the effectiveness of different positioning strategies in shaping customers' perceptions and price willingness.
   4. Regular monitoring of competitors' pricing strategies is essential to seize opportunities that improve profitability while maintaining a competitive edge.","- Dynamic pricing can lead to higher profit by optimizing prices based on consumer demand and market conditions.
   - Understanding competitor strategies can help us stay competitive and adjust our pricing accordingly.
   - Consumer perception of value and quality plays a crucial role in pricing decisions, as it can impact demand for the product."
2,33.0,35.0,0.5472807591390805,0.24590909658524948,12.58745746019885,6.147727414631237,"1. Implement dynamic pricing strategy focusing on demand and adapt prices accordingly. - Continue using markdown pricing strategically to boost sales with customer feedback in mind, but avoid overuse to maintain brand value.
   2. Perform A/B testing of various positioning strategies (e.g., value-based or premium) on subsets of the customer base for insights on price sensitivity and willingness to pay. - Regularly monitor competitor's pricing to adjust our own strategy and maintain a competitive edge while maximizing profits.","- Continue testing dynamic pricing by adjusting prices based on demand and time (seasonality) and market conditions.
  - Monitor competitor pricing strategies closely to inform our own decisions, potentially leading to more competitive pricing and increased demand.
  - Investigate consumer perception of value and quality, focusing specifically on the gap between our current price and that of competitors, as this may impact demand for our product.","1. A dynamic pricing strategy can optimize profits by adapting prices based on changing market conditions such as demand or competition level, while minimizing potential brand devaluation through strategic use of markdowns.
   2. A/B testing allows us to evaluate the effectiveness of different positioning strategies in shaping customers' perceptions and price willingness, contributing to profitability optimization efforts. - The combination of dynamic pricing with A/B testing can provide a comprehensive understanding of market conditions and customer preferences.","- Dynamic pricing remains important in optimizing profitability, but it's essential to also consider how our pricing strategy impacts consumer perception of value and quality.
  - Understanding competitor strategies can help us stay competitive and make better-informed pricing decisions, potentially leading to increased demand.
  - There is a strong likelihood that consumer perception of our product being too cheap at the current price may limit overall demand in the long run."
3,31.0,31.0,1.1983098750172627,1.1983098750172627,25.16450737536252,25.16450737536252,"- Introduce a tiered pricing strategy with discounts for bulk purchases and bundling related products for cross-selling and upselling opportunities.
    - Utilize data analytics to identify patterns in customer purchase behaviors (e.g., most popular combinations among buyers) to optimize bundle offerings.","- Continue testing dynamic pricing by adjusting prices based on demand and time (seasonality) and market conditions.
      - Monitor competitor pricing strategies closely to inform our own decisions, potentially leading to more competitive pricing and increased demand.
        - Investigate dynamic pricing strategies that aim to balance demand and profitability in a way that maintains consumer perception of value and quality.
        - Analyze the impact of different pricing tiers on overall demand and average profit per unit sold.","- Tiered pricing can increase average order value, drive more sales, and boost both revenue and profits by targeting diverse customer segments with unique offers. By bundling related products or offering discounts for bulk purchases, we can enhance perceived value and create a sense of exclusivity to attract potential customers at different price ranges.","- Understanding competitor strategies helps us make better-informed pricing decisions, potentially leading to increased demand while optimizing profitability.
      - Balancing demand and profitability is crucial in a competitive market, as shown by the increase in quantity sold at a slightly lower price.
        - Continuously monitoring consumer perception of value and quality is essential to ensure that our pricing strategy does not undermine overall profitability.
          - Further testing will be required to determine an optimal pricing tier that maximizes both demand and profitability."
4,31.0,30.5,1.1951390621906606,1.4597461469446333,25.09792030600387,29.924796012364983,"- Introduce a dynamic pricing strategy that adjusts prices based on time and competitor actions to take advantage of customers' price sensitivity and maximize profit.
     - Continuously monitor customer behavior and market trends to optimize the pricing strategy and adapt it accordingly.","- Refine dynamic pricing strategy by adjusting it based on competitive pricing and market conditions while maintaining demand and profitability balancing.
- Explore alternative pricing tiers to determine optimum levels that maximize both demand and profitability.
- Continuously monitor consumer perception of value and quality to ensure our changes don't undermine overall profitability.","- Dynamic pricing can help capitalize on temporary shifts in demand or competition, ensuring that prices remain competitive without compromising profit margins. This approach allows businesses to maximize their profits by adjusting prices strategically based on various factors such as time and competition.","- A slight price reduction could result in increased demand as seen in Round 1, but maintaining balance is required not to hamper profitability.
- Exploring pricing tiers can optimize both demand and profitability while ensuring competitiveness.
- Continuous monitoring of consumer perception of value and quality ensures long-term profit maximization."
5,32.0,30.5,0.8042947000078007,1.46552049393866,17.694483400171613,30.043170125742527,"-Implement a more targeted dynamic pricing strategy that adjusts prices based on specific factors such as demand patterns, time of day, and customer behaviors.
   - Perform A/B testing by setting different price points for a limited number of users to observe their impact on quantities sold and profit earned before fully implementing the new strategy.
   - Continuously monitor results and adapt prices accordingly based on observed performance.","- Adjust dynamic pricing strategy to better analyze competitive pricing and market trends, keeping a balance between maintaining demand, profitability, and competitiveness.
   - Continuously evaluate pricing tiers to identify the optimal level that maximizes both demand and profit while ensuring we remain competitive.
   - Continuously monitor consumer perception of value and quality to ensure long-term profit maximization and adjust our strategies accordingly.","-Dynamic pricing, when optimized effectively, can help increase profits by tapping into market opportunities that may be missed with a fixed pricing strategy.
- A/B testing allows evaluating the potential success of new ideas before fully adopting them in business operations.","- Lowering price could increase demand, but the slight increase in round 1 came with only a small overall profit increase as compared to more competitive prices. It seems delicate balance is required between price, demand, and profitability.
   - Exploring dynamic pricing and different pricing tiers can help determine optimal pricing that maximizes both demand and profit.
   - Continuous monitoring of consumer perception is essential for making informed decisions about adjustments to the pricing structure."
6,29.5,32.5,2.1738006341108584,0.6547361688452656,42.389112365161736,14.731563799018478,"- Continue observing market trends and adjust prices accordingly based on competition, demand patterns, and customer behaviors.
   - Implement dynamic pricing adjustments in smaller intervals to test price sensitivity without drastically affecting sales quantities.
   - Utilize machine learning algorithms to analyze past data and make predictions about the optimal price point for maximum profit.","- Implement dynamic pricing strategy, taking into account competitors’ prices as well as market trends, while keeping a close eye on consumer perception of value to maximize both demand and profit.
     - Continuously evaluate optimal pricing tiers based on the balance between demand, price and profitability.
     - Introduce tiered pricing depending on quantity sold or product features to further optimize pricing strategy.","- Dynamic pricing can help capture customer demand while maximizing profits.
   - Finding the ideal balance between competitor prices, customer sensitivity, and profit potential is essential for successful dynamic pricing strategies.","- It seems a delicate balance is required between price, demand, and profitability; a slight decrease in initial cost could potentially lead to increased demand at the cost of profit margin.
     - Implementing dynamic pricing and tiered pricing may help identify optimal pricing that maximizes both demand and profit while ensuring competitiveness in the market.
     - Monitoring consumer perception is essential for finding the right price balance; adjust strategies accordingly based on their perceived value, quality, and competitiveness with other products on the market."
7,30.5,29.5,1.4455430176241408,2.1564967751945803,29.633631861294887,42.05168711629432,"- Continue observing market trends and adjust prices based on competition, demand patterns, and customer behaviors, focusing on smaller incremental changes to test price sensitivity using dynamic pricing.
     - Implement machine learning algorithms to analyze and predict the optimal price point for maximum profit.
     - Monitor competitor strategies to determine their response to price increases and adjust accordingly.","- Continue implementing dynamic pricing strategy while keeping consumer perception in mind. Factor in competitor's prices and market trends to find balance between increasing demand and maximizing profit.
     - Introduce tiered pricing to cater to different customer segments based on their perceived value, quality, and willingness to pay.
     - Monitor the success of each pricing strategy across rounds and make adjustments accordingly.","- Dynamic pricing can help maximize profits by capturing customer demand when it is high, while keeping prices competitive with the market.
     - Fine-tuning dynamic pricing strategies over time by analyzing market data and adjusting incrementally can lead to significant long-term profit growth.
     - The ideal balance between competitor prices, customer sensitivity, and profit potential must be found to ensure successful long-term pricing strategies.","- Market data suggests that prices between $29.5 and $31 could be potential profit maximizers as they generate significant profits while maintaining a non-zero quantity sold.
     - Price elasticity should be considered when determining final pricing strategy, as a slight drop in price from $31 to $29.5 may lead to increased demand without negatively impacting profitability."
8,29.84,29.5,1.8740974022523345,2.147119460593664,37.18209246068631,41.86882948157645,"- Continue using dynamic pricing based on market trends, demand patterns, and customer behaviors. Monitor competitor strategies and adjust prices in response.
      - Implement machine learning algorithms to optimize the price point for maximum profit, taking into account market data, customer sensitivity, and competitor responses.
      - Conduct A/B testing with different pricing strategies to determine their effectiveness in generating higher profits.","- Continue implementing dynamic pricing strategy based on market trends and competitor prices to balance increasing demand and maximizing profit.
      - Investigate the impact of tiered pricing to cater to customer segments more effectively.
        - Monitor the success of each pricing strategy across rounds and make adjustments accordingly.","- Dynamic pricing can help balance capturing customer demand when it is high while keeping prices competitive with the market.
     - An ideal pricing strategy should consider competitor prices, customer sensitivity, and long-term profit potential to ensure success over time.
     - Machine learning algorithms are key to optimizing dynamic pricing strategies for maximum profit.","- Price sensitivity seems moderate, with prices between $29.5 and $31 being potential profit maximizers (as per previous insights and Round 7 data).
      - Monitor the impact of slight price reductions on demand and maintain a focus on profitability."
9,31.5,31.0,0.9832288840103964,1.200918470833043,21.13942100622352,25.219287887493902,"- Continue monitoring market trends, demand patterns, and customer behaviors while adjusting prices dynamically in response to competitor strategies.
      - Optimize machine learning algorithms to determine the ideal price range maximizing both profitability and sales volumes.
      - Implement a comprehensive data analysis approach to gain deeper insights into the competitive landscape and target audience preferences.","- Continue monitoring market trends and competitor prices to balance increasing demand and maximizing profit.
      - Investigate the impact of prices slightly above the competitor’s on overall profitability over multiple pricing rounds.
        - Evaluate how tiered pricing might cater to more customer segments while maintaining profitability.","- Dynamic pricing, in addition to considering market trends and demand patterns, should also take competitor prices into account to ensure optimal pricing decisions.
       - Machine learning algorithms can provide valuable insights when optimizing dynamic pricing strategies, but their effectiveness requires constant refinement based on new data.
       - Comprehensive data analysis is crucial for understanding the target audience's preferences and market conditions that impact pricing decisions.","- Prices below $30.5 seem to result in lower profit, with the exception of Round 6 where a slightly higher price was profitable.
      - Explore the relationship between slight adjustments above the competitor’s pricing and overall profitability."
10,29.6,32.0,2.087318052815832,0.7992192331906046,40.91143383519031,17.5828231301933,"- Implement a more granular dynamic pricing strategy by tracking competitor's price adjustments to react timely and optimally.
   - Regularly refine the machine learning algorithms to improve predictive capabilities based on updated market data.
   - Analyze the target audience's sensitivity to prices and competitor strategies in-depth for better insight and pricing decisions.","- Analyze market trends and competitor’s pricing to determine the optimal price range that balances higher quantities sold with maintaining a reasonable level of profitability.
    - Adjust pricing strategy based on insights from selling prices compared to those of competitors, as well as quantities sold and overall profit earned in subsequent rounds.","- The market appears to favor competitive prices that are mid-to-lower priced (e.g., around $30). Pricing too high or following competitor increases could lead to decreased sales volumes and lower profits.
   - It is crucial to closely monitor the pricing strategies of competitors and adjust our own accordingly to maintain profitability.
   - Data analysis reveals that refining price optimization models will have a significant impact on future pricing decisions and overall profit maximization.","- Prices above $30.5 seem to have a slightly positive impact on profitability when considering Round 6's data.
    - Monitor the impact of a slight increase in our competitor-based pricing on overall profitability over multiple rounds."
11,29.84,30.25,1.8845850093186622,1.5995264912142502,37.39016658488226,32.39041144708857,"- Refine the machine learning algorithms for improving reactions to competitors' price adjustments by adding more historical data points, focusing on pricing within the target audience’s preferred price range.
   - Regularly monitor and respond to competitor price adjustments, using the insights gained from our target audience’s sensitivity to prices mentioned above. This will create timely opportunities for optimally priced products that lead to higher sales volumes and profitability.","- Test different pricing strategies around the 30 price range and study their impact on quantities sold and overall profit earned in multiple rounds.
      - Monitor the effectiveness of a tiered pricing strategy based on quantity discounts to stimulate bulk purchases while also capturing customers who want to buy single units at competitive prices.
      - Explore the possibility of slightly raising the price above 40 while analyzing the consequences on quantities sold and overall profitability over several rounds.","- Based on the market data, it seems crucial to find a price point between the lower end of our target audience's preferred range and the competitor's prices to maximize profits. This will require further refinement of machine learning algorithms to accommodate more agile pricing strategies and capture those optimal price points.","- A pricing strategy around the 30 price range seems to have mixed effects on profitability, requiring further refinement to optimize both quantity sold and overall profit earnings.
      - Initial experiments with tiered pricing strategies could help stimulate bulk purchases while still being competitive in the single-unit market."
12,29.45,28.0,2.1458269597214854,3.832529415802163,41.73633436658289,68.98552948443893,"- Optimize pricing algorithms by analyzing historical data, considering the impact of price elasticity on unit sales and profitability
   - Utilize more flexible price adjustments to better capture optimal price points within our target audience’s preferred range
   - Regularly monitor competitors' pricing strategies and update algorithms accordingly","- Refine the tiered pricing approach considering incremental quantity discounts to further analyze their impact on quantities sold and profit earned over multiple rounds.
   - Test a competitive pricing strategy with slight adjustments below the current competitor's price while monitoring whether this would increase market share through higher quantities sold.","- The current pricing strategy, while maximizing profit on an individual sale, may not be optimal for sustaining consistent sales volume; balance between high profit margins and attracting more customers is necessary
- More granular analysis of historical data will help identify patterns in our target audience's sensitivity to prices within our range","- The tiered pricing strategy appears promising in capturing both single unit and bulk purchase customers without significantly undermining profitability when further refined.
   - A competitive pricing approach below the current competitor's price could potentially increase market share and lead to greater profitability over time."
13,29.45,26.8,2.096330023741612,6.050786164459192,40.773618961774346,101.65320756291442,"- Conduct a more comprehensive analysis of historical data, including correlation between our pricing strategy, competitor’s pricing strategy, and the number of units sold as well as overall profit
   - Examine how price elasticity affects sales volume within our target audience over various price ranges
   - Develop machine learning algorithms to identify patterns in customer behavior and optimize pricing decisions accordingly
- Regularly monitor and adjust pricing strategies based on competitor’s moves, with the goal of maintaining a favorable profit margin while capturing increased market share","- Tweak the tiered pricing strategy by further refining the incremental discounts to explore the optimal balance between quantity sold and profit earned.
     - Test a competitive pricing strategy that is slightly lower than the current competitor's price, but close enough that it does not compromise quality perception. Evaluate whether lowering the price has a significant impact on market share growth while maintaining or even improving profitability.","- The current pricing strategy may be too volatile, affecting sales volume consistency; striking a balance between competitive pricing and maximizing profit margins is necessary
- Price elasticity within our target audience indicates a propensity to purchase more units at lower prices but also a willingness to pay premium prices for increased perceived value or product uniqueness","- The tiered pricing strategy appears promising in capturing both single unit and bulk purchase customers without significantly undermining profitability when further refined, but may need adjustments to optimize the balance between quantities sold and profit earned over multiple rounds.
     - A competitive pricing approach below the current competitor’s price could potentially increase market share, leading to greater profitability over time, providing that it does not compromise the product's perceived quality and value."
14,43.75,30.5,0.007374052851408879,1.4772942248367722,0.24887428373504966,30.28453160915383,"- Continue monitoring and adjusting pricing strategies based on competitor’s moves, aiming to be slightly lower than them while maintaining a favorable profit margin
    - Implement machine learning algorithms to identify pricing trends that maximize unit sales volume and overall profit within our target audience
    - Revisit competitor analysis to evaluate long term effects of our pricing strategies and adjust accordingly.","- Refine the tiered pricing strategy by exploring more incremental discounts for bulk purchases while maintaining profitability.
  - Test and compare results between a competitive pricing strategy slightly lower than the current competitor's price over several rounds to determine its long-term effectiveness on profitability and market share growth. Add a buffer (0.5-1) to ensure that the product's perceived quality isn't compromised.","- Lowering prices slightly (within consumer tolerance of $46.4) might increase unit volume sold due to increased perceived value
      - Being slightly more price competitive than the market leader could potentially capture increased market share without significantly impacting profitability","- The tiered pricing strategy needs further refinement to optimize the balance between quantities sold and profit earned over multiple rounds, especially considering bulk purchase transactions.
  - A competitive pricing approach below the current competitor’s price could potentially increase market share in the long term while maintaining or improving profitability, as long as it doesn't undermine the product's perceived value."
15,29.45,30.2,2.1950590996838106,1.6261397765189731,42.693899488850114,32.84802348568326,"- Test pricing strategies by gradually lowering the price within consumer tolerance to observe improvements in unit volume sold, while maintaining a favorable profit margin.
    - Closely monitor competitor’s strategies over time to capitalize on opportunities for market share increment with small adjustments to our own pricing.
    - Develop machine learning algorithms to identify optimal pricing trends based on historical data and real-time market changes.","- Test competitive pricing strategies slightly lower than the current competitor's price in multiple rounds to evaluate their long-term effectiveness against profitability and market share growth. Implement a buffer (0.5-1) to preserve the product's perceived value. In addition, explore and refine the tiered pricing strategy by offering more incremental discounts for bulk purchases.
  - Analyze the impact of various pricing tiers and transaction quantities on profitability for a data-driven approach to fine-tuning the tiered pricing strategy further.","- Lowering prices slightly might increase perceived value which could lead to higher unit volume sales, especially when compared to the competitor's price.
    - By being slightly more price competitive than the market leader, it is possible to capture additional market share without significantly impacting profitability.","- The competitive pricing approach could potentially increase my market share over time while maintaining or improving profitability, provided that it doesn't undermine the product's perceived value and quality.
  - It is crucial to strike a balance between quantities sold and profit earned when refining tiered pricing strategies, taking bulk purchase transactions into account to optimize performance across multiple rounds."
16,27.5,32.5,4.712341652466415,0.6377460922442296,82.46597891816225,14.349287075495166,"- Continue testing various pricing strategies while monitoring market conditions and competitor movements.
  - Refine machine learning algorithms for optimal price predictions based on market data and sales trends.
    - Create a systematic approach for measuring the impact of pricing adjustments on both unit volume sold and profit margin.","- Optimize price based on market competitiveness considering bulk purchase incentives while still preserving perceived value.
   - Refine tiered pricing strategy to test incremental discounts for bulk purchases, gathering analytics on the impact of these promotions on both profitability and quantities sold.","- It is crucial to identify an appropriate price level that achieves a balance between attracting customers while maximizing profit.
  - Monitor and evaluate the combined effect of price changes and market variations on overall sales and profit potential.
    - Be prepared to adjust pricing tactics as needed based on competitive dynamics and any unforeseen market shifts.","- The tiered pricing strategy could potentially improve profitability if optimized correctly through deeper bulking purchase incentives while maintaining overall competitiveness.
   - It's crucial to monitor the sales dynamics with various price adjustments to determine the optimal balance between incremental discounts and profitability."
17,28.5,29.45,3.1597611788394016,2.16083873253561,58.455581808528926,42.028313347817615,"1. Continue testing various pricing strategies in the range of 26.8-30.5, while closely following competitor movements and sales trends.
      - Enhance machine learning algorithms to optimize price predictions based on market data and sales trends.
        - Develop a systematic method for comparing the impact of pricing adjustments on both unit volume sold and profit margin.","- Experiment with a tiered pricing strategy offering bulk purchase incentives while also tracking and adjusting prices dynamically based on market competitiveness and quantities sold.
  - To maximize profitability, test different discount levels for each tier based on the number of units purchased to achieve optimal profits at different scales.","1. It is crucial to identify an appropriate price level that balances attracting customers with maximizing profit, focusing on profitable sales volumes rather than sheer quantity.
      - Monitor the correlation between price changes, market variations, and overall sales and profit potential.
        - Be agile in adjusting pricing tactics as needed based on competitive shifts and market uncertainties.","- The tiered pricing strategy with bulk purchase incentives could potentially bring more growth in sales and overall profit if optimized effectively while maintaining competitiveness within the market.
  - It is essential to consider monitoring sales dynamics, including price changes and customer behavior, as well as quantifying the impact of these promotions on both profitability and quantities sold."
18,29.5,27.5,2.0865185159203015,4.6436323552379974,40.68711106044588,81.26356621666496,"1. Continue testing pricing strategies within the optimized price range (27.5 – 29.84), while keeping a close watch on competitive movements and market trends.
     - Monitor the impact of pricing adjustments on both unit volume sold and profit margin by improving ML algorithms to better analyze sales data and forecast future market dynamics.
       - Develop and test various machine learning models for predicting optimal price levels that maximize overall profit potential.","- Implement a flexible dynamic pricing strategy based on market competition and customer behavior, keeping the price below the competitor’s while maintaining profitability and driving sales.
     - Monitor sales dynamics to identify optimal pricing tiers for different quantities sold and adjust price accordingly.
	 - Evaluate adding an additional pricing tier for larger quantities to incentivize bulk purchases.","1. Continually refine pricing strategies based on market data analysis, focusing on the balance between attracting customers at an affordable price point and maximizing profit margins while staying mindful of production costs.
2. Be flexible in adjusting pricing tactics promptly as needed to adapt to competitive shifts and market uncertainties.
3. Pay attention to competitor strategies by tracking their price movements, as they can have a significant impact on our sales volumes and profits.","- A flexible and adaptive pricing strategy could maximize growth in sales and overall profit while maintaining market competitiveness.
     - By dynamically adjusting prices, we can capitalize on inconsistencies in the competitor’s pricing strategy and drive more sales.
	- The addition of a pricing tier for larger quantities may boost sales further."
19,28.5,27.5,3.0811015488100524,4.596463386455608,57.00037865298597,80.43810926297314,"- Continue testing pricing strategies within the optimized price range (27.5 – 29.84), but be flexible to adjust immediately if needed in response to competitor actions or market conditions.
       - Develop and implement an adaptive pricing strategy using machine learning models to predict optimal price levels that consider both production costs and market dynamics.
     - Improve ML algorithms for sales data analysis to better forecast future market trends and potential profitability.","- Continue implementing a dynamic pricing strategy with slight adjustments as needed, taking into account competitor’s pricing changes.
	- Evaluate the impact of offering a price break for larger quantity purchases to stimulate bulk buying.
	- Regularly monitor sales and customer behavior to optimize pricing tiers based on purchased quantities.","1. Adopting a flexible yet strategic pricing approach is crucial to maximize profit while staying mindful of market conditions.
     2. Competitor activities significantly impact sales volumes and overall profitability, thus constant monitoring of competitor strategies is essential.","- The dynamic pricing strategy, while effective in increasing sales and profit, should be fine-tuned further for better results.
	- Offering a price break for larger quantity purchases could result in increased sales while maintaining profitability.
	- Close monitoring of market trends and customer behavior is critical to successfully optimizing pricing tiers and strategies."
20,29.35,35.0,2.3146894009913974,0.24153896105016903,44.78923990918354,6.038474026254226,"- Continue testing prices between 27.5 - 29.84 while being adaptive to adjust them immediately when needed in response to market conditions or competitor actions.
    - Explore a wider range of competitive pricing strategies, including higher price points when the competitor is pricing at a level that justifies it. Use machine learning algorithms to predict optimal price levels based on production costs and market dynamics.
    - Improve ML algorithms for sales data analysis to better forecast future trends and potential profitability while considering market conditions, competitor actions, and demand volume.","- Refine the dynamic pricing strategy to focus on maximizing profit rather than just increasing sales.
     - Incorporate a price-break structure for larger quantity purchases considering our cost per unit ($1) and the customer's willingness to pay up to $46.4.
     - Regularly review and adjust the price tiers based on the quantity sold, aiming at maximizing profitability.","1. Adjusting prices within the given range and being flexible in the short term could generate significant long-term profits by maximizing profit opportunities that arise from market fluctuations and competitor activities.
     2. Exploring a broader range of pricing strategies is essential to take advantage of higher price points when justified, ultimately leading to increased overall profitability.
     3. Incorporating machine learning algorithms to analyze sales data will help better predict future trends amidst an ever-changing market landscape.","- Keep monitoring competitor pricing strategies closely to adapt our approach in a competitive market.
     - Carefully consider offering a discount for larger quantities while maintaining profit margins.
     - Evaluate performance and optimize pricing tiers based on the number of units sold."
21,31.5,30.8,0.9822464315236841,1.2996395366110483,21.11829827775921,27.032502361509806,"- Continue adjusting prices within the given range while being adaptive in response to market conditions or competitor actions.
   - Expand price testing range to include higher price points when justifiable, using machine learning algorithms to predict optimal price levels.
   - Develop and implement improved ML models for sales data analysis to better forecast future trends, taking into account market conditions, competitor actions, and demand volume.","- Refine dynamic pricing strategy by evaluating the impact of smaller incremental changes in price on profit, sales volume, and market share.
     - Identify optimal price tiers based on cost per unit ($1) and customer's willingness to pay up to $46.40 for larger quantities.
     - Regularly review and adjust target prices by analyzing the relationship between competitor's pricing moves and user’s profitability, with a focus on maximizing overall profitability rather than increasing sales volume alone.","1 (Unchanged) Adjusting prices within the given range could generate significant long-term profits by maximizing profit opportunities that arise from market fluctuations and competitor activities.
   2 (Unchanged) Exploring a broader range of pricing strategies is essential to take advantage of higher price points when justified, ultimately leading to increased overall profitability.
   ADDITIONAL INSIGHT: Implementing machine learning algorithms in the pricing strategy would help predict optimal prices effectively and maximize profits by responding accurately to market dynamics and competitor actions.","- It’s crucial to monitor competitor pricing strategies more closely to quickly adapt pricing, especially when they make significant price adjustments that may affect sales and profit margins.
     - Offer attractive discounts for larger quantities while maintaining healthy profit margins as customers seem willing to purchase in bulk if presented with an appealing deal.
     - Evaluate the performance of different pricing tiers regularly based on the number of units sold, aiming at maximizing overall profitability and reducing price sensitivity caused by high unit prices."
22,30.0,28.5,1.7415453119856819,3.1733024547010644,34.830906239713634,58.70609541196969,"- Adjust prices more frequently and dynamically based on market and competitor activities.
         - Use machine learning algorithms to identify optimal pricing decisions, considering historical sales data and current market conditions.
           - Regularly monitor market trends and competitor actions to adapt pricing strategy accordingly.
    - Conduct systematic tests with higher price points to evaluate potential profitability and demand levels.
       - Analyze the impact of price changes on quantity sold and overall profitability over time.
         - Use insights from tests to determine optimal price ranges and frequency of adjustments in response to market dynamics.","- Continue adjusting prices in response to competitor moves while closely monitoring their effect on sales volume, profit margin and customer market share.
  - Test a slightly decreased price at the next round ($28 – $29 range) with a focus on increasing the total profit, rather than just the number of units sold.
  - Investigate the impact of offering slightly lower prices in bulk quantities to encourage larger orders while maintaining healthy profit margins.
  - Develop and implement a system for more quickly adapting pricing strategies based on the competitor's recent moves, with an emphasis on maximizing overall profitability rather than market share alone.","3 (New) Regularly update pricing strategy based on dynamic market conditions, competitor actions, and customer preferences would further maximize long-term profits by capitalizing fully on profit opportunities that arise from market fluctuations and competitor activities.
   4 (New) Testing higher price points systematically could lead to finding new revenue streams without reducing overall demand due to higher quality or unique value proposition offered by the product.","- A slightly lower price compared to the competitor can lead to increased sales volume, while maintaining a suitable profit margin.
  - Customers appear willing to purchase in bulk if presented with attractive deals on bulk quantities.
  - The relationship between the user's price and total profit is crucial, rather than focusing solely on sales volume or market share.
  - A proactive approach to pricing adjustments based on competitor moves is essential for maximizing overall profitability."
23,31.15,30.5,1.1263234967772713,1.4607628302890412,23.821741956839286,29.945638020925344,"- Implement machine learning algorithms to predict optimal pricing based on historical sales data and market trends.
         - Regularly monitor competitor actions to ensure pricing is within a profitable range without significantly affecting demand.
           - Analyze the impact of price changes over time to fine-tune pricing strategies.
    - Conduct a systematic test with higher price points, analyze results for potential profitability and demand levels in various market scenarios.
       - Evaluate if these tests could lead to finding new revenue streams without significantly reducing overall demand.
         - Use insights from tests to determine the best price range given the product's quality or unique value proposition.","- Continue observing and reacting to competitor moves, focusing on overall profitability instead of just market share or sales volume.
     - Evaluate the impact of offering attractive deals for bulk quantities while managing profit margins.
     - Perform more frequent pricing adjustments based on the competitor's recent moves, with a focus on maximizing profitability and adjusting the price to capitalize on trends in customer behavior.","5 (New) Machine learning pricing algorithms coupled with competitor monitoring and demand analysis could lead to highly profitable pricing decisions.
      6 (New) Testing higher price points systematically can help discover new revenue streams while maintaining overall demand levels. Important: Keep conducting these tests to continually optimize pricing strategy.","- Adjusting the price slightly higher can lead to increased profit per unit sold, especially when compared to lower prices offered by the competitor.
     - Customers are interested in purchasing larger quantities if presented with attractive deals while maintaining healthy profit margins.
     - Frequent and quick pricing adjustments in response to competitor moves may be required to maximize overall profitability."
24,41.0,32.5,0.022331244111528797,0.6691356327406933,0.6922685674573927,15.055551736665599,"- Implement machine learning algorithms that take into account higher price points alongside historical sales data and market trends. Utilize competitor monitoring and demand analysis more frequently to assess how these altered price ranges fare amidst competition.
         - Regularly analyze the impact of price changes over time on profitability and demand levels following implementation of our new pricing strategy.
           - Evaluate whether conducting continuous tests with higher price ranges could lead to discovering new revenue streams without significantly reducing overall demand.
    - Use insights from these systematic tests to determine the best suitable price range based on the product’s quality or unique value proposition, iterating and fine-tuning these pricing decisions over time.","- Monitor the impact of adjusting prices slightly higher or lower based on competitor moves, with a focus on maximizing average profit per unit sold.
     - Implement deals for bulk quantities, taking care to maintain healthy profit margins and encourage repeat purchases from customers.
     - Continue frequent pricing adjustments in response to competitor moves while considering the potential impact on customer behavior and overall profitability.","7 (Update) Our pricing algorithm should consider a wider range of price points in addition to the current ones we have tested, taking into account potential profitability and demand fluctuations within the given market conditions.
         8 (New) Regularly monitoring competitor actions is crucial when exploring higher price ranges as it ensures our prices remain competitive without putting undue pressure on demand levels or significantly impacting overall profitability.","- The riskier move of slightly increasing price might occasionally yield higher profits, but the volume sold would decrease.
     - Attractive deals for bulk quantities encourage customers to purchase more goods.
     - Quick and frequent adjustments to pricing in response to competitor moves can lead to increased overall profitability."
25,35.0,31.0,0.2442707361910166,1.20988087668497,6.106768404775416,25.40749841038437,"- Test a range of price points closer to maximum customer willingness to pay but within reasonable profit margins, taking potential demand fluctuations into account and using machine learning algorithms to estimate optimal pricing in real-time.
         - Continuously monitor competitor actions to strike a balance between remaining competitive and capitalizing on any opportunities for increased market share through subtle price differentiation.
           - Regularly compare the outcomes of our new pricing strategy to previous pricing decisions, evaluating impact on both profitability and demand levels in order to fine-tune strategies over time based on learnings obtained.
           - Iteratively refine pricing algorithms to maximize profits while maintaining a competitive market presence and minimizing potential negative impact on overall demand.","- Regularly monitor competitor's price changes, adjust mine accordingly to stay competitive while maintaining healthy profit margins.
     - Implement and test attractive bulk discounts to drive higher sales volume.
     - Analyze pricing trends over multiple rounds to fine-tune pricing strategy for maximum profitability.
     - Test slightly raising the price to assess the impact on long-term profitability, keeping in mind potential fluctuations in quantity sold.","- A narrow price window exists where both profitability and demand can be effectively maximized through dynamic adjustments in pricing strategies based on real-time market conditions.
           - Testing a wide range of price points helps us discover the optimal balance between cost, customer willingness to pay, and overall market competition.
             - Analyzing our actions and their impact over time allows for constant refinement and optimization of strategies, ensuring that we are making the most of each pricing decision.","- Being more competitively priced, even if at a lower profit per unit, can result in higher overall profit due to increased volume sold.
     - Implementing attractive deals for bulk quantities has proven successful in this market.
     - Fine-tuning pricing strategy over multiple rounds based on analysis of various trends will lead to better long-term profitability."
26,30.85,30.5,1.2681051632268296,1.4586681434553905,26.4399926532794,29.902696940835504,"- Continue testing prices within the range of $29 - $31.5, monitoring market responses and adjusting strategy accordingly based on real-time analysis of the impact on both profitability and demand levels.
  - Implement machine learning algorithms to accurately estimate optimal pricing in response to market fluctuations, taking competitor actions into account as well.
    - Maintain close vigilance on competitor's strategies and make subtle price adjustments when necessary to capitalize on potential opportunities for increased market share.
      - Compare outcomes of past and present pricing decisions to assess their long-term impact and continuously refine the pricing strategy based on learnings obtained.
        - Periodically fine-tune machine learning algorithms to maximize profits while ensuring a competitive market presence and minimizing negative impact on overall demand.","- Continuously monitor and analyze competitors' price changes, adjust mine accordingly to stay competitive within the given customer's acceptable range of $46.4 while maximizing profits.
     - Implement attractive deals for bulk quantities based on market dynamics.
     - Experiment with varying the price strategy in each pricing round taking into account both short-term and long-term profitability impact, balancing sales volume with revenue.","- It appears that our initial price point of $30 has been somewhat successful, but further exploration of the immediate vicinity may reveal an even more optimal pricing balance for increased profitability and demand stability.
  - Monitoring the competition's actions is essential to maintain a competitive edge while still seizing opportunities for market share growth through strategic adjustments in our own pricing strategy.
    - Comparing the outcomes of past pricing decisions provides valuable insights for long-term refinement, ensuring continuous optimization of strategies based on learnings obtained from the market data.
    - Iteratively improving machine learning algorithms ensures that the chosen price remains optimized for maximum profits given the current market conditions and competitor actions.","- Keeping a slightly lower price compared to competitors can lead to higher overall profits due to increased sales volume.
     - Attractive deals for bulk quantities have proven successful in this market and could help achieve better profitability long term.
     - Fine-tune pricing strategy based on analysis of various trends considering both short-term profit impact per unit and long-term profitability due to potential shifts in quantity sold."
27,30.65,30.6,1.3730570680609049,1.400794660768943,28.353628455457685,28.856370011840227,"- Expand testing within the range of $25 - $30, focusing on discovering the narrower ideal pricing balance that achieves optimal profitability and steady demand levels.
      - Utilize machine learning algorithms to accurately predict optimal pricing in response to market shifts and taking competitor actions into account.
        - Closely track competitors' strategies for potential opportunities and swift price adjustments as required.
          - Analyze the long-term impact of prior pricing decisions against present findings, using insights obtained for continuous iterative refinement.
            - Continuously improve machine learning algorithms to maximize profits, ensuring a competitive market presence, and minimizing demand fluctuations.","1. Continuously monitor and analyze competitors' price changes while ensuring I stay within the acceptable range of $46.4 for maximum potential profit.
2. Implement attractive deals for bulk quantities based on market dynamics, taking into account competitor responses to my pricing strategy.
3. Evaluate the impact of short-term pricing adjustments on long-term profitability by monitoring changes in sales volume and revenue. Balance these factors to maximize overall earnings.
4. Fine-tune pricing strategies over time as competitive landscape and market dynamics change, while maintaining the focus on increased sales volume and improved overall profits.","- Price sensitivity seems evident as subtle changes in price result in noticeable shifts in profit margins, indicating the importance of fine-tuning pricing strategy.
        - Adapting pricing responsively to competitor strategies can capitalize on potential market share growth while remaining competitive.
          - Comprehensive analysis of past and present pricing decisions offers valuable insights for long-term pricing refinement, maintaining an optimized approach given evolving market conditions.
            - Optimizing the machine learning model enhances its ability to profitably adapt in a rapidly changing market environment.","1. Maintaining a slightly lower price compared to competitors can lead to higher overall profits through increased sales volume. However, avoid setting excessively low prices to prevent undermining profitability.
2. Attractive deals for bulk quantities have proven successful in this market but require careful consideration of the potential impact on both short-term and long-term profitability.
3. Be prepared for competitors to respond to your pricing strategy changes; monitor their response, learn from it, and adjust accordingly while maintaining a focus on long-term profit growth.
4. Fine-tune pricing strategies based on analysis of various trends considering both short-term profit impact per unit and long-term profitability due to potential shifts in sales volume."
28,29.85,31.5,1.8890931317709458,0.9763803061349183,37.49849866565328,20.992176581900743,"- Continue testing pricing within the $28.5 - $30.6 range to pinpoint the most profitable and demand-stable price point.
      - Implement machine learning algorithms to accurately predict and adjust pricing based on competitor actions and market shifts.
        - Utilize historical data to further optimize the machine learning model for maximum long-term profitability gains.","1. Monitor and analyze competitor’s price changes while ensuring a balance between attracting customers and profitability.
   2. Examine the optimal bulk quantity deals that are most profitable, given competitive landscape and market dynamics.
   3. Analyze the results of short-term pricing adjustments on sales volume to determine how they affect long-term profitability. Focus on maximizing overall earnings while achieving a balance between short-term and long-term goals.
   4. Continuously fine-tune pricing strategies based on analysis of various trends, considering both the immediate impact per unit and the long-term effect on volume shifts. Adapt to potential changes in competitive landscape.","- Market sensitivity requires thorough adaptation of our dynamic pricing approach while ensuring a competitive edge.
      - A careful balance between maximizing profit and maintaining demand levels is essential in long-term strategic planning.
        - Comprehensive analysis of competitor strategies offers opportunities to capture market share or adjust prices swiftly when required.","1. Maintain a slight price difference compared to competitors based on market conditions can potentially increase sales volume while preserving profitability.
   2. Attractive deals for bulk quantities have proven successful but require careful analysis of their impact on short-term and long-term profits before implementation.
   3. Be watchful for competitor responses to pricing strategy changes and adjust your strategy accordingly, maintaining a focus on increasing overall profits.
   4. Continuously refine pricing strategies based on insights gained from various sales trends to maximize profitability both in the short term and long-term."
29,29.6,29.85,2.064822549430733,1.868328704329329,40.47052196884237,37.08632478093718,"- Continue testing a wide range of prices within the $20 - $35 range to identify demand patterns and profitable price points while considering potential changes in competitor strategies.
  - Utilize machine learning algorithms not only for pricing prediction but also for modeling dynamic market shifts, optimizing the model with historical data to maximize long-term profitability gains.","1. Continuously monitor and analyze competitor price changes while maintaining a slight pricing difference based on market conditions.
2. Study the impact of various prices on long-term volume shifts in order to strike a balance between short-term sales gains and profit maximization.
3. Examine optimal bulk quantity deals for their potential profitability given current market dynamics.
4. Adapt the pricing strategy according to competitor responses, ensuring long-term profit growth while remaining aware of immediate impact per unit.","- Balancing demand levels and maximizing profit remains crucial in strategic planning.
  - A competitive analysis of competitor strategies will provide valuable insights for price adjustments amid market changes.","1. Prices slightly below competitors can potentially attract more customers without undermining overall profits.
2. Attractive deals for bulk quantities need careful analysis before implementation considering their effect on short-term and long-term profits.
3. Carefully monitor customer response to pricing changes, using insights gained for future adjustments in order to maximize both short-term and long-term profits.
4. Maintain a balance between attracting customers through competitive prices and maximizing overall profits in the long run."
30,29.6,26.5,1.9615116920851632,6.778226214458911,38.4456291648692,111.84073253857204,"- Continue testing dynamic pricing within the $28-30 range, focusing on identifying demand patterns while considering potential changes in competitor strategies. Optimize models with historical data to predict price fluctuations and maximize long-term profitability gains.
   - Utilize machine learning algorithms to monitor market shifts, adjusting the model periodically for better predictions and optimizing profits.","1. Regularly monitor and analyze market conditions to determine optimal price points that would stimulate customer purchases without compromising overall profits.
   2. Continuously study the impact of various prices on customer response, with an aim to strike a balance between increasing short-term sales and long-term profit maximization.
   3. Investigate attractive bulk quantity deals for potentialprofitability considering the immediate and long-term effects on total profits.
   4. Carefully analyze customer purchasing patterns in relation to our pricing strategy, using insights gained for future adjustments aimed at optimizing both short-term and long-term profits.
   5. Keep a close watch on competitor movements and respond accordingly, ensuring long-term profit growth while considering the immediate impact per unit.","- The $28-30 price range emerges as a stable demand zone that balances sales volume with profit maximization.
   - Market dynamics and competitor strategies need to be analyzed in detail to capitalize on profitable pricing windows within the optimal price range.","1. Prices slightly above competitors can potentially increase overall sales without significantly decreasing overall profits.
    2. Attractive deals for bulk purchases can significantly influence total sales and should be carefully considered based on the current market dynamics.
    3. It is crucial to balance attracting customers through competitive pricing without compromising long-term profit maximization objectives."
31,29.0,30.0,2.613111504561257,1.7516210240337597,49.64911858666389,35.03242048067519,"- Optimize the existing dynamic pricing model to better predict demand shifts within the $28-30 range, considering potential changes in competitor strategies. Analyze market dynamics and price fluctuations for improved profitability gains in the long run.
      - Incorporate machine learning algorithms to monitor market shifts and adjust the pricing model periodically based on those trends.","1. Monitor and analyze market trends to determine if there is potential in exploring a wider range of price points considering the demonstrated impact on profitability.
     2. Experiment with more aggressive pricing strategies while carefully managing customer purchase patterns.
     3. Continuously evaluate the effect of our current price strategy on both short-term sales growth and long-term profit maximization objectives.
     4. Investigate competitor's movements to identify potential opportunities for increased profits without undermining overall profitability.","- Price sensitivity at $46.4 cap should be taken into consideration when establishing initial prices, but dynamic pricing can capitalize on profitable pricing windows within the given range.
      - Market dynamics and competitor strategies need to be rigorously analyzed to fully optimize profits in a competitive environment.","1. Competitive pricing is crucial but ensuring profitability should remain the primary factor in decision-making.
     2. Exploring new price points within customer's perceived value range could potentially result in increased sales and better overall profitability."
32,30.0,29.0,1.7516210240337597,2.613111504561257,35.03242048067519,49.64911858666389,"- Examine the impact of longer-term pricing fluctuations closer to $30 within potential changes in competitor strategies, focusing on the balance between quantity sold and profit per unit over time.
    - Develop a machine learning model that utilizes market dynamics, including customer price sensitivity, competitor actions, and historical data, for improved dynamic pricing predictions.","5. Test strategic price drops and evaluate the effect on short-term sales and long-term profit maximization, taking care to consider customer purchase patterns.
     6. Evaluate the possibility of offering discounts or promotions to stimulate demand within the perceived value range, while ensuring reasonable profitability is maintained.","- Market fluctuations have shown that while pricing below $29.84 can yield a higher profit per unit, it tends to result in lower overall profits due to the decrease in units sold.
    - By closely monitoring competitor strategies and adjusting pricing accordingly, potential profitable pricing windows can be capitalized on (e.g., Round 16).","3. Lowering our price point may result in attracting more customers and increasing sales, potentially enhancing overall profitability.
     4. Exploring discounts and promotions might help trigger customer interest, encouraging them to make purchases within their perceived value range while still ensuring profitability."
33,27.5,28.5,4.596463386455608,3.0811015488100524,80.43810926297314,57.00037865298597,"- Perform a thorough analysis of historical data to identify any consistent patterns or trends in customer behavior and market dynamics.
    - Examine the effectiveness of our current pricing fluctuations and adjust the strategy accordingly.
    - Develop a contingency plan for potential changes in competitor strategies that might impact profitability.","1. Test a price point between $29.0 (previous maximum profit) and $27.5 (previously increased sales volume), to find an optimal balance.
     2. Monitor the effects of this new price on short-term sales, long-term demand patterns, and overall profitability.
     3. If necessary, fine-tune the price based on the results.","- Price sensitivity analysis may be necessary to determine the optimal price that balances profit per unit with quantity sold over time for maximum long-term profit.
    - By closely monitoring and quickly responding to changes in competitor strategies, potential profitable pricing windows can be capitalized on.","1. Lowering the price may stimulate increased demand and potentially lead to higher sales volume at the cost of somewhat reduced profit per unit sold.
     2. Adjusting the price accordingly could help find a sweet spot that maximizes both profit and sales, providing more long-term growth potential."
34,28.5,28.5,3.1285097922894103,3.1285097922894103,57.87743115735409,57.87743115735409,"- Conduct further analysis on the impact of competitor pricing changes on our sales and profitability, focusing specifically on profitable pricing windows.
   - Implement a dynamic pricing strategy that responds quickly to competitor moves and adjusts price accordingly for optimal profit opportunity.
   - Develop models to predict market response to various pricing scenarios and use these predictions to inform pricing decisions.
   - Monitor customer demand in different price ranges to identify the most profitable balance of price per unit vs. quantity sold over time.","1. Test a price point between $27.5 and an adjusted version of the previous maximum profit price, aiming for both increased sales volume and optimal profit.
     2. Monitor the impact on short-term sales, long-term demand patterns, and overall profitability while considering competitor pricing dynamics.
     3. Fine-tune the chosen price based on results and insights from market data analysis.","- The potential exists for capitalizing on changes in competitor strategies that decrease their prices for short periods, potentially driving increased sales while maintaining profitability margins.
   - A dynamic pricing strategy may be required to swiftly respond to our competitor's moves, as they may impact both sales and profitability in the long run.
   - Monitoring changes in customer demand at different price points can help inform optimal pricing for maximum long-term profit.
   - Adjusting prices dynamically based on historical data, market dynamics, and competitor strategies can lead to profitable pricing windows.","1. Prices near the $27.5 mark appear to increase sales volume but potentially decrease per-unit profit. Balancing this trade-off is crucial in maximizing long-term profit and growth potential.
     2. Adjusting price accordingly could help find a sweet spot that maximizes both profit and sales while staying competitive."
35,30.4,29.0,1.496508755062608,2.6198967239404625,30.5287786032772,49.778037754868784,"- Develop a dynamic pricing strategy that responds quickly to competitor price changes by analyzing historical data on the impact of different competitive responses on our sales and profitability. This dynamic model should utilize machine learning algorithms to predict market response to various pricing scenarios.
  - Monitor customer demand across different price ranges over time to identify the optimal balance between price per unit and quantity sold. Use these insights to adjust the pricing strategy accordingly.
  - Analyze opportunities for collaborative efforts with competitors to explore strategic, short-term price agreements or partnerships that would create unique competitive advantages without compromising long-term profitability.","1. Further test prices in the range of [$27.5 - $30.0] by fine-tuning the price point for optimal profitability while monitoring competitor changes.
2. Track short-term sales, long-term demand patterns, and overall profitability to determine the ideal price point that strikes a balance between profit and sales volume.
3. Analyze competitive pricing adjustments and respond accordingly to maintain competitiveness, considering market share, customer perception, and potential growth strategies.
4. Continuously evaluate different pricing tiers and analyze their impact on long-term profitability to identify the best approach for maximizing profits.
5. Monitor customer feedback and adjust pricing accordingly if necessary to ensure a stable sales volume while maximizing profit margins.
6. Regularly revise the current pricing strategy based on insights from market data analysis, competitor behavior, and overall business objectives.","- A dynamic pricing strategy can help capture increased sales and maximize overall profits during competitor-driven pricing changes.
  - Monitoring customer demand at different price points is crucial to identifying the optimal balance between price per unit sold and quantity sold over time.
  - Capitalizing on short, temporary decreases in competition prices while maintaining a profitable pricing window presents an opportunity to increase sales and profitability.
  - Exploring strategic collaborations with competitors could potentially benefit both parties financially while enhancing competitive advantage without jeopardizing long-term financial stability.","1. Prices near $27.5 - $30.0 appear to offer a balance between increased sales volume and optimal profit. However, finding the precise price point for maximum long-term profit is crucial.
2. Adapting to competitor pricing changes is essential for maintaining a competitive edge while ensuring market viability and growth potential.
3. Identifying the most profitable pricing tier among various options can help maximize profits in the long run.
4. Analyzing customer feedback will allow us to optimally balance profit and sales volume without affecting market perception or growth prospects.
5. Continuously re-evaluating the current pricing strategy is necessary for ensuring its effectiveness, adaptability, and competitiveness over time.
6. Combining various data sources and insights can help create a comprehensive pricing model that maximizes long-term profitability."
36,30.2,29.0,1.6191304995849425,2.616635354189018,32.706436091615835,49.71607172959135,"1. Optimize the dynamic pricing strategy by improving the machine learning model that predicts market response to various pricing scenarios and competitor price changes.
    2. Monitor customer demand across different price ranges over time to adjust pricing accordingly, with a focus on maximizing both profit per unit and total number of units sold.
    3. Perform more rigorous analysis on potential collaborative efforts with competitors while keeping long-term financial stability in mind.","1. Continuously test prices between $27.5 - $30.0 by fine-tuning the price point to find the optimal price for maximum long-term profit while monitoring competitor changes (e.g., Tier 1: [28.5 - 29.6] or Tier 2: [30.0 and above]).
   2. Track the impact short-term sales, long-term demand patterns, and overall profitability have on profit when using pricing tiers found in point 1.
   3. Regularly re-evaluate competitor adjustments to maintain market viability and growth potential (e.g., price range and competitor's performance).","1. A refined dynamic pricing strategy can help capture increased sales to maximize overall profits during competitor-driven pricing changes.
    2. Monitoring customer demand at different price points over time is crucial, and adjustments should be made as needed based on this data to achieve the optimal balance between profit per unit sold and total units sold.
    3. Potential collaborative efforts with competitors could potentially benefit both parties financially while enhancing competitive advantage without jeopardizing long-term financial stability if managed carefully and strategically.","1. The optimal price point falls between $27.5 - $30 as this price range delivers a balance between sales volume, profit margins, competitiveness, and adaptability (e.g., Tier 1: [28.5 - 29.6] or Tier 2: [30.0 and above]).
   2. Fine-tuning the price point by monitoring market data will enable identifying the optimal price for maximum long-term profitability.
   3. Analyzing competitor behavior and performance is essential when determining pricing strategies to ensure a competitive edge and achieve growth potential over time."
37,36.0,28.6,0.16073474820501482,3.1018546309882207,4.179103453330385,57.694496136380906,"1. Further refine the dynamic pricing strategy by adjusting the machine learning model to take account of market and competitor price changes, with a focus on minimizing fluctuations in both price and sales volume while maximizing profit.
      2. Experiment with setting a slightly higher baseline price to capitalize on potential price war opportunities while keeping close watch on customer demand and competitive response.
      3. Monitor the effects of different approaches to dynamic pricing on total units sold, profit per unit, and overall financial stability over time to continuously optimize the strategy.","1. Continuously test prices within the $27.5 - $30 range by fine-tuning the price point, paying attention to differences in sales volume and profitability.
      - Tier 1: [$27.5 - $28.6] or Tier 2: [$30.0 and above] depending on the observed optimal within this round's data.
   2. Analyze short-term sales and long-term demand patterns to assess overall profitability when using pricing tiers found in point 1.
   3. Consider a more agile approach, monitoring competitor adjustments closely for potential price adjustments (e.g., weekly or bi-weekly).","1. By setting a competitive yet still profitable price, we can attract more customers and maximize our market share without losing significant amounts of profit per unit sold.
      2. There is an opportunity to take advantage of certain competitor actions (e.g., price wars) by temporarily increasing the price while monitoring demand and profitability closely to ensure financial stability and maintain competitive advantage.","1. The optimal price range is highly dependent on finding the perfect balance between sales volume, profit margins, and competitiveness.
   2. A fine-tuning of the price point is crucial during different pricing rounds to identify the optimal price for maximum long-term profitability while being mindful of competitive behavior.
   3. Regularly re-evaluating competitor adjustments can help ensure a more competitive edge and achieve growth potential over time."
38,31.0,29.5,1.1866198530235574,2.162162343110846,24.919016913494705,42.162165690661496,"1. Further refine the dynamic pricing strategy by adjusting the machine learning model to take account of market and competitor price changes, with a focus on minimizing fluctuations in both price and sales volume while maximizing profit.
      2. Set a competitive yet slightly higher baseline price to capitalize on potential price war opportunities, keeping close watch on customer demand and competitive response.
     3. Monitor the effects of different pricing strategies over time on total units sold, profit per unit, and overall financial stability to continuously optimize the strategy.","1. Continue testing prices within the $27.5 - $30 range by fine-tuning the price point, and pay close attention to differences in sales volume and profitability. This will provide insight into the optimal balance between these factors while maintaining competitiveness.
       - Tier 1: [$29 - $30] depending on the observed optimal within this round's data.
    2. Analyze short-term sales patterns for possible seasonal trends, as there might be fluctuations in demand based on time of year or market events that could impact pricing decisions.
    3. Re-evaluate competitor adjustments more frequently (e.g., daily or weekly) to ensure a prompt response to the market conditions and maintain a competitive edge.","1. The need to remain price competitive without compromising on profit margins is vital for attracting customers and maximizing market share.
      2. Dynamic pricing strategies provide an opportunity to take advantage of certain competitor actions (e.g., price wars) by temporarily increasing the price while closely monitoring demand, profitability, and maintaining financial stability.
     3. A continuously optimized dynamic pricing strategy can help increase sales volumes over time while still ensuring long-term profit maximization.","1. It is essential to find a balance between price, sales volume, and profit margins while remaining competitive against rivals. Balance must also extend towards understanding demand patterns and optimizing pricing during various times of the year or based on market events.
       2. The pricing strategy should involve fine-tuning the price point iteratively during different pricing rounds to identify the optimal price range for maximum long-term profitability while being mindful of competitive behavior.
    3. Regularly re-evaluating competitor adjustments can help ensure a more competitive edge and achieve growth potential over time, especially in a dynamic market."
39,25.0,29.0,11.640152665140635,2.350106292018103,174.6022899771095,44.65201954834395,"1. Implement and optimize a dynamic pricing strategy that considers both market competition and demand changes to achieve an optimal price point where profit maximization and quantity sales are balanced.
      2. Evaluate the effects of different strategies on key performance indicators (KPIs) such as total units sold, profit per unit, average selling price, and overall financial stability over multiple pricing rounds for continuous optimization.
     3. Keep a close eye on competitor actions that may impact demand or create opportunities for strategic price adjustments.","1. Continue testing prices within the $27.5 - $30 range, with a focus on fine-tuning the price point to better understand the optimal balance between volume, profit margins, and competitiveness (preferably towards the lower end of the range based on data from Rounds 35, 33, 19, and 16).
   2. Analyze short-term sales patterns for possible seasonal trends in demand while keeping an eye on market events that could impact pricing decisions.
        3. Re-evaluate competitor adjustments more frequently to ensure a prompt response to market conditions and maintain a competitive edge, with the goal of achieving growth potential over time.","1. The relationship between the price and sales volume is complex, and it's essential to find the right balance between maximizing profit and optimizing quantity sold without compromising financial stability.
      2. A well-tuned dynamic pricing strategy can help take advantage of opportunities as they arise in terms of competitor actions or unexpected changes in market dynamics.
     3. It is crucial to monitor key performance indicators over multiple rounds to assess the effectiveness of pricing strategies and make data-driven decisions on future adjustments.","1. The optimal price range, as evidenced by the provided market data, seems to be between $27.5 - $30. Maintaining prices within this range can help balance sales volume, profit margins, and competitiveness effectively.
         2. When adjusting pricing tiers in future rounds, prioritize experimentation with price points towards the lower end of the identified optimal range to minimize potential negative impacts on sales volume without compromising profitability.
      3. Regularly monitoring and analyzing competitor behavior can help maintain a competitive edge, especially in dynamic markets that require prompt adjustments to market conditions for long-term growth potential."
40,27.5,27.5,4.527850074362907,4.527850074362907,79.23737630135086,79.23737630135086,"1. Implement and optimize a dynamic pricing strategy that considers both market competition and demand changes to find the price point where profit maximization and quantity sales are balanced.
      2. Continuously monitor competitor actions for opportunities in strategic price adjustments.
     3. Regularly assess key performance indicators such as total units sold, profit per unit, average selling price, and overall financial stability over multiple pricing rounds for continuous optimization.","1. Continue testing prices within the refined range of $27.5 - $30, with emphasis on finding the optimal price point by observing profit margins, sales volume, and competitiveness (preferably towards the lower end of the range based on recent performance data).
     2. Analyze short-term sales patterns for possible seasonal trends in demand while keeping an eye on market events that could impact pricing decisions.
        3. Re-evaluate competitor adjustments more frequently to ensure a prompt response to market conditions and maintain a competitive edge, focusing on adaptability for long-term growth potential.","1. A well-tuned dynamic pricing strategy can help take advantage of opportunities as they arise in terms of competitor actions or unexpected changes in market dynamics.
      2. Keep a close eye on competitor actions that may impact demand or create opportunities for strategic price adjustments.
     3. It is crucial to monitor key performance indicators over multiple rounds to assess the effectiveness of pricing strategies and make data-driven decisions on future adjustments.","1. When adjusting pricing tiers in future rounds, prioritize experimentation with price points towards the lower end of the narrowed optimal range to minimize potential negative impacts on sales volume without compromising profitability.
         2. Keep monitoring and analyzing competitor behavior while maintaining a competitive edge, especially in dynamic markets that require adaptability for long-term growth potential.
      3. Continued observation of short-term sales patterns will help identify possible seasonal trends in demand that can inform pricing strategies."
41,29.5,26.5,2.0399295227050995,6.772804529523096,39.77862569274944,111.75127473713108,"1. Implement and optimize a dynamic pricing strategy, focusing on closer price observation and adjustment around the 27.5 - 30.0 range where profitability is optimal.
     2. Periodically evaluate competitor actions to identify any opportunities for strategic price adjustments.
     3. Regularly monitor key performance indicators (total units sold, profit per unit, average selling price, financial stability) for continuous optimization based on data-driven decisions.
     4. Introduce a contingency plan for deviating from the dynamic strategy when facing abnormal market fluctuations or outliers.","1. Continue focusing on the price range of $25 - $30, with a priority on testing prices closer to the lower end of the range based on recent performance data for optimal profitability.
         2. Keep monitoring and analyzing competitor behavior more frequently while maintaining a competitive edge, especially in dynamic markets that require adaptability for long-term growth potential.
        3. Continued observation of short-term sales patterns will help identify possible seasonal trends or other market factors that might impact pricing strategies.","1. A carefully tuned dynamic pricing strategy with focus on profit optimization can maximize returns, particularly within the identified price range of 27.5 - 30.0.
     2. Keep a keen eye on competitor actions to identify any opportunities for strategic adjustments or exploit their missteps.
     3. Monitor key performance indicators consistently and over many pricing rounds to assess the effectiveness of strategy changes and make informed decisions on future adjustments.
     4. Introduce a contingency plan to account for market anomalies or unexpected events that may influence profitability.","1. Focus on experimenting with price points towards the lower end of the optimal range to minimize potential negative impacts on sales volume and maintain profitability.
         2. Keep monitoring competitor adjustments more frequently to ensure a prompt response to market conditions, as price appears to have an (occasionally) adverse effect on quantity sold.
      3. Continued observation of short-term sales patterns will help identify possible seasonal trends or other market factors that might impact pricing strategies and maximize profitability in the long run."
42,28.5,24.5,2.784186629557244,13.790166651764377,51.507452646809014,199.95741645058345,"1. Refine and optimize dynamic pricing strategy with closer attention paid to price observations in the 27.5 - 30.0 optimal range.
     2. Regularly evaluate competitor actions to exploit potential opportunities for strategic adjustments.
     3. Continuously monitor key performance indicators, including total units sold, profit per unit, average selling price, and financial stability for data-driven decisions on pricing adjustments.
     4. Periodically reassess the optimal price range based on market fluctuations to maintain maximum profitability.
     5. Introduce a contingency plan as needed when facing abnormal market conditions or outliers that may influence long-term profit optimization.","1. Continue focusing on the price range of $25 - $30, with an emphasis on testing prices at and near the lower end to minimize potential impacts on sales volume while maintaining profitability.
        2. Keep monitoring competitor pricing more frequently to respond proactively to market conditions in this competitive landscape.
       3. Regularly track data for seasonal trends or other market factors, as these could affect long-term pricing strategies.","1. The dynamic pricing strategy, with focus on maintaining profitability within the optimal 27.5 - 30.0 range, shows promise in maximizing long-term profits.
     2. Being cognizant of competitor prices is essential for effective strategic adjustments and price differentiation.
     3. Consistently monitoring key performance indicators provides valuable information for informed pricing decisions.
     4. Adeptly navigating price fluctuations is vital in maintaining maximum profitability over time.
     5. The implementation of a contingency plan ensures adaptability to unexpected market conditions and outliers that may impact long-term profit optimization.","1. Aim for price points within the optimal range at the lower end to maximize profitability based on sales volume and minimize potential adverse effects from increased prices.
       2. Keep a watchful eye on competitor adjustments, as pricing appears to impact quantity sold in this market.
      3. Monitor data related to possible seasonal trends or other market factors to ensure profitable decision-making for long-term growth."
43,29.5,26.5,2.0399295227050995,6.772804529523096,39.77862569274944,111.75127473713108,"1. Refine and optimize dynamic pricing strategy with a closer focus on monitoring price observations within the 27.5 - 30.5 range, as these seem particularly profitable.
     2. Continue monitoring competitor actions to identify potential opportunities for strategic adjustments and price differentiation.
     3. Regularly evaluate market fluctuations to reassess the optimal price range and adapt pricing accordingly.
     4. When necessary, lower prices slightly to attract more customers within the customer's willingness-to-pay limit.
     5. Implement a contingency plan for times when competitor prices are significantly lower (e.g., temporary discounts or promotions).","1. Test a wider range of prices within the profitable range ($25 - $30) to find the optimal price point that balances profitability and volume.
        2. Regularly monitor competitor pricing more frequently than every 5 rounds, aiming for daily checks if possible, to stay competitive and adjust prices swiftly.
       3. Analyze market data for factors such as seasonal trends, economic conditions, or customer preferences that may influence long-term pricing strategies.","1. Prices within the 27.5 - 30.5 range have generally been more profitable, suggesting this is an optimal price range.
     2. Reducing prices slightly in certain situations can attract more customers and increase profits, such as Round 19 ($28.5) or Round 34 ($28.5).
     3. Market fluctuations should be considered when adjusting pricing strategy to optimize profits.
     4. Monitoring competitor actions is crucial for finding opportunities to differentiate prices.","1. Exploring a wide range of price points within the profitable range is necessary to maximize profitability depending on demand and competition.
       2. Competitors' pricing adjustments significantly impact sales quantities in this market segment, making it essential to adapt swiftly and proactively.
      3. Analyzing additional data related to potential seasonal trends or other market factors could prove beneficial for profitable growth in the long term."
44,29.5,30.0,2.149616985980732,1.7599575337612274,41.91753122662428,35.19915067522455,"1. Expand dynamic pricing strategy to focus on refining and optimizing prices within the 24.0 - 30.5 range based on market observations.
      2. Increase monitoring of competitor actions for identifying strategic price differentiation opportunities in various price bands (not just within the 27.5 - 30.5 range).
    3. Incorporate market fluctuation data in our pricing strategy to adapt prices accordingly and potentially capture seasonal demand patterns.
      4. Conduct comparative analysis of the highest and lowest profit-generating prices to identify trends that may influence optimal pricing decisions.","1. Test a wider range of prices than previously explored within the profitable range ($25 - $46.4) and analyze the impact on both volume and profit.
2. Adjust price more frequently, aiming to check competitor’s pricing on a daily basis if possible, and swiftly adapt pricing responses accordingly.
3. Deepen market data analysis by examining potential seasonal trends and economic conditions to better inform long-term pricing decisions.
4. Perform additional testing on pricing elasticity to quantify the relationship between product prices and demand changes more accurately.","1. The price range from 27.5 - 30.5 generates good profits, with room for potential optimization within this band.
    2. Competitor analysis plays an essential role in determining the best pricing strategy for your product.
    3. Market fluctuation may need to be considered when setting prices to capitalize on favorable seasons or trends.","1. The profit earned is strongly dependent on the competitive landscape as well as the chosen price, whereas the volume sold depends significantly on competitor's price.
2. It is important to consider both volume and profit when analyzing pricing decisions while keeping a close eye on competitor behavior.
3. Expanding data analysis can provide valuable insight into long-term pricing strategies and decision-making processes.
4. Testing the relationship between product prices and demand changes, known as pricing elasticity, is essential to achieve the optimal balance between volume and profit."
45,29.5,30.0,2.149616985980732,1.7599575337612274,41.91753122662428,35.19915067522455,"1. Implement a competitive analysis tool to automatically track changes in competitors' price points for real-time adjustments.
     2. Develop a system for continuously monitoring market trends to capitalize on profitable seasonal variations.
     3. Analyze sales data at various price points to identify the optimal pricing range for our products.
     4. Test different price points within the identified optimal range to find the sweet spot for profit and volume.","1. Test a wide range of prices within the profitable range (e.g., 25, 30, 35) and closely monitor sales and profit earned in each round.
     2. Monitor competitor's price fluctuations and respond accordingly.
     3. Analyze past pricing data (both short-term and long-term) to inform future pricing decisions.","1. Optimal pricing strategies require a balance between profit margin and sales volume.
     2. Market trends and seasonal demand play a significant role in customer willingness to pay for products.
     3. Real-time competitor analysis is crucial for pricing decisions that maximize revenue.
     4. Testing price points within the optimal range allows us to find the most profitable pricing strategy.","1. Pricing has a significant impact on both the quantity sold and profit earned.
     2. Demand may be somewhat elastic, as changing price slightly can affect both units sold and profit earned.
     3. Closely monitoring competitor's prices is crucial to remain competitive and make informed pricing decisions."
46,28.5,28.95,3.144716363441204,2.6266879017200218,58.17725272366228,49.77573573759441,"1. Implement real-time competitor analysis tool for automatic price adjustments based on competitor's actions.
2. Develop dynamic pricing strategy to adapt to market fluctuations.
3. Improve trend monitoring and forecasting capabilities.
4. Conduct regular A/B testing of various price points for optimal outcomes.","1. Test a range of prices within the profitable range and narrow down based on profit and units sold performance.
    2. Dynamically adjust pricing strategy based on competitor's current price changes for maximum advantage.
    3. Investigate potential demand-related trends to better understand the elasticity of our product's market.","1. Lowering the price slightly can lead to higher sales volume without sacrificing substantial profit margin due to relatively low cost of goods.
2. Stable competitor pricing suggests a competitive market requiring dynamic responses.
3. Accurate trend monitoring and forecasting are essential for effective pricing decisions.
4. A/B testing allows us to explore various price points and optimize sales performance.","1. Prices close to the upper limit of profitability lead to decreased sales volume.
     2. Competitor price sensitivity is important when setting prices.
     3. It is essential to understand the elasticity of demand and find a pricing sweet spot."
47,28.0,30.5,3.860942795754092,1.4203614780969216,69.49697032357366,29.117410300986894,"- Develop a system to regularly analyze market trends and competitor prices
- Implement a dynamic pricing strategy to adjust the selling price based on market conditions and competitor actions
- Regularly perform A/B testing to determine the optimal price range, considering both volume and profit","- Continuously monitor and adapt to competitor pricing strategies
   - Analyze historical sales data to identify patterns and trends in demand elasticity
   - Implement dynamic pricing strategies to optimize profits and remain competitive","- Volatility in market trends is relatively low, with mostly stable competitor prices
- Lowering the price slightly can lead to increased sales while maintaining a profitable margin
- Regular analysis of market conditions and competitor actions is necessary to ensure optimized pricing decisions","- The importance of considering the competitor's actions when adjusting our own pricing strategy
   - The necessity to strike a balance between profitability and sales volume through effective price management
   - Ongoing evaluation and optimization of pricing strategies based on market feedback and insights."
48,30.5,28.0,1.4203614780969216,3.860942795754092,29.117410300986894,69.49697032357366,"Implement dynamic pricing strategy that adjusts according to the competition's pricing and the previous sales data. Use machine learning algorithms to predict the optimal price based on these factors. Also, consider offering discounts strategically during periods of lower demand or excess inventory.",Identify the optimal pricing strategy that balances sales volume and profits by analyzing historical data and competitor actions in real-time. Regularly update target market segmentation to account for changing consumer preferences.,Pricing should be flexible and adaptive to market conditions in order to maximize sales and profit. Offering discounts can stimulate demand but should be done carefully as it may signal a lack of confidence in the product's value.,"The relationship between price, sales volume, and profit requires careful consideration; find the price sweet spot where both objectives can be met. The balance between these factors changes over time, necessitating continuous analysis. It is essential to monitor competitor actions closely and adjust pricing strategies accordingly to remain price competitive."
49,30.0,30.5,1.772519122050104,1.451215915641206,35.45038244100208,29.74992627064472,"- Implement a dynamic pricing strategy that adjusts depending on the current sales and competition's pricing.
   - Analyze customer response to different price points more frequently to optimize profit margin and sales volume.
   - Monitor competitor pricing to anticipate changes and maintain a competitive position.","- Analyze the impact of price adjustments on both profit per unit and total profit.
   - Monitor competitor's prices closely to identify trends or potential strategies.
   - Experiment with dynamic pricing based on factors like demand and competitor actions.","- Customers may be price-sensitive, as seen by the increase in sales when prices drop, but with a decrease in overall profit margin.
   - Dynamic pricing based on current market conditions can help maximize both sales volume and profit margin.
   - Regular competitor analysis is essential to remain competitive and adjust pricing accordingly.","- Pricing should be flexible yet informed by historical trends and market research.
   - The relationship between price, unit sales, and profit requires careful consideration to optimize revenue.
   - Dynamic pricing holds potential as a strategy that can adapt to the ever-changing market environment."
50,30.5,29.85,1.4496270307522985,1.8800649106266203,29.71735413042212,37.319288475938414,"- Maintain a competitive pricing strategy that takes into account the competitor's prices, as well as our own production and sales costs.
   - Implement dynamic pricing strategies to adapt to changes in market conditions and competitor moves.
   - Regularly analyze sales data to identify trends and adjust pricing accordingly.","- Experiment with lowering the price within the range 29.5 to 30.5 to see if additional sales can be gained without significantly impacting profit margin.
	- Monitor competitor pricing changes and adjust our own accordingly to maintain or improve market position.","- Price sensitivity: Customers are sensitive to price changes, with lower prices leading to increased sales but possibly at the expense of profit margins.
   - Competitive analysis: It's crucial to stay aware of competitor pricing strategies to maintain a competitive edge.
   - Flexible pricing: Being able to adjust prices quickly in response to market changes can help maximize revenue and maintain market share.","- Lowering the price within a specific range might increase sales without compromising profitability too much, as long as competitors' prices do not dictate drastic changes.
	- Monitoring and adapting to competitor pricing strategies is essential in maintaining market presence and maximizing overall profit."
51,31.0,30.25,1.1933070632681948,1.610796049495229,25.05944832863209,32.618620002278384,Adjust pricing strategies to identify the optimal balance between profitability and sales volume by testing different price points within the identified range (27.5 - 35.0). Implement dynamic pricing to react quickly to competitor activities and consumer behavior. Continuously monitor sales data to optimize pricing decisions.,"Let's experiment with prices slightly lower than our current one, but not too drastically, and observe the impact on sales. We can also consider offering periodic promotions or discounts to boost sales when necessary.","1. Pricing sweet spot: Identify the optimal price point by testing a range of prices between 27.5 to 35.0, as this appears to provide relatively high sales volumes while maintaining profitability.
   2. Dynamic pricing: React quickly to competitor activities and consumer behavior by implementing dynamic pricing strategies to stay competitive in the market.","It seems that finding a middle ground between attracting more buyers while maintaining acceptable profit margins is crucial. The data suggests that keeping prices close to our competitors' may encourage more sales, but we must continually monitor the impact on profits."
52,28.0,30.5,3.860942795754092,1.4203614780969216,69.49697032357366,29.117410300986894,"1. Lower prices compared to competitors to increase sales volume.
2. Monitor market trends and adjust prices as necessary.
3. Evaluate product quality advantages to reinforce competitive positioning.
4. Enhance customer service to improve client retention.
5. Consider running marketing campaigns to promote our lower prices.
6. Develop a pricing strategy that takes into account seasonal fluctuations in demand.
7. Continuously analyze competitor pricing and sales strategies.","To take advantage of our competitive edge, I recommend implementing pricing strategies that keep our prices within the range of 27.5 - 32.5, with occasional adjustments up to 35 if market conditions allow for increased profit margins without substantially decreasing sales volume.","1. Lowering prices could potentially attract more customers and increase sales volume.
2. It is essential to remain competitive with our pricing while maintaining product quality standards.
3. Our strong customer service could serve as an additional selling point compared to competitors.
4. Marketing campaigns focusing on competitive pricing could be effective in boosting sales.
5. Seasonal adjustments in pricing may help account for fluctuations in demand and maximize revenue potential.
6. Developing a nimble pricing strategy is crucial in maintaining market competitiveness.
7. Continuous monitoring of competitor strategies is essential to maintain competitiveness in the market.","Keeping prices competitive yet profitable requires balancing our production costs and the price elasticity of demand. Continuously monitoring competitor's prices, market trends, and consumer preferences is essential to make informed pricing decisions."
53,29.5,29.45,2.1403474707864367,2.183585357819203,41.73677568033552,42.470735209583495,"Given the observations of price sensitivity and variable sales numbers based on price changes, it seems beneficial to have a pricing strategy that is adaptable and responsive to market conditions. This could involve periodic price adjustments to stay competitive without significantly affecting quality or features. A possible approach could be implementing an analytical model to predict optimal prices based on historical data and current market trends.","Identify a competitive pricing structure based on the competitor prices and our own product values. Explore adjusting prices for different product qualities, bundling options, or promotions to remain competitive while maximizing profits.","By analyzing the sales data, it becomes clear that there are no universal price points that guarantee success in this market. Instead, it seems crucial to adjust pricing strategically while considering factors like competition, product features, quality, and perceived value. It is also important to note that a lower price does not always lead to higher sales; a careful balance between maintaining competitiveness and not undercutting oneself is essential for successful price determination.","Continuously monitor competitor pricing strategies to ensure our products are priced competitively and in line with expected revenue goals. Regularly evaluate our pricing strategy based on quantities sold and profit margins. Adjust prices as necessary to account for seasonal variations, product demand changes, or other market factors that may impact price sensitivity."
54,30.5,29.5,1.4455430176241408,2.1564967751945803,29.633631861294887,42.05168711629432,"- Monitor competitor pricing behavior and adjust own pricing accordingly
- Continuously evaluate effectiveness of pricing decisions based on sales data","- Develop strategies to identify the optimal pricing range that maximizes both quantity sold and profits while also staying competitive against existing market players.
   - Perform further analysis on customer purchasing behavior in relation to price, particularly focusing on the lower-mid price range which appears to generate more consistent sales.
   - Consider implementing dynamic pricing as a way to better compete with competitor price fluctuations.","- Lower prices tend to drive better sales performance in comparison to the competitor when they price high
- The product struggles against both very low and very high competitor prices
- A key strategy is adaptability to changing pricing conditions set by the competition","- A higher price is not always an effective strategy for increasing sales, even when there may be demand at these prices (e.g., Round 1). Keep in mind that lower prices can drive more significant sales volumes if implemented strategically (e.g., Round 8).
   - Pricing below the competitor could be a viable approach to attract customers and potentially gain market share (e.g., Round 6). However, this strategy should be used with caution as profits may also decrease when prices are too low.
   - Sales tend to increase in the lower-mid price range, making it an ideal area for focus when setting product pricing (e.g., Round 18 with a price of 27.5 had higher sales than several rounds with higher prices)."
55,30.0,29.0,1.7516210240337597,2.613111504561257,35.03242048067519,49.64911858666389,"Adjust pricing strategy according to competitor’s moves, focusing on maintaining competitive pricing without undercutting. Monitor sales quantities and adjust pricing if a lower price leads to increased sales. Keep an eye on our market share in comparison to the competitor.","Continue monitoring price trends and adjust strategies accordingly, with focus on finding optimal pricing point that maximizes both profit and sales volume. Explore different target market segments to assess whether any niche markets might provide opportunities for increased revenue or greater demand.","The market is responsive to competitive pricing, as indicated by changes in sales quantities. Winning market share may depend on offering competitive prices, although it's also important to maintain a unique selling proposition, such as superior quality or service. The price elasticity of demand seems moderate-to-low for our product.","- Competitors' price fluctuations suggest they may be attempting to influence market share through pricing adjustments, making it important for us to remain agile in our own pricing strategy.
   - The product exhibits strong sales and profit performance at the 29.x price point, indicating this as a promising starting point for further pricing decisions. However, ongoing monitoring of demand and competition will be crucial to optimize pricing and profits further."
56,30.5,35.0,1.4738039470005937,0.243618153895784,30.21298091351217,6.0904538473946,"We should establish a monitoring system to keep track of our competing products' pricing, focusing on identifying trends and patterns that may indicate a change in strategy. Additionally, it would be beneficial to have a forecasting model to predict future prices based on historical data and potential market influences.","```
   - Analyze historical prices and quantites to identify price points where we have a competitive advantage.
   - Use this data to create a pricing strategy focused on maximizing profits while minimizing exposure to risky price points.
   - Consider offering slight discounts at certain price points to encourage customers to choose our product over the competitor's, without significantly eroding profit margins.
   ```","Based on the provided data, the competition is more aggressive at higher price points, possibly due to their ability to produce at lower costs or have a larger market share. This competitive behavior indicates that we should focus on maximizing sales through offering value-added features at lower price ranges while maintaining high profitability through improved efficiency and cost management.","```
   - Our product has generally performed better in pricing rounds above $30 and worse in pricing rounds below $25, although there are exceptions to this trend.
   - There appears to be less competition at higher price points ($40+), which could offer an opportunity for growth by capitalizing on this perceived underserved market segment.
   - The overall volume of sales is lower than the competitor's, suggesting that our marketing efforts may need to be adjusted to increase visibility and drive more demand for our product.
   ```"
57,31.0,15.0,0.1461356104058261,87.95099197915428,3.068847818522348,439.75495989577144,"Consider adjusting prices strategically, trying to set our item's price higher than the competition but still competitive enough to attract customers. Monitor sales data and adjust as needed.","For the next pricing round, I recommend starting with a competitive initial price that has been effective in previous rounds but also take into account factors such as production costs and potential changes in market conditions to remain agile with pricing adjustments throughout the period.",It may be beneficial to carefully balance profit margins and volumes sold to maximize overall revenue. Keep a close watch on the competition's pricing and adapt accordingly.,"In light of the data provided, it appears that setting prices too high may reduce sales, while a more competitive price can help maintain desirability and drive demand. Also, observing trends and adjusting prices in response to market changes can be an effective strategy for maximizing profits and minimizing lost revenue due to uncompetitive pricing."
58,30.5,32.0,1.46552049393866,0.8042947000078007,30.043170125742527,17.694483400171613,"- Adjust pricing strategy by carefully analyzing and tracking competitor movements
   - Evaluate the impact of price decreases or increases on sales and profit margins
   - Explore possible offers or incentives to maintain customer loyalty","Given that my current price is somewhat lower than the competitors, I should consider raising the price slightly in order to increase profits while maintaining competitiveness. I will continue monitoring our sales and adjust prices appropriately.","- Customers are sensitive to lower pricing strategies
   - The competitor's strategy seems to focus on competitive pricing
   - Quality differentiators may influence purchasing decisions when offered at a competitive price point","- The competitor's pricing varies significantly, giving us an opportunity to exploit that volatility and potentially capture more market share.
- Our current price seems to be close to the lower range of the competitor's prices, indicating a relatively competitive position."
59,30.5,29.0,1.4386740062293881,2.6214349543836994,29.492817127702455,49.80726413329029,"In the next pricing round, consider maintaining a middle ground between higher and lower prices while keeping a close eye on competitor actions. Adjust the price based on their movements but maintain a competitive advantage.","1. Analyze pricing trends and identify consistent patterns in sales volume and profit based on the price of the product.
     2. Investigate the effects of competitor pricing on the sales performance of the product, if any.
     3. Study the impact of changing the initial price on overall profits.
     4. Create a spreadsheet or visualization tool to better understand the relationships between price, competition, profit, and sales volume.","- Higher prices can lead to profits, especially when there is a significant difference compared to the competitors' prices (though with fewer sales)
- A middle ground price around 30.x seems beneficial as it allows for a higher number of sales and reasonable profit margins
- Customers may be more inclined to purchase when there is a clear cost advantage","* The product performs well in specific price ranges (e.g., between 28 and 31), whereas outside these ranges sales and profits decrease significantly.
     * Keeping the competitor's price in mind when setting the product's price can help optimize sales volume, as seen in Round 7 where setting a similar price to the competitor led to increased sales.
     * The sales of the product are highly sensitive to price adjustments and small changes can result in substantially different financial outcomes."
60,31.0,30.5,1.1951390621906606,1.4597461469446333,25.09792030600387,29.924796012364983,"The data suggests that I should maintain a competitive pricing strategy without being overly aggressive. It appears that having a mid-range price compared to my competitor might serve to attract more sales while still generating decent profits, as demonstrated in rounds 15 and 18. Additionally, it may be beneficial to occasionally increase the price higher than my competitor (as in round 23) but monitor the impact on sales volume and ensure profitability remains acceptable.","- Monitor the competitor's price changes in future rounds for patterns or consistency.
   - Identify factors (such as quality, promotion, etc.) that could influence these price changes and their impact on sales.
   - Consider conducting market research to gauge consumer preferences and willingness to pay for our product.","By analyzing the pricing dynamics, it becomes clear that both competitive and opportunistic pricing can yield favorable results. In some cases, maintaining a slightly lower price, as in rounds 16 and 17, led to higher sales volume (82.47 vs 58.0). However, increasing the price above the competitor's, such as in round 23, also demonstrated its benefits in securing sales with acceptable profit margins (0.25 profit per sale). As a result, further insights suggest that adopting a flexible pricing strategy, one that combines competitive and opportunistic elements, could be most advantageous for my business.","- Consumers are sensitive to pricing differences between our product and the competitor's in most cases.
   - There might be instances where a lower price could attract more sales, even when perceived quality is higher (e.g., rounds 14 and 24).
   - It is essential to keep an eye on the competitor's pricing strategy as it seems to change frequently."
61,30.0,31.0,1.7771942236794773,1.1912889138310991,35.54388447358954,25.017067190453083,"Moving forward, consider carefully balancing factors such as profit margins and unit sales when adjusting prices. Aggressively lowering prices in an attempt to outsell the competition may lead to short-term gains but may also dilute long-term profits if pricing is too low. Conversely, raising prices too much may limit overall sales and prevent the product from reaching its full market potential.","1. Regularly monitor competitor pricing to ensure optimal pricing strategy is being employed
    2. Develop a clear and compelling messaging platform to emphasize the unique selling points of the product to potential customers.
    3. Regularly iterate on pricing strategies based on market trends and competitive landscape.","The data highlights several valuable insights related to price sensitivity in this market. It appears that the subject's customer base is willing to pay a premium (in some cases, upwards of 45 dollars) if perceived value is high enough. However, they are also responsive to pricing changes when faced with lower-priced alternatives from competitors. Furthermore, there seems to be a sweet spot for profitability and sales at around 30-32 dollars per unit. Future analysis should consider the various factors (competitor presence, perceived value) that influence the optimal pricing strategy in order to maximize both short-term success and long-term profits.","1. The competitive landscape is fluid, with frequent changes in competitor pricing strategies.
    2. Markups from this product are often possible but seem to be dependent on the specific competitive environment.
    3. A consistent, differentiated messaging strategy is necessary to ensure the value of this offering is resonating with potential customers."
62,29.0,32.5,2.6423687536857745,0.6516001122730782,50.20500632002972,14.66100252614426,"- Analyze demand and competition data regularly for each pricing round.
   - Adjust product prices based on analysis findings with a focus on the $27 - $31 price range.
   - Monitor rarity or demand fluctuations to determine if exceptions can be made to deviate from the ideal price range occasionally.",Evaluate the impact of slightly increasing our price while maintaining quality to ensure sustainability and improve perceived value.,"- The overall profit seems higher during the $27 - $31 price range than some outlier prices above and below, illustrating that a strategy based on this range is likely successful.
   - Prices exceeding $31 may deter some potential customers due to their perception of elevated cost, reducing sales volume and overall profitability in the long run.
   - It appears that occasional price increases for sought-after items or at times of high demand can yield increased profits, but these instances must be used strategically as they may not consistently bring optimal results.",Lowering prices seems to increase sales but potentially undervalues our product in the marketplace. A balance between competitive pricing and value perception is essential.
63,27.5,30.0,4.6612622577973895,1.714782554552039,81.57208951145432,34.29565109104078,"To stay competitive, we should analyze our costs and consider adjusting our prices to be more attractive to potential customers in certain rounds. We can also explore ways to better understand what drives customer decisions, such as conducting surveys or focus groups. Additionally, it may be beneficial to investigate how the competitor maintains their pricing strategy despite lower sales volumes in some rounds.","- Consider adjusting the price for future rounds to maintain a balance between maximizing profit and increasing unit sales volume. Observations from previous pricing rounds suggest that a slight decrease in price can lead to increased sales volume, while still maintaining an acceptable level of profit.","- Price plays a significant role in our product's sales volume, with lower prices driving higher sales
- The competition appears less price-sensitive and possibly relies on brand reputation or product differentiation
- There is an opportunity to conduct further research on the customers' decision-making process
- Investigating the competitor's cost structure and pricing strategy may provide valuable insights","- It is important to monitor the competitor's prices and adjust our own accordingly. In Rounds 1 and 2, our competitive advantage lies in our lower price compared to our rival. However, pricing too low may not yield maximum profit, as shown in subsequent rounds where our price was increased slightly and sales volume still increased (e.g., Round 8)."
64,29.0,6.0,0.010065701558670032,99.62154739295703,0.1912483296147306,-398.4861895718281,* Implement a dynamic pricing strategy that adjusts prices based on market conditions in order to optimize profit and sales volume,"- Monitor changes in the competitor's pricing strategy and adjust accordingly.
   - Consider testing prices slightly below the competitor to potentially capture a larger market share.
   - Analyze the impact of different price points on volume sold, profit margins, and overall business goals.","* A lower price significantly increases sales volume compared to higher prices, but reducing the price any further below 30$ does not significantly increase sales volume
* The sweet spot for price seems to be around 30$, as it was competitive with the lowest competitor price while still allowing for profit
* Maintaining a lower price versus a high price increases sales volume substantially","- The $30 pricing range seems to be a profitable area that balances volume and profit.
   - Competitor prices above $30 may not be as effective in driving sales volume.
   - Understanding the competitor's pricing strategy is key to making strategic decisions in the market."
65,30.5,30.0,1.451215915641206,1.772519122050104,29.74992627064472,35.45038244100208,"- Continuously monitor competitor's prices and adjust pricing strategy accordingly.
   - Keep prices within a range comparable to competitors, aiming to be slightly cheaper while maintaining profitability.
   - Consider conducting consumer research to gather insights on perceived value and optimal price points for the product.",Consider exploring lower price ranges in future pricing decisions while maintaining product quality to better compete with the current market offerings.,"- Competition is significant in this market, with multiple competitors having similar products.
   - Lowering prices can help attract customers but may lead to decreased overall profitability if not done carefully.
   - There might be an opportunity to investigate potential value-added services or upgrades that could differentiate the product and justify a higher price point.","Customers are more likely to purchase our product when it is priced below the competition, providing a potential pricing advantage and opportunity to increase market share."
66,29.5,30.0,2.149616985980732,1.7599575337612274,41.91753122662428,35.19915067522455,"Consider adopting a pricing strategy that balances revenue generation with maintaining a reasonable volume of sales by setting prices between 29.5 to 31.0. Monitor market trends and adjust prices accordingly, while keeping an eye on sales volumes to ensure profitability.","* Continue tracking sales and profit data across pricing rounds
   * Identify optimal price range based on past data
   * Investigate potential for pricing differentiation to capitalize on competitor weaknesses
   * Monitor changes in market competition and adjust pricing accordingly","Pricing sensitivity is noted among consumers as changes in price can significantly impact both the number of units sold and profit earned. Identifying the ideal price point that balances demand with maximum profitability will lead to a more efficient pricing strategy for the product. Additionally, occasional fluctuations in pricing may prove beneficial if market conditions align with such moves, increasing sales volumes or profit margins.","* Competitive pricing strategies are important for sales volume (see Rounds 1 - 7)
   * Optimal price range should be determined to maximize profitability (see Round 9)
   * Differentiation in pricing may be an effective strategy to capitalize on competitor weaknesses (see Round 3, 6, and 11)
   * Sales volume does not necessarily increase when the price is raised beyond a certain point; profitability also depends on the quantity sold (see Rounds 5 - 8)
   * Competitor's pricing strategy may not always be effective (see Round 23 and 14)"
67,30.5,29.5,1.4455430176241408,2.1564967751945803,29.633631861294887,42.05168711629432,"- Maintain my current pricing strategy that is consumer-friendly and attractive to a larger market segment. Consider occasional small adjustments to prices to avoid stagnation, but avoid substantial drops as it does not seem to benefit the competitor in the long term.
   - Monitor competitor's price changes for potential competitive advantages or disadvantages.","- Monitor competitor pricing strategies and adjust my own accordingly to remain competitive while maintaining a reasonable profit margin.
   - Consider offering promotions or discounts during slower periods to increase sales and prevent oversaturation.
   - Expand product offerings to cater to varying customer preferences and price ranges, ensuring a balance between competitiveness and profitability.","- Higher prices can lead to lower unit sales and overall revenue, even though individual sales numbers may appear larger (as each sale represents a larger profit).
   - Targeting a luxury market segment may not necessarily provide long-term growth if the consumer base remains small and exclusive.","- Lower prices tend to generate higher volume of sales, but ensure not to compromise the desired profit margin.
   - Aggressive pricing may initially drive customers away due to perceived low quality, whereas competitive pricing can foster customer confidence and encourage sales growth.
   - It's essential to keep an eye on competitor pricing strategies and adapt accordingly as market factors change."
68,30.0,30.0,1.7668422014048046,1.7668422014048046,35.336844028096095,35.336844028096095,"We should continue monitoring price adjustments and stay competitive. It may be beneficial to adjust our price downwards when competition reduces theirs or when market demand increases. However, we must consider factors such as production cost, profit margin, and the impact on market positioning before making any changes.","In terms of pricing, it will be crucial to balance attracting customers by keeping competitive prices while ensuring profitability. Given the observed demand sensitivity, we may want to explore a more dynamic pricing strategy that adapts to market conditions and customer reactions.","Adjusting prices periodically based on market trends and competitor behavior can help maintain competitiveness and optimize profits. It is crucial to have a clear understanding of our production costs, profit margins, and the impact on market positioning before making any adjustments.","- A higher price (35.00 dollars) resulted in a lower quantity sold compared to neighboring price points, suggesting price elasticity of demand exists.
   - Periods with increased demand coincide with a narrower pricing range (27.5 - 31.5 dollars). These price levels might appeal more to the market and could be considered as ideal pricing reference points.
   - Higher prices (>40 dollars) have led to very low or no sales, implying these are less attractive to customers."
69,30.5,30.0,1.451215915641206,1.772519122050104,29.74992627064472,35.45038244100208,"To improve our pricing strategy, we need to closely monitor the competitor's moves and try to anticipate their next step. We should keep our prices competitive but maintain some flexibility to adjust quickly if they change their pricing unexpectedly.","To improve our competitiveness and boost sales volume, consider lowering the starting price slightly during each pricing round while closely monitoring the effects of such changes on sales quantity and overall profit margin. It is essential to maintain a balance between competitively pricing our product and maximizing profits.",The data suggests that there is a customer segment looking for a lower-priced product while another group prefers the slight price premium offered by our competitor. It's essential to strike a balance between these two segments without straying too far from our core competitive advantage.,"By observing the data, it appears that price elasticity varies depending on a combination of our product's perceived value and the competitor's offering at each round. Further analysis is needed to develop a more refined pricing strategy incorporating factors such as seasonality, market trends, and customer feedback to achieve long-term success in this competitive landscape."
70,30.0,30.0,1.7668422014048046,1.7668422014048046,35.336844028096095,35.336844028096095,"To improve sales performance, we need to find a balance between pricing and quantity demanded. Given the data, it appears that lowering our prices might increase sales in some rounds, but more research is needed to pinpoint the optimal price. We should also consider increasing marketing efforts during rounds where our prices are lower.","- Adjust prices to be slightly higher than the competitor while keeping an eye on profit margins
   - Monitor competitor's pricing strategies and react accordingly
   - Evaluate potential customer response to various price points","Our product seems sensitive to pricing changes. Lower prices generally result in higher quantities sold. However, there are exceptions when higher prices lead to increased sales. This suggests that the consumer perception of value may come into play and price-sensitive customers may be willing to pay more if they perceive the product to offer good value.","- The clients have a strong preference for maintaining competitive prices without sacrificing profitability
   - Market dynamics might be changing rapidly, requiring flexible pricing strategies
   - It may be beneficial to invest in predictive analytics to better understand our competitor's pricing patterns and respond proactively"
71,30.0,30.0,1.7668422014048046,1.7668422014048046,35.336844028096095,35.336844028096095,"```
- Observe competitor pricing strategies and adjust accordingly to maintain a competitive edge.
- Consider implementing price drops during periods when the competitor's prices are significantly high.
- Develop a system to track changes in the market and react swiftly to new developments.
```","- Analyze patterns between price and quantity sold to determine optimal pricing strategy that maximizes both the number of units sold and overall revenues.
   - Conduct future research on consumer preference given varying prices for our product.
   - Collaborate with the sales and marketing teams to effectively promote our product at different price points targeting diverse audiences.","```
- The competitor's strategy of initially offering an affordable price seemed to work, but as their prices rose later on, it may indicate a lack of long-term pricing stability.
- Adjusting the selling price based on the perceived value of the product and market demand can result in maximizing profits.
```","- The competitive pricing landscape influences our own pricing decisions, which need to be strategic in order to optimize market penetration and profitability.
   - Different prices can appeal to distinct consumer demographics and psychologies, so understanding these dynamics is critical to achieving long-term success.
   - A delicate balance must be achieved between offering attractive prices while also maximizing revenues and maintaining desirable profit margins."
72,30.0,30.0,1.7668422014048046,1.7668422014048046,35.336844028096095,35.336844028096095,"- Continue monitoring the impact of competitor pricing on your product's sales volume and profit margin.
- Experiment with price adjustments to optimize both quantity sold and total profits.
- Keep an eye on overall market demand and supply dynamics, as they may influence the best pricing strategy.","Maintain close watch on competitors' pricing and adjust our own accordingly, leveraging value proposition to maximize sales and profit potential. Continuously monitor market trends and adjust strategies as needed.","- Aggressive pricing strategies can be effective in capturing market share from competitors (e.g., Round 1).
- Maintaining a competitive price point is essential to remain attractive to customers, as price increases may lead to reduced sales volume (e.g., Round 2 and 3 compared to Round 7, where prices were kept steady or decreased).
- Lower profit margins do not always translate into lower overall profits when volumes are high enough (e.g., Rounds 16, 18, and 19).
- Monitoring competitor pricing and adjusting your own price accordingly can help maximize sales and profits.","Lower prices tend to result in increased quantity sold compared to competitor, but it is crucial to maintain a balance between price, value, and profitability. Regularly evaluating the impact of pricing on competitor's sales will provide valuable insights."
73,29.6,30.0,2.0670715851935118,1.7614422126711915,40.514603069792834,35.22884425342383,Focus on maintaining a competitive yet attractive pricing strategy. Keep an eye on price fluctuations in the market to adjust if necessary. Observe patterns in sales based on price changes.,"1. Continue monitoring the competitive landscape and adjust our product's pricing strategy accordingly.
   2. Implement a more dynamic pricing model that takes into account changes in supply, demand, and competitor actions.
   3. Explore strategies to lower production costs through operational efficiencies or cost reduction initiatives.","Lowering prices can often lead to increased sales, but this may not hold true when the competitor also lowers their prices and we enter into a price war. It is crucial to monitor both our own performance and that of competitors to make strategic pricing decisions.","1. Lowering prices can stimulate sales growth when the product is initially priced higher than competitors, but it's crucial to monitor and ensure that profits are not drastically affected.
   2. When considering price changes, keep in mind that lower prices could attract a wider audience and lead to increased market share within our target segment. However, profit margins may suffer if we don't account for fixed costs effectively."
74,31.0,29.5,1.1866198530235574,2.162162343110846,24.919016913494705,42.162165690661496,"- Analyze competitor's pricing patterns and respond with strategic adjustments.
   - Explore targeted promotions or discounts when facing direct competition during specific rounds.
   - Monitor high-profit scenarios (pricing above the competition) to determine opportunities for maintaining a higher, profitable price point.","To maximize profits, consider implementing a competitive pricing strategy that keeps us price-competitive with the competitor while still generating healthy profits. Regularly review and adjust prices based on market conditions and changes in competitor pricing.","- Competitor pricing strategy is responsive and adaptable but priced higher overall.
   - Sales appear to be more sensitive to lower prices, but profit margins can remain significant even with a higher base price.
   - Opportunities for profit exist in responding strategically to the competition's pricing moves while considering potential demand shifts.","Strategic pricing remains essential to our profitability, as it directly impacts our unit sales. Utilizing both competitive pricing and high-price strategies (when appropriate) appears to be a viable approach to maximize profits while remaining flexible in response to market fluctuations."
75,30.5,29.5,1.4455430176241408,2.1564967751945803,29.633631861294887,42.05168711629432,"To remain competitive, it's crucial to monitor competitor pricing and adjust ours accordingly. We should also identify potential customers who are drawn towards our competitive advantage - lower prices - and focus on retaining them while seeking their referrals. Additionally, consider expanding the product range to cater to these customers further.","- Continue monitoring pricing strategies closely, focusing on maintaining a competitive edge while increasing sales quantity.
   - Perform further analysis of the outlier prices to determine how they affected overall sales trends.","- Competitor's pricing strategy can be volatile, creating opportunities for us to capture market share when they overprice.
   - There is a latent demand for our product at lower price points, as evidenced by successful sales rounds.
   - Customer retention and referral marketing are key drivers of long-term success in this market.","- Higher prices ($>30) result in fewer sales.
   - Lowering the price significantly might increase sales, but it is essential to maintain competitiveness.
   - Identifying and analyzing outlier prices is crucial to understanding overall sales trends and refining pricing strategies."
76,30.0,30.75,1.7749703819471176,1.3149304001168123,35.49940763894235,27.284805802423854,"* Consider implementing dynamic pricing strategies that adjust the price based on market conditions and sales performance.
* Continue monitoring competitor's pricing moves to stay competitive and adapt pricing accordingly.
* Explore offering discounts or promotional deals to boost sales volume during slow periods.","- Continue monitoring competitor's pricing strategy and adjust ours based on market conditions, keeping in mind our product quality and strong brand reputation.
   - Explore opportunities to strengthen marketing efforts to ensure our branding emphasizes product differentiation from the competition.
   - Investigate potential cost-cutting measures without compromising product quality to maintain competitiveness.","* Lower prices drive higher sales volumes and profits overall.
* The optimal price range appears to be around 30$.
* Higher pricing (up to 45$) can still result in some sales, but with lower volume.
* It may be beneficial to adjust pricing strategy based on market conditions and sales performance.","- Competitor is sensitive to market demand and may raise or lower their prices based on that sensitivity.
   - Our branding efforts have apparently resulted in stronger customer loyalty when compared to our competitor's products, as seen by the number of units sold despite higher pricing.
   - Dynamic pricing strategies should remain part of our ongoing business strategy given the competitive nature of our market."
77,31.0,30.5,1.1951390621906606,1.4597461469446333,25.09792030600387,29.924796012364983,"Price competition has been observed on various occasions. Staying competitive while still maintaining a reasonable profit margin is essential. Keep monitoring competitor price changes and adjust ours accordingly. Additionally, consider exploring niche markets with unique offerings to potentially differentiate ourselves from the competition",Consider experimenting with pricing strategies that maintain a competitive edge while also appealing to a broader market by keeping prices closer to the competitors' (within $2 or $3 range). Monitor for potential price sensitivity and adjust accordingly based on observed customer behavior.,Competitors' pricing strategies have ranged from quite cheap (26.8) to high-end luxury prices (45.0). It has been observed that the most profitable price points are between 30 and 33 (with some exceptions on specific rare occasions). Monitoring overall market trends is crucial in setting our own pricing strategy.,"The data supports the notion that a lower price may increase your product's attractiveness, leading to more sales despite lower profits per item; conversely, higher prices can bring in fewer sales but potentially higher profit margins, depending on the competitive landscape. Explore flexible pricing strategies to optimize performance and adapt to market demand."
78,,31.5,,,,,Keep monitoring and evaluating sensitivity of demand to pricing changes. Continuously fine-tune pricing strategy based on market response to ensure optimal value for money. Regularly analyze competitor pricing strategies and adjust as needed to maintain a competitive edge.,"To maximize profits, it may be beneficial to remain flexible with our pricing strategy by closely monitoring the market dynamics between ourselves and our competitor. When it seems likely that matching the competitor's price will lead to higher sales, we should consider adjusting our own price accordingly. It is also important to study the long-term effects of various pricing tactics on our sales volume and overall profits.","Demand for our product is less sensitive to decreases in price than increases, suggesting that there may be an opportunity to increase sales by lowering the price strategically. The product's demand appears to be relatively inelastic overall, indicating that changes in price may not always lead to proportional changes in quantity demanded. It will be important to continuously evaluate and adjust pricing strategies based on market feedback and competitor activity.","The data suggests that there are opportunities for strategic pricing decisions that could positively impact sales volumes and profitability. Specifically, observing patterns in the competitor's price adjustments seems to have a strong influence on our decision-making and ultimately affects the number of units sold. Furthermore, recognizing moments where matching or undercutting the competitor's price might yield more favorable results is crucial for informed pricing strategies moving forward."
79,30.0,42.0,1.798354800209805,0.014800005110117639,35.9670960041961,0.47360016352376444,"To stay competitive in this market, we should focus on maintaining our current price at a level that offers affordability for our customers while ensuring a reasonable profit margin. Regular monitoring of competitor pricing strategies will help us adjust accordingly and take advantage of any opportunities to increase sales or profitability.","For upcoming pricing rounds, we should focus on finding prices that provide both a competitive advantage in terms of sales volume while also maximizing our profit margins. This may involve closer monitoring of the competitor's pricing strategy and taking inspiration from successful pricing instances observed across several rounds.","Our competitor seems to adopt a premium pricing strategy with the intention of differentiating their products from ours. This strategy might work in some cases, but it also leaves them vulnerable to losing customers who seek a more affordable option. We should continue to focus on providing an economical and competitive choice for our customers while remaining aware of any market shifts or competitor actions that might require us to reassess our pricing strategy.","Insights gathered through this analysis suggest that lower pricing can help achieve higher sales volumes, but it reduces the profit margin. Conversely, higher pricing leads to a lower volume of sales but can yield a larger profit per sale if the product's value is perceived to be greater by customers. A balanced approach that leverages both price points seems essential for continued success in this market segment."
80,29.0,30.0,2.613111504561257,1.7516210240337597,49.64911858666389,35.03242048067519,"- Analyze pricing trends over multiple rounds
   - Investigate the impact of price changes on both quantity sold and profit
   - Consider factors such as market demand, competition, and costs when determining pricing strategy","- Monitor competitor pricing dynamics and be responsive to changes in market demand.
   - Maintain strong differentiation by offering unique value propositions, such as improved quality or customer service.
   - Develop contingency plans to adjust pricing based on external factors like production costs and changing market conditions.","- The 29.x range of prices tends to yield relatively high quantities sold compared to other price points
   - High-price rounds also produce profits but often come with lower quantities (though profit per item can still be substantial)
   - Keep an eye on competitor's pricing strategy and market conditions when making decisions about the product's price","- Pricing strategy plays a crucial role in sales volume and profitability over time.
   - Competitor analysis is vital for long-term success in maintaining pricing power, understanding their short-term strategies (e.g., price drops) can help anticipate future moves.
   - Market demand and consumer preferences should influence pricing decisions, as seen in early rounds where Seller A started with a higher price but had less sales than Seller B due to market acceptance of lower prices."
81,30.0,31.0,1.7771942236794773,1.1912889138310991,35.54388447358954,25.017067190453083,Adjust pricing strategy to maintain a competitive edge while minimizing loss in sales. Consider increasing marketing efforts during our price advantage periods to maximize sales. Continuously monitor competitor's price changes and adjust accordingly.,"- Monitor competitor's price adjustments and product offerings to adapt our own pricing strategies accordingly.
   - Conduct market research to confirm whether there is sufficient demand for our product at different pricing tiers, so that we can optimize our profitability while staying competitive.","Our higher price, when compared to the competitor, may discourage some potential customers; however, there were instances where we managed to sell more units despite the higher cost. The importance of pricing strategy lies in striking a balance between attracting customers and maintaining profit margins.","- Lower initial prices may create a competitive advantage in attracting customers, but it might also signal lower quality and impact the brand's image over time.
   - Flexible pricing strategies can help us maintain sales during periods of intense competition while improving our overall profits if executed effectively."
82,30.0,,,,,,"Monitor market prices, adjust pricing strategy as needed according to optimal price range identified and competitive movements.","- We should continue to monitor the competitor's pricing and consider adopting a more aggressive pricing strategy when needed to maximize market share, particularly if it results in increased total sales and profits compared to our current approach. This may mean lowering our prices in some instances but maintaining or even raising them in others based on a case-by-case analysis.
   - Explore opportunities for differentiating our product beyond just price if possible, such as improved features or branding messages that appeal to our target market, further enhancing customer loyalty and ensuring sustainable profitability.",Optimal price range appears to be between $27.5 and $32.5 as the majority of our sales occur within this range. We need to be mindful of competitor's pricing moves in order to maximize profits while staying competitive.,"- Our product appears to have a stable demand among consumers despite competition from a similarly priced competitor. However, our pricing strategy may require fine-tuning to maximize sales and profit potential based on the competitive market dynamics observed.
   - It is essential to focus on product features and branding to ensure our offering remains attractive and continues to resonate with our target customers, helping to sustain long-term profits for the business."
83,30.0,29.0,1.7516210240337597,2.613111504561257,35.03242048067519,49.64911858666389,"Based on the insights, it seems that a competitive pricing strategy of around 30 dollars with an aim to increase quantity sold while maintaining profit levels will work well in this market. However, a higher price of around 40 - 45 dollars can also be considered when demand is high and supply is low to maximize profits.","```
   Explore pricing strategy in the range of 27 to 31, examining both competitiveness and potential impact on profit margins.
   Conduct further market research to identify ideal price point within this range.
   Monitor sales data post-price adjustment closely to assess effectiveness and make any necessary adjustments as needed.
   ```","Pricing plays a crucial role in the sales, as evident when analyzing the data provided. Lower prices attract more customers but yield lower profits, whereas higher prices result in fewer sales but still maintain reasonable profit levels. It is essential to monitor market trends and competitor pricing while adjusting strategies according to demand and supply levels for optimal results.","```
   Higher prices do not necessarily lead to increased sales or profitability, with the current price of 30.0 being relatively closer to competitors' prices than those at the higher end.
   Maintaining a pricing strategy within the range of 27 to 31 could increase sales and still provide satisfactory profit margins.
   It is important to consider market demand, competitiveness, and potential impact on profit margins when adjusting the pricing strategy for this product.
   ```"
84,30.5,31.0,1.4597461469446333,1.1951390621906606,29.924796012364983,25.09792030600387,"Explore pricing strategies within the range of $29.5 to $31.0, taking into account how these prices compare with competing products and their quantity sold. In subsequent rounds, consider adjusting the price based on the competitor's reactions and the number of units sold.","To maximize profit in this scenario, it would be prudent to maintain a competitive price point without drastically undercutting the competition. A moderate decrease in price during periods of increased competitor price reduction might boost sales volume more effectively than persistently competing with significantly lower prices. Regular market surveillance and quick responsiveness to competitor pricing strategies will help maintain an optimal balance between profit and demand.","High-priced strategies may be successful if they align with the market's willingness to pay, but there is a risk of decreased sales volume (e.g., Round 1). Lower prices can achieve good sales results when competing at similar or slightly higher prices (Round 3, Round 7 & 8). It seems critical to balance high and low price points throughout each pricing round based on the competition's strategy and the quantity of units sold.","Insight 1: A competitive but not drastically lower price point seems to maximize sales volume. It is important to note that in some instances, maintaining a price lower than the competitor's results in an increase in my sales volume, while theirs increases as well (indicating potential loss of profit margin).
   Insight 2: Regular market surveillance and responsive pricing are crucial to adapt quickly to competitor strategies without sacrificing profit. In some instances, competitor pricing drops substantially compared to mine, but my sales volume remains relatively constant. This suggests that there may be a sweet spot for pricing that maximizes demand in this scenario."
85,28.5,30.0,3.1733024547010644,1.7415453119856819,58.70609541196969,34.830906239713634,"- Analyze the market dynamics and customer preferences more thoroughly to better understand why consumers are willing to pay a premium for our product in some rounds while not in others.
   - Monitor the competitor's pricing strategy closely and consider adapting our own prices to maintain a competitive advantage.
   - Consider offering promotions or discounts during periods of low sales to stimulate demand.","For future pricing adjustments, it may be beneficial to maintain prices within the range of our competitors while considering factors such as quality and unique selling points. Continuously monitoring competitor prices will help us remain competitive in our market.","- Our product has a premium perceived value, which may allow us to charge higher prices in certain circumstances without significantly impacting sales.
   - There is a need to optimize our pricing strategy to better align with market conditions and maximize sales.
   - The competitor's pricing strategy seems inconsistent and understanding its rationale could provide valuable insights for our own strategies.","One key insight from this analysis is the impact of pricing on sales volume. When we adjusted our price to match or slightly undercut competitors' prices, we observed an increase in the number of units sold (Rounds 7-1). Additionally, it appears that offering a lower price for a short period can help us gain a larger market share (e.g., Rounds 25 and 24 with very low prices had minimal impact on sales volume but led to increased market share)."
86,30.25,30.0,1.60139748153628,1.7698179248734793,32.42829900110967,35.396358497469585,"Consider adapting our pricing strategy to match the competitor's pricing when they are priced significantly higher (e.g., Round 1), but still maintain a competitive edge with better promotions or additional features.","- Conduct a thorough analysis of the competitive market landscape and identify trends in pricing and customer response.
   - Implement strategies to optimize pricing based on our analysis, with a focus on finding a price that offers value to customers while maintaining profit margins.
   - Monitor sales and adjust pricing as needed, ensuring agility in responding to market changes.","The competitor's pricing appears to affect sales volume, as indicated by their fewer unit sales in some instances despite being lower price-wise in others. It is crucial to remain agile and responsive to the competitor's pricing changes while still preserving our profit margins.","- Dynamic pricing can lead to higher sales if priced competitively, but also risks decreased profit margin (Rounds 1-5).
   - Price increases do not necessarily result in increased sales when compared to the competitor's price (Rounds 13-14).
   - Identifying the ideal pricing sweet spot between value to customers and maintaining profit margins is crucial for success."
87,30.5,32.0,1.46552049393866,0.8042947000078007,30.043170125742527,17.694483400171613,"In order to maintain a competitive edge, we must focus on continuously monitoring the competitor's price strategies and adjusting ours accordingly. We should keep an eye on our cost structure and find ways to reduce costs wherever possible, ensuring we can remain profitable while offering competitive prices at various price points.","- Continue monitoring competitor's pricing strategies closely
   - Identify and target customer segments sensitive to price fluctuations
   - Implement promotional tactics to maintain market presence during temporary competitor price drops","As seen in this pricing data, having a flexible pricing strategy that takes into account competitor actions and market fluctuations is crucial for maintaining our position in the market. We need to consider introducing a dynamic pricing model that allows us to adjust prices quickly and effectively respond to changes in demand or competition. Additionally, it may be beneficial to investigate the possibility of strategic partnerships or collaborations with suppliers or other businesses to improve cost structure and remain competitive on price.","- Customer perception of product value may influence buying decisions, despite price differences
   - The elasticity of demand may impact the optimal pricing strategy and require flexibility in adjustment based on market responses"
88,31.0,30.5,1.1951390621906606,1.4597461469446333,25.09792030600387,29.924796012364983,"- Maintain a flexible pricing strategy to adapt to market conditions and competition
   - Continuously monitor competitor's pricing and make adjustments accordingly
   - Explore potential strategies to increase sales in rounds where the product is being priced lower or faced with stiff competition from other brands","Strategy 1: Adapt a competitive pricing strategy by monitoring and slightly decreasing our price when the competitor lowers theirs, aiming to attract more customers without compromising profit margins. (This will require precise market monitoring)

   Strategy 2: Conduct thorough research on costs and price elasticity to identify an effective price that maximizes sales and profits while still being competitive in the market.","- Flexible pricing strategy can be an effective tool in gaining market share and maintaining profitability in a competitive environment
   - Lowering prices can sometimes lead to increased sales, but it may also bring down the perceived value of the product
   - Keep a close eye on competitor's pricing and sales trends to make informed decisions about pricing adjustments","- Competitor prices have a significant impact on our sales quantity. A lower price may result in more unit sales but less profit per unit.
   - It is essential to maintain an optimum price level that allows for maximum sales and profits without being undercut by competitors.
   - Regular monitoring of both competitor pricing strategies and costs will help inform effective pricing decisions."
89,30.0,28.5,1.7415453119856819,3.1733024547010644,34.830906239713634,58.70609541196969,Consider adjusting prices based on both the product's perceived value and competitor pricing to maximize profit while still staying competitive in the market. Regularly monitor sales data and customer perception of the product values to optimize pricing strategy.,"Given the current data, it appears that the optimal selling strategy is a middle-ground approach rather than chasing after the highest possible price or closely following the competitor's pricing. A key takeaway is observing how price reductions lead to increased sales in some rounds and no effect in others, suggesting a need for careful consideration of when to adjust prices.","A higher price doesn't necessarily mean more sales, but it does have potential to result in a higher profit per item sold. It may be beneficial to target lower perceived value products with lower prices while maintaining competitive edge over competitors. Regularly check and analyze data on both sales and customer perception of product values to refine the pricing strategy for long-term success.","1. Sales quantity decreases when the product's price exceeds that of the competitor, such as rounds 2, 4, 8, 9, and 16. This indicates a sensitivity among consumers to pricing differentials, even when the product offers additional value or unique features.
2. The relationship between price and sales is not always straightforward, with some rounds showing an inverse correlation – lower prices correspond to higher quantities sold (rounds 5, 7, and 10). This demonstrates how internal market factors such as consumer demand can impact pricing decisions.
3. While offering a lower price than the competitor may encourage more sales, it is not always guaranteed. For example, in round 15, the product's higher price led to increased sales despite the competitor having a lower price. This suggests that other factors, such as perceived value or brand reputation, may also play essential roles in consumer decision-making.
4. It is important to maintain flexibility when implementing pricing strategies; adjusting prices based on market trends and internal factors can help maximize profitability while maintaining steady sales levels."
90,30.0,29.5,1.7599575337612274,2.149616985980732,35.19915067522455,41.91753122662428,Maintain our current pricing strategy of pricing slightly below the competition while consistently delivering satisfactory product quality at stable quantities sold. Continuously monitor market trends and competitor actions to reassess and adjust the strategy as necessary.,"- Analyze the relationship between price and demand in this data set by taking into account the various factors such as competitor prices and market sensitivity to pricing changes.
- Develop pricing strategies that leverage our understanding of customer behavior, taking advantage of any perceived value or attractive pricing we can offer.","We can benefit from the consistency in sales volume and price points that our strategy brings, while also keeping an eye on potential long-term growth opportunities. Staying agile in response to market changes is essential for continued success.","- Pricing strategy could play a crucial role in market success given the observed variation between price points and subsequent demand.
- Maintain awareness of competitor prices and consider how they may impact customer perceptions of our product's value.
- Monitor trends in pricing rounds to identify opportunities for better positioning within the market."
91,30.2,30.5,1.638474251629573,1.4531962988051197,33.097179882917374,29.790524125504955,"In deciding on a new price point, it will be crucial to consider how competitor pricing may impact our profitability. We should strive to maintain a lower price but not so low that we significantly undercut the perceived value of our product. Additionally, we should observe market trends and adjust prices based on demand fluctuations.","* Continue monitoring and adjusting our competitive analysis to identify potential gaps in the market and opportunities to optimize product pricing.
* Analyze sales volumes at various price points (especially 29.5, 30.5) to determine if there's a demand-based reasoning behind those price categories.
* Identify products with consistently low or no sales across different price points for potential strategic pricing adjustments or product improvements.","By examining patterns in sales quantities and competitor pricing, we can gather insights into consumer behavior and market trends. It appears there is a price sensitivity among consumers for this particular product; maintaining prices within a certain range may yield higher profits, while straying outside of that range could lead to reduced sales volumes.","* The data suggests that maintaining competitive prices within the range of 29.5 - 30.5 could bring in substantial sales volumes.
* Aggressive pricing (e.g., undercutting competitors by a significant margin) may not always result in increased sales, as evidenced by some price points having no sale data at all.
* Incorporating market research and customer feedback in the decision-making process of setting and adjusting prices will help minimize potential pricing mistakes."
92,30.5,29.5,1.4455430176241408,2.1564967751945803,29.633631861294887,42.05168711629432,"Adjust pricing strategy to maintain competitiveness while optimizing revenue, with a primary emphasis on our core offering in the mid-price point. Keep analyzing sales trends to identify opportunities for price optimization and increase market share.","- Develop marketing promotions aimed at attracting customers looking for a mid-priced alternative
   - Monitor competitor pricing and adjust ours accordingly, taking advantage of periods where they raise their prices
   - Continuously evaluate our production costs to ensure we can meet or beat the competition on price","Competitor continues to adjust their pricing aggressively in an effort to gain market share and enhance overall positioning. We should stay focused on our core offering, ensure that we are competitive, and seek out opportunities to maximize revenue within the mid-price point. It's important to keep tracking our sales trends to identify any changes in demand or preferences among customers that could inform future pricing decisions.","- Market research indicates that customers seeking a mid-tier offerings are an untapped segment looking for a value option
   - Analysis of competitor pricing shows us that they occasionally set prices too high, opening opportunities to win market share"
93,30.5,31.25,1.4614082433521474,1.082637854529732,29.958868988719022,23.006054408756803,"Consider creating a dynamic pricing strategy that leverages insights from past sales. This could involve adjusting prices based on the competitor's movements, sales volume, and time of year. Continue monitoring the competitor's prices closely to identify patterns and trends that can help inform your own pricing decisions.","Explore pricing models that balance volume and profitability, with a focus on competitive analysis and market trends. Keep a close eye on competitor price adjustments to adapt quickly.","Although a higher price tends to result in lower quantities sold, it also leads to a higher profit per sale. On the other hand, a lower price can increase the quantity sold but may not consistently result in an overall higher profit. It is crucial to strike a balance between these two factors when deciding on pricing strategy.","Understanding our customer segmentation and their propensity to purchase may uncover specific price points that would stimulate increased sales volume without significant reductions in profit margins. Additionally, examining historical pricing changes to determine patterns or correlations with competitor actions could provide valuable insights."
94,30.0,30.5,1.772519122050104,1.451215915641206,35.45038244100208,29.74992627064472,"Ensure that our pricing is competitive yet reflective of the perceived value we offer in the product. Regularly monitor competitor's pricing strategies and adjust accordingly. Explore methods of communicating the added value we provide, such as through customer testimonials or unique features.","Consider adjusting our pricing strategies between the 29.5 and 30.5 price range. This seems to be the most effective zone in terms of maximizing both unit sales and profits per unit. Additionally, monitor customer behavior when selling units at higher price points and investigate potential opportunities to appeal to customers who are willing to pay more for specific products.","1. Lower prices tend to result in more sales when compared to similar-priced competition, but there are instances where higher pricing can still generate competitive sales.
2. Consistently high competitor pricing indicates an opportunity to undercut them and capture a larger market share without significant loss of profit margins.
3. A focus on communicating the added value we offer may help justify higher prices in future pricing rounds, as customers appear willing to pay more for a product they perceive as better.","Our pricing research indicates that a middle-ground approach between low and high price ranges results in the most successful outcomes regarding both unit sales and profits per unit. Keep monitoring competitor prices and adapt our own strategy accordingly, taking advantage of low-priced opportunities when they align with our target market."
95,29.5,30.0,2.149616985980732,1.7599575337612274,41.91753122662428,35.19915067522455,"In subsequent rounds, focus on maintaining a close price range (around 29.5) relative to the competitor. Occasionally, deviate slightly (up to 0.1 - 0.2 change in price) to gauge the response of the market and test potential higher profit margins.","- Monitor competitor pricing closely to adjust our own accordingly
   - Identify patterns in customer behavior based on prices
   - Explore new strategies such as temporary discounts or bundling options","The dataset suggests that both parties aiming for roughly the same pricing tier is beneficial for increased quantity sold. This implies a moderate competitive dynamic may help maintain sales volume while avoiding significant market disruptions. Additionally, large deviations in price can yield less favorable results due to reduced demand. It seems essential to carefully balance our strategies with those of the competitor for sustainable success.","- Customers may be more likely to purchase when the price is lower, but they also place a premium on perceived quality, which may influence their decision
   - Timing of pricing adjustments can have a significant impact on sales performance (e.g., changing prices during promotional periods could generate more sales)
   - Maintaining a balance between competitiveness and profitability is crucial in optimizing pricing strategy"
96,30.0,30.0,1.7668422014048046,1.7668422014048046,35.336844028096095,35.336844028096095,"In upcoming pricing rounds, consider adjusting the price strategy based on competitor's pricing movements. Be prepared to reduce the price if necessary to maintain a competitive edge while minimizing loss of profit. Regularly review sales data and market trends to make informed decisions about pricing.","- Monitor current pricing trends and analyze their impact on sales quantity and profits
   - Regularly review competitor's pricing strategies to adapt product pricing effectively
   - Establish a clear policy of adjusting prices based on observed market patterns and profitability goals","Pricing seems to be one of the main factors in our product's appeal to customers as observed by the increased quantity sold when the price was lowered. However, this strategy should be employed strategically to avoid sacrificing revenue or brand value. Further exploration is required to identify optimal pricing tiers that balance affordability and profitability.","- Price sensitivity among consumers seems relatively high, as minor price changes result in significant variations in quantities sold
   - There appears to be an optimal price range (around 29.0-31.5) that maximizes sales and profitability
   - Customers show a preference for lower prices relative to competitors, but some higher-priced offerings may occasionally appeal to specific segments of the market"
97,29.5,31.0,2.162162343110846,1.1866198530235574,42.162165690661496,24.919016913494705,"- Continue monitoring price sensitivity
   - Experiment with a range of prices between 28.5 and 30.5 to find optimal pricing balance between quantity sold and profit margins","Based on these observations, it would be beneficial to adopt more aggressive pricing strategies in rounds where our product is competitively priced or slightly less expensive than our competition. Additionally, maintaining a responsive and adaptable approach to pricing based on observed trends could lead to increased sales and overall profitability.","- The market is more responsive to lower price points, but at the cost of narrower profit margins
   - A price point around 29.5 seems to strike a balance between selling quantity and maintaining a moderate profit margin, though it may not be optimal in all circumstances","It was interesting to note that even in rounds when quantities sold were lower (Rounds 2, 3, 7, and 9), the profit per item was still substantial due to a higher profit margin. This suggests that maintaining a careful balance between maximizing sales volume and achieving an acceptable profit margin is crucial for success in this market. Furthermore, this data implies that competition plays a significant role in pricing decisions as the highest quantities sold tended to occur when our price was lower than or competitive with that of the competition."
98,30.5,30.25,1.4536679263028638,1.6065515166892586,29.80019248920871,32.53266821295749,"To optimize pricing decisions, we should analyze market trends and conduct competitor research to identify patterns in their pricing strategies. We need to be flexible with our pricing based on the competition and sales environment. Additionally, consider offering promotions or discounts during periods of limited success to increase sales volume.","Maintain a pricing strategy that is consistently competitive but flexible enough to adjust in response to market conditions and competitor actions. Continue to monitor competitor activities closely, specifically targeting instances where we can take advantage of higher price points to increase sales, while remaining mindful not to undercut ourselves unnecessarily.","Pricing decisions can significantly impact profitability, as seen in this data. It's essential to understand market dynamics, including competitor pricing, to make informed choices. Being proactive and flexible with our pricing strategy can help us maximize profits. Moreover, offering competitive discounts during slow sales periods could drive more customers to choose our product over the competition.","- Competitors' pricing can be highly variable and volatile - requires ongoing analysis and monitoring
- Maintaining a lower overall average price point does not always guarantee higher sales volumes, emphasizing the importance of price flexibility
- Keeping track of competitor activities is crucial for informed decision-making and maximizing our position in the market"
99,30.5,31.0,1.4597461469446333,1.1951390621906606,29.924796012364983,25.09792030600387,"- Maintain a competitive price range of 29.5 to 31.0, with a slight fluctuation to optimize profit and maintain a steady customer base.
   - Monitor competitor's pricing strategies on a regular basis and adjust our pricing accordingly.
   - Develop promotional offers (such as discounts or bundles) to encourage more sales during periods of decreased demand.",Keep monitoring competitor's pricing strategy to adjust accordingly while ensuring profitability. Further explore price elasticity of demand through data analysis to refine pricing decisions and increase market share.,"- Our current price point is reasonable given the competition, and we have a good balance between profitability and quantities sold.
   - Keeping an eye on competitor's pricing strategies and adjusting our own accordingly will help us maintain market share and maximize profits.
   - Offering promotional deals during periods of decreased demand can drive sales and boost revenue.","Competitors' pricing can influence sales volume, with lower prices driving more sales (e.g., Rounds 6 and 8). However, excessive variance in pricing may result in poorer performance (Round 2), suggesting an optimal price range must be determined through further data analysis."
100,30.0,30.5,1.772519122050104,1.451215915641206,35.45038244100208,29.74992627064472,"Adjust the pricing strategy based on competitor's price and aim for the sweet spot where maximum quantity is sold at a reasonable profit margin. Monitor the market trends closely, as pricing sensitivity may change over time.",Maintain a competitive pricing strategy while being flexible to adjust as market conditions change. Keep an eye on competitor's pricing and respond with price changes when necessary.,"The market seems to be price-sensitive, but not overly so. Lowering the price significantly does not guarantee an increase in sales. Instead, it is essential to find a competitive edge and create value beyond just the lower price. Keep a close eye on competitor's pricing strategies and adjust accordingly, while maintaining a focus on profit margins.","A lower price than the competition leads to increased quantity sold, while a higher price leads to decreased quantity sold. Maintaining a competitive price will contribute to stable sales."
101,30.0,29.0,1.7516210240337597,2.613111504561257,35.03242048067519,49.64911858666389,"Based on the observed trends, it would be beneficial to maintain a consistent and competitive pricing strategy. To capture more market share, consider periodic price adjustments to test the elasticity of demand.","Adjust prices strategically based on competitor's actions to maximize sales and profit across rounds. Consider employing a dynamic pricing strategy that allows for quick adjustments in the event of competitor price changes, market fluctuations, or demand shifts.","The market seems sensitive to pricing, with higher prices leading to lower quantities sold and vice versa. However, there's also evidence that customers tend to purchase when they become accustomed to a specific price range. It would be interesting to explore the potential for strategic price increases at certain intervals to capitalize on this behavior.","Identified a fluctuating competitor pricing strategy with both low and high-price points throughout rounds. Noted a positive impact on sales when prices are lower but reduced profit per sale in these instances. Conversely, higher prices result in diminished sales volume yet increased profit per sale. Dynamic pricing may prove beneficial as a tactic for staying competitive in this market."
102,28.5,30.5,3.183351934083544,1.4303722269623143,58.89201078054556,29.322630652727444,"In response to this analysis, I recommend implementing a pricing strategy that gradually decreases our prices over time to reflect our improved cost efficiency while still providing a reasonable profit margin. This should help increase sales volume for our product, driving up revenue and market share.","1. Monitor competitor pricing trends more closely to ensure we are not undercutting ourselves or overpricing relative to market.
2. Analyze the effect of price elasticity on sales and adjust prices accordingly for better cost covering and higher profit margins.
3. Investigate potential seasonal demand patterns that could affect the optimal pricing strategy.
4. Develop a more sophisticated pricing algorithm to respond swiftly and effectively to market dynamics.","It is clear from the data that our high price point is acting as a barrier for customers seeking value-focused options. By adjusting our pricing strategy and offering more competitive pricing alternatives, we can appeal to a wider range of customers while still maintaining profitability.","1. Competitive analysis plays a critical role in determining the right pricing strategy.
2. Aggressive pricing may increase demand, but profitability and sustainability must be carefully considered as well.
3. Fine-tuning the pricing strategy can lead to improved cost coverage and higher profit margins without compromising competitive positioning.
4. It's essential to remain agile in adjusting pricing strategies based on market dynamics and customer preferences."
103,30.95,30.5,1.2189881674471117,1.4593937995077182,25.53780210801699,29.91757288990822,"In response to the competitor's pricing strategy, we should consider offering a more competitive price while emphasizing our commitment to quality and unique selling points. This may help attract potential customers who are looking for good value for their money.","- Monitor competitors' pricing strategies closely
  - Anticipate occasional dips in market demand to lower my prices strategically without sacrificing profits
  - Evaluate potential opportunities to increase prices at times of high demand or low competition",The competitor's high-pricing strategy may limit the customer base and potentially create opportunities for brands offering similar products at a lower price point. It also highlights the need to focus on unique selling points to justify higher prices effectively.,"- Competitor price fluctuations do not seem to impact quantity sold directly
  - Both competitors have been willing to lower their prices significantly to remain competitive in the market
  - Maintaining a balance between profit margins and pricing flexibility is essential for success in this industry"
104,31.5,30.5,0.9806215421274566,1.4629154355848095,21.083363155740315,29.989766429488594,"Consider investigating customer preferences through surveys and competitive analysis in greater detail regarding price sensitivity and perceived product differences. This data will help inform future pricing decisions based on market response. Additionally, explore various scenarios of how to respond when the competitor lowers its prices significantly, as understanding the possible strategic intent behind this tactic can benefit long-term planning.",Explore a middle-ground pricing strategy that balances affordability and perceived value. This could attract more customers while still maintaining profitability.,"The price gap between my product and the competitors suggests that consumers are relatively sensitive to these differences regarding this specific product in question. However, the relatively constant quantity sold for the competitor's product indicates that while there might be sensitivity to pricing, other factors play a role in purchase decisions (e.g., perceived value, marketing, etc.). Furthermore, my competitor often uses short-term price adjustments as a means of market expansion or stimulating sales – understanding the logic behind these changes can help develop effective responses for future situations.","Lowering prices for short periods can increase sales, but it's important to consider the long-term impact on profit margins. Additionally, there is a significant demand for both premium and value-conscious products in our market segment."
105,29.0,30.0,2.613111504561257,1.7516210240337597,49.64911858666389,35.03242048067519,"To improve sales, it may be beneficial to lower our initial offering from $35 to around $29 to match the average pricing trend observed. This could potentially attract more customers and increase overall sales volume.",No plan found.,"It's crucial to monitor both competitor prices as well as our own performance, as adjusting pricing in response to market trends can drive increased sales. Additionally, it seems that higher quality items may warrant a higher price, but this needs more data to confirm this trend accurately.",No insight found.
106,30.0,29.84,1.764781380782977,1.8814200155285659,35.29562761565954,37.327373108086746,"I suggest maintaining the current price around $30 to maintain competitiveness while capitalizing on market demand. We can also consider monitoring the sales and adjust our strategy based on customer reaction. Moreover, it may be beneficial to investigate any external factors that affect sales volume to help predict future demand.",Maintain a competitive price around the range of 29-30 to maximize profits while remaining attractive to potential customers. Continuously monitor competitor's pricing and adjust accordingly.,"The item exhibits a price-sensitivity among consumers, as evidenced by significant changes in the quantity sold when prices fluctuate. Additionally, rounds 14 and 24 show exceptional low and high sales figures, suggesting that certain pricing strategies have either discouraged or enticed customers to make purchases. Understanding what factors drive these differences in buying behavior can inform future selling decisions. Lastly, it's worth exploring the possibility of customer segmentation based on price sensitivity, as different strategies may be more effective for particular segments.","- Our initial higher prices did not significantly impact sales or profit.
   - Lowering our price around 29-30 results in increased quantity sold and overall profit.
   - The optimal price range for the product seems to be around 29-30, but there are still instances where pricing above or below this range can result in considerable profits.
   - Continuously monitoring competitor's pricing is crucial."
107,30.0,30.65,1.7740183846490072,1.3678596887282986,35.480367692980145,28.24630257223936,"- Analyze competitor pricing trends to identify patterns and opportunities
   - Conduct a thorough cost analysis to determine our break-even price
   - Develop strategies for varying prices based on market conditions and product demand","To remain competitive while maximizing profit, it's crucial to closely monitor the market and competitors' prices in real-time. This would allow us to adapt our pricing strategy accordingly, ensuring we maintain a favorable position without sacrificing sales numbers.","- Competitive pricing strategy may help capture more market share in certain instances
   - Balancing competitiveness with profitability is crucial when setting prices
   - It's essential to monitor cost structure changes over time to maintain price effectiveness","Insights derived from this analysis suggest that customers exhibit sensitivity towards small changes in product price, making it important to conduct A/B testing when deciding on price adjustments or new product launches. The data also suggests it would be beneficial to maintain open communication and collaboration with the sales, market research, and competitive intelligence teams in order to stay informed about market dynamics."
108,30.0,29.45,1.7591936014125378,2.1920902113183764,35.183872028250754,42.63615461014242,"```
   - Monitor competitor's pricing strategy closely and adapt our own to remain competitive while maintaining profitability.
   - Investigate possible promotions or bundle deals to attract customers and increase sales.
   - Review product offerings to ensure we are offering a strong value for the price.
   ```","The product should maintain its current price of 29.45 but with closer monitoring and adjustment as needed based on the competitor's price and the quantity sold each round. If necessary, slight adjustments up or down may be made to find the optimal price point that maximizes profit while maintaining a competitive edge against the competitor.","```
   - Our competitor employs a more aggressive pricing strategy, which can be profitable if executed correctly but may result in lower overall profit margins.
   - There seems to be a correlation between higher prices and decreased sales, indicating potential price sensitivity among customers.
   - Bundle deals or promotions could help increase sales and attract new customers.
   ```","- The product has a relatively stable customer base that is willing to pay 29.45 for this particular item. However, they are sensitive to changes in price, especially when the price increases or is too close to the competitor's price.
- There seems to be a sweet spot for pricing where the quantity sold increases, providing an optimal balance between profit and attracting more customers."
109,30.0,30.0,1.7668422014048046,1.7668422014048046,35.336844028096095,35.336844028096095,"- Consider increasing the price slightly to capitalize on customers willing to pay more, as demonstrated by instances where prices above $29.45 were sold. However, it is important to acknowledge the lower quantities sold at these higher prices and maintain an awareness of consumer demand.
   - Continue monitoring sales data for insights into market trends and fluctuations in demand.","```
Optimize pricing strategy by considering competition and market conditions. Identify optimal pricing points where there is high demand but minimal competition to maximize profits.
```","- It appears that there exists a delicate balance between price and quantity demanded, as exhibited by the high profit at $43.75 but low quantity sold versus the higher quantity sold at $29.45 with lower profit per sale. Future pricing strategies should account for these findings when making decisions about pricing adjustments.
   - Note the impact customer demand has on profit margins – while a higher price may yield more profit, it comes at the cost of fewer overall sales that could be gained by offering a lower price point.","```
It appears that a price of 29.45 has been successful in the past, while higher prices (30.8 - 41.0) have not been as effective when the competitor's price was lower. This suggests the importance of monitoring competition and adjusting pricing accordingly. Additionally, it seems that a lower price point (27.5) can also lead to significant sales if market conditions are right.
```"
110,30.0,29.45,1.7591936014125378,2.1920902113183764,35.183872028250754,42.63615461014242,"- Consider conducting more frequent price analysis to monitor the market and identify competitive pricing trends, as well as taking advantage of opportunities presented by customer preferences for lower priced products.
  - Examine brand messaging strategies to emphasize quality and product differentiation in order to justify higher prices in certain situations while maintaining competitiveness with our primary competitor.","- Maintain a competitive pricing strategy while being flexible to adjust prices based on demand
   - Monitor competitor pricing regularly and adjust ours accordingly
   - Consider offering occasional promotions or temporary discounts to increase sales volume","- Our pricing strategy may be too reactive, with significant fluctuations that could impact customer trust and perceived value of the brand.
  - Customers are significantly affected by price differences between our product and competitors; however, they might overlook the cost when purchasing if they strongly associate value with our brand.
  - A more consistent pricing approach could help build a stronger reputation in the market while still allowing for necessary adjustments based on competitive dynamics.","- Lower prices generally result in higher quantity sold, but profit margins may be smaller
   - High prices might decrease the quantity sold but maintain high profit margins (e.g., Round 41)
   - Competitor pricing strategies should be monitored closely to adapt our approach accordingly"
111,28.0,30.0,3.848839275875714,1.7293949648829106,69.27910696576285,34.58789929765821,"It seems that maintaining a competitive price against thecompetitor while also considering potential profit margins is crucial. Lowering my prices in certain rounds to boost sales could potentially be effective, but it should be carefully analyzed and timed appropriately to maximize both short-term gains and long-term growth.","Considering the data, it seems competitive pricing might not always yield higher sales. A more nuanced approach may be required, focusing on quality, unique selling points or customer service to set our product apart from the competition.","The market appears somewhat price sensitive with a ceiling on the willingness to pay for this product. This may suggest that a lower starting price point could help attract more customers and create an initial demand for our product, after which prices can be gradually increased based on market response and competition. Additionally, understanding the customer's perception of value is essential when making pricing decisions.","It appears that there is a wide range in both price and quantity sold in each round. This suggests that market conditions (e.g., economic factors, consumer demand) can significantly impact sales performance. Additionally, it seems that overly aggressive pricing may not always lead to higher sales."
112,29.45,25.0,1.9706026228209002,11.685390611427056,38.328221013866504,175.28085917140584,"It seems that a competitive lower price strategy can lead to increased unit sales compared to the competitor, while still maintaining or potentially increasing profit per unit sold. However, it's essential to avoid pricing myself too low, as this may lead to low profits despite high unit sales (see rounds 14 and 37).","Based on the trend observed, I will aim for prices around 25-30 to maximize sales while maintaining reasonable profitability. I will also consider adjusting my pricing strategy based on the competitor's actions, leaning towards higher prices when they choose lower ones and vice versa.","By observing the market performance of my product over multiple pricing rounds, I have found that customers respond positively to lower prices when they are competitive with my competitors' lowest prices but not at the expense of excessive price drops. Additionally, it appears that there may be a sweet spot where higher prices can attract more customers willing to pay for better quality or exclusivity while still maintaining good unit sales and profit per unit sold (rounds 9, 17, and 36).","Higher prices do not necessarily lead to more sales. Moderate prices (25-30) seem to sell better than higher ones. However, it is important to be aware of the competition as choosing a price significantly lower or higher can lead to poor performance in certain rounds. The key might be finding a balance that maximizes both profitability and sales."
113,30.5,30.0,1.451215915641206,1.772519122050104,29.74992627064472,35.45038244100208,Consider adjusting the price within a competitive range (27.5 - 31.5) and monitoring closely to see if increasing competition leads to increased quantity sold while maintaining profit margins.,"- Continuously monitor competitor's pricing strategy and adjust my own prices accordingly.
- Aim for a balance between profitability and attraction, as shown by Rounds 16, 17, 18, and 19 with higher sales and good profits.","High prices may lead to decreased sales and increased profit per sale, but the overall revenue might not be as significant due to lower quantity sold. It seems that having a somewhat competitive price will attract more customers, resulting in higher overall revenue. However, there should still always be room for some premium pricing strategies to maximize profit where appropriate.","- Higher prices are not always successful in driving sales; customers may favor the lower priced competitor's product.
- Price adjustments closer to the competitor's price can lead to increased sales and a slight decrease in profitability but should be evaluated case by case based on past performance."
114,29.0,30.0,2.613111504561257,1.7516210240337597,49.64911858666389,35.03242048067519,"Based on the observations, it would be prudent to continue exploring pricing strategies that cater to both budget-conscious and quality-seeking customers. This might involve offering a range of products at different price points or finding ways to increase perceived value at our current price level.",Maintain observing current market trends and competitor pricing. Perform A/B tests on product adaptations to identify optimal pricing strategies that balance profitability with quantity sold. Continue to monitor customer feedback and adapt prices accordingly as needed. Iterate this process each round.,"The data indicates that a lower price does not necessarily equate to increased sales, but it can have a positive impact in certain circumstances. It also suggests that there is a limit to how high customers are willing to pay. The success of a pricing strategy seems to depend more on factors like value perception and the quality of the product offered.","Prices between $25 - $35 appear to generate the most consistent profits, while prices below or above this range have mixed success. It seems that a moderate price point is essential for achieving maximum profitability. Additionally, customer interest may be sensitive to sudden price changes, as noted by inconsistent performance when moving the price too much from one round to another."
115,30.0,30.0,1.7668422014048046,1.7668422014048046,35.336844028096095,35.336844028096095,"Based on the current data, it seems beneficial to consider pricing strategies that cater to a broader range of market demand. This could involve setting prices closer to the competitor's range while still remaining competitive and adjusting them based on observed trends in sales.",Consider introducing a mid-range pricing strategy to capitalize on increased demand at lower price points while leveraging opportunities for upselling. Implement marketing strategies to convey the value of the product and create a compelling narrative that highlights both affordability and quality.,"The item appears to have lower demand at higher price points. There is an apparent sweet spot around the 29-30 price range where the seller can still make a substantial profit, but adjustments should be made based on changing market conditions. Additionally, it may help to monitor competitor pricing closely and adapt accordingly to remain competitive without sacrificing profitability.","The demand for this product is significant, with customers being receptive to various pricing ranges. However, the sweet spot seems to be at lower prices, suggesting potential room for profit improvement through strategic adjustments. Upselling opportunities should also be pursued to capitalize on customer willingness to invest in premium products."
116,28.0,28.0,3.768958303527901,3.768958303527901,67.84124946350222,67.84124946350222,"- Continue to maintain a diverse pricing strategy, offering both premium and mid-range options.
   - Monitor competitor pricing trends and adjust our own prices accordingly to maximize profit potential while remaining competitive.
   - Consider introducing an affordable entry-level product or bundle to tap into the wider market and encourage customer loyalty.","- Keep an eye on competitor pricing and adjust our prices accordingly. We want to remain competitive without underselling ourselves.
   - Implement a pricing strategy that takes into account the sales volume associated with various price points to optimize revenue.
   - Identify ways to differentiate our product from competitors' offerings to increase its perceived value and justify a higher price.","- Consumers in this market are willing to pay higher prices for premium products, with around 30% of all sales occurring at $40 or above.
   - Competitor pricing is dynamic, so it's essential to stay informed and adapt our own strategies as needed.
   - There seems to be a trend towards offering more niche, high-quality options rather than mass-market, budget items.
   - An entry-level product could help attract new customers and foster customer loyalty by creating a stepping stone into higher-priced offerings.","- Lower prices seem more appealing to customers, resulting in increased sales volume. However, striking the right balance between low and high prices may be essential for optimizing revenues.
   - Being aware of competitor pricing and adjusting our own prices accordingly can help maintain a competitive edge while also focusing on differentiating our product from competitors' offerings."
117,28.0,28.0,3.768958303527901,3.768958303527901,67.84124946350222,67.84124946350222,Maintain a flexible pricing strategy that adjusts based on competitor's price and sales trends. Continually monitor the market and adjust pricing accordingly to maximize sales while maintaining a reasonable profit margin. Regularly review and analyze data to identify pricing patterns and trends.,Experiment with lowering the minimum-selling price slightly to gauge its impact on quantity sold and profit earned. Maintain pricing strategy to maximize profit while not sacrificing too much on overall sales volume.,"The product has higher potential for increased sales when it is priced competitively or lower than the competition, but can still maintain good profits even when priced slightly higher than the market average. It is essential to monitor competitors' prices closely to optimize pricing strategy and capture as much market share as possible.","The relationship between price, quantity sold, and profit seems non-linear and dependent on the competitive landscape. Lower prices may encourage more sales but result in lower profits per sale. Conversely, higher prices may lead to fewer sales but high profits per sale. It is essential to maintain a pricing strategy that balances both quantities and profits."
118,30.0,28.5,1.7415453119856819,3.1733024547010644,34.830906239713634,58.70609541196969,"In order to increase sales volume and remain competitive, we should carefully analyze our cost structure and determine the lowest possible price that still provides acceptable profit margins. We should also consider offering discounts during slow periods or target specific customer segments with lower pricing.","- Continue monitoring competitor pricing and sales strategy.
   - Further explore pricing points where a more aggressive approach (lowering price) led to increased sales and profits.
   - Consider offering promotions or discounts to attract customers when prices are higher than the competition.
   My chosen price: 28.5","By analyzing the competitor's prices and our own sales data, we can observe that there is an inverse relationship between price and volume; lower prices result in higher volumes, though at lower profits per unit sold. Additionally, it appears that adjusting the price can have a drastic impact on the number of units sold.","- Our data indicates that a lower-priced product may lead to an increase in sales and profits, although there is some variation depending on pricing round.
   - It is essential to stay mindful of the dynamic competition environment and adjust pricing accordingly.
   - Promotions or discounts can help drive sales when priced higher than the competition, but more research is needed to determine their effectiveness."
119,20.0,30.0,49.54626425778431,0.9074714844313746,495.4626425778431,18.149429688627492,"It appears necessary to consider a pricing strategy that balances affordability and exclusivity with an aim to maximize sales volume while keeping costs under control. Experimenting with lower prices in some rounds could be beneficial, as long as the goal is not to sacrifice profit margin excessively.","* Monitor competitor's pricing strategy closely, especially in the 20-40 dollar range
* Offer promotions or discounts for certain price points (e.g., bundling multiple items at a discount)
* Adjust our prices slightly lower for certain product lines to be more competitive
* Explore differentiation strategies to justify higher prices for unique features or added value","In this market, price appears to influence consumer decisions somewhat but does not seem to be the only factor at play. It may be useful to investigate factors such as product quality perception, brand reputation, and promotion strategies affecting sales volume, in order to devise a well-rounded pricing strategy.","* Our competitor tends to price lower than us in some ranges and higher in others, indicating a dynamic pricing strategy
* Potential exists to capture market share by offering competitive pricing in certain price ranges
* Differentiating our product through unique features or added value may justify higher prices in some cases"
120,30.0,30.0,1.7668422014048046,1.7668422014048046,35.336844028096095,35.336844028096095,"- Continuously monitor the competitor's price and adjust pricing strategically to maintain a relative competitive advantage.
- Conduct market research to identify the sensitivity of customers to price changes, as this may impact sales volume.
- Explore bundling options or introducing additional features to increase the perceived value of the product and justify higher pricing.","To improve sales, consider adjusting my prices closer to the competitor's range while still maintaining a reasonable profit margin. Monitor market conditions and be ready to make strategic price changes as needed in response to fluctuations in demand or competition.","- Pricing has a significant influence on sales volume; however, there are instances where price fluctuations do not lead to changes in sales.
- Competitive landscape is crucial when making pricing decisions, as it can impact market positioning and consumer perception.
- Price elasticity might be low due to strong brand recognition or unique product features that justify a premium price.","Observed that competitor's pricing strategy is dynamic, adapting to changing market conditions to maintain sales volume while preserving higher profit margins at certain times. This suggests a need for increased agility and adaptability in my own pricing approach to remain competitive in the market."
121,30.0,30.0,1.7668422014048046,1.7668422014048046,35.336844028096095,35.336844028096095,"- Regularly monitor competitor pricing strategies and adjust accordingly.
   - Analyze consumer demand in different price ranges to optimize profitability.
   - Develop targeted marketing campaigns to attract more customers at higher price points.","In order to optimize sales volume and profitability, I recommend conducting regular market research to monitor trends in the competitor's pricing strategy and adjusting our prices accordingly. Implement a dynamic pricing strategy that focuses on offering competitive pricing during periods of higher demand while charging premium prices when there is limited availability or unique selling points.","- Consumers are sensitive to price changes and may switch products when the difference is significant.
   - There exists a segment of consumers willing to pay a premium for this product due to its perceived quality or unique features.
   - Understanding the elasticity of demand at different price points can help maximize sales and profit.","Key insights from previous pricing rounds include that high price points tend to be less appealing to customers unless accompanied by unique selling points, and that focusing on building trust with customers through consistent, competitive pricing may lead to increased loyalty over time. In addition, offering lower prices during periods of higher demand can capture more market share without the need for discounts or promotions."
122,30.0,30.0,1.7668422014048046,1.7668422014048046,35.336844028096095,35.336844028096095,"Adjust our pricing strategy to remain competitive with our competitor's prices while maintaining a reasonable profit margin. We need to monitor the market closely, looking for opportunities to differentiate our product and gain an edge over our competitors. Additionally, we must consider potential changes in demand due to external factors such as economic conditions or competition tactics.","- Monitor competitor pricing more closely and adjust ours strategically where possible.
   - Develop marketing campaigns that highlight our product's unique features and higher quality to justify the higher cost.
   - Consider offering occasional discounts or promotions to draw in customers.","Price sensitivity appears to be a factor among our customers; they are more likely to purchase when our price is competitive with the market. We have observed that pricing higher does not necessarily translate into increased sales or profit margins, suggesting that customers may perceive a high-priced product as overvalued. To further refine our pricing strategy, we should gather data on customer preferences and buying habits to inform future adjustments.","- High pricing can deter some customers, but others are willing to pay a premium for quality products.
   - Price differentiation may be necessary based on market segmentation (e.g., higher prices for B2B, lower prices for consumers).
   - Understanding our target audience's expectations and preferences will play an essential role in setting the right price."
123,30.0,29.0,1.7516210240337597,2.613111504561257,35.03242048067519,49.64911858666389,"Our pricing strategy should aim to take advantage of the observed demand trends, while maintaining sufficient profit margins. To achieve this goal, we need to find the best combination of a competitive yet attractive price that resonates with our target customers. I recommend that future pricing decisions be based on a hybrid strategy, balancing competitive prices with strategic price increases designed to capitalize on our brand's perceived value.","To optimize revenue, we should implement competitive pricing that considers market price while maintaining a perception of high-value to our customers. We could investigate competitor's pricing strategies, consumer preferences, and their willingness to pay for the product to find an optimal price point.","- Competitors tend to price just below our own, indicating that offering a slightly higher price may not drive away customers.
   - Lower prices can attract more customers; however, they also result in lower profit margins per unit.
   - Strategic increases in pricing can drive demand and ultimately increase revenue.
   - Customers perceive our brand as having greater value when we set a slightly higher price.","Higher prices do not always lead to increased profits when demand is low (rounds 35-39), and decreasing prices can increase sales and profit when demand is high (rounds 31, 32, 33). To maximize revenue, we must take into account both the price of competitors' products and consumers' perceived value of our product."
124,31.0,30.0,1.1912889138310991,1.7771942236794773,25.017067190453083,35.54388447358954,"To gain a foothold in the market, we should focus on creating an appealing product differentiation that highlights our strengths and offers unique values to potential customers. We will invest in research and development (R&D) to optimize our offering and set us apart without compromising quality or affordability. Additionally, we'll establish partnerships with influencers and thought leaders to generate buzz around our brand.","Continue experimenting with various pricing strategies, including offering prices lower than the competitor's and incrementally raising prices to find the optimal balance between maximizing profits while maintaining an appealing product/service value proposition to customers. Analyze the impact of different pricing strategies on the number of units sold and overall profits in each round. Include a plan for monitoring customer feedback, satisfaction, and retention during this experimentation process.","Key takeaways from this competitive analysis include the importance of market positioning and creating a unique selling proposition (USP). Additionally, by understanding consumer trends and preferences, we can tailor our offering to meet their needs and exceed their expectations. Continuously monitoring competitor activities helps us stay agile in our pricing strategy while ensuring profitability and growth.","The data indicates that a lower price is more successful in attracting customers and increasing sales volume compared to offering a higher price or matching the competitor's price point. This strategy might be ideal for gaining market share quickly and appealing to budget-conscious consumers. However, it seems that at times, raising prices incrementally can lead to increased profits, suggesting that there is a sweet spot in pricing where the optimal balance between attracting customers and maximizing earnings is achieved. The data also shows that being too far ahead or too close to the competitor's price point does not always result in more sales or higher profits. Additionally, it appears that the seller should prioritize offering value and excellent customer service as part of their pricing strategy, as increasing consumer satisfaction can lead to repeat purchases and positive word-of-mouth referrals."
125,30.0,28.9,1.7497550309641792,2.716857267204611,34.99510061928358,51.34860235016714,"Implement dynamic pricing strategies that incorporate product lifecycles, market dynamics, and competitor activity. Diversify product portfolio with innovative items to secure monopolistic advantages.","- Conduct market research to identify consumer preferences and expectations regarding price, product quality, and brand image.
   - Analyze competitor's marketing strategies, focusing on pricing tactics, promotions, and advertising techniques.
   - Assess our operational costs and determine the minimum acceptable price to maintain profitability while staying competitive.","The seller's current strategy is effective in maintaining profitability while keeping prices competitive. However, the inability to adjust pricing as costs increase could lead to issues such as overstocking and decreased market share in the long run. Strategies should account for the significance of product lifecycles on pricing decisions.","- Our current pricing strategy appears to be effective at capturing a significant portion of the market share. However, it may not always be the best choice due to changing consumer preferences and competitive dynamics.
   - Understanding the impact of price on sales volume is crucial for making data-driven pricing decisions and ensuring long-term success in the market.
   - Maintaining a strong focus on customer satisfaction and product quality will serve as a solid foundation for pricing strategy, helping us to differentiate our brand from competitors."
126,29.5,30.0,2.149616985980732,1.7599575337612274,41.91753122662428,35.19915067522455,Maintain competitive pricing within the range of 29 to 30 dollars to attract potential customers and maintain market presence. Monitor sales performance closely and adjust pricing as necessary.,"To increase sales and market share, we should keep a close eye on our competitor's pricing strategy. Identify patterns that lead to an increase or decrease in their profit earned. If possible, offer competitive pricing during periods when they lower their prices. Also, take advantage of opportunities to entice customers with sales and promotions when the time is right.","Competitors are focusing on a similar price range, indicating potential customer preferences for affordability and reasonable prices in this product category. Continuously monitor competitor pricing and consider the effect of changing market trends on our target audience.","Our competitor appears sensitive to market demand, adjusting their price upward when consumer interest is strong. However, they are also prone to aggressive pricing during periods of high competition or low customer demand. Additionally, they have experienced success with sales and promotions, making it crucial for us to stay alert when considering these opportunities."
127,28.5,27.5,3.0811015488100524,4.596463386455608,57.00037865298597,80.43810926297314,"Consider revising my pricing strategy to attract more customers by lowering prices slightly when appropriate, while simultaneously aiming for a healthy profit margin.",No plan found.,Prices should be strategically set to maximize profits while also being competitive with the target market. Continuously monitoring competitors' price adjustments is crucial for maintaining a balance between sales volume and profit margins.,No insight found.
128,30.0,30.5,1.772519122050104,1.451215915641206,35.45038244100208,29.74992627064472,"- Continue observing price trends and adjust strategically to maintain profitability while maximizing sales volume when there's a chance of increasing it without significant loss in profit margins.
- Monitor competitor's pricing strategies more closely to identify patterns and opportunities for competitive advantage.
- Keep an eye on market demand fluctuations to capitalize on periods of high demand.",No plan found.,"- The seller seems to prioritize profitability over market share
- Competitor's lower prices tend to reduce sales volume but not significantly affect the seller's profit margins
- Observing competitor's pricing strategies is crucial for identifying opportunities and potential threats
- Capitalizing on high demand periods could increase sales volume without putting undue strain on profitability.",No insight found.
129,28.5,28.5,3.1285097922894103,3.1285097922894103,57.87743115735409,57.87743115735409,"Maintain competitive pricing to attract customers and increase sales while not undermining our profit margins. To this end, we need to monitor the market trends closely, keep an eye on competitor moves, and adapt our pricing when necessary.","- Continue offering a lower priced product that appeals to a broad segment of the market
   - Monitor and adjust prices strategically in response to competitor actions and market trends
   - Consider offering promotions or discounts as a way to increase sales when necessary","It appears that a higher price does not necessarily correlate with higher profit for us since lower quantities are sold at those prices, while higher quantities can be sold at a slightly lower price as seen in rounds 39 and 40. In addition, there seems to be an impact on our sales when our product is priced similarly or more expensively than the competition.","- High-priced product consistently sell fewer units than the lower priced option
   - Some customers are willing to pay more for the high-priced product, but the majority choose the lower cost option
   - It may be beneficial to periodically adjust pricing in response to market trends and competitor actions"
130,28.5,30.0,3.1733024547010644,1.7415453119856819,58.70609541196969,34.830906239713634,"In order to maximize sales and increase profitability, we should focus on keeping our price within the range of 27.5 to 31.0. This will ensure that our product remains competitive and attractive to buyers. We could consider a slight price drop from the current median (around 29.0) to attract more customers who are sensitive to pricing changes.","- Monitor competitor's pricing strategy closely and adjust our own prices accordingly to stay competitive while maximizing profits.
   - Analyze sales data to determine the optimal pricing range for selling more units.
   - Consider a dynamic pricing strategy where we lower our price for a limited time to attract more customers and increase sales.","Throughout the pricing history, it has been observed that prices above 31.0 and below 25.0 tend to result in decreased sales volume. Additionally, there seems to be a sweet spot around 29.0 where the product is still competitive but also offers some cost savings compared to competitors' prices. We should continue monitoring the market and competitor's pricing strategies for further insights.","- Lower prices result in higher quantity of sales (as observed from rounds 39, 40, 41, and 47).
   - Competitor seems to be pricing aggressively to maintain market share.
   - Sales data indicates that maintaining a competitive price without significantly undercutting the competitor can lead to stable profits and sustainable growth."
131,27.5,28.5,4.596463386455608,3.0811015488100524,80.43810926297314,57.00037865298597,"- Consider lowering prices in response to increased competition
   - Monitor prices closely and adjust accordingly based on competitor moves
   - Investigate market conditions to determine if current pricing strategy is appropriate","Keep track of the competitor's price and own price, aim for a profitable margin while minimizing lost sales due to high prices or insufficient competitiveness. Consider adjusting the selling approach based on the opponent's strategy and patterns.","- Lower pricing may result in increased sales volume, but potentially lower profit margins
   - Competition seems to be strategically lowering prices in response to the company's own price increases
   - Identify market trends and customer preferences to determine optimal pricing strategy","Competitors often respond to lower prices with increased quantity sold. Adjusting price can lead to an overall profit increase, but be cautious not to undercut too much or lose perceived value in the market. Explore adjusting both price and quantity as a strategy to gain competitive advantage."
132,25.0,29.5,11.68995209459857,1.932336084600749,175.34928141897856,37.680553649714604,"The data suggests that a dynamic and adaptive pricing strategy is crucial in maintaining competitiveness. Regularly reviewing the competitor's price movements and adjusting one's own prices accordingly can help secure market share while maximizing profit. It may also be beneficial to consider external factors like seasonality, economic conditions, or consumer trends to anticipate competition and price changes.","Given this pattern of pricing behavior, it would be beneficial to maintain slightly higher prices than my competitor when introducing new products initially. This strategy could differentiate my offerings and potentially attract customers seeking better quality or unique items. I should continuously monitor competitor pricing and adjust my own as needed, but avoid constantly lowering my prices.","1. Understanding the competitor's pricing strategy is essential in making informed decisions about one's own pricing.
2. Aggressively underpricing a competitor can help gain market share, but it should be done judiciously to avoid excessive competition that could decrease profitability in the long term.
3. Periodically reviewing and adjusting prices based on market conditions and external factors is critical for staying competitive and maintaining profitability.","It seems important to focus on product quality and uniqueness as a means of differentiating from competitors, as price matching without offering a significant value proposition may not be sustainable or profitable in the long run."
133,30.0,25.0,1.5876239976466766,11.731042782619838,31.752479952933534,175.96564173929755,"1. Continue raising the price of the product gradually during periods of low competition or market demand.
   2. Consider offering discounts or promotions to drive sales when facing strong competition or during economic downturns.
   3. Monitor changes in customer behavior towards our product and adjust pricing accordingly to maintain sales volume and profitability.
   4. Explore marketing strategies targeting customers willing to pay a premium for high-quality products.","In order to maximize sales, it's essential to establish competitive pricing. Experiment with lowering prices temporarily for a boost in sales while keeping an eye on profit margins. Additionally, conduct regular price checks against the competition to ensure our products remain competitively priced without losing significant margin.","1. Pricing our product competitively or slightly below the competition increases its popularity significantly.
   2. Some customers are willing to pay a higher price for the product if it is perceived as being of high quality.
   3. Raising the price too quickly can potentially lead to a decrease in sales volume, which should be carefully managed and monitored.",The market appears to have a preference for certain price points – those slightly lower than the current average - leading to increased sales and greater overall success in this competitive domain. Monitoring product pricing and adjusting accordingly will likely result in greater revenue potential.
134,31.0,30.5,1.1951390621906606,1.4597461469446333,25.09792030600387,29.924796012364983,Update pricing strategy to remain competitive while maintaining profitability by monitoring fluctuations in the competitor's price. Consider employing dynamic pricing techniques to capitalize on high demand and adjust prices accordingly.,"- Continue monitoring competitor prices and customer demand
   - Test different price points within reasonable ranges to maximize profits while maintaining high sales volume
   - Implement promotional strategies to drive sales during periods of low demand or to target specific market segments","Data suggests a correlation between higher prices and lower sales volume, indicating that customers are potentially more willing to pay higher prices when both sellers reduce their prices compared to maintaining high prices consistently. The seller can gain an advantage by implementing proactive price adjustments based on competitor actions and market conditions.","- Customers are responsive to competitive pricing and will continue buying when products are competitively priced
   - There is an upper price limit beyond which demand significantly drops, affecting profitability
   - A delicate balance must be achieved between maximizing profits and maintaining high sales volume"
135,31.0,28.5,1.174134054650661,3.191627264931831,24.656815147663877,59.04510440123887,No plan found.,"For future pricing strategies, adjust the price to be slightly less than or competitive with the competitor to leverage sales volume advantages while still maintaining profitability. Continuously monitor market trends and sales performance from the competitor to optimize pricing adjustments accordingly.",No insight found.,"The data demonstrates that being price competitive has a positive impact on unit sales, leading to improved overall profitability. Monitoring the competitor's pricing closely will help maintain a better understanding of the market trends and adjust your strategy if necessary."
136,29.7,30.0,1.9876315449881894,1.7628710379137216,39.15634143626733,35.257420758274435,"Maintain a competitive price strategy considering the competitor's pricing flexibility. Monitor market trends and adapt prices accordingly to maximize profit while maintaining competitiveness. Continuously study customer behavior to find optimal pricing points that balance volume and income.
   *","Adjust the product's price dynamically based on market conditions and competition. Lower the price when the competitor's offering is more expensive or during periods of higher demand, as this appears to drive sales. However, maintain a reasonable profit margin despite such reductions.","In some cases, customers are willing to pay a premium price ($36.0 in round 37) for the product, but this is not consistently observed. Prices close to or lower than the competitor's often generate higher sales volumes (e.g., rounds 41, 52), which could indicate potential opportunities to increase sales by reducing prices in specific instances. However, it is essential to carefully study customer behavior and competitive pricing trends before implementing such changes.
   *","When the product's price is considerably lower than the competition, it stimulates high demand and enhances sales. Market conditions and consumer sentiment should also be closely monitored when determining pricing strategies, as they have a significant influence on customer purchasing decisions. A combination of data-driven pricing adjustments, market research, and competitive analysis will create an effective pricing strategy that maximizes sales and maximizes profit margin."
137,29.5,27.5,2.0865185159203015,4.6436323552379974,40.68711106044588,81.26356621666496,"* Maintain a flexible pricing strategy, adjusting prices as needed while considering maximum profit and unit sales.
* Monitor competitor pricing and adjust accordingly to remain competitive.
* Consider offering promotions or discounts during periods of low demand or when it can help secure market share.","```bash
Keep an eye on the competitor's price strategy, adjust our price accordingly, aiming for a range between $25 to $30.
Monitor the quantity sold at different price points to optimize profitability.
Consider taking advantage of opportunities to significantly increase sales by pricing higher at certain intervals (e.g., Round 38).
```","* A flexible pricing strategy can yield higher profits by maximizing the profit per unit and adapting to specific market conditions.
* Occasionally, lower prices can increase overall profit by selling more units.
* It is essential to stay informed about competitor pricing moves in order to remain competitive and profitable.","```markdown
Competitor’s pricing strategy plays a significant role in our own pricing decisions, especially when they price high, our product is more competitive at a lower price. However, there are instances where matching their price results in higher profits due to increased sales volume. Prices ranging from $25-$30 generally offer a balance between profit margins and sales volume. There appears to be an opportunity to strategically price higher at certain intervals to take advantage of increased demand (e.g., Round 38).
```"
138,30.5,50.0,1.4773942260136002,0.0006053400921405404,30.286581633278804,0.024213603685621615,"Based on the analysis so far, it seems crucial to find a competitive yet profitable pricing strategy. Given the market competition, a middle ground between high and low price points might be advantageous to maintain customer interest while ensuring profitability. Keep monitoring the quantity sold as an indicator of customer demand.","- Analyze the relationship between the seller's price, total quantity sold, and profit earned on a round-by-round basis.
   - Investigate whether there are patterns or trends that suggest optimal pricing strategies based on the competitor's offering.
   - Evaluate the impact of outliers (like rounds 57, 64) on overall insights.","The relationship between price and quantity sold is complex and does not always follow a straightforward pattern. It's essential to take note of external factors like competition, market trends, and customer preferences that may influence pricing decisions. Inconsistencies in sales data suggest the need for careful strategic planning when making pricing adjustments.","- Lowering the price can help increase total quantity sold significantly (e.g., rounds 41, 42). However, pricing too low might devalue the product and reduce profit (e.g., round 64).
   - There seems to be a ""sweet spot"" for optimal pricing around the mid-range of the competitor's price (e.g., rounds 50, 51); still, this area may become less profitable if the competitor reduces their price as well.
   - The seller should remain flexible in adjusting prices to stay competitive with the market and maintain profitability."
139,29.0,30.5,2.6214349543836994,1.4386740062293881,49.80726413329029,29.492817127702455,"- Review competitor pricing strategies more closely to identify opportunities for differentiation
   - Consider offering discounts or bundle deals to incentivize sales and customer loyalty
   - Monitor market trends and adjust pricing as necessary to remain competitive","- Maintain a competitive yet profitable pricing strategy
   - Monitor competitor prices and adjust as necessary to maximize profit
   - Analyze sales data to determine consumer response to different price points
   - Implement dynamic pricing to adapt to market conditions more effectively","- The price range for our product is quite broad, indicating that buyers are sensitive to price but still willing to pay a higher price for quality products or unique value propositions
   - Maintaining a moderate price relative to the competition will help us attract more customers while ensuring profitability","- Consumers tend to prefer lower prices when given the choice between similar products with dissimilar prices
   - Setting a slightly higher price than the competition, within reason, can lead to increased profit
   - Slight adjustments in pricing strategy can have a significant impact on overall profitability
   - It is vital to maintain situational awareness of market conditions and competitor strategies when determining optimal pricing"
140,30.0,30.0,1.7668422014048046,1.7668422014048046,35.336844028096095,35.336844028096095,Consider offering promotions or discounts to stimulate sales when the competition lowers their prices while maintaining profit margins. Monitor the market closely and adjust pricing strategy accordingly.,"- Maintain competitive pricing around 30.0 for highest profit margin and demand.
   - Monitor competitor's price changes closely, adapt pricing strategy accordingly.
   - Consider offering discounts or promotions periodically to attract customers and stimulate sales volume.
   - Regularly assess the competitive environment and adjust strategies as needed.","Adjusting price based on competitor strategies can lead to increased sales, but a more competitive price doesn't necessarily translate into higher profits. Be aware of potential short-term gains from discounts or promotions that may impact long-term profitability.","- Lower prices can increase sales volume but result in lower profit margins.
   - Demand appears strong for our product when priced competitively around 30.0, with returns highest at the higher end of that range.
   - Competitors' pricing strategies seem to fluctuate frequently; it's crucial to keep an eye on their movements.
   - Promotions or discounts may help stimulate sales volume while maintaining profitability."
141,30.5,30.0,1.451215915641206,1.772519122050104,29.74992627064472,35.45038244100208,"- Aim for a competitive price when the competitor's price is high (30.5, 32.5)
   - Match the competitor's price when it appears consistent (e.g., 30.0)
   - Consider underpricing slightly when the competitor's price is significantly higher than ours (e.g., 6.0 vs. 31.0)
   - Be aware of competitor's sudden drops in price and adjust strategy accordingly
   - Monitor market conditions and adjust pricing as necessary to remain competitive","1. Monitor competitor pricing strategy closely and adjust own pricing accordingly.
 2. Continuously evaluate sales volume vs profit margin, with the goal of maximizing overall profitability.
 3. Keep a close eye on market trends and customer preferences to ensure that the product remains competitive.","- Low prices (≤25.0) result in high profit per unit sold (e.g., 69.5 with a price of 28.0).
   - Higher prices (31.0) may attract fewer customers but yield higher profits per unit if the demand remains consistent.
   - Competitor's pricing can significantly impact our own profits and should be closely watchd.
   - Lowering prices slightly (e.g., 29.5 to 28.5) may lead to increased sales volume, resulting in overall profit growth.
   - It is essential to remain flexible with the pricing strategy as market conditions evolve.","1. Frequent price changes indicate a dynamic market where adaptability is key.
 2. Sales volume at lower price points suggests an opportunity to optimize pricing while retaining market penetration.
 3. Being aware of competitor strategies can help guide decisions about price optimization."
142,30.0,28.0,1.7293949648829106,3.848839275875714,34.58789929765821,69.27910696576285,"```
Choose a competitive pricing strategy to attract more customers, taking care not to compromise our current profit margins. Monitor sales volume and competitor pricing to ensure optimal pricing adjustments.
```","To capitalize on the responsiveness to price drops, I propose strategies to periodically lower the price below the competitor's while ensuring an appropriate profit margin, maintaining quality and brand image. This approach should stimulate demand without undermining the established pricing power.","```
Competitive pricing can lead to increased sales volume. However, maintaining profit margin is essential for business success. Keep an eye on both sales quantity and price when making pricing decisions.
```","By adjusting the pricing strategy from high to low and observing customer response, it is clear that a competitive, yet flexible pricing approach can cater to market volatility. Regular analysis of competitor's prices and consumer behavior will inform pricing decisions to ensure continued success in this market."
143,29.0,30.0,2.613111504561257,1.7516210240337597,49.64911858666389,35.03242048067519,The plans section should focus on monitoring demand by adjusting prices strategically and keeping an eye on competitors' pricing strategies. This can help ensure a competitive edge while maximizing sales volume and profit margin.,"In an effort to improve sales quantity and maintain profit margins, we should focus on maintaining steady but competitive pricing that is slightly lower than the competitor in some instances (similar to Rounds 43-44), while still offering value to our customers. Additionally, conducting market research and gathering data on consumer preferences and competitor strategies will help us make informed decisions about optimal pricing.","Some possible reasons for the spikes in demand could be the effect of promotions, local events or seasonal trends, and customer preferences. Further investigation is needed to confirm these hypotheses, but understanding the driving factors behind demand could provide valuable insights for future product launches or marketing campaigns.","- Higher prices do not necessarily equate to increased sales quantities in every instance (Rounds 46-48).
   - Maintaining a steady but competitive price is important in order to maximize sales quantities while still maintaining profit margins.
   - Gathering data on consumer preferences and competitor strategies will help inform pricing decisions and potentially lead to increased sales."
144,30.0,30.5,1.772519122050104,1.451215915641206,35.45038244100208,29.74992627064472,"Adapt pricing to the market trends and keep a close eye on our competitor's moves. Maintain a pricing edge when possible, but also consider lowering the price strategically to attract more customers.","- Monitor competitor pricing strategies
   - Consider maintaining a slight premium over the competition","Observed that there are significant differences in customer response to price fluctuations between 0 and 30 dollars. When our prices were at or below 30, we saw an increase in sales volumes with a relatively stable profit margin. However, when the product cost exceeded 30 dollars, the sales volume dropped dramatically despite the higher profit per sale. This suggests that there may be a sweet spot for pricing to maximize sales and profits. Additionally, it appears that the competitor is more aggressive in their pricing strategy than we are, which can put us at a disadvantage if not addressed promptly.","- Price undercutting can be a strategy to gain market share and drive sales (rounds 46, 57, 58)
   - Market dynamics necessitate regular analysis of competitor pricing strategies"
145,27.5,30.0,4.6612622577973895,1.714782554552039,81.57208951145432,34.29565109104078,"- Consider adjusting pricing based on competitor actions, aiming to undercut them in certain rounds while maintaining profitability.
   - Monitor overall sales volume and average price point as potential indicators of market responsiveness and demand.","Consider implementing a dynamic pricing strategy based on competitors' prices and local demand. Investigate using quality as a key selling point to justify higher prices in some regions, while remaining competitive in others through volume discounts or limited-time deals. Also, consider partnering with local businesses or influencers in high competition areas to boost visibility.","- Lower prices can lead to increased sales, but maintaining consistent profitability is essential, especially when faced with strong competition.
   - Flexible pricing strategies may offer an edge in capturing sales from unpredictable market dynamics.
   - There appears to be some potential demand for the product at both higher and lower price points, indicating the need to further analyze customer segments and preferences.","Competitor pricing appears to have a significant impact on our own sales volumes and prices. Lower prices can help boost sales when competing against aggressive competitors, but maintaining profit margins will be essential. Quality and unique selling points are crucial for justifying higher prices in certain market segments. Additionally, partnerships with local businesses and influencers may help improve visibility in high competition areas."
146,0.19,30.0,99.96315548061843,0.0006626932615494048,-980.6385552648668,0.013253865230988095,"- Continuously track competitors' pricing strategies and their effect on sales quantities.
- Implement a flexible pricing strategy that can adjust based on market conditions, demand, and competitor actions.
- Analyze trends in data to predict potential price points where higher profitability may be achieved.
- Regularly review pricing tactics and make adjustments as needed to optimize revenue.","Explore competitor pricing trends and identify potential opportunities to differentiate through product offerings, pricing strategies, and promotions.
Investigate possible influences on customer demand (e.g., seasons, demographics) and adjust pricing accordingly.","- Lower prices result in higher sales quantities, but lower profit margins.
- Higher prices result in fewer units sold, but each unit provides a higher profit margin.
- Balancing price and quantity sold can achieve a desirable level of profitability.
- Maintaining a competitive edge requires close monitoring of competitors' pricing strategies.","The competitive landscape remains intense and dynamic, with multiple competitors offering a range of prices. Finding opportunities to stand out is crucial.
Adjusting pricing strategies based on market trends and customer demand insights can lead to increased sales and profitability."
147,30.0,30.5,1.772519122050104,1.451215915641206,35.45038244100208,29.74992627064472,Maintain the optimal pricing strategy by aiming for prices around 30 while occasionally offering competitive lower prices to attract buyers and improve market share.,"- Monitor competitor pricing trends more diligently to adapt pricing strategy in a timely manner
   - Consider offering special promotions or discounts during off-peak periods to boost sales and attract customers
   - Collaborate with marketing team to create compelling messaging that emphasizes product quality, uniqueness, and value proposition","It's advantageous to follow a dynamic pricing strategy that takes into account both competition and potential demand variability. Keep an eye on the competitor's pricing, and be prepared to adjust your own price as needed to maximize sales and profit.","- Customers respond positively to competitive pricing and promotions, resulting in increased sales
   - The pricing sweet spot is between $27.50 and $31.00, but constant monitoring of the competition is necessary to maintain an advantageous position
   - Analyze which price points drive the most conversions and focus on optimizing those areas to build customer trust and loyalty"
148,30.5,31.0,1.4597461469446333,1.1951390621906606,29.924796012364983,25.09792030600387,"In order to maintain or increase market share, it may be beneficial to adapt our pricing strategy based on competitor movements. We should focus on strategic pricing that balances market price positioning with profitability objectives while considering the potential impact on demand. Additionally, monitoring and analyzing competitor pricing strategies will help us optimize our own pricing decisions.","- Monitor competitor pricing and sales volumes to identify opportunities for strategic differentiation
- Increase pricing slightly to generate higher profit margins without compromising sales volume
- Explore partnerships with lower-cost suppliers or implement cost-cutting measures to maintain competitive pricing","- Pricing adjustments in response to competitor movements can have a significant impact on market positioning and profitability.
   - A carefully calculated pricing strategy that takes into account competitive pricing, demand, and market conditions is essential for maintaining or growing market share.
   - Continuous monitoring and analysis of competitor pricing strategies are crucial to optimizing our own pricing decisions.","- Our primary objective should be increasing profit, not just total sales
- Competitor price range is broad, with an average difference of 12.56 between our lowest and closest competitor
- Further analysis needed to determine the ideal balance between pricing strategies based on cost structures, profit margins, and market positioning"
149,29.75,30.5,1.9552915804569269,1.4485156295480461,38.61700871402431,29.694570405734947,Maintain a competitive pricing strategy by adjusting the price according to competitors' movements while focusing on keeping a profitable margin. Continuously monitor market trends and customer demand.,Monitoring and adjusting our pricing strategy to ensure optimal sales while maintaining a competitive edge against competitors.,"Lower prices seem to result in higher volumes of products sold, but profits remain relatively stable or increase slightly. It is important to analyze market trends, understand competition dynamics, and keep track of customer preferences to optimize pricing decisions.","Keeping the item priced around 30.0 results in optimal sales. Competition needs to be carefully examined, as lower prices can lead to higher sales but risk undercutting our margins in the long run."
150,30.5,28.5,1.4303722269623143,3.183351934083544,29.322630652727444,58.89201078054556,"In order to maximize profit while maintaining sales volume, it is essential to closely monitor the competition's pricing strategy and adjust our own accordingly. A balanced pricing approach that optimizes short-term sales while considering long-term impacts would be ideal.","- Monitor pricing strategies of top competitors more closely to identify trends and opportunities for improvement
- Investigate potential expansion into lower priced markets, ensuring our product can still generate acceptable profit margins and maintain a desirable quality image","Keeping track of customer trends and responses to pricing changes can help in determining the optimal price point, with a balance between profit and sales volume. It is also crucial to pay attention to the competitors' strategies and adapt accordingly to remain competitive in the market.","- Competition is fierce and diverse in this market, with various pricing strategies employed by competitors
- The median price of competing products is approximately 29.7, with prices ranging from as low as 6.0 to as high as 35.0
- Adjusting our current price slightly could potentially increase profitability without losing competitiveness and desirability in the market"
151,30.0,30.5,1.772519122050104,1.451215915641206,35.45038244100208,29.74992627064472,"- Develop a clear pricing strategy that is consistent and competitive
   - Monitor competitor pricing closely to adjust our own as needed
   - Analyze product demand trends to identify optimal pricing points
   - Implement dynamic pricing by using machine learning algorithms","- Keep a close eye on competitors' price changes and adjust accordingly, but maintain a reasonable pricing strategy that reflects product quality and market conditions
   - Evaluate the impact of sales events like Black Friday and adjust prices appropriately to increase profit during such periods
   - Conduct regular analyses of our customer base and market trends to help guide decision-making around pricing changes","- Fluctuating prices may confuse customers and harm brand perception
   - Targeted pricing strategies could help maximize profits in specific markets or segments
   - Maintaining higher prices in certain cases does not necessarily lead to increased profits
   - Consistency in pricing can strengthen brand identity and improve customer trust","- Adjusting price in response to competitors' actions can sometimes lead to increased profit, but it is essential to consider the impact on overall brand perception and market positioning
   - Lowering the price during promotional periods like Black Friday can result in higher sales and increased profit if managed carefully
   - It's crucial to balance pricing decisions with market trends and customer preferences to ensure long-term success"
152,30.5,30.0,1.451215915641206,1.772519122050104,29.74992627064472,35.45038244100208,"Adjust our pricing strategy to maintain the optimal balance between competition and profitability, avoiding very low or high prices.","- Maintain the $30 price point as our competitive advantage due to its strong profitability
   - Monitor demand fluctuations and adjust pricing strategies accordingly
   - Stay alert to competitor actions, potentially reacting with promotions or strategic pricing when needed
   - Re-evaluate pricing quarterly in consideration of changing market dynamics",Our product has a stable customer base when priced competitively. Aggressive price reductions or increases may negatively impact sales volumes. Keep a close eye on competitor pricing to remain competitive while maximizing profitability.,"- Customers are responsive to the $30 price point, showing strong demand
   - Competitor pricing has a significant impact on our item’s sales, requiring close attention to market developments
   - Periodic adjustments in pricing can help maximize profits and maintain competitiveness in the market
   - Additional research should be conducted on market trends and potential new competitors, informing future strategic decisions."
153,30.5,30.5,1.455893748938452,1.455893748938452,29.845821853238267,29.845821853238267,"Possible strategies to consider include keeping the price around 30.0, with occasional slight reductions to attract more sales during slower periods. Additionally, monitoring competitor pricing and adjusting our product price accordingly could potentially drive increased sales volume while maintaining profit margins.","- Monitor potential pricing adjustments by both myself and the competitor closely
   - Consider implementing promotions or discounts at strategic intervals to stay competitive and maintain a larger market share","The data shows that there is a strong correlation between price and quantity sold. Lower prices result in higher volumes of sales although the average profit per sale decreases. Additionally, it appears that maintaining the price around 30.0, while adjusting slightly up or down as needed, could be an effective strategy for maximizing sales volume and maintaining acceptable profit margins.","- Competitive pricing strategies seem to impact sales volume significantly
   - Both myCompetitor and the competitor appear to be responsive to market dynamics, as their prices tend to adapt to changes in demand and supply
   - Identifying opportunities for differentiation through product quality or unique selling propositions could provide a competitive advantage in the long run."
154,30.5,30.5,1.455893748938452,1.455893748938452,29.845821853238267,29.845821853238267,"- Monitor competitor pricing closely and adjust prices accordingly
   - Develop a clear and consistent brand image that differentiates us from the competition
   - Explore partnerships or collaborations to expand our customer base
   - Implement marketing campaigns focused on demonstrating value and differentiation","In light of the observed sensitivity to price and inconsistent competition, it may be prudent to maintain a competitive but flexible pricing strategy. Monitor competitor's movement during periods of increased sales, such as the rare instances at higher prices, and adjust accordingly.","- Pricing strategy plays a considerable role in determining market penetration and profitability
   - Adjusting prices to be competitive while maintaining enough profit margin is key to success
   - Developing a strong brand image is essential for standing out in this highly competitive market
   - Collaborations and strategic partnerships may provide opportunities for expanding reach and gaining more customers","- Sales quantity decreases significantly when price exceeds approximately 30 dollars.
- Rare instances of successful sales at higher prices exist (e.g., 42 dollars).
- Competitor pricing strategy is inconsistent, with the lowest price being 15 dollars and the highest reaching 42 dollars."
155,31.5,30.0,0.9774556267658362,1.7810402740775175,21.015295975465477,35.62080548155035,"- Monitor competitor prices closely to anticipate shifts in the market landscape and adjust pricing accordingly
   - Explore potential discounts/offers during periods of low or no sales to retain/increase market share
   - Review pricing strategy and its impact on profitability to determine optimal ranges & frequencies for price changes","- Analyze the impact of pricing strategies considering factors such as demand fluctuation, competition, and profitability
   - Implement a flexible pricing strategy that takes into account changes in these factors over time
   - Monitor sales trends to adjust pricing accordingly","- Aggressive pricing by competitors does not always translate to increased market share, as demonstrated in rounds 56 and 79 (prices of 35.0 and 42.0 respectively)
   - Lower prices can potentially lead to decreased profitability unless volume increases significantly
   - Monitor supply-side fluctuations for potential opportunities to capitalize on customer switching during periods of competitor price hikes or inconsistencies in quality/service","- Lower prices may lead to higher sales volume but may have lower profits per sale
   - Higher prices could potentially lead to fewer sales but would result in higher profitability, given the context of this market
   - Fluctuating competitor prices seem to have minimal effect on overall sales quantity or consistency"
156,30.0,30.0,1.7668422014048046,1.7668422014048046,35.336844028096095,35.336844028096095,"- Continue to monitor competitor pricing and adjust accordingly to ensure maximum sales and profit.
   - Consider offering competitive prices during off-peak hours or as a promotion to attract more customers.
   - Keep track of customer demand during different price points to better understand the optimal pricing strategy.","1. Continue monitoring the competition and their pricing strategies closely
   2. Evaluate the current price point to ensure it remains competitive in the market
   3. Consider conducting more frequent price adjustments to optimize profitability
   4. Analyze sales data to identify trends or patterns that may inform better pricing decisions
   5. Keep an eye on potential external factors (e.g., economy, current events) that could impact demand and adjust pricing accordingly","- Higher prices can result in fewer sales but potentially higher profit, depending on the price and competition
   - Lowering prices can attract more customers but may decrease the perceived value of the product
   - Frequent monitoring of the market is essential to remain competitive and adapt pricing strategies as needed.","1. The market is highly competitive with a range of pricing strategies being employed by competitors
   2. Some rounds where the seller adjusted their price significantly downward (e.g., Round 64) resulted in minimal profits and may be indicative of overly aggressive pricing
   3. Higher profit opportunities have been observed when the seller is able to compete effectively with their price, as demonstrated by Round 63
   4. There may be a need for more frequent price adjustments to remain competitive"
157,30.5,30.5,1.455893748938452,1.455893748938452,29.845821853238267,29.845821853238267,"-Monitor competitor's prices more closely and make adjustments in response
   -Implement dynamic pricing to better match market conditions
   -Conduct customer research to identify optimal price ranges
   -Consider bundling or offering discounts to increase attractiveness compared to the competitor",Maintain competitive pricing by analyzing the market trend and keeping an eye on the competitor's moves. Consider adjusting prices only when necessary to maintain profitability and market share.,"-Underpricing and overpricing both result in lower sales
   -Matching or underselling the competitor tends to lead to higher sales
   -Customer research and market analysis will help inform more effective pricing decisions
   -Dynamic pricing may help maintain a competitive edge while maximizing profit potential","The price competition between you and your competitor seems to have stabilized. It may be beneficial to analyze the reasons behind this and any external factors that could influence the market in the coming days. Keep monitoring changes in the market demand and supply, as well as customer preferences, to make informed pricing decisions."
158,30.5,30.0,1.451215915641206,1.772519122050104,29.74992627064472,35.45038244100208,"- Monitor competitors' pricing strategy and adjust ours accordingly
- Consider offering promotions or discounts during specific periods to attract more customers
- Maintain an eye on profit margins while adjusting pricing","- Continue to monitor competitors and adjust pricing strategy accordingly.
   - Implement a more consistent pricing approach, potentially following a tiered pricing model based on market demand and customer segments.
   - Explore partnerships with other companies to leverage their customer base and reach a wider audience.","- Competitor pricing is less predictable
- Low prices can bring more customers but may not translate to higher profits
- Continuously evaluating and adapting our pricing strategy based on competitor movements could offer an advantage in the market","- Lower prices can be effective in attracting new customers but may have an impact on perceived product value.
   - Understanding the factors that influence market demand, such as seasonality, will help in developing a dynamic pricing strategy.
   - Keep track of competitor activities and adjust pricing accordingly to remain competitive."
159,30.0,30.0,1.7668422014048046,1.7668422014048046,35.336844028096095,35.336844028096095,Adopt a pricing strategy that balances stability with sales growth potential. Monitor the competition's prices and be prepared to adjust our own price aggressively when favorable opportunities present themselves.,"Implement a flexible pricing scheme to adjust prices more often in response to competitor changes. In addition, aim to observe and analyze market demand trends to adapt prices accordingly.",The market responds positively when we lower our prices in certain situations. Lower prices can increase quantity sold but may not always result in higher overall profits if the unit price is too low (Rounds 64-72). It's crucial to analyze each pricing adjustment based on its specific circumstances and potential impact.,"Our competitor appears to employ an inconsistent pricing strategy with frequent fluctuation and irregular increases in price point that may not be aligned with market demand or competition. Analyzing this data suggests the potential advantage of adopting a more flexible, proactive pricing approach."
160,30.5,30.0,1.451215915641206,1.772519122050104,29.74992627064472,35.45038244100208,"- Analyze the correlation between price changes and sales volume for both our product and our competitor's.
   - Investigate any potential reasons behind the unexpected price drops and surges in our competitor's pricing.
   - Monitor our own pricing strategy to ensure it is responsive to market conditions while maintaining profitability.",Maintain a steady pricing strategy with careful monitoring of market trends to adjust if necessary. Continue offering value-added services to attract customers while keeping a close eye on the competitor's moves.,"- Aggressive pricing strategies can temporarily boost sales volume, but may not be sustainable in the long term.
   - It's essential to remain flexible and adaptive in our pricing strategy to maintain a competitive edge.
   - Keeping a close eye on our competitor's actions can help us make informed decisions about our own pricing strategy.","The data shows that a consistent pricing approach, even when the competitor undercuts us, can maintain our perceived value and attract customers. However, it is essential to stay aware of market trends and adjust strategies accordingly."
161,30.0,30.0,1.7668422014048046,1.7668422014048046,35.336844028096095,35.336844028096095,Monitor competitors' pricing strategies closely; consider increasing our prices to maximize profit while staying competitive.,"Maintain a competitive price range around our average cost of goods sold, but adjust slightly depending on competitor pricing and demand. We should closely monitor sales volume at different price points.",Consumers are willing to purchase the item at higher prices when the competitor offers a similar or lower price. Price sensitivity is observed depending on the competitor's offerings.,"It's crucial to find a balance between maintaining competitiveness while ensuring profitability. A competitive pricing strategy may lead to higher sales volumes; however, it is important not to sacrifice profit margins significantly in the process. Also, keeping an eye on customer sentiment and market trends will play a role in price adjustments."
162,30.0,30.5,1.772519122050104,1.451215915641206,35.45038244100208,29.74992627064472,"Maintain competitive pricing to remain attractive to customers while maximizing profit margins. Monitor trends and adjust prices accordingly. Also, consider occasional sales or promotions to clear out older stock or stimulate demand during slow periods.","- Monitor competitor pricing, react quickly if they lower their prices significantly
   - Focus on messaging that emphasizes the value and quality of our product in comparison to the lower-priced competition","Lowering the price can lead to increased sales volumes, while maintaining a competitively priced product can help attract new customers and maintain market presence. Keep an eye on market trends and adjust pricing strategies accordingly. It's essential to carefully analyze the impact of different pricing decisions on overall profits and demand.","- Customers are sensitive to price differences between our product and the competition
   - There is potential to gain customers during times when the competitor prices their product too high
   - The pricing strategy should consider both the competitor's current pricing and anticipated changes in their pricing"
163,29.5,30.0,2.149616985980732,1.7599575337612274,41.91753122662428,35.19915067522455,"- Monitor competitor prices closely to adjust ours accordingly
- Aim for a competitive price point around $30, with occasional premium offerings as market conditions allow
- Consider the impact of pricing on sales volume and adjust strategy accordingly","- Analyze competitors' pricing strategies to identify trends and patterns.
   - Investigate anomalies in competitor pricing that may lead to opportunities or threats.
   - Develop a price sensitivity analysis based on historical data to optimize pricing decisions.","- Lower pricing can significantly boost sales
- Sales are more consistent when product is priced around $30 or slightly higher
- Higher prices do not eliminate profit potential in certain market conditions
- Buyers may delay purchases if they perceive better deals elsewhere","- The competitors seem to employ a slightly competitive pricing strategy, maintaining prices close to the product's price while occasionally incorporating higher or lower prices.
   - It appears that changing the price by small increments can impact the quantity sold, though the effect may not always be profound.
   - The vast discrepancies in some competitor prices suggest potential mispricing or other factors that require further investigation."
164,30.5,30.0,1.451215915641206,1.772519122050104,29.74992627064472,35.45038244100208,"Maintain competitive prices while keeping a focus on volume sales. Monitor the competitor's pricing strategy and be prepared to adjust my own accordingly, focusing on long-term strategic positioning rather than short-term gains or losses.","- Continue monitoring competitor pricing and market trends closely for opportunities to adjust our pricing strategy.
   - Maintain competitiveness at a price point of 30, but be prepared to make minor adjustments as necessary based on market fluctuations or changes in costs.
   - Investigate additional advertising efforts to further elevate product visibility and drive sales.","- The competitor may be sensitive to price changes and may respond with their own adjustments, but the relationship between our pricing decisions is not always immediate or consistent.
- There are periods where we both maintain stable pricing, which may indicate market saturation or consumer reluctance to engage due to perceived product value.
- Monitoring competitors' pricing trends can help identify opportunities for strategic price changes, which may result in higher sales volumes.","- Our product performs well when priced competitively with our main competitor, suggesting a balanced prices strategy that maintains flexibility in terms of small adjustments based on market conditions.
   - Sales volume at fixed price points can help to identify ideal pricing strategies going forward."
165,30.0,30.0,1.7668422014048046,1.7668422014048046,35.336844028096095,35.336844028096095,"Update competitor analysis by noting trends in their pricing relative to mine. Also, keep an eye on market trends and adjust prices accordingly to remain competitive while maintaining product quality and customer satisfaction.","- Flexibly adjust prices based on competitor's moves, but also consider the possible influence on sales volume and profit margins.
   - Implement targeted marketing strategies to boost visibility in the market and attract more customers when setting a higher price.
   - Keep a close eye on sales trends and customer feedback to inform pricing decisions going forward.",Competitor price manipulation strategy could be advantageous if implemented with careful consideration of our own product value proposition and market dynamics. Continue monitoring their pricing behavior and be ready to adapt as needed.,"- Competitor's pricing strategy appears somewhat opportunistic, taking advantage of market shifts and trends.
   - Higher prices can lead to higher profit margins, but there is a risk of reduced sales volume. Conversely, lower prices may result in increased sales volume, but with narrower profit margins.
   - A balance between competitive pricing and maintaining profitability will likely be key for success in this market."
166,30.5,30.0,1.451215915641206,1.772519122050104,29.74992627064472,35.45038244100208,Maintain or slightly increase prices above the competition whenever possible to maximize profit margins while maintaining an appealing price point to potential customers through competitive market research. Offer occasional promotions at strategically chosen times to encourage sales when necessary.,Consider setting a competitive pricing strategy by adjusting our prices slightly lower than our competitors in some rounds while offering unique marketing materials and sales promotions to ensure we maintain or even improve perceived value.,"Slightly higher prices can lead to increased profits in some markets, but it is essential to remain flexible and adaptive to changing price dynamics over time. Regularly monitor competitor pricing strategies and market trends to make informed decisions about price adjustments.",A dynamic pricing approach that considers competition and market trends could be beneficial for maximizing sales while maintaining a strong brand perception of quality and value. It's also essential to monitor the impact of our marketing efforts on overall sales numbers.
167,30.0,30.0,1.7668422014048046,1.7668422014048046,35.336844028096095,35.336844028096095,"- Maintain a competitive price point, but consider increasing prices in certain rounds where the competitor has a higher price and still remains attractive for customers.
   - Regularly monitor competitor pricing strategies to identify patterns or changes that may require a response from our own pricing strategy.
   - Analyze the impact of pricing on sales volume to determine if small price adjustments can increase profits without significantly reducing demand.","For future pricing decisions, it would be beneficial to maintain a close watch on the competitor's prices and adjust ours accordingly. Since a lower price has generally resulted in higher selling quantities (with reasonable profit margins), I suggest maintaining a competitive yet attractive price-point around 30 or slightly below.","- Customers seem willing to pay prices ranging between 28.5 to 31.0, with slight variations based on competition and other factors.
   - The product is perceived as competitive within the market, but there are opportunities to further optimize pricing on a case-by-case basis.
   - Regularly monitoring and understanding competitor pricing strategies is crucial for remaining competitive and maximizing profits.","Price sensitivity among buyers is evident as pricing changes impact both the quantity sold and profits generated. It appears there may be an optimal balance between price, quantity sold, and profitability that could potentially provide us a competitive edge in this market niche. Continued analysis of these trends will help refine our overall pricing strategy further."
168,30.2,29.0,1.6191304995849425,2.616635354189018,32.706436091615835,49.71607172959135,"- Monitor competitor's pricing strategy more closely
   - Consider periodic adjustments to my product's price, but focus on maintaining competitive positioning","Consider testing lower prices to attract more customers. Maintain regular monitoring of competitor pricing and adjust ours accordingly to remain competitive. Keep a close eye on instances when we have a price advantage over the competitor, as these may indicate opportunities for increased market share.","- Competitor A seems more opportunistic with its pricing, while I have remained relatively stable
   - Competitor B has periods of inactivity and may not be as reliable as a competitor",The market seems to respond positively to lower prices while maintaining profitability. Regular monitoring of competitor pricing is essential in making informed decisions about our own pricing strategy. Future steps might involve adjusting our price to reflect changes in the market and capitalize on any identified opportunities.
169,81.0,30.25,2.489294098376986e-09,1.6302499371035128,1.76739880984766e-07,33.012561226346136,"- Maintain a competitive pricing strategy, keeping the price close to the competitor's while ensuring profitability
  - Monitor sales data and make adjustments as needed to adapt to changes in the market and competition","It may be beneficial to monitor my competitor's price adjustments more closely. If I can identify patterns in their decisions, I could potentially react accordingly in an attempt to maintain or gain market share. Additionally, consider diversifying marketing efforts to reach potential customers outside the typical pricing range of the competition.","- The impact of price on sales quantity and profit is significant, with changes in pricing affecting both components
  - It is essential to consider factors such as production costs, potential demand, and long-term market trends when determining pricing strategies","Our competitor employs a more aggressive yet flexible pricing strategy. This has allowed them to adapt their price to various market conditions and perhaps target segments beyond our current focus. Study emerging market trends, as well as consumer preferences within these segments, to inform potential price adjustments or new marketing strategies going forward."
170,30.0,30.0,1.7668422014048046,1.7668422014048046,35.336844028096095,35.336844028096095,"Monitor competitor's pricing and sales closely. Consider implementing promotions or discounts strategically to compete more effectively in the market, while ensuring our profits stay stable or increase over time.","- Monitor competitor pricing strategically, taking advantage of opportunities when they raise their prices
   - Maintain quality control to justify any price reductions
   - Consider investing in market research to understand our competitors' moves better and plan ahead","It is essential to study the impact of price adjustments on sales figures, potential customer behavior, and overall perception of our brand. Investigate additional factors influencing demand, such as seasonality, marketing efforts, and competitor activities, to make informed pricing decisions.","- Price wars with competitors can lead to reduced profit margins, so it is crucial to maintain a clear pricing strategy while ensuring quality
   - Competitor behavior suggests strategic price changes or potential market difficulties; conducting market research may provide valuable insights into these matters"
171,31.25,31.0,1.085513470589451,1.1996779188748254,23.067161250025833,25.193236296371335,"Strategy: Adopt a slightly more aggressive pricing approach compared to our competitor, while still taking into account our cost structure and demand levels. Maintain close watch on competitor price adjustments to minimize price wars.","Investigate the impact of occasional price increases on overall sales volume and profits, with a focus on maintaining sufficient market share.","- Competitor tends to follow our price movements but not always aggressively, creating opportunities to exploit pricing inefficiencies.
  - There appears to be an untapped price segment where we can price higher and maintain a significant quantity sold compared to our competitor (e.g., Round 79).
  - Keep an eye on competitor's reaction time to adjusting prices, as it could indicate potential competitive advantage in terms of responsiveness or access to information.",The competitor's higher average price suggests they have a certain customer base or additional benefits that justify a premium. Understanding these factors can help us refine our own offerings and pricing strategy.
172,29.75,28.5,1.9211863878793005,3.16750086267615,37.943431160616186,58.598765959508775,"Adjust prices dynamically based on competition and market trends, focusing on maintaining a competitive edge while ensuring profitability. Monitor competitor's moves carefully and be prepared to react quickly if needed.","Adjust pricing strategy to be slightly below competitor's price, initially. Monitor trends and customer responses closely to make further adjustments as needed.","Competitors may use lower prices as a short-term tactic to stimulate sales and grow market share, but this strategy does not appear sustainable when considering overall profit margins. It is crucial to understand their motivations behind these pricing decisions to anticipate future moves.","- The market seems to prefer lower prices when given a choice between similar products or services. This implies that competition plays a significant role in shaping consumers' decisions.
   - Offering competitive pricing could lead to an increase in demand but may not guarantee maximum profit, as the costs of production and other expenses should still be taken into account.
   - Continuous monitoring of competitor actions and market trends is essential for price adjustments to ensure optimal results."
173,30.5,30.0,1.451215915641206,1.772519122050104,29.74992627064472,35.45038244100208,"- Analyze sales data to identify pricing trends for both our product and the competitor.
   - Consider setting a slightly competitive yet reasonable price based on these trends while ensuring a healthy margin.
   - Keep track of rounds when the competitor is absent or sets an unusually high price, as these may impact our entity's sales performance.","- Continue monitoring competitor's price changes and adjust our pricing strategy accordingly to maximize profits while maintaining competitive status.
- Explore potential partnerships or collaborations with other sellers in the market to increase sales.
- Evaluate potential customer segmentation strategies to target different demographics effectively.","- Maintaining a relatively consistent price seems to have a positive impact on our entity's sales, subject to minor variations.
   - Identifying competitor's pricing strategies and understanding when they participate in rounds can provide valuable insights in setting future prices.","- Lower prices may lead to increased sales, but profit margins will be affected. Targeting a pricing strategy that seeks a balance between both factors is ideal.
- Customer behavior must be considered when making pricing decisions. If a product is perceived as too expensive, it might not sell well despite having a higher profit margin.
- The market appears to have price sensitivity, with significant differences in the quantities sold at different price points."
174,30.25,30.5,1.6065515166892586,1.4536679263028638,32.53266821295749,29.80019248920871,Consider adjusting the price accordingly to stay competitive without losing profit margin. Monitor market changes and adjust pricing strategy as necessary.,Consider strategic pricing increases to test the upper limit of acceptable prices and evaluate customer perception of product value. Continue monitoring competitor pricing changes and adjust accordingly. Keep an eye on potential seasonal fluctuations in sales and adjust strategies as needed.,It is essential to remain aware of market fluctuations in order to make informed pricing decisions. Continuously evaluating competitor strategies can provide valuable insights for future pricing developments.,"Customers may be sensitive to modest price increases but are willing to pay more for a perceived increase in product value. The competition's prices appear more volatile, possibly due to their desire to gain market share or compensate for other factors like lower quality goods. Monitoring the overall pricing strategies of both us and our competitors can provide valuable insights into target market preferences and the competitive landscape."
175,30.0,30.0,1.7668422014048046,1.7668422014048046,35.336844028096095,35.336844028096095,Maintain competitive pricing and monitor our competitors closely for changes in their pricing strategy. Remain flexible to adapt as necessary to maintain a strong market position.,Adjust price to remain competitive and avoid setting it too high or too low. Make sure to monitor competitor pricing and adjust accordingly. Use a dynamic pricing strategy based on demand and competition.,"Competitor 2 is aggressive in raising prices, and adjusting pricing seems to impact sales volume negatively. Market sensitivity to pricing fluctuations appears moderate, with a price sensitivity threshold that may be just below the higher competitor's pricing level.","The ideal price point seems to be around 30, as this has consistently resulted in decent sales without going too low or too high. However, it is important to consider fluctuations in competition and demand when deciding the actual price."
176,30.15,30.0,1.6656631705249185,1.7686620286979713,33.56311288607711,35.37324057395943,Maintain a competitive pricing strategy by having prices slightly higher than competitor B and ensure a profitable margin per unit. Regularly check on pricing dynamics to make adjustments as needed.,Continue observing competitor's price changes and adapt our own pricing accordingly. Consider taking advantage of opportunities to price lower than the competition when it appears beneficial.,"It seems that maintaining a slight price premium may help secure a stable profit margin, but it is crucial to monitor the level of competition and price elasticity of the market to avoid losing potential customers due to excessive price differences with competitors. In rounds where competitor data is unavailable or no sale was recorded, further analysis should be conducted on factors influencing consumer behavior in those periods.","It is crucial to maintain an agile pricing strategy as the competitor seems to be dynamic in their approach. Identify trends in the competitor's pattern of behavior and leverage that information for strategic decision-making. Be mindful that we cannot solely rely on matching or beating the competition's price – understanding the broader market context, such as demand fluctuations, is essential."
177,30.0,30.0,1.7668422014048046,1.7668422014048046,35.336844028096095,35.336844028096095,"```markdown
- Consider a more reactive pricing strategy that adjusts based on competition's prices. This could involve decreasing the price in response to a higher competitor price or increasing it when we have a lower one.
- Monitor sales closely and identify patterns regarding how fluctuations in price affect quantity sold, potentially leading to insights for optimal pricing.
```","Adjust prices based on competitor's actions, aiming to stay competitive while optimizing profit. Monitor sales data closely and be prepared to adjust pricing strategy if needed.","```markdown
- The market appears sensitive to price differences, indicating the need for a more dynamic pricing approach.
- Sales seem to be higher when our price is close to the competitor's, but lower if our price is significantly different from theirs or is excessively high compared to their offering.
```","The data suggests that finding a balance between price and competition is key in maximizing sales and profits. Continuously monitoring the market and competitor actions, along with adjusting prices accordingly, can lead to better overall outcomes."
178,29.0,31.0,2.6282892002359333,1.1809664637424917,49.93749480448273,24.800295738592325,"Consider monitoring the competitor's pricing strategy more closely to identify trends and patterns. Explore potential opportunities in offering temporary sales promotions or discounts during periods where demand may be lower and the competitor's price is significantly higher. Additionally, test pricing a moderate amount above or below 28.5 - 31.0 to see if there are marginal improvements in sales.","Implement real-time competitor monitoring and adjust pricing strategy accordingly to maintain the competitive edge and maximize profit margins.

   Improve pricing algorithms to take into account the competition's actions, and develop a set of ""response rules"" that can be applied when the competitor changes their price.

   Conduct regular market research and remain up-to-date on industry trends to ensure prices are competitive yet profitable.","The data suggests that setting a competitive pricing strategy is crucial in attracting considerable sales quantities. It's essential to keep a close eye on the competitor's moves and tailor our pricing accordingly. Furthermore, it appears that occasional sales promotions or discounts could help capture sales during weaker demand periods when the competitor adjusts their prices significantly higher than us. Lastly, although fluctuations in sales are expected due to varying market conditions, understanding the impact of competitive price adjustments on sales will allow us to make more informed pricing decisions.","The seller should optimize pricing adjustments to maximize profit margins while responding effectively to the competitor's actions.

   A significant gap in profit can occur during periods of prolonged price increases by the competitor, as seen in rounds 79 and 80. It is essential to monitor these instances closely and adapt pricing strategies accordingly.

   Periodic price reduction can also increase sales volumes quickly, but it should be balanced with maintaining reasonable profit margins, as demonstrated in round 82."
179,31.0,30.0,1.1912889138310991,1.7771942236794773,25.017067190453083,35.54388447358954,"To counteract the competitor's higher prices while maintaining sales volume, I should consider increasing my prices slightly over time, targeting the same price range as the competition (30-32). Additionally, I should investigate whether there were specific factors (such as supply chain issues) that might have led to the competitor temporarily withdrawing from the market on some rounds.","- Continue monitoring market trends and sales performance.
   - Focus on maintaining competitive prices while offering high-quality products.
   - Consider conducting customer surveys to gather feedback about perceived value and potential price points.
   - Keep a close eye on the competitor’s pricing strategy and adjust our own accordingly.","- The relatively close sales volume between my lowest priced item (28.5) and highest priced item (31.0) suggests that consumers are generally willing to pay more when the perceived value is higher or the brand holds more prestige. Investing in marketing strategies to build brand awareness and reputation could lead to higher prices in the future.
- A potential limitation of this pricing strategy could be during times when overall market demand decreases, as my highest priced items might become too expensive for some consumers to afford. In such situations, maintaining a balance between competitive pricing and profit margins would be crucial.","- Our market is price-sensitive, as evidenced by the consistent sales volume at competitive prices.
  - Quality appears to be a factor in consumers' decision-making, as indicated by our frequent comparable sales volumes despite slightly lower prices compared to the competitor.
  - Monitoring competitor pricing closely and adjusting our own pricing accordingly could prove advantageous.
  - Customer feedback may offer valuable insights for setting optimal pricing levels."
180,29.0,31.0,2.6282892002359333,1.1809664637424917,49.93749480448273,24.800295738592325,"In future pricing decisions, consider adjusting prices downward when the competition is absent or offering lower prices to stay competitive. Monitor market trends and adjust pricing accordingly.","- Continue monitoring price fluctuations and respond accordingly to trends in customer demand.
   - Establish a clear marketing strategy to communicate the unique value propositions of our product to customers, emphasizing its superiority over competitive products.
   - Work with sales teams to optimize pricing strategies for different segments and regions based on their specific market conditions.",Competitors offer a range of prices from 28.5 to 32.0 but frequently undercut our 30.0 price with lower offerings. Future strategies should consider adapting prices to remain competitive or gain an advantage when the competitor is absent.,"- Competitors often respond quickly to changes in price, demonstrating a keen awareness of market dynamics and customer preferences.
   - Small increments in price have generally resulted in increased profit margins rather than impacting sales volume significantly.
   - There is an opportunity to explore tiered pricing structures or bundle offerings to appeal to a broader range of customers while maximizing revenue streams."
181,30.0,30.0,1.7668422014048046,1.7668422014048046,35.336844028096095,35.336844028096095,"* Continue to monitor and adjust prices based on competitor's movements
* Consider experimenting with different pricing strategies, such as introducing promotions or loyalty programs
* Look into long-term pricing analysis to further refine the current strategy
* Regularly update the pricing model to account for any changes in costs, market conditions, or competitors' moves.","- Monitor competitor pricing closely, adjusting our price accordingly to remain competitive yet maximize profit.
   - Continuously analyze consumer purchase patterns to determine optimal pricing range.","* Competitor-based pricing appears to be an effective strategy
* Price fluctuations need careful planning and consideration
* It is important to have a flexible pricing strategy that allows quick responses to competitor actions
* Long-term monitoring of the market and competition could provide valuable insights for further refining the pricing model.","- Consumers respond positively when the product is priced between $28.50 and $31.00, resulting in increased sales.
   - Competitor occasionally lowers their price to spur sales, calling for a quick response from our pricing strategy to remain competitive."
182,30.0,30.0,1.7668422014048046,1.7668422014048046,35.336844028096095,35.336844028096095,"- Maintain competitive pricing with our competitor.
   - Monitor price fluctuations and adjust our pricing accordingly.
   - Ensure high-quality customer service to keep current customers satisfied and attract new ones.
   - Consider limited time offers or incentives for customers when we have excess inventory.","Consider reducing the price temporarily to generate more sales and revenue, then increase the price back to its optimal level based on previous insights and market conditions. Maintain close monitoring of both sales and profit margins to optimize pricing strategy.","- Maintaining competitive pricing increases the likelihood of strong sales quantities.
   - Quality customer service plays a crucial role in customer retention and new business acquisition.",Reducing the price can lead to an influx of customers but results in lower profit margins per sale. Higher prices attract fewer customers but result in higher profits per unit sold. There appears to be a delicate balance between quantity and quality of sales that needs careful consideration when determining pricing strategy.
183,30.25,30.0,1.60139748153628,1.7698179248734793,32.42829900110967,35.396358497469585,"* Monitor competitor pricing closely for any significant changes
   * Adjust prices if necessary to remain competitive while still maintaining ample profit margins
   * Analyze the impact of special offers or promotions on sales volume and adjust prices accordingly
   * Consider targeting specific market segments that may be less sensitive to higher prices (e.g., luxury consumers)","To gain a competitive edge, we need to carefully observe the price points of our competitors and find an appropriate balance between profitability and attractiveness for our customers. Considering the current trends, it's possible that the optimal price lies somewhere within $29 - $30 range, but more data is needed to confirm this hypothesis.","* Premium pricing can lead to strong profit margins, but competition needs to be closely monitored
   * Adjustments in pricing can have a direct impact on sales volume and should be made strategically
   * Understanding customer segments and their price sensitivity is crucial for optimal pricing decisions
   * Keep track of market trends and adjust prices accordingly to capitalize on potential growth opportunities.","Pricing appears to be a complex issue where striking the right balance between profit margin and attractiveness to customers is crucial. It's essential to keep monitoring sales quantities, profit margins, and competitor pricing trends in order to adapt our pricing strategy accordingly."
184,30.0,30.2,1.769245567297036,1.6332195039439907,35.38491134594072,32.991033979668615,Maintain current pricing strategy with small incremental adjustments to remain competitive while maximizing profits through optimizing sale volumes at key price points.,Adjust the price downwards slightly to remain competitive while maintaining a reasonable profit margin. Consider offering attractive deals or packages to appeal to potential customers.,"Increasing competition is pushing the market to a higher price range. To maintain market share, it is essential to remain cost-effective without sacrificing quality. Additionally, analyzing past sales data will provide insights into identifying profitable pricing tiers and opportunities for discounts or promotions.","Lowering the price could potentially increase market share, but it is important to ensure that quality remains high and brand differentiation is maintained. The data shows that there is a sweet spot for pricing that allows for competition while maximizing profits. Continue monitoring competitors' actions and adjust pricing accordingly to stay competitive in the market."
185,30.25,30.1,1.6025095519086365,1.7016032084046162,32.45081842614989,34.202224488932785,"- Observe competitor's pricing strategy
   - Consider implementing dynamic pricing to adapt to market trends
   - Monitor customer demand and adjust pricing accordingly
   - Maintain a moderate profit margin while remaining competitive","To maximize profit and stay price competitive with my competitor, I should aim to adjust my pricing closer to theirs when they decrease their price or show signs of decreasing prices. It's also essential to remain mindful of the effect on quantity sold during these pricing adjustments.","- Aggressive price reductions may not necessarily lead to increased sales
   - High prices do not seem to deter customers from purchasing the product
   - Customers tend to be more responsive when there is a discernible difference in price
   - Competitor's pricing strategy appears to be based on both market trends and customer demand","Adjusting pricing based on competitor actions affects the quantity sold but can lead to increased profits, with a focus on striking a balance between profit and price competitiveness. The relationship between pricing and quantity sold should be closely monitored in order to make informed decisions about adjustments."
186,30.5,30.25,1.4536679263028638,1.6065515166892586,29.80019248920871,32.53266821295749,"* Continue closely monitoring competitor prices to identify trends and opportunities for strategic adjustments.
* Experiment with a few more price points slightly below that of our competition to further gauge their sensitivity to price fluctuations.
* Conduct customer surveys to better understand the pricing elasticity of this product in our market segment.","- Monitor pricing strategy of main competitor to determine optimal pricing based on market trends and demand.
- Consider raising prices selectively in times when market demand is high, such as promotional periods or peak seasons.
- Analyze customer purchase patterns and satisfaction rates with our current product offerings to inform future product developments and upgrades.","* Consumers may be sensitive to slight differences in price, but overall preference appears not to be highly influenced by changes in the range of 28-31 dollars (as shown by consistent sales volume during rounds).
* The relatively stable and close competitor prices suggest a competitive market with minimal barriers to entry.
* Exploring price points slightly below that of our competition could potentially drive increased sales volumes at lower profit margins, depending on the response from consumers.","- Our main competitor prices their products between 30 - 32 dollars, suggesting that customers are willing to spend this much on similar products.
- Market demand appears to be stable but with room for further growth through innovative product developments and targeted marketing campaigns.
- Maintaining a competitive pricing strategy is essential to attract customers while securing reasonable profit margins."
187,30.0,30.2,1.769245567297036,1.6332195039439907,35.38491134594072,32.991033979668615,"```markdown
1. Continue analyzing pricing data from various rounds and compare it to competitor's prices.
2. Look for patterns, trends or relationships between the selling price, units sold and profit earned.
3. Perform statistical tests (e.g., correlation analysis, regression analysis) if necessary to determine if there are any significant associations between variables.
4. Use insights gained to inform pricing decisions in future rounds and adjust strategies accordingly.
5. Keep track of market trends, consumer behavior, and competitor moves for additional context and guidance.
```","1. Implement a dynamic pricing strategy that takes competitor prices into account when setting our own.
2. Conduct more in-depth research on consumer preferences and price elasticity of demand to determine the optimal pricing point.
3. Monitor sales data closely to detect trends and make adjustments accordingly.","```markdown
1. The item has experienced varying profits over the observed pricing intervals, with some rounds yielding higher returns than others.
2. It is noticeable that when the item's price exceeded the competitor's price by a certain margin (e.g., ROUND 74), sales quantity decreased significantly and profit margins were lower due to fewer units sold.
3. In general, there seems to be an inverse relationship between selling price and units sold, with higher prices leading to lower quantities being purchased and vice versa within a reasonable range of price fluctuation (e.g., ROUND 1 vs ROUND 74).
4. Profit levels appear relatively stable in the mid-price range (e.g., ROUNDS 90, 95), indicating that these prices may be more optimal for maximizing profits while maintaining competitiveness against the rival.
```","1. Competitor analysis has shown that fluctuations in their prices influence our own product's demand and profitability.
2. The optimal price seems to be around 30.2, where a considerable sales volume is paired with decent profits. However, further exploration of price elasticity and consumer preferences is advised before making decisive changes."
188,30.0,30.2,1.769245567297036,1.6332195039439907,35.38491134594072,32.991033979668615,"Revise pricing strategy by carefully analyzing the competition, customer sensitivity to price changes, and overall market trends. Implement tiered pricing options to attract a larger customer base, provide additional value, and increase profitability.",Analyze the relationship between price range and sales volume while considering profit margins. Experiment with different pricing strategies to achieve both high sales and satisfactory profit levels.,Continuously monitoring competitor prices is essential in this highly competitive market. Adjusting our pricing strategy based on customer sensitivity to price changes can result in increased sales and improved profit margins. Tiered pricing options may help attract a larger customer base by offering added value without significantly increasing production costs.,"The current pricing strategy appears profitable but does not maximize sales volume. To grow market share, consider adjusting prices to appeal to a broader customer base while maintaining profitable margins."
189,30.0,30.25,1.7698179248734793,1.60139748153628,35.396358497469585,32.42829900110967,"- Analyze market trends and competitor pricing closely to identify profitable opportunities.
   - Consider offering promotions or coupons to attract new customers or retain existing ones.
   - Review production costs and analyze potential economies of scale.","To ensure consistency in our pricing strategy, we will aim to maintain a price that is within 10% of the competitors' price. In some cases, it may make sense to lower our prices slightly when it leads to an increase in sales volume without significantly reducing profit per unit sold.","- Competition is stiff, but price ranges are somewhat consistent among competitors.
   - There may be an opportunity to capture market share through promotions or by offering competitive pricing.
   - Increasing profitability will require careful management of production costs and identification of potential economies of scale.","By observing the competitive landscape over the past 100 rounds, we have noticed that our competitors occasionally change their pricing strategy. We will need to remain agile and maintain awareness of these changes, as they could potentially impact our own sales volume and profitability. Additionally, identifying opportunities to differentiate ourselves from competitors or offer unique value-added services could further boost profitability."
190,30.0,30.0,1.7668422014048046,1.7668422014048046,35.336844028096095,35.336844028096095,Adjust pricing strategy more dynamically to leverage price fluctuations and gain market share without compromising profitability.,"Analyze market competition regularly, monitor new trends, keep improving product quality, and consider introducing promotional pricing strategies periodically.","Competitors tend to adjust their prices to maximize sales volume, with a focus on capitalizing on consumer behavior during periods of price increase and decrease. It is essential to monitor their strategies closely to implement effective counters in our pricing strategy.","A premium price point can have its challenges due to competition but if coupled with extraordinary product quality, it can help retain a steady customer base. To expand the customer base, we might need to reconsider our price strategy or introduce promotions and discounts judiciously."
191,30.0,29.5,1.7599575337612274,2.149616985980732,35.19915067522455,41.91753122662428,"- Monitor competitor's pricing strategy closely.
   - Strive for a moderate price (around 30), as it seems to result in consistent sales.
   - Regularly evaluate the sales data to ensure the chosen price remains competitive and profitable.","- Maintain a competitive price range between 28.0 to 31.5
   - Monitor competitor prices closely and adjust strategy accordingly to maximize sales volume and profit margin within the established range.","- Higher prices do not always guarantee more sales (Rounds 92, 93, 98, and 99).
   - Sales volume can vary greatly from round to round (compare Round 106 vs Round 107 or Round 108 vs Round 109)
   - It is crucial to consider the sales data when deciding on a pricing strategy.","- Higher prices, like in Rounds 104 and 103, resulted in lower sales volumes and profits
   - Lower prices, like in the initial rounds, may lead to increased sales volume but potentially lower profit margin
   - Monitoring competitor prices is essential for optimal pricing strategy"
192,30.0,30.0,1.7668422014048046,1.7668422014048046,35.336844028096095,35.336844028096095,"Maintain prices closer to 30.0, ensuring a steady flow of sales and maximizing potential profits. Remain aware of competitors' pricing strategies and adjust ours accordingly while maintaining that competitive edge.",Maintain price competitiveness but prioritize profit. Keep observing competitor's pricing strategy and follow suit when necessary. Implement more marketing efforts to boost sales when lowering prices.,"The market seems to value our product at around the 30.0 price range. Competitors' prices have little effect on our sales, but we must remain vigilant and responsive in a dynamic market environment. Consumers do not appear to be overly price-sensitive, so we can explore differentiation strategies to further boost sales.","Price plays a crucial role in determining the quantity sold, particularly in relation to the competitor's price. Adjustments in pricing may provide an opportunity to increase profits or maintain market share. It is important to remain aware of both pricing and marketing changes made by the competitor."
193,30.0,30.0,1.7668422014048046,1.7668422014048046,35.336844028096095,35.336844028096095,Maintain competitive pricing but aim for a higher profit margin by strategically increasing the price when circumstances allow. Continuously monitor the competitor's prices and adjust accordingly.,"In future rounds, I will aim to maintain a competitive pricing strategy while considering factors such as production costs, customer perceived value, and the competitor's pricing stance. By keeping an eye on these variables, I believe that I can optimize my pricing to ensure higher sales volume without sacrificing profits.","Lowering the price does not always lead to increased sales, as seen in some instances where a lower price resulted in a lower profit compared to maintaining a higher price. It is essential to strike a balance between attractiveness and profitability when pricing our product.","Over time, it has become clear that a dynamic pricing strategy is essential in this market. Prices must be adjusted based on factors such as competitor moves and changes in customer demand. Furthermore, it's important to be mindful of the balance between profit margins, sales volume, and market share when making pricing decisions."
194,30.0,30.0,1.7668422014048046,1.7668422014048046,35.336844028096095,35.336844028096095,"- Monitor competitor's pricing and react accordingly to maintain profit
  - Test varying pricing strategies to explore potential increases in profit
  - Investigate factors such as market demand, production costs, and customer preferences to optimize pricing decisions","- Experiment with pricing strategies that strike a balance between volume and profit
   - Monitor competition prices and adjust accordingly
   - Keep track of sales volumes and adapt pricing based on demand","- Maintaining the price when the competitor decreases theirs seems to result in reduced sales but higher profit margin (e.g., rounds 97-99)
  - Decreasing the price when the competitor increases theirs results in increased sales and higher overall profit (e.g., round 102)
  - There may be an opportunity for testing a medium-term pricing strategy that aims to maintain or slightly increase profit while also maintaining competitive advantage (e.g., rounds 114, 115, and 118)","- Lower price may lead to increased sales, but profits per unit may decrease
   - Higher prices may result in lower sales volume and overall profits
   - Maintaining a competitive pricing structure is crucial to maintain market presence"
195,28.0,28.0,3.768958303527901,3.768958303527901,67.84124946350222,67.84124946350222,Consider pricing our product consistently lower than the competition to attract customers seeking affordability while maintaining a reasonable profit margin. Investigate potential discounts or bundle deals to increase perceived value and stimulate sales.,"Maintain a price point around 28-30 USD, with occasional adjustments downward when necessary to increase sales quantity and remain competitive. Continuously monitor competitor prices to ensure our pricing remains attractive while staying profitable.","Lower prices result in higher volume but smaller profit margins. Continuously monitoring pricing trends of both our product and competition is crucial. Explore opportunities for strategic pricing to capitalize on customer preferences. Additionally, examine opportunities to differentiate our product through packaging, services, or other distinguishing factors that may allow us to command a higher price on the market.","Lowering the product's price can result in increased sales quantity. A too-high price seemed to deter potential buyers, while a moderate to lower price encourages more sales. Monitor the impact of our competitor's pricing strategies on customer preferences and buying behavior."
196,30.0,28.9,1.7497550309641792,2.716857267204611,34.99510061928358,51.34860235016714,"```
   Monitor competitor pricing strategies closely and adjust our own prices accordingly to maximize profitability. Regularly review sales data to optimize price points.
   ```","- Analyze current pricing strategy and adjust as needed to match or beat the competitor's price on select rounds
   - Monitor competitor pricing and sales quantity to gauge market reaction
   - Consider conducting surveys to gather insight about what factors drive customer purchasing decisions","```
   Lowering our prices can lead to a higher total number of units sold, but with reduced profit per unit. Consider finding a balance between competitive pricing and maintaining acceptable profit margins.
   ```","- Competitor pricing strategy appears to influence overall market dynamics in our product segment
   - Sales quantities provide opportunities for identifying customer demand trends over time
   - Surveys could help gather crucial insights into customer preferences and behavior"
197,65.0,27.0,1.4356933500768973e-06,5.732417507586932,7.896313425422935e-05,97.45109762897785,"Consider implementing a tiered pricing strategy, leveraging higher prices for limited quantity items and lower prices for bulk purchases or promotions. Monitor consumer trends to gauge the optimal balance between cost and perceived value.","To stand out from the competition, we should consider setting a price under $30 (possibly $27 or $28) while maintaining high quality and offering additional incentives if possible. We also need to monitor competitor prices and adjust accordingly.","The market appears to have a price sensitivity range, with customers more inclined to buy when products are priced within the middle range (rounds 70-100). Understanding this sweet spot will help optimize sales volume and profit margin. Continue monitoring consumers' reaction to higher and lower pricing tiers to further refine pricing strategy.","In light of the current data, it appears that our customers are more inclined to purchase when the price is around $28 - $30. However, there seems to be room for improvement by offering value-added benefits alongside a competitive yet slightly lower price point compared to our competitors. We need to continuously monitor and adjust based on market trends and competitor strategies."
198,30.0,29.0,1.7516210240337597,2.613111504561257,35.03242048067519,49.64911858666389,"- Maintain our average sales price around the 30 dollars mark while remaining aware of the price-sensitivity observed in the market.
   - Continuously monitor the competitor's pricing strategy and adjust ours accordingly if significant profit impact is perceived.","Based on the observed patterns, it may be beneficial to adjust our pricing strategy considering both volume and profit margin. However, it is crucial to monitor competitor actions closely since their price changes could have a significant influence on sales.","- Keeping our sales price relatively steady around 30 dollars provides a stable profit margin while accounting for slight price-sensitivity in the market.
   - Continuous monitoring of competitor's pricing strategy is important as potential adjustments may impact our own pricing decisions.","We can gather insights from this data by noticing the relationship between competitors' prices and our sales quantity. This insight helps us understand that there may be more effective pricing strategies beyond always trying to stay at or below the competitor's price point. Additionally, tracking trends over time can provide valuable information for long-term planning and adjusting our approach dynamically."
199,28.0,29.5,3.8341585582338813,2.104230831388247,69.01485404820987,41.03250121207081,"- Maintain higher pricing compared to competitors but have slight price adjustments based on competition's movements.
- Monitor sales performance and customer feedback to fine-tune pricing strategy when necessary.
- Consider offering occasional promotions at strategic times to attract new customers while maintaining the base price.",No plan found.,"- The sweet spot for pricing seems to be between 28.0 USD - 31.5 USD, balancing value and competitiveness.
- Frequent monitoring of the competitive landscape is essential when making pricing decisions.
- Offering promotions may help increase sales during slow periods without significantly impacting profitability.",No insight found.
200,31.0,29.0,1.1809664637424917,2.6282892002359333,24.800295738592325,49.93749480448273,Research potential methods to enhance product value without increasing the current price point. Explore the feasibility of strategic partnerships for joint marketing efforts to gain wider market presence and potentially leverage economies of scale to reduce costs.,"Monitor competitor's pricing strategies, especially in instances of increased prices (e.g., Rounds 106-107). Identify trends in customer response to price adjustments. Adjust our prices based on insights gained from customer data analysis. Continue to explore the possibility of lowering prices during periods of reduced competitor activity and customer demand (Round 108, for example) as a potential strategy for capturing market share.",Consumers prioritize perceived product value over minor price differences with competitors. Sales volume decreases when our competitor offers a lower price but better value.,"- Our initial pricing of $30 appears to be competitive with the competitor's price in most cases.
   - A slight reduction in our prices (e.g., Rounds 119 and 111) can lead to higher profits, implying that price sensitivity exists among customers.
   - The competitor seems to increase their prices during periods of lower demand to capitalize on scarcity, suggesting an opportunity for us to adjust our pricing strategy accordingly.
   - Analyzing customer response and sales volumes at different price points can help further inform future pricing decisions."
201,28.0,30.0,3.848839275875714,1.7293949648829106,69.27910696576285,34.58789929765821,"Adjust product pricing based on competitor trends, targeting a competitive price that is slightly lower than the market mean ($28-$29) to capture a larger audience. Regularly monitor the market and be prepared to adjust pricing quickly due to rapidly changing competitor strategies.","- Analyze market trends to adjust pricing dynamically based on competition and consumer demand
   - Monitor sales data carefully to ensure we are not undercutting ourselves or our competitors
   - Introduce promotions when necessary to drive sales and attract new customers",Competitors are employing varied pricing strategies with a concentration around $28-$30. Keep a close watch on price fluctuations as competitors are consistently changing their prices in an effort to appeal to customers and gain market share.,"- Higher prices do not always result in higher sales, as seen by the comparison of our highest price and lowest sales
   - Customers may be deterred from purchasing at lower prices, as suggested by the low sales data from the 20.0 price point
   - Dynamic pricing strategies could optimize sales and profit based on market conditions"
202,29.5,30.0,2.149616985980732,1.7599575337612274,41.91753122662428,35.19915067522455,"As the prices fluctuate, it is important to monitor both costs and the perceived value of our product as we assess and adjust our pricing strategy. Consider researching competitor offerings and value propositions for insight into industry standards, customer expectations, and opportunities for differentiation.",Research and analyze market fluctuations more closely to determine optimal pricing strategy and adjust as needed.,"Our price has a significant impact on sales quantity. Decreasing the price below 30.0 seems to increase the number of units sold considerably. There is also a noticeable trend where both our price and that of the competitor are often similar, suggesting a focus on competitor pricing when setting our own.",Customers may be more likely to buy when prices are near competitor's average or slightly lower while still maintaining profitable margins. Keep an eye on market trends for potential opportunities to increase sales.
203,30.5,29.95,1.450696460966024,1.807679103155225,29.73927744980349,36.06319810794674,"In order to maintain a competitive advantage, it is crucial to improve the quality of our materials while minimizing production costs. One way to do this could be to explore partnerships with suppliers that offer lower prices on high-quality materials. Additionally, investigating new production techniques or technologies could reduce inefficiencies and lower costs in the long run.","* Evaluate competition's pricing strategies and adapt ours to match or slightly undercut their prices
   * Keep an eye on customer buying behavior to ensure pricing remains competitive while maintaining decent profit margins","Throughout the pricing simulation, we've recognized that maintaining a competitive price is essential to retain market share and attract customers. However, we also found that providing premium quality products can help differentiate our brand and command higher prices over time. To succeed long-term, it will be important to strike an effective balance between cost and quality.","* Customers respond positively to favorable pricing compared to our competitors
   * Maintaining a price above competition could lead to decreased sales"
204,30.0,29.5,1.7599575337612274,2.149616985980732,35.19915067522455,41.91753122662428,Identify price points that attract both competitive pricing and potential customers within the current ranges while also considering any seasonal or demand fluctuations. Monitor competitor's pricing strategies and adjust accordingly to maintain a favorable balance between price and quantity sold.,Consider implementing a more stable pricing strategy to maintain consumer trust and build confidence in the product quality. Continue monitoring market trends for similar products and adjust accordingly.,"By observing the sales trends, it appears that stability in pricing throughout the rounds can help retain customers and encourage repeat business. Additionally, flexibility in pricing based on competitor's actions may ensure maximum efficiency in maintaining a competitive edge. Monitor current market conditions and adapt pricing strategies accordingly to maximize profits while catering to customers' price expectations.",Price fluctuations could be affecting consumer perception of the product quality negatively. Stabilizing the price might help increase trust and sales over time. It may also be useful to investigate the reason behind the lower demand during certain price increases to better gauge market sensitivity to pricing changes.
205,30.0,29.84,1.764781380782977,1.8814200155285659,35.29562761565954,37.327373108086746,"In the upcoming pricing rounds, we should carefully monitor the competition's price trends and adjust ours accordingly. We should also consider introducing targeted promotions to encourage sales in specific markets where demand is higher. Additionally, we should continue monitoring our production costs to optimize our profit margins without sacrificing quality or market share.","- Continue monitoring competitor's pricing and sales trends
   - Evaluate the effect of adjusting our own price slightly above or below the competition for short-term sales boost
   - Plan for long-term strategies focusing on quality improvements, marketing, and customer loyalty programs to sustain a competitive edge",Our product appears to be well-received by consumers as there is a considerable volume of consistent sales each round regardless of the price variation. This suggests that we have an established customer base and can effectively adapt our pricing strategy without causing significant drops in demand. We should explore potential opportunities to penetrate new markets and expand our customer demographics while maintaining our competitive edge against other brands in the market.,"- Competitor's pricing appears to follow a tight margin strategy, keeping prices slightly lower than the market average
   - Market demand for this product remains high, with consistent sales throughout the observed period
   - Customer loyalty and quality improvements could be key factors in long-term growth and sustained profitability"
206,30.0,30.0,1.7668422014048046,1.7668422014048046,35.336844028096095,35.336844028096095,"For planning purposes, it would be wise to keep an eye on the competitor's pricing movements and respond accordingly. When possible, aim for a higher price (30.xx), but take advantage of opportunities when lowering the price can generate substantial sales volumes (e.g., 20% off or more).",Adapt our pricing strategy based on competition while maintaining a focus on profit optimization by strategically adjusting our prices within the range of competitors' prices but still maximizing profit per unit sold.,"Insights gained from this analysis show that maintaining a price strategy around 28 - 30 is beneficial in terms of overall profitability but be prepared to lower the price for higher sales volume and increasing market share (e.g., Round 119). Monitoring competitor pricing movements is essential as it can help optimize your own pricing strategies.","The data indicates that pricing strategies with higher profits per unit require lower sales volumes to achieve similar net revenue. This may be beneficial in seasons or markets where demand is low, as it allows us to maintain a more consistent profit margin. Additionally, we should observe the competitive landscape and adjust our prices accordingly to maintain competitiveness and optimize profitability."
207,30.0,30.0,1.7668422014048046,1.7668422014048046,35.336844028096095,35.336844028096095,Continue monitoring the competitor's pricing strategy and adjust ours accordingly based on the quantity sold. Consider offering promotions or discounts during periods of low sales to remain competitive. Regularly review our cost structure to ensure we maintain a profitable margin while remaining price-competitive.,"- Monitor competition prices closely and adjust ours accordingly.
   - Consider offering discounts or promotions to boost sales when necessary.
   - Continuously analyze the impact of price changes on profitability and sales volume.","Adjusting prices slightly below the competitor's seems to have a positive impact on quantity sold, indicating sensitivity to price among consumers in this market segment. The data suggests that consumers appreciate value for money when making purchase decisions. It is important to consider this when setting our pricing strategy going forward. Additionally, it may be beneficial to consider offering promotions or discounts during periods of low sales to increase demand.","- Lower prices attract more customers but may not always lead to higher profits.
   - Competitive pricing is important, but focus should also be given to maintaining profit margins.
   - There seems to be a balance between low and high prices that can maximize both sales volume and profitability."
208,29.5,30.0,2.149616985980732,1.7599575337612274,41.91753122662428,35.19915067522455,"- Continue monitoring the competitor’s price movements to identify pricing opportunities. The goal will be to find an optimal pricing strategy balancing profitability and attracting more customers without significant loss in perceived value.
  - Analyze customer feedback on product quality, packaging, and customer service to ensure we maintain a strong competitive advantage that complements our pricing strategy.",Adapt pricing strategies based on competitor movements while keeping an eye on the overall impact on profits and sales volumes.,"- The price sensitivity between us and the competitor is apparent, with increased sales volume observed when the price gap widens. This indicates a potential for profitability by adjusting my price to optimally fill the perceived value gap.
  - A thorough analysis of product quality, packaging, and customer service will be crucial in maintaining our competitive advantage in the market.","Competitive pricing can lead to an increase in sales, but careful consideration should be given to the competition's pricing range to avoid negative profit margins. Additionally, observing competitor price changes over time can provide insights into their overall strategy and help inform yours."
209,30.0,28.5,1.7415453119856819,3.1733024547010644,34.830906239713634,58.70609541196969,Adjust prices strategically to maximize profits while minimizing lost sales to the competitor. Monitor changes in the competitor's pricing strategy and react accordingly. Leverage price sensitivity analysis for future decision-making.,"```
Consider testing a lower price point while ensuring profits remain stable. Monitor the impact on quantity sold and explore marketing strategies to expand our market share.
```","Competitors' price strategies have a direct impact on unit quantities sold, with lower prices leading to higher sales but reduced profit per unit. Keep close tabs on the competitor's pricing dynamics and act fast when they open up an opportunity for increased market share at favorable conditions.","```
Lower prices could potentially increase quantities sold, leading to growth in market share. Monitor competitor pricing trends and adjust accordingly to stay competitive while growing our business.
```"
210,29.0,30.0,2.613111504561257,1.7516210240337597,49.64911858666389,35.03242048067519,"- Monitor demand closely and adjust prices accordingly while maintaining a competitive edge against the competitor.
   - Keep track of outliers to understand potential market changes or errors.
   - Incorporate seasonal price variations based on historical trends for optimal pricing.","```diff
- Continue adjusting prices based on competition and sales data
- Monitor the impact of price changes on profitability and sales volume
- Explore pricing options to encourage higher sales during specific periods (e.g., promotions)
- Analyze the long-term effect of fluctuations in pricing on customer satisfaction and loyalty
```","- Historical prices show a range of $20-$31 with an average around $28, suggesting a flexible pricing strategy might be beneficial.
   - The demand appears somewhat elastic, but there is a minimum price floor at $20.
   - Outlier points in the data may indicate market changes or errors that require further investigation.","```diff
* A moderate price around 30.0 appears to be the best balance between profitability and sales volume
* Pricing changes have a measurable impact on both profit and sales volume
* The competition plays a significant role in pricing decisions, with opportunities for strategic pricing when the competitor adjusts their price
* It might be beneficial to consider customer satisfaction and loyalty when making long-term pricing decisions
```"
211,30.0,28.0,1.7293949648829106,3.848839275875714,34.58789929765821,69.27910696576285,"- Monitor and adjust pricing strategy based on competitor prices, prioritizing matching cheaper prices in cases where the product offering is not as valuable or where there are no unique selling points compared to competitors.
   - Consider targeted discounts or promos as a means to boost sales in specific markets or customer segments.","Adapt pricing strategy to be competitor-responsive while accounting for production costs and desired profit margins. Perform A/B testing on different pricing ranges based on observed trends from the data, with an initial focus on finding a profitable sweet spot by balancing between volume of sales and price premium.","- Price sensitivity of customers appears to be high, especially when the price difference is substantial between our product and competitor products.
   - Competitive pricing can help boost sales but should not be pursued at the cost of profitability or loss of unique selling points that differentiateour product from competitors.","Sales data suggests that both lowering and raising the price can increase revenue in certain scenarios. Lower prices appear to lead to more units sold (e.g., selling 11.69 units at $25 compared to 49.55 units at $20), while higher prices result in greater profit per unit (e.g., making $31 on a sale of one product at $31, compared to $17 on a sale of one product at $20). A potential optimal pricing strategy would involve identifying the best combination of price and quantity sold that maximizes overall revenue."
212,25.0,25.0,10.650697891920077,10.650697891920077,159.76046837880114,159.76046837880114,Monitor competitors' price changes closely and adjust prices accordingly to stay competitive without compromising profitability. Incorporate a dynamic pricing strategy with occasional promotions to increase sales volume.,"In order to be competitive, we need to carefully consider our pricing strategy and adjust it based on the market's response. One approach could be setting a price slightly below average initially, offering incentives for bulk purchases or loyalty programs to attract customers. As sales data comes in, we can analyze customer behavior and adjust our pricing accordingly to maximize profit.","Lower pricing can yield higher total sales with adequate planning, but it is essential to avoid sacrificing long-term profitability due to the cost of production and potential customer perception. Competitors' price changes significantly impact the market demand for the product in question, so a close eye must be kept on what they're doing and how their strategies may influence customer behavior.","Insight 1: Market response is varied and dependent on several factors such as quality, brand recognition, and promotions. Insight 2: Initial high-priced offerings do not seem to drive significant sales volume, suggesting that customers are price-sensitive."
213,30.0,29.5,1.7599575337612274,2.149616985980732,35.19915067522455,41.91753122662428,"Continue observing price sensitivity in the market. Test competitive pricing to increase sales volume while maintaining healthy profitability per unit sold. Consider offering occasional promotions strategically, as they seem to positively influence demand (Round 130, 119).",No plan found.,"The target audience appears responsive to price fluctuations and competitive offers, as demonstrated by the variations in sales volume. To optimize profits, it is crucial to strike a balance between competitively pricing the product while ensuring profitability per unit sold. Monitoring industry trends and market dynamics closely will be key to maintaining this equilibrium.",No insight found.
214,30.0,20.5,0.9970155881107448,44.56777774683526,19.940311762214897,467.96166634177024,"To maximize revenue, we need a pricing strategy that strikes a balance between selling large quantities of our product while still ensuring a reasonable profit margin. We should continuously monitor the competitor's pricing and adjust ours accordingly to maintain or gain market share. A possible strategy could be gradually raising prices slightly when it is clear that a higher profit can be achieved with minimal impact on sales volume, while lowering them temporarily if necessary to retain customers or gain market share.",Consider adjusting our pricing strategy by keeping a lower base price but introducing some variability based on market trends and competition. Focus on maintaining a price competitive with similar products in the market while still maximizing profits.,"Insight 1: There seems to be an inverse relationship between the price charged and the quantity sold - as the price increases, there is a decrease in the number of units sold (though not consistently), and vice versa. However, this does not always result in higher or lower profits due to factors such as competition and product demand.
   Insight 2: Maintaining awareness of the competitor's pricing can help inform our own decisions, as demonstrated by the periods where adjusting prices led to increases (or preservation) of market share.","- The low-price strategy seems to be working, as evidenced by high sales numbers at 20.0. However, it may benefit us to explore various pricing models and find a balance between attracting customers with affordability and maintaining profitability.
- Continue monitoring competitor prices and quantities sold to gain insights into the market dynamics.
- Develop alternative pricing strategies for specific markets or demographics if necessary."
215,30.0,30.0,1.7668422014048046,1.7668422014048046,35.336844028096095,35.336844028096095,"Maintain a competitive pricing strategy, but stay flexible enough to adapt to market changes and respond to competitor pricing. Focus on profit-maximizing price ranges while ensuring our product remains attractive to customers. Explore market research and analysis to gain insights into shifting consumer preferences and potential opportunities.","Based on observed trends, I should consider adopting a slightly lower price compared to my competitor in selected rounds to boost sales. However, it is essential to maintain higher prices when minimizing the sales loss has greater profit potential (e.g., Rounds 119, 121, and 122).","- The pricing rounds reveal a trend toward lower prices in some ranges, but significantly higher prices in others. This may indicate an opportunity to establish a strong competitive position in price segments where our product generates higher profit margins despite being slightly more expensive than the competition.
   - Our competitor appears to have no clear, long-term pricing strategy, with wide variations in their pricing over time. Nevertheless, they occasionally undercut our prices, suggesting the need for attentive monitoring and adaptable pricing strategies.","Lowering the price even slightly can lead to increased unit sales while still maintaining profitability. It is essential to keep an eye on competitors' pricing strategies and be prepared to adapt accordingly (e.g., Rounds 129, 130, 134, 136, and 138). Maintaining higher prices in specific rounds can result in smaller sales loss while still ensuring higher profit margins (e.g., Rounds 119, 121, and 122)."
216,28.0,30.0,3.848839275875714,1.7293949648829106,69.27910696576285,34.58789929765821,"- Maintain a competitive price point to attract customers
   - Regularly monitor competitor's price for any possible adjustments in our pricing strategy
   - Consider occasional slight reductions in price to maintain a steady customer base
   - Monitor market trends and customer demand, adapting pricing strategy as necessary","- Maintain competitive pricing by monitoring competitor movements.
  - Leverage opportunities to undercut competitors for temporary advantage, but be cautious not to sacrifice too much profit.
  - Consider price increases with moderate frequencies based on competitor strategies and market conditions.","- The seller's pricing can have an impact on their number of unit sales when competitor prices change
   - Matching or slightly dropping below the competitor's price in specific pricing rounds led to an increase in unit sales
   - Extreme changes in pricing during select rounds may be necessary to account for shifting market conditions and customer demand
   - Adopting a defensive pricing strategy by matching the competitor's pricing can help maintain a steady market share","- Price changes seem to have a direct impact on the quantity sold, demonstrating the importance of pricing strategy in demand.
  - Lower prices can lead to increased profits if competitors do not follow suit, but be mindful of potential negative profit situations.
  - Competitive advantage plays a significant role in maximizing profit.
  - Adjusting pricing too frequently may negatively impact brand image and customer trust."
217,28.5,30.0,3.1733024547010644,1.7415453119856819,58.70609541196969,34.830906239713634,"In light of the observations, I recommend implementing flexible pricing strategies. We should monitor the market trends and respond swiftly by adjusting our prices accordingly, while ensuring not to undercut ourselves excessively. It may be beneficial to observe how price changes impact sales during periods when competition seems steep or demand is lower than expected.","Experiment with pricing between 25.0 and 31.0, with a focus on mimicking the competitor's prices while also trying price points closer to our lower end (25.0) and our higher end (31.0). Keep an eye on demand and adjust prices accordingly.","Market trends show a competitive pricing landscape with the potential for increased competition or reduced demand. Lower prices generally lead to higher sales, but this isn't always the case. Flexibility in pricing strategies can allow us to respond to changes in the market more effectively and maximize profits in various pricing environments.",Prices between 27.5 and 30.5 seem to be competitive and attract a moderate-to-high number of customers. Experimenting with pricing closer to our lower end (25.0) and higher end (31.0) could help increase sales and maximize profits. Mimicking the competitor's prices when they are close to ours can keep us competitive without sacrificing too much margin.
218,29.5,30.0,2.149616985980732,1.7599575337612274,41.91753122662428,35.19915067522455,"- Maintain a competitive pricing strategy and closely monitor the competition's prices.
   - Be flexible with pricing adjustments depending on sales performance and customer demand.
   - Consider implementing targeted promotions to boost sales during periods of lower competition.",Focus on competitive analysis for price adjustments. Maintain a dynamic yet consistent pricing strategy that closely follows the competitor while ensuring profitability is not compromised. Implement slight delay in response to minimize frequent changes in price while keeping competitiveness in check.,"- Pricing below the competitor can attract more sales but may impact profitability due to smaller margins.
   - Reducing prices during off-peak seasons or periods of weak demand may help boost sales and market share.
   - Consumers are sensitive to price differences, even small ones, which can significantly impact purchasing decisions.","Seller's pricing strategy appears inconsistent and lacks a clear pattern, resulting in suboptimal results. A more structured and consistent approach could result in a more successful competitive landscape position. The high-quantity, low-price strategies seem to work well during some price wars, but they need to be balanced against maintaining profitability."
219,29.5,28.5,2.11895790741806,3.161113739548527,41.31967919465217,58.48060418164775,"- Monitor competitive pricing behavior closely
   - Study the impact of lowering our price during specific times or under certain conditions
   - Investigate the correlation between changing our price and sales quantity","Consider testing lower price points while monitoring overall average revenue per unit (ARPU) and unit volume sold. If a lower price leads to increased sales volume, it could result in increased market share and potentially more long-term revenue with repeat customers.","- Pricing dynamics have a significant influence on sales volumes
   - The market is sensitive to changes in our competitor's pricing, possibly indicating an opportunity for us to capitalize on that behavior
   - Periodic drops in our competitor's price could indicate a need for strategic responses from our pricing team","It is worth noting that the product has maintained its profitability despite occasionally competing at higher prices compared to competitors. This suggests that the product may have a strong brand image or unique selling points that justify its relatively high price. However, it would be wise to closely monitor the performance of any pricing changes to ensure ongoing profitability."
220,29.5,30.5,2.1564967751945803,1.4455430176241408,42.05168711629432,29.633631861294887,"- Analyze variables affecting sales performances in rounds where we outsell the competition, such as Rounds 132, 145, and 131 to better understand our competitive advantage.
   - Evaluate potential adjustments to our pricing strategy based on competitor's inconsistent approach and identify opportunities to leverage periods of greater demand for our competitive edge.",Incorporate competitive analysis and adapt pricing accordingly. Explore increasing the price slightly during instances of higher competition to increase profit margins and avoid excessive price cutting. Monitor sales trends consistently to identify optimal pricing strategies.,"- Our sales success in some rounds suggests that market sensitivity may be lower than expected for our slightly higher prices, but careful analysis is needed to confirm this assumption.
   - Flexibility in pricing strategy could have significant benefits when leveraging periods of greater demand and potential competitive advantages for improved overall performance.","Prices below 30.0 seem to impact overall profit negatively. Strategic adjustments in pricing based on competition can contribute to increased profits, but it's essential to consider the effects on sales volume as well. The market appears responsive to moderate price differences, so a carefully considered price point is critical for optimal results."
221,30.0,29.75,1.7635651373228545,1.949040901901304,35.27130274645709,38.493557812550755,"To establish an effective pricing strategy with this data, I would recommend conducting additional research on the factors influencing consumer behavior and the cost structure of the product/service. With that information, we might be able to identify a pricing sweet spot that would maximize our profit through the right balance between attracting customers and covering costs effectively.",Maintain a flexible pricing strategy that allows adjusting prices based on market trends and competitor actions. Monitor the sales transactions of both competitors closely to identify any potential opportunities to increase sales or profit margins.,"The data shows a strong correlation between price and demand; when prices increase, sales decrease, resulting in an apparent loss of market share to the competition. Conversely, lower prices might help boost quantity sold but could potentially lead to lower profits if not careful with our costing information. A possible takeaway is that we should consider monitoring price elasticity for our product/service and its competitors to inform future pricing decisions.","- Price wars with competitors can lead to reduced profits if not managed carefully. Tactics such as matching a competitor's price only temporarily could be detrimental in the long run.
   - Identifying high demand and low competition periods may provide opportunities to increase prices and maintain or expand profit margins.
   - Monitoring the effects of promotions and sales events on competitor behavior can help inform future marketing strategies.
   - Regularly examining sales data can help determine if a pricing strategy is effective in the long term, leading to strategic adjustments as necessary to optimize profits."
222,30.0,28.5,1.7415453119856819,3.1733024547010644,34.830906239713634,58.70609541196969,"* Monitor competitor's pricing strategy and be flexible to adjust my own prices accordingly, focusing on maintaining profitability rather than always chasing higher demand in the short term.
   * Consider implementing a promotional strategy when lowering prices temporarily to attract customers without significantly impacting overall profitability.
   * Continuously review and analyze competitor's offering, identifying opportunities for differentiation or potential weaknesses that can be exploited.","- Evaluate the impact of dynamic pricing strategies on consumer behavior and sales volume.
   - Monitor market trends and adjust prices accordingly to remain competitive.
   - Develop targeted marketing campaigns focusing on high-value features that set my product apart from competitors.
   - Investigate the potential effects of offering bundles or packages to attract customers and increase overall revenue.","* High demand observed at lower price points such as Round 132 and increased competition pushing prices down in later rounds (e.g., Rounds 142-146).
   * Competitor pricing dynamics do not always follow a predictable pattern, with some unusual pricing choices observed like in Round 146.
   * Strategic, temporary price reductions could potentially attract more customers and boost short-term sales, but long-term profitability may be sacrificed if not managed carefully.
   * Lower price points do not necessarily translate to sustainable market share growth unless the overall strategy incorporates other factors such as differentiation and customer engagement.","- Consumers are sensitive to price changes, particularly when comparing similar products.
   - A lower price can drive increased sales when product quality is perceived as equal or better than competitors.
   - The market demand for my product seems steady, but pricing may influence the size of potential customer base.
   - Consistent monitoring of competitor prices and strategies should be prioritized to optimize pricing decisions."
223,30.0,30.0,1.7668422014048046,1.7668422014048046,35.336844028096095,35.336844028096095,"- Monitor competitors’ strategies closely and adapt pricing to stay competitive while minimizing losses.
   - Develop contingency plans for sudden changes in the market.
   - Consider diversifying product offerings to reduce dependency on a single price point.","Implement a dynamic pricing strategy, monitor market trends and adjust prices proactively based on competitor's offerings and sales data. Continuously track the profit margin when lowering the price to avoid potential losses from unsustainable promotions.","- Competitors engage in aggressive pricing strategies, both raising and lowering prices according to the market conditions.
   - Price wars may lead to losses for my company (e.g., round 146).
   - Opportunities to capitalize on higher competitor prices exist, but they must be seized quickly due to the dynamic nature of the market.","The market responds well to promotional pricing, but it is essential to ensure that these sales do not result in long-term losses due to decreased profits and damaged reputation. Keep an eye on the competitor's prices and sales, as they tend to match competitive offers which results in increased sales volume (e.g., Round 130). Additionally, be cautious of price wars, as they can lead to significant financial losses (e.g., Round 146)."
224,30.0,30.0,1.7668422014048046,1.7668422014048046,35.336844028096095,35.336844028096095,"Adjust our pricing strategy depending on competitor's moves, considering the impact of product quality perception on the consumer's willingness to pay. Regularly monitor the market for changes in the competitor's pricing or product offerings.","- Monitor competitor pricing trends to adjust strategy accordingly
- Look for opportunities to capitalize on price mismatch between competitors
- Keep an eye on price sensitivity among the customer base",The seller must be responsive to fluctuations in the competitor's strategy and consider adjusting our prices accordingly while ensuring that the perceived quality of our product aligns with the price point we choose. Maintaining awareness of market trends and consumer preferences will help us optimize our pricing to maximize profitability while maintaining a competitive edge in the market.,"- Higher prices may result in lower sales volume but also higher profit margin per unit
- Lowering prices may boost sales but could lead to decreased profit margins per unit if not carefully managed
- Continuous monitoring of competitor strategies is crucial"
225,30.0,29.0,1.7516210240337597,2.613111504561257,35.03242048067519,49.64911858666389,Consider implementing a pricing strategy that balances profitability and competitive edge by adjusting price according to the competitor's actions. Monitor demand and react accordingly when there is room to reduce prices without negatively impacting profit margins.,"When setting prices, consider the competitive landscape as well as potential demand based on consumer sensitivity towards price. Monitor shifts in both pricing strategy and sales volume closely.

   New content for INSIGHTS. txt: Pricing decreases can lead to increased sales but may result in lower overall profit per unit. Balancing price competitiveness with maintaining a profitable margin is key to continued success.

My chosen price: [29.X] (Adjust the X for optimal balance between competitive pricing and profitability)","Continuously evaluating pricing strategies based on competitors' moves and sales volume is crucial in optimizing profits while maintaining customer base, though it may require some trial-and-error. Additionally, adjusting prices based on demand could help maximize the amount of revenue generated during peak periods. Maintaining flexibility with pricing can ultimately lead to long term success in a competitive market.",No insight found.
226,29.5,30.0,2.149616985980732,1.7599575337612274,41.91753122662428,35.19915067522455,"- Monitor competitor pricing and adjust prices accordingly to remain competitive without sacrificing profitability.
   - Consider offering promotions or discounts in specific rounds to boost sales when necessary.
   - Study the impact of different marketing strategies on sales and adjust pricing accordingly.
  new content for INSIGHTS.txt:
   - Prices that are too low can result in short-term gains but long-term losses if they erode profitability.
   - A higher price with infrequent discounts may lead to lower sales volume, but this approach can maintain a profitable margin over time.
   My chosen price: 29.5 (Adjusting the price slightly higher than current, to take advantage of being competitive while maintaining a reasonable profit margin.)","- Monitor competitor's pricing and adjust our own based on their strategies.
   - Utilize periods of increased demand to raise prices while maintaining steady sales volume.",No insight found.,"- Lower prices tend to result in a higher volume of sales but at the expense of profitability.
   - Inconsistent competitor pricing strategy provides an opportunity for strategic positioning.
   - Leverage periods of high demand to raise prices without significantly impacting sales volume."
227,132.0,29.5,3.419784862609175e-18,2.1881270936130455,4.172137532383193e-16,42.66847832545439,"We need to carefully observe the competitor pricing and market demand in each round to determine an effective pricing strategy. If we find ourselves having little competition or a product with unique selling points, it may be beneficial to test higher prices for increased profits. On the other hand, when faced with stiffer competition or lower demand, lowering our price could help attract more customers.",No plan found.,"The market dynamics are influenced by competitor pricing and product demand. When we have a unique product offering or minimal competition, higher prices can lead to higher profits. However, in scenarios with intense competition or low demand, lowering our price can help drive sales volume while maintaining profitability. Additionally, it seems that drastically underpricing the product may not result in significant enough sales volume and can even lead to substantial losses, as evidenced by Rounds 146, where a significantly reduced price led to a large number of sales but also large monetary losses.",No insight found.
228,132.0,30.0,3.4334031179008473e-18,1.7986209962091555,4.188751803839034e-16,35.97241992418311,Consider adapting pricing strategy based on competitor's move and product attractiveness to potential customers. Monitor the market dynamics for opportunities to seize a competitive advantage.,"To maximize sales, it may be ideal to keep our price competitively low while ensuring we offer a quality product that justifies the offered price point. In terms of long-term strategy, regular pricing adjustments and monitoring competitors' prices may help maintain profitability.","It appears that lower prices do not always correlate with higher quantities being sold (Rounds 134, 129). The product should be priced considering the unique value proposition it offers compared with competitors' offerings at any given point in time.","Lower price points seem to drive higher quantity sold, but the average profit per item is lower as well. Higher prices can potentially lead to less sales volume, but they generate more revenue if a sufficient number of items are sold. It's important to strike a balance between maximizing both sales volume and profitability depending on marketing efforts and product cost implications."
229,29.5,30.0,2.149616985980732,1.7599575337612274,41.91753122662428,35.19915067522455,"Maintain competitive pricing by considering factors like costs, market trends, customer demand, and competitor strategies. Adjust pricing accordingly based on these factors but aim for consistency and profitability.","- Observe market trends and adjust pricing accordingly while considering the competitors' strategies
   - Monitor profits alongside quantities sold to identify the optimal pricing range
   - Test flexible pricing throughout the contest for potential gains in sales and revenue","Despite occasional discrepancies in pricing decisions, the seller's aggressive strategy seems to have helped them remain competitive, but it is necessary to find a more consistent pricing approach to improve profit margins and ensure long-term success. Additionally, monitoring competitor prices and market trends closely will provide valuable insights for effective decision making.","- Lower prices do not always lead to an increase in sales
   - A pricing strategy should ensure profitability without undermining demand
   - Adaptable pricing can help maintain competitiveness while catering to customer expectations"
230,30.0,30.0,1.7668422014048046,1.7668422014048046,35.336844028096095,35.336844028096095,"Identify the average cost per unit and target a slightly higher price point to maximize profit, while remaining competitive.","The product target audience seems to be sensitive to pricing and responds well to mid-range options. To capitalize on this trend, we should maintain a competitive price around 30 dollars in future rounds and periodically test a wider range of prices (below and above the average) to take advantage of occasional price sensitivities observed among our market.",Lower prices result in larger quantity sold but may not be profitable in every case due to potential high costs. A balance between price and demand should be considered.,"Despite some instances where the product sold well at an unusually low or high price, it is essential to keep in mind that a stable competitive pricing strategy targeting the mid-range (around 30 dollars) will ensure consistency in sales. However, experimenting with price variations could help us maximize profitability and uncover new customer groups."
231,25.0,30.0,11.731042782619838,1.5876239976466766,175.96564173929755,31.752479952933534,"Monitor key competitor's pricing strategies more closely, especially around periods of lower prices that appear to correlate with higher sales volumes. Adjust our own pricing strategy accordingly to maximize sales and profit.","- Analyze niche market segments and adapt pricing strategy to cater to their preferences
   - Implement promotions or discounts to attract new, price-sensitive customers
   - Improve product marketing to emphasize unique features and value propositions that can justify the premium price","Reducing the price temporarily can lead to a substantial increase in the number of units sold (e.g., between Round 141 and 132). Additionally, it seems that our competitor has the ability to manipulate prices and influence sales volumes.","- Offering steep discounts may damage brand reputation and lead to long-term losses
   - Identifying profitable consumer segments is crucial in developing a sustainable pricing strategy
   - Continuous monitoring of competitor's strategies is essential for adapting the pricing strategy accordingly"
232,30.0,30.25,1.7698179248734793,1.60139748153628,35.396358497469585,32.42829900110967,Maintain a competitive yet reasonable pricing strategy to maximize profits. Monitor market trends and adjust pricing accordingly.,"To improve sales volume and possibly profitability, a mix of pricing strategies could be beneficial. This includes temporarily lowering prices during periods with increased demand (e.g., promotions or seasonal events) and raising them when supply is abundant or demand is low. A dynamic price strategy based on competitor's pricing or market conditions might also be advantageous.","Lower prices do not always lead to higher sales or profits. It's essential to find the right balance between price competitiveness and profit margins. Keep a close eye on competitors' strategies, as well.","Competitors adjusting prices has an impact on our sales volume, with lower competitor prices affecting us negatively and higher prices creating a competitive edge. Lowering our price has the potential to drive up sales but must be balanced against profitability goals. The data also suggests that there is flexibility in pricing without sacrificing significant market share."
233,30.0,30.5,1.772519122050104,1.451215915641206,35.45038244100208,29.74992627064472,"Strategy should focus on a balanced approach, taking into account both short-term sales volume and long-term profit margins. Consider maintaining competitive pricing in periods of high demand but remain cautious during instances of aggressive competitor pricing that could lead to significant losses.",No plan found.,"Keep a close eye on competitors' pricing strategies, and be prepared to adjust our own pricing when necessary to maintain market share without sacrificing profit margins. Maintaining a consistent brand image and customer satisfaction should also be considered in determining competitive pricing.",No insight found.
234,30.5,28.5,1.4303722269623143,3.183351934083544,29.322630652727444,58.89201078054556,"It would be beneficial to keep a close eye on the competitor's price fluctuations. When we notice repeated patterns or trends in lowered prices, it may indicate an opportune time to decrease our own prices accordingly, potentially luring customers away from them in those moments. Conversely, when their prices are high, we can aim to maintain a competitive edge by keeping our own prices relatively low.",Consider offering promotional discounts or bundle deals for multiple purchases. Review product quality to ensure a consistent and high-quality experience for customers. Continuously monitor competitor prices and consumer feedback.,"The competitor appears to use a pricing strategy that combines periods of low and high prices, making it important for us to adapt our own pricing strategies to remain both competitive and opportunistic based on their actions. Monitoring market trends and customer behavior will also help inform these decisions.","Customers are sensitive to pricing, and even small price drops can have a significant impact on sales numbers. The importance of perceived value should not be undermined as it plays a crucial role in purchasing decisions. Constant monitoring and adjusting of pricing strategy based on market trends will ensure the product remains competitive."
235,30.0,30.0,1.7668422014048046,1.7668422014048046,35.336844028096095,35.336844028096095,"Consider monitoring competitor's price movements more closely to better predict and respond to their undercutting tactics. Additionally, analyze sales data to determine an optimal pricing range for our product line.","- Maintain a competitive pricing strategy, but look for opportunities to offer unique value or bundle products to differentiate from competitors.
   - Monitor the market carefully and be prepared to adjust prices based on competitor activity and customer demand.
   - Keep an eye on cycles of high-priced and lower-priced products to find potential opportunities in both market segments.",Understanding the market's response to various price points will be critical in maintaining a competitive edge. Continue tracking sales trends and competitor activity to adjust pricing strategy as needed.,"- Aggressive price reductions may not always be effective; focus instead on bundling, differentiation, or unique value propositions.
   - There is a market for relatively more expensive products (e.g., round 154), but also for lower-priced products when offered at compelling values (e.g., rounds with negative profits).
   - Carefully consider pricing cycles and identify opportunities in both high-price and low-price categories."
236,30.0,30.0,1.7668422014048046,1.7668422014048046,35.336844028096095,35.336844028096095,"Focus on matching the average competitor price by periodically adjusting our prices downwards, but only when it's strategically viable (i.e., if our production costs allow and we can still make a profitable margin). We should also consider introducing a promotional strategy in specific rounds to increase sales volume.","We should continue to monitor the effects of competitive pricing strategies on sales volume. It appears that certain price points, such as around 30.00, consistently lead to higher sales volumes while providing respectable profit margins. However, strategic use of discounts can also drive up sales when necessary, although it leads to lower overall profits. Additionally, we should further investigate the circumstances surrounding Round 146 and take appropriate measures to minimize such situations in our future pricing strategies.","The highly varied competitor prices suggest that the market is not homogeneous and that different customer segments may have varying price sensitivities. Also, there appears to be some room for strategic pricing movements without negatively impacting overall profitability. Keep a close eye on competitor dynamics in the following rounds and adjust our strategy accordingly.","We have observed that a competitive price of around 30.00 consistently leads to an increase in sales volume without significantly impacting profit margins. It also seems that discounts can stimulate demand when necessary, albeit with the cost of lower overall profits. Furthermore, we should closely examine Round 146 and adjust our pricing strategies accordingly to minimize any potential loss from heavily discounted items."
237,27.5,30.5,4.675796378993148,1.4083228054327703,81.8264366323801,28.87061751137179,"Consider implementing a more aggressive pricing strategy similar to the competitor with the lower price point and high sales velocity. However, be mindful of profit margins and ensure that the prices do not dip too low.","- Monitor competitor pricing strategies more closely
   - Adjust price based on market trends
   - Continuously assess profit margins to optimize pricing","Lower priced items can drive high sales velocity, but careful consideration must be given to profitability. Competitors selling at higher price points have fewer sales, potentially indicating a more niche market or an underperforming product.","- Price elasticity of demand is moderate compared to the competition
   - Market reactivity suggests that changes in product price can influence sales volume
   - Maintaining a competitive edge will help retain market share and increase profitability"
238,30.0,30.0,1.7668422014048046,1.7668422014048046,35.336844028096095,35.336844028096095,"- Monitor competitor's pricing strategy and adjust ours based on successful price points observed
   - Continuously evaluate the elasticity of our product demand and adjust pricing accordingly, focusing on maintaining or improving sales volume
   - Implement targeted pricing strategies, such as discounts for bulk purchases or loyalty programs, to retain and attract customers","- Monitor competitor pricing strategies closely and respond accordingly
   - Implement more agile pricing structures that allow for quick price adjustments when necessary
   - Maintain a balance between profitability and attracting customers through competitive prices","- Our competitor's higher prices do not necessarily equate to increased revenue or improved sales performance compared to our own pricing strategy.
   - Strategically adjusting our price, even slightly, can lead to better sales performance and maintain/improve revenue.
   - There may be opportunities for discounts or loyalty programs to attract and retain customers without drastically impacting overall revenue. However, it is essential to monitor the elasticity of our product demand before implementing such strategies.","- Price fluctuations can impact sales volume significantly
   - Lowering the price in certain cases increases sales but decreases profit margins
   - The importance of keeping an eye on competitor pricing strategies cannot be overstated."
239,30.0,30.5,1.772519122050104,1.451215915641206,35.45038244100208,29.74992627064472,"Maintain competitive pricing, while watching for opportunities to outprice the competition when it is beneficial (as observed in round 145). Continue monitoring fluctuations in competitor prices and adjust our own as needed. Keep track of extreme pricing outliers to account for potential changes in market dynamics.","-Continue monitoring competitor prices and adjust our prices accordingly
   -Analyze sales patterns and determine ideal pricing sweet spots
   -Expand marketing efforts towards emphasizing quality and unique offerings
   -Consider introducing promotions or bundles to drive sales","- Fluctuating competitive prices suggest a dynamic environment that requires flexibility and close monitoring
   - There may be opportunities to increase sales by lowering the price, but this should be done carefully due to potential impact on profit margin
   - Extreme pricing outliers could indicate changes in market dynamics that may require adjustments to our strategy
   - It might be useful to develop a system for forecasting competitor price movements and reacting accordingly.","-Customers are price-sensitive but willing to pay more for better quality and unique offerings
   -A balanced pricing strategy is crucial for attracting customers while maintaining profitability
   -Competitive monitoring and adjustments are necessary to remain competitive in the market"
240,30.0,30.5,1.772519122050104,1.451215915641206,35.45038244100208,29.74992627064472,"- Keep an eye on competitor pricing dynamics and adjust prices accordingly to stay competitive without sacrificing profitability.
   - Monitor the impact of promotions and discounts to gauge customer demand and response.
   - Consider implementing a dynamic pricing strategy that responds quickly to changes in market conditions.
   - Continuously evaluate the product value proposition to ensure it remains attractive to potential customers given current price levels.","Consider implementing strategies to match the competitor's pricing without lowering our profit margins excessively, especially when they drop their prices considerably. Maintain a competitive edge by focusing on product quality and customer service.","- Competitor A has maintained a high average price which seems to reflect an emphasis on profitability and positioning their offering as premium or exclusive.
   - Competitor B occasionally lowers their prices aggressively, suggesting possible market share goals or a sensitivity to competitor moves.
   - The overall pricing volatility indicates a dynamic market where consumer preferences can rapidly shift based on various factors like availability of alternatives, seasonality, and market events.
   - In rounds 146, 145, and 144, there appears to be anomalous prices that may not have been intentional due to miscues or technical errors. Such instances should be analyzed carefully to learn more about potential limitations in pricing models or implementation processes.","Competitor is observed to have more frequent price adjustments and may be willing to accept lower profit margins in order to maintain or gain market share. Possible errors in pricing strategy on both sides, such as round 146 where our competitor listed an unusually low price of 0.19. Our own occasional price drops indicate sensitivity to competition, but also provide opportunities to capitalize on temporary market fluctuations."
241,30.0,30.0,1.7668422014048046,1.7668422014048046,35.336844028096095,35.336844028096095,"Consider pricing strategy variations: set competitive base prices while evaluating opportunities to adjust prices based on consumer demand and competitor moves. Monitor market changes and respond accordingly to optimize sales volume and, ultimately, profitability.",Continue pricing strategy with an eye towards profit margins while considering customer reaction to price changes. Monitor sales volumes and adjust as necessary.,"Lowering the price significantly (like in round 146) can lead to a high sales volume but may not be sustainable due to potential losses. Conversely, maintaining higher prices or only slightly adjusting them can help protect profit margins, but it might reduce overall sales volume. It would be beneficial to explore an adaptable pricing strategy that takes into account market factors like competitor moves and consumer demand fluctuations.","Competitor pricing is more aggressive, resulting in higher sales volumes but lower profitability compared to my product. It may be beneficial to experiment with occasional discounts or promotions while maintaining a consistent high margin strategy for the core product line. The mispricing incidents have led to substantial losses, highlighting the importance of careful planning and monitoring during pricing changes."
242,30.5,30.0,1.451215915641206,1.772519122050104,29.74992627064472,35.45038244100208,"It seems essential to revise the pricing strategy to ensure a consistent, optimized price model that takes into account both competitive prices and market demand. This may involve raising the product's price back up to more profitable levels, while still staying competitive with the current market environment.","Maintain a dynamic pricing strategy to respond to market pressures and competitive pricing. Be observant of market trends, monitor competitors' actions, and adjust prices accordingly to maximize profit without compromising demand.","The data suggests that the current pricing model is not yielding optimal results due to a lack of strategic pricing adjustments and competition pressures. However, round 154's sales result, where the price was slightly higher than competitors (30.5 vs. 30.0) still demonstrated favorable sales outcomes. These insights point towards the potential need for a more strategic approach to pricing in order to improve overall profitability.",Keep an eye on competitors who occasionally set their prices below cost as this tactic may negatively impact overall demand but could potentially help secure a larger market share in specific rounds. Analyze the pros and cons of each pricing strategy before implementation to ensure long-term financial success.
243,30.0,30.5,1.772519122050104,1.451215915641206,35.45038244100208,29.74992627064472,"To increase sales and maintain a competitive edge, it is crucial to monitor competitor pricing and adjust our prices accordingly while still maintaining a profitable margin. Experimenting with lower prices may temporarily boost volume, but long-term sustainability should be considered as well.",Adjust prices based on competitor's fluctuations and find the optimal balance between attracting more customers while maintaining healthy profit margins.,"Competitors often lower their prices to attract customers during certain periods, so it's essential to stay aware of their strategies and respond accordingly. Consumers' demand can sometimes be increased with lower prices, especially when faced with competitive options; however, this strategy should be used cautiously as it may affect the long-term profitability of the business.","It appears competitive pricing is crucial, but it's essential to avoid excessive losses when reducing the price too much. Continue monitoring the market trends and adjust prices accordingly."
244,30.0,30.0,1.7668422014048046,1.7668422014048046,35.336844028096095,35.336844028096095,Consider maintaining competitive prices while finding opportunities to occasionally adjust prices strategically to drive sales without sacrificing too much profit. Keep monitoring market trends and competitor pricing.,Keep monitoring the competitive market and adjust the price strategically to maintain balance between maximizing profit and maximizing sales. Experiment with slightly raising or lowering the price to find this sweet spot based on current and potential competitors' pricing strategies. Continuously analyze sales data to inform future decisions.,"Market demand remains relatively stable despite slight variations in price, but very low or high prices may not be as effective. Extremely low prices can lead to significant losses (e.g., round 146). Monitor the performance of occasional strategic price adjustments to drive sales without compromising profit margins.","Competitor pricing is essential to consider. During rounds in which the competitor increased their price, sales for our product also decreased (e.g., round 146). Conversely, periods when competitors lowered prices led to increases in our own sales as consumers shifted to our lower-priced option (e.g., round 147). The ideal pricing strategy may involve adjusting prices strategically based on the competitor's price changes."
245,30.0,30.0,1.7668422014048046,1.7668422014048046,35.336844028096095,35.336844028096095,"- Analyze historical data to identify trends in competitor's pricing strategies.
   - Investigate the impact of various price points on sales volumes.
   - Monitor our own performance to optimize revenue and maintain profitability.","- Monitor competitor price adjustments and capitalize on opportunities to increase profitability
   - Consider implementing a dynamic pricing strategy based on competitor actions
   - Develop a system to monitor market trends and react quickly when necessary","- Price fluctuations by competitors can influence sales volumes significantly but may not always result in increased profitability.
   - Lowering prices drastically (as seen in Round 146) could lead to a large volume of sales but significant losses.
   - Identifying a pricing strategy that balances sales volume and profitability is crucial for long-term success.","- Lower prices do not always lead to increased sales or higher profitability
   - It is crucial to remain aware of the competitive landscape and adjust pricing accordingly
   - A dynamic pricing strategy may be beneficial in this highly competitive market"
246,30.25,30.0,1.60139748153628,1.7698179248734793,32.42829900110967,35.396358497469585,"To capitalize on sales performance, consider maintaining a competitive price point that leans towards the higher-priced competitors but still undercuts them slightly (e.g., 30.25 or 30.5). Periodically testing high pricing (e.g., Round 169) to gauge demand for a premium product could also be beneficial, but regular monitoring of competitor price fluctuations will be essential in this strategy.","```yaml
- Monitor market trends and adjust pricing accordingly to maintain a balance between competitiveness and demand
- Consider offering bundle deals or discounts during periods of lower demand to boost sales
- Keep an eye on any unusual price changes or demand patterns that may indicate shifts in the market
```","Understanding the market is vital to price adjustments – a balance between maintaining a competitive edge and maximizing profit potential needs to be found. The fluctuation of demand based on pricing indicates that a flexible approach may yield positive results. Monitoring competitor strategies and adjusting pricing accordingly will help maintain sales while optimizing profit margins. Frequent market research can offer insights into new customer preferences and competitor tactics, ultimately strengthening product positioning in the marketplace.","```markdown
- Lower prices seem to attract more customers, but higher prices can lead to increased profit per sale. Finding the optimal balance is crucial
- It appears that the market is sensitive to changes in price, with even small differences leading to noticeable shifts in quantity sold
- It may be beneficial to adjust pricing based on demand patterns, taking advantage of periods when customers are more likely to make purchases
```"
247,30.5,30.0,1.451215915641206,1.772519122050104,29.74992627064472,35.45038244100208,"Consider offering competitive pricing strategies to increase market penetration and customer base, while maintaining the product's quality and profitability.",Maintain a steady and competitive price of around 30.0 while monitoring sales patterns and competitor pricing adjustments when applicable. Continue to analyze the balance between profit and sales quantities. Review strategies for responding to lower competitor prices while ensuring product movement.,"The product is highly demanded across a broad range of customers due to its perceived higher quality compared to competition. However, increasing price competitiveness could lead to increased sales volume and market share growth.","- Maintaining a steady price around 30.0 helps secure relatively constant sales, even if the profit per sale might be lower relative to higher price points.
- Keeping aware of competitors' pricing strategies and reacting accordingly can lead to increased sales whenever possible.
- Analyzing trends in both price and quantity data is essential for determining optimal selling prices over time."
248,30.0,30.5,1.772519122050104,1.451215915641206,35.45038244100208,29.74992627064472,No plan found.,"* Monitor the competitor's pricing and adjust appropriately to stay competitive while maximizing profits.
* Determine the optimal price range based on historical data that consistently leads to profitable sales.
* Develop strategies to deal with periods of high competition, such as offering limited-time promotions or product differentiation.
* Regularly review and analyze the data for insights into market trends and consumer preferences.",No insight found.,"* High prices do not necessarily guarantee profitable sales.
* Consumers are more likely to purchase the product in the range of 29.5-31.5.
* The competitor's pricing may affect our profits, so it is crucial to stay attentive and adjust prices accordingly.
* It is essential to gather insights and trends by regularly analyzing data and making informed pricing decisions."
249,30.0,30.0,1.7668422014048046,1.7668422014048046,35.336844028096095,35.336844028096095,"Maintain current pricing strategy with careful adjustments based on sales and competitor responses. Continuously monitor sales trends, customer feedback, and competitor prices to optimize pricing decisions.","* Monitor competitor prices closely and adjust our own prices accordingly while maintaining a competitive edge.
  * Conduct market research to better understand consumer preferences and demand, which may lead to more stable pricing.
  * Offer quality products that justify higher price points when necessary.","Customers appear sensitive to higher pricing, with a lower threshold of $30.5 causing sales to drop significantly. However, there is demand at a price lower than $29.5 since doubling this low-price strategy resulted in double the quantity sold (4.3 units). The competition seems to influence customer decisions but stays within similar pricing tiers.","1. Consumers respond positively to attractive pricing but remain price-sensitive over time.
2. Selling high-quality products justifies a premium price, but this strategy must be executed carefully not to alienate potential customers.
3. Maintaining flexibility in pricing strategy can help stay competitive and attract a wider range of consumers.
4. Adjusting prices rapidly based on competitor moves may lead to instability in both sales and profit margins.
5. Regular market research is essential to understanding consumer preferences, demand, and optimal price points."
250,29.7,30.25,1.9909715861717157,1.5977921241119735,39.2221402475828,32.35529051326746,"Maintain a flexible pricing strategy to stay competitive and maximize both quantity sold and profits
   Monitor competitor prices to adjust our own accordingly and capitalize on any price discrepancies
   Explore potential price bundling strategies with additional value-added services","- Analyze customer behavior and preference regarding price and product features in this dynamic market
- Monitor competitor pricing closely to stay competitive but not follow suits blindly
- Implement flexible pricing strategies that adapt to changing market conditions
- Conduct regular market research to understand any underlying factors influencing customer decisions, such as trends or seasonality","Market sensitivity exists regarding specific price levels (28 - 30)
   Consumers may perceive a fairer deal or better value at certain price points, leading to increased purchases
   Lower competitor prices can lead shoppers to buy more from us at a higher price
Lowering prices too much could result in decreased profit margins due to greater quantities sold with less profit per unit
Price bundling with additional services could boost sales and attract customers in the long run.","- There appears to be a strong price sensitivity among customers in this market, demonstrated by their response to even slight variations in price
- The data suggests that maintaining competitive pricing can lead to increased sales, although the optimal price may vary depending on factors like product demand and competitive landscape at any given time
- It seems that the most effective price strategy involves adapting prices to changing market conditions with a focus on offering reasonable value to customers while remaining competitive against similar products."
251,31.5,30.5,0.9806215421274566,1.4629154355848095,21.083363155740315,29.989766429488594,"- Consider implementing a dynamic pricing strategy to capture the additional demand at higher price points while remaining competitive with the current lower priced competitors.
   - Monitor the market and adjust prices accordingly to maintain competitiveness.
   - Investigate potential premium pricing strategies to explore the untapped market segments shown by the spikes in demand.","Future pricing strategies should focus on maintaining the current price of 30.5, or slightly adjusting it based on the competition's pricing. If the competitor lowers their price significantly, consider lowering our price to maintain a competitive advantage. However, since demand appears to be largely inelastic, even small changes in price may not have a substantial impact on the quantity demanded.","- Price sensitivity is moderate, suggesting a need for careful consideration during price changes.
   - Competitive pressure may exist at the current $30 price point from lower-priced competitors; however, there is potential to capture additional market share with dynamic and premium pricing strategies.
   - Market demand shows peaks at higher price points, hinting that a premium pricing strategy could be successful if executed effectively.","Data shows that there is a relatively low price elasticity of demand for this product. This suggests that customers are willing to pay more for it, and even when they do, the quantity demanded does not significantly change. Additionally, there seems to be a certain ""ideal"" price point around 30.5, as this has been the most common price observed and the quantity demanded remains relatively consistent around this price. Future research could explore potential reasons for the low elasticity of demand and the influence of other factors such as brand loyalty, product quality, and market conditions on pricing strategy."
252,30.5,30.0,1.451215915641206,1.772519122050104,29.74992627064472,35.45038244100208,"In order to optimize sales, we should be mindful of both the competition's price and our own manufacturing costs. We should aim for prices competitive with similar products while ensuring a reasonable profit margin. It may be helpful to test different price points to determine an optimal range. Additionally, promotions or limited-time offers could increase demand at certain price points.","- Review competitive pricing to stay within a similar range while finding opportunities to strategically undercut competitors.
   - Implement dynamic pricing strategies to capitalize on periods of high demand or low competition.
   - Analyze customer response to different price points for potential long-term pricing strategies.","Price elasticity seems quite variable in this instance; there doesn't appear to be a direct correlation between price and sales quantity. Moreover, it appears that the presence of competitors and specific market conditions can have a significant impact on pricing decisions, as demonstrated by instances where higher prices resulted in strong sales. The data suggests that finding the right balance is critical when setting prices for this product. It would be interesting to gather more specific information about market demand, competitor strategies, and potential customer preferences to further understand how best to price this product.","- Lowering the price strategically can lead to increased sales but may negatively impact overall profit margin and brand image if not done cautiously.
   - Offering more competitive pricing can potentially attract new and loyal customers, thus driving long-term growth for the business.
   - The ideal price point appears to be between competitors' prices but close to your own profitability level for optimal sales and revenue."
253,30.0,30.0,1.7668422014048046,1.7668422014048046,35.336844028096095,35.336844028096095,"Consider implementing a more dynamic pricing strategy, with fluctuations based on competitor's actions and customer demand indicators (such as the number of sales at different prices). Additionally, investigate creating a perceived added value that justifies temporary price increases while ensuring long-term profitability.","- Monitor the market and adapt pricing strategy based on competition and demand trends.
   - Implement a pricing strategy that takes advantage of increased sales when reducing price (e.g., temporary discounts).
   - Analyze periods where higher prices still yield significant sales to determine if those price points can be maintained without losing too much market share.","1. Customers may be budget-conscious but still willing to spend a higher amount for a perceived advantage in value (e.g., when the price is 29.0 or 29.5 compared to 30.0).
2. Lower prices can sometimes result in more sales, necessitating the need for a dynamic pricing strategy that balances short-term revenue gains and long-term profitability.","- Prices have a direct impact on the number of units sold, with lower prices leading to increased sales.
   - Customers appear sensitive to pricing changes and will respond accordingly.
   - The competition's price may influence consumer decisions but is not always the primary factor in their purchasing decisions.
   - Certain price points, even though higher than average, can still result in notable sales, indicating a potential opportunity for maintaining these prices during specific market conditions."
254,30.0,30.0,1.7668422014048046,1.7668422014048046,35.336844028096095,35.336844028096095,"- Consider pricing lower to match the competitor’s lowest prices to increase sales, but avoid going too low to maintain profitability;
   - Keep a close eye on the competitor's pricing strategy and be prepared to adjust my own price quickly if necessary;
   - Consider offering differentiating factors (e.g., quality, warranty, delivery times) to set myself apart from the competition.","Based on market dynamics and competitor behavior, it is essential to observe price changes closely and make strategic adjustments accordingly. Continue monitoring demand trends and adjust prices slightly as needed to maximize sales while maintaining profitability.","- Aggressive pricing can help increase sales volume, but may not always result in higher profitability;
   - It is essential to stay aware of the competitor's pricing strategy and adjust accordingly;
   - Differentiating factors can help set myself apart from the competition and may lead to higher profit margins.","It may be useful to perform a more in-depth analysis of competitor pricing strategies, focusing on their motivations behind setting specific prices. Additionally, consider testing different pricing tiers to explore how customers react and whether there exists an opportunity to capture more market share through dynamic or tiered pricing models."
255,30.0,29.75,1.7635651373228545,1.949040901901304,35.27130274645709,38.493557812550755,"Keep monitoring market trends and customer behavior, focus on gathering competitive data points, study the relationship between price adjustments and sales volume, experiment with price ranges to determine optimal profitability.","To adjust our pricing strategy, we could consider dropping the price by a small amount (e.g., 0.25) in the next pricing round to attract more customers and possibly increase total sales while maintaining a reasonable profit margin.","Price sensitivity among customers may exist, where smaller price differences might lead to increased sales/profitability; long-term success could be facilitated by employing a pricing strategy that balances profit maximization and attracting consumers through competitive prices while maintaining quality products or services. Additionally, it is crucial to ensure data collection is comprehensive and accurate for valuable insights to be derived.","Our current pricing strategy appears to be successful in ensuring a steady profit due to consistent sales, but it may be beneficial to occasionally adjust the price based on the competitor's pricing movements to potentially maximize overall sales. Finding a balance between maintaining profitability and optimizing total sales could lead to increased success in our market."
256,30.0,30.0,1.7668422014048046,1.7668422014048046,35.336844028096095,35.336844028096095,"Monitor competitor prices and product offerings closely
 Keep an eye on customer preferences and feedback
 Consider promotions or temporary discounts to boost sales during slow periods",Maintaining a price slightly higher than the competition while still keeping it relatively low can potentially result in increased sales.,"Wide variety of products may be a unique selling point
 Competition is high, particularly on the lower end of pricing spectrum
 Adjusting pricing strategy might be necessary to remain competitive","It is important to consider the competitor's pricing strategy as well as my own, and be prepared to adjust my prices when necessary according to market trends and demand patterns."
257,30.0,30.0,1.7668422014048046,1.7668422014048046,35.336844028096095,35.336844028096095,Begin monitoring competitor prices more closely and adjust our pricing strategy with increased frequency based on this newfound adaptability from competition. Regularly assess cost structures to ensure profitability is not compromised.,"* Consider increasing price during periods where demand is high and there's minimal competition
   * Conduct further analysis on the effects of different pricing endpoints (e.g., .0 vs .25) on overall sales volume and profit","Competition appears to be price-sensitive on certain occasions, using this as an opportunity to attract customers with seemingly more affordable options may increase sales. Note that monitoring and adapting quickly are crucial in maintaining competitiveness due to the competition changing their prices frequently.","* The customer base seems to prefer round prices, with a slight preference for .25-priced products
   * Competitor pricing plays an important role in determining our own price; it is essential to monitor competitor prices closely"
258,30.0,30.0,1.7668422014048046,1.7668422014048046,35.336844028096095,35.336844028096095,"Maintain a pricing strategy where we price our product either just below or equal to the competitor's price, providing us with a competitive edge while allowing us to stay within reasonable profitability thresholds. Monitor sales and adjust prices according to market conditions and competition pricing.","In order to maintain a competitive edge, it is important to keep prices relatively close to the competitor while trying to maximize profits by finding the sweet spot between having a slightly higher price and selling more units. Additionally, monitoring sales trends over time will help identify any changes that may require adjustments to the pricing strategy.","The current pricing strategy appears to drive more volume, but lower average profit per unit sold compared to higher-priced strategies. However, lowering the price too much may lead to diminishing returns as it could jeopardize our profit margins. A well-balanced pricing strategy should prioritize sales volume while maintaining sustainable profit margins.","By analyzing the data, we can see that the product generally sells well when priced around $30. However, it is crucial to remain aware of the competitor's price changes and adjust accordingly. The sales quantity seems sensitive to both price and competition (lower prices often corresponded with higher quantities sold). Furthermore, fluctuations in profit suggest an opportunity to find a more stable pricing model that consistently generates a higher profit per unit without sacrificing too much in terms of sales quantity."
259,28.0,30.0,3.848839275875714,1.7293949648829106,69.27910696576285,34.58789929765821,"- Experiment with a slightly lower price to increase market penetration and sales volume.
   - Conduct market research on high-price competitors to understand their unique selling points and potential areas where we can differentiate ourselves.
   - Explore partnerships or collaborations to leverage other brands' strengths and reach new audiences.
   - Investigate customer feedback and incorporate suggestions into product development to remain competitive and relevant in the market.","```
   Observe and record pricing trends and their corresponding sales data carefully.
   Identify periods of optimal pricing based on sales volume and profit generation, to guide future decisions.
   Monitor competitor's strategies to ensure our prices remain competitive while maximizing profits.
   Continuously evaluate the impact of adjusting prices on both short-term (e.g., instant revenue boost) and long-term (e.g., customer loyalty) goals.
   ```","- Consumers are price-sensitive but willing to pay a premium for unique, high-quality products.
   - Market competition is diverse with varying pricing strategies, indicating an opportunity to carve out a specific niche or position ourselves as a value leader.
   - Customer feedback will play a crucial role in maintaining competitiveness and adapting our offering to market changes.","```
   Higher pricing, such as seen in Rounds 168-170, can result in significant profit generation but may not always be sustainable due to limited demand and potential loss of market share.
   Lowering prices slightly, as shown in rounds 163-165, can increase sales volume while still maintaining a reasonable profit margin, making it a more feasible long-term strategy.
   Monitoring competitor pricing is vital when determining our own, but we must also strike a balance between short-term gains and long-term stability in market share.
   ```"
260,30.25,29.5,1.5951470164715271,2.153223249562672,32.30172708354842,41.9878533664721,"For future pricing rounds, it may be beneficial to closely monitor and adjust prices based on both competitor movements and changes in demand. It is also important to continue tracking quantity sold while maintaining a competitive edge when possible without sacrificing profit margins.",Adjust current pricing strategy to bring down prices incrementally to match competitor's closer. Monitor demand and adjust further based on response.,"Key insight #1: Lowering the price below that of the competitor when their price is higher ($30 -> $29) can lead to increased sales and stronger demand.
Key insight #2: Increasing prices above the competitor's when their price drops ($35, $40) may negatively impact sales due to competition.
Key insight #3: During periods of increased demand, raising prices slightly may still result in higher revenue due to greater quantity sold (e.g., $30.25).",Current high pricing strategy may be discouraging potential customers due to perceived high costs. Lowering the price will likely increase demand but must be balanced against profit margins. Lowering price incrementally will allow for closer monitoring of its impact on demand and profitability.
261,30.0,30.15,1.7686620286979713,1.6656631705249185,35.37324057395943,33.56311288607711,Consider testing prices closer to competitors' price ranges (29.0 - 31.5) to capture a larger market share and increase sales. Monitor changes in customer behavior based on pricing adjustments.,"* Implement pricing strategies that closely follow the competitor's movements while maintaining a slight advantage in cost.
   * Monitor the impact of price changes on volume sales and revenue.
   * Analyze the performance of the chosen price during different times of the day, week, or month to optimize overall profitability.","Further investigation needed to understand why certain higher priced products do not sell, potentially due to price sensitivity of customers.","* Prices play a crucial role in influencing purchasing decisions and market share.
   * It's essential to stay informed about the competitor's price changes and adapt pricing strategies accordingly.
   * A slight difference in cost can make a significant impact on consumer choices, particularly when both products appear to be of similar quality."
262,30.0,30.0,1.7668422014048046,1.7668422014048046,35.336844028096095,35.336844028096095,"- Develop strategies to reduce production costs and provide a more competitive pricing model while maintaining quality.
   - Investigate the reasons why the average cost of our product is higher than the competitor's, focusing on areas that could potentially be optimized without sacrificing quality.
   - Analyze buying trends to determine if a niche market prefers higher-priced items despite competing with similar products that are priced lower.
   - Implement marketing strategies targeting this niche market or others where our premium offering is more sought after.
   - Evaluate the possibility of temporarily reducing prices as a means to gain market share while preserving margins through other value-added services.","- Revisit high-price items such as $69 and $81 to better align with market demand and sales potential.
- Offer limited time discounts or bundles to boost sales volume.
- Investigate customer feedback to identify unique value propositions that may increase competitive advantage.","- Customers willing to invest in higher-priced items exist, but we need to identify and appeal to these specific customer segments effectively.
   - Competitor analysis is crucial for pricing strategy development and should be an ongoing process to adapt our strategies accordingly.
   - The impact of production costs on pricing should always be considered when developing a comprehensive pricing strategy.
   - Temporary price reduction could potentially help gain market share if executed carefully without damaging brand perception or margins in the long term.
   - It is essential to consistently analyze buying trends to ensure that our pricing and marketing strategies remain up-to-date and effective.","- The target price should remain around the current $30, but with more focus on driving unit sales rather than maximum profit per unit.
- Customers seem responsive to deals and limited time offers, indicating a desire for cost savings.
- A deeper analysis of customer demographics and preferences may help tailor pricing strategies effectively."
263,30.0,30.25,1.7698179248734793,1.60139748153628,35.396358497469585,32.42829900110967,Identify optimal price points that maximize profitability while still remaining competitive. Conduct regular analysis of competitor's pricing dynamics.,"- Analyze competitor pricing strategies and identify potential niches where a lower or higher price may be profitable.
   - Evaluate the product's unique features and decide if premium pricing with added value would be beneficial.
   - Monitor customer feedback and adjust prices accordingly, considering their perceived value of the product.","Competitive pricing drives up sales volume but at a lower profit margin. It is crucial to find the sweet spot between unit sales and profitability, in order to remain competitive while still generating a reasonable ROI.","- Customers seem sensitive to price changes, as fluctuations in price can significantly impact sales volume.
   - Identifying potential niches or target audiences with specific preferences may lead to increased profits in the long run.
   - Understanding and adhering to market trends is crucial for maintaining a steady customer base."
264,30.25,30.0,1.60139748153628,1.7698179248734793,32.42829900110967,35.396358497469585,"Consider monitoring competitors' pricing closely and adjust the product's price accordingly. When there is low competition, consider raising the price to maximize profit, but be sure to do so only for a limited time as too high of a price might deter sales. Keep in mind that lowering the price can lead to increased consumer demand, which should be explored during times of high competitor pricing or decreased market conditions.","Evaluate prices closer to competitor range, and monitor reactions to price changes to find an optimal point. Continuously adapt pricing based on customer preferences and market conditions.","This data shows that the seller needs to be mindful of both competitive and market factors when determining price strategies. Customers seem to be sensitive to changes in price, as adjusting prices can result in a shift in consumer demand. Moreover, monitoring competitors' pricing is crucial because their actions heavily influence the seller's revenue potential.","Lowering prices can lead to increased sales, but finding the best compromise between profit margin and customer demand is crucial. Regularly analyzing competitor's pricing strategies may provide valuable insights in identifying optimal pricing points."
265,30.0,30.2,1.769245567297036,1.6332195039439907,35.38491134594072,32.991033979668615,"- Consider offering competitive pricing to drive sales while maintaining profitability. It is essential to balance the desire for high prices with the need to stay competitive in a given market.
   - Experiment with pricing strategies such as promotions, discounts, or tiered pricing models to drive sales without compromising profitability.
   - Monitor competitor pricing closely and adjust your own prices based on changing market dynamics and product demand.","Consider implementing a strategic pricing strategy by monitoring the competitors' prices closely, adjusting our price slightly to ensure our product remains competitive and attractive without sacrificing profit margins. Also, keep track of sales trends and patterns to adjust the pricing accordingly.","- High prices may lead to reduced sales, particularly if they exceed the competitor's price by a significant margin. It is crucial to consider the perceived value of the product and its market positioning when setting pricing levels.
   - Small changes in price can have a notable impact on sales quantities, with potential for increased sales as prices become more competitive.
   - A high price point of $81.0 appears to be unsuccessful in driving any sales, and this insight should be considered when determining the optimal price range moving forward.","Observed that customers are sensitive to price variations, as minor adjustments in price can lead to higher or lower sales (see rounds 174 and 188). Maintaining an average price may not always result in optimal sales, and slight deviations might be beneficial in some cases. It is essential to monitor the market trends and be prepared to make quick adjustments when necessary to maximize profits."
266,30.0,30.15,1.7686620286979713,1.6656631705249185,35.37324057395943,33.56311288607711,"- Monitor competitor's pricing strategy closely and act swiftly when his prices exceed our own.
   - Maintain a consistent, attractive price for the consumer base during periods where the competition is less aggressive.
   - Review and adjust our pricing structure periodically to ensure maximum profitability.","- Continue monitoring the competition's pricing strategy and identify patterns in their behavior.
   - Leverage this information to devise a more competitive pricing strategy that takes advantage of any potential vulnerabilities in the competitor's approach.
   - Develop marketing strategies to increase brand awareness and perceived value, which can help maintain or improve our product's price positioning.","- Competitor's prices can affect our market positioning but are not decisive in determining our success.
   - It is crucial to stay attuned to the dynamics of the market and adjust pricing strategies accordingly.","- Our product seems to be generally more expensive than the competition but can compete effectively when priced reasonably or when the competitor increases prices substantially.
   - The data suggests that there may be opportunities to adjust our pricing strategy to stay competitive while preserving margin and maximizing profitability.
   - Market research and development of marketing strategies will play a crucial role in ensuring the success of our product and improving its price positioning."
267,30.0,30.25,1.7698179248734793,1.60139748153628,35.396358497469585,32.42829900110967,"1. Analyze the demand and profit margin at higher prices to determine viability and competitiveness.
2. Reevaluate the pricing strategy to optimize profit while maintaining consumer appeal.
3. Consider introducing a premium/luxury version of the product if the high-priced market segment proves valuable.
4. Monitor competition and adjust pricing accordingly to stay competitive within the market.
5. Survey customers to gain insight into their price sensitivity and willingness to pay higher prices for certain features or services.","- Observe the impact of short-term price changes on sales volume and profit margins.
   - Adjust prices dynamically based on observed customer response to price fluctuations.
   - Monitor competitors' pricing strategies and respond accordingly.","1. There is a demand for the product at both low and high-priced points; however, higher prices may impact overall profitability.
2. Competition analysis should consider various price points to ensure pricing remains competitive.
3. Premium/luxury market segments may drive more profits but require careful consideration of consumer interest and market viability.
4. Consumer feedback could help determine price sensitivity and potential willingness to pay for added features or services.
5. Frequent monitoring and adjustment of pricing strategy will be necessary to maintain competitiveness in the market.","- Price elasticity of demand seems to vary, with some instances of inelastic demand at higher prices and elastic demand at lower ones.
   - Customers may be more responsive to price changes when both the seller's and competitor's products are involved.
   - Periodic special offers or promotions could help stimulate demand during periods of stagnant sales."
268,31.0,30.0,1.1912889138310991,1.7771942236794773,25.017067190453083,35.54388447358954,"- Maintain a focus on marketing the superior quality of the product
   - Monitor competitor pricing strategies closely
   - Consider slight price increase if quality perception remains strong
   - Review cost structure for potential areas to lower costs and improve profit margins",Maintain consistent pricing strategy at 30.0 to differentiate from competitor's volatile pricing strategy and establish trust with customers. Continue monitoring competitor's pricing moves for potential opportunities to adjust or maintain our unique selling point.,"- Quality of product is a key differentiator in the market, which can justify premium pricing
   - Competitors are aggressive with pricing, constantly adjusting to gain market share
   - Customers may be sensitive to price increases but loyal if they perceive higher value in the product
   - There is potential for lowering costs and improving profit margins through operational efficiencies","Competitor employs a volatile pricing strategy, which may indicate attempts to capitalize on market trends or customer preferences. Remaining consistent with our pricing may help us stand out in the market and establish trust with customers over time."
269,30.25,30.0,1.60139748153628,1.7698179248734793,32.42829900110967,35.396358497469585,"Maintain or slightly increase the current price to preserve profit margin, while adjusting to the competitive landscape. Explore strategies such as differentiating our product through additional features, packaging or marketing.","- Keep price competitive with the competitor, monitoring market trends and consumer behavior for potential adjustments
   - Offer promotions or discounts periodically to attract new customers and maintain customer loyalty
   - Collaborate with influencers or partners to increase brand exposure and potentially influence buying decisions
   - Analyze internal costs and revenue to avoid pricing below the break-even point","Competitor pricing appears to be a threat to our current market position. Continuously monitoring and analyzing competitor's moves is crucial. Additionally, investigating the potential impact of price increases on customer demand will help ensure our product remains profitable while avoiding alienating too many buyers.","- Consumers are price-conscious, as they seek value while also being mindful of cost
   - Collaborations with influencers or partners can help increase brand visibility and customer acquisition
   - Periodic promotions or discounts might attract new customers and encourage repeat business
   - It's crucial to monitor market trends and respond with appropriate pricing strategies accordingly."
270,30.25,29.75,1.5984222841762352,1.952317386597531,32.36805125456876,38.55826838530124,"- Monitor market trends and adjust pricing accordingly to stay competitive while maintaining profitability.
- Keep an eye on competitor pricing strategies and adapt ours as needed.
- Consider offering promotions or discounts during periods of lower sales.","Consider testing prices slightly below the base price on some rounds to see if this leads to increased sales due to customer sensitivity towards minor changes in price. Additionally, attempt to match the competition's pricing as closely as possible when they have a lower price.","- Adjusting price by just a few cents seems to impact the quantity sold significantly, suggesting a sensitive market.
- Market is relatively stable around $30, with potential for slightly lower prices to increase sales.
- Competitor pricing strategy appears flexible and adaptive, indicating they are also paying close attention to market trends.","The competitor may be employing a dynamic pricing strategy that reacts to our own price changes, demonstrating how interdependent we are in the market. Prices below $30 tend to garner more sales than prices above it among competitors. It's crucial to continuously assess and adapt the pricing strategy based on these insights."
271,30.25,30.0,1.60139748153628,1.7698179248734793,32.42829900110967,35.396358497469585,"To increase market share, it would be beneficial to monitor pricing fluctuations and be prepared to adjust when necessary to remain price-competitive while maximizing profit potential. Additionally, consider exploring any opportunities for product differentiation or unique selling points to set ourselves apart from the competition and appeal to potential customers who value quality and innovation.","The pricing strategy should aim for a balance between quantity and profit. Maintain the price around 30.0 units or slightly adjust depending on cost fluctuations, market demands, and competition dynamics to ensure maximum profit while being competitive in the market.","Maintaining a competitive pricing strategy is crucial for staying relevant in the market. Occasionally, adjusting price slightly above or below the competitor's can help attract more customers, especially during periods where sales are slower. Continuing to monitor market trends, customer preferences, and seasonality will aid in making informed decisions when setting product prices.","Pricing too high (e.g. 31.0) results in decreased sales and profits. Conversely, pricing too low (e.g. 28.5) increases quantity sold but reduces profit per unit. A sweet spot seems to be around the 30.0 interval with higher quantities and reasonable profit margins."
272,31.0,30.0,1.1912889138310991,1.7771942236794773,25.017067190453083,35.54388447358954,"Analyze market trends and competitor pricing to determine the optimal pricing strategy. Consider testing different price points, including slight increases above 30 dollars and lowering the price temporarily to attract more sales if necessary.","Analyze the pattern of competitor's price changes to predict future price adjustments, test different pricing strategies in small increments to determine the optimal price that maximizes profit while maintaining an attractive offering compared to the competition.","Increasing the product's price beyond a certain point appears to have a negative effect on sales (e.g., Round 197). However, there is an opportunity to increase sales when pricing slightly above 30 dollars (e.g., Rounds 180 and 179).","Lower prices may increase sales quantity but may decrease overall profits if the price is too low. Conversely, higher prices can lead to lower sales quantity but may provide larger individual profit per sale given our product cost structure. It's crucial to monitor both sales volume and revenue to make adjustments accordingly."
273,32.5,30.15,0.6580110120593559,1.6844959639279917,14.805247771335507,33.942593673149034,"- Continue monitoring competitor pricing and sales trends to determine optimal pricing strategy
  - Investigate consumer preferences and willingness to pay to support possible price adjustments
  - Explore potential partnerships with complementary products or services to expand market reach and generate additional revenue streams","Identify the optimal pricing strategy that balances sales quantity with profit generation over the course of the simulation. Constantly re-evaluate our position in relation to the competitor's price, adjusting as necessary to maintain a profitable edge without losing market share due to high prices or being undersold because of low prices.","- Customers are willing to pay a premium for this product, but there may still be room for further price increases without significantly impacting sales volume
  - It is essential to consider various customer segments with differing pricing sensitivities when setting prices
  - Analyzing average and median sale prices in conjunction with total sales will provide valuable insights into market dynamics and optimal pricing strategies.","Round 187 appears to indicate that pricing slightly above the competition might lead to better profit margins (as shown in Rounds 184-186 where higher prices led to lower volume but higher profits). However, it is essential to keep monitoring competitors' adjustments and maintaining a careful balance between revenue generation, market share, and long-term competitiveness."
274,30.0,30.0,1.7668422014048046,1.7668422014048046,35.336844028096095,35.336844028096095,"Maintain a competitive pricing strategy at around 30 dollars, adjusting slightly up or down based on market demand. Regularly monitor sales and adjust prices accordingly to maximize profits.","- Implement pricing flexibility: Adjust prices based on competitor dynamics to maximize sales quantity while maintaining profit margin
   - Conduct market research and analytics: Understand customer behavior and preferences to inform optimal pricing strategy in the future
   - Regularly monitor the competitive landscape: Stay alert for changes in competitor pricing and adjust pricing accordingly","Lowering the price can lead to an increase in the overall profit generated due to higher quantity sold; however, raising the price while the market demand is not significantly high may result in lower overall profits due to reduction in the quantity sold. Keep track of competing prices and adjust accordingly to maintain a healthy market presence and maximize potential earnings.","- Premium pricing may work in some situations, but a competitive approach yields more consistent sales
   - Sales quantity can be significantly impacted by slight price changes relative to competitors
   - There is room to increase pricing flexibility and optimize pricing strategy through market research and analytics"
275,30.0,30.0,1.7668422014048046,1.7668422014048046,35.336844028096095,35.336844028096095,"- Keep a close eye on competitors' price changes and adjust our pricing accordingly.
   - Consider offering unique features or benefits to differentiate ourselves in the market and command a premium.
   - Conduct regular market research to understand shifting consumer preferences and tailor our pricing strategy accordingly.","- Maintain competitively priced products to minimize market loss
   - Monitor changes in competitor's pricing strategy and adjust prices accordingly
   - Explore innovative pricing strategies to gain a competitive edge (e.g., introductory offers, bundle deals)","- Dynamic pricing appears crucial in maintaining market share and staying competitive in this industry.
   - Consumers are sensitive to price changes, especially when comparing similar products from different providers.
   - Flexibility in our pricing strategy allows us to adapt quickly to changing market conditions.","- Higher price points result in lower sales but higher profit per sale
   - Lower price points yield more overall sales but may lead to pressure on profit margins
   - Market share appears relatively static between the two competitors"
276,30.0,30.5,1.772519122050104,1.451215915641206,35.45038244100208,29.74992627064472,"To remain competitive and maximize profit, it would be beneficial to maintain a consistent price within the range of observed competitor prices (between 29.0 and 31.0). Additionally, improving sales techniques or product offerings could help increase the number of units sold per round.","- Monitor competitor pricing strategies more diligently to adapt our own pricing accordingly.
   - Experiment with slightly lower price points in specific market segments to gauge customer response and market demand.
   - Conduct an analysis of the average price vs. quantity sold over time to establish a strong relationship between them.","The primary insights from this analysis are that pricing and competition play a significant role in the profitability of the product. Additionally, fluctuations in the market (sales) can have a substantial impact on overall profit. It would be wise to monitor sales and adjust strategies accordingly to maximize profit over time.","- Consistency in pricing can lead to steady sales, but missing out on temporary fluctuations in demand might result in lost opportunities.
   - A balance must be struck between appealing to the mass market and maintaining profitability through careful pricing strategy.
   - It is crucial to remain flexible and adaptable when it comes to pricing, taking the time to observe changes within the market and adjust strategically."
277,30.0,30.0,1.7668422014048046,1.7668422014048046,35.336844028096095,35.336844028096095,No plan found.,"```
   Adjust the pricing strategy more dynamically to better respond to competition levels. Factors such as product uniqueness and brand reputation should be considered when setting prices. Continuously monitor market competition and customer feedback to maintain a competitive edge.
   ```",No insight found.,"```
   The pricing strategy used thus far seems effective in keeping the price close to that of the competitor, but there are instances where deviating from this strategy can result in increased profit. It is crucial to strike a balance between being competitive and maximizing profit. Monitor market trends and customer feedback closely to adjust the pricing strategy accordingly.
   ```"
278,30.5,30.0,1.451215915641206,1.772519122050104,29.74992627064472,35.45038244100208,"To respond effectively to the competition's pricing adjustments, I should consider implementing a dynamic pricing strategy that takes market conditions into account while staying within my target profit margin. By monitoring sales data, market trends, and competitor behavior closely, I can adjust my prices more quickly to maintain my competitive edge and capture new opportunities.",Adjust prices according to market trends while keeping an eye on competitors' pricing strategies. Aim to find the sweet spot between being competitive and maximizing profits. Continuously monitor sales data and adjust strategies as needed.,"The insights from this analysis suggest that monitoring both the competition and market conditions is essential for a successful pricing strategy. By maintaining a dynamic approach, I can adapt to changing market dynamics and customer preferences while ensuring profitability and maximizing revenue potential.","Market is quite competitive, but there seems to be flexibility in prices. Adjusting prices slightly can influence sales. Keep a close watch on competitors' pricing moves to stay ahead of the game. Profitability will depend on finding the right balance between competitiveness and profit maximization."
279,30.25,30.0,1.60139748153628,1.7698179248734793,32.42829900110967,35.396358497469585,Analyze the financial impact of various pricing strategies on both ourselves and our competitors. Conduct market research to understand customer perception of our product at different price points.,"- Update the pricing algorithm to accommodate competitor's price changes.
   - Introduce a dynamic pricing system to react quickly to market dynamics.
   - Monitor the market more closely to identify trends and adjust strategies accordingly.","Competitor pricing may be unsustainable due to low margin per sale in some instances, although it may also drive more sales volume. Identify the optimal pricing strategy that balances profit and volume.","- The competitor has the potential to undercut our prices in some rounds, emphasizing the need for dynamic pricing.
   - Adapting to competitors' moves is crucial for maintaining a profitable margin and market position.
   - Closer monitoring of the market will help in identifying new opportunities or threats promptly."
280,30.0,30.0,1.7668422014048046,1.7668422014048046,35.336844028096095,35.336844028096095,"- Review our cost structure and find ways to lower operational costs
- Improve customer service quality and brand recognition
- Perform regular competitor analysis and adjust pricing strategy accordingly
- Identify potential niche markets and create customized value propositions","Maintain current pricing strategy, monitor competition and market trends closely, and adjust prices as required based on the observed effects on sales. Consider implementing a strategic drop in price in certain situations to boost sales (e.g., when facing intense competition or stagnant sales), while ensuring that this is done infrequently to maintain product perceived value.","- Current market is highly price-competitive, with many options available to consumers
- Importance of maintaining or increasing market share through competitive pricing, customer service, and brand recognition
- Opportunities in niche markets by catering to specific customer needs with unique offerings at premium prices.","Lower prices may lead to increased sales, however, maintaining the current price can also result in consistent sales if the market conditions are right (e.g., minimal competition or stable trends). Pricing decreases should be considered strategically as too frequent reductions could impact the product's perceived value and overall revenue."
281,31.0,30.25,1.1933070632681948,1.610796049495229,25.05944832863209,32.618620002278384,"```
   - Adjust pricing based on market competition and product quality, allowing for some flexibility in premium and discount strategies
   - Monitor competitor prices closely to react quickly to any changes and maintain relative price positioning
   - Consider offering incentives or promotions to attract volume buyers and new customers
   ```","Based on the provided data, consider implementing an adaptive pricing strategy that takes into account competitor prices, recent sales trends, and profit maximization. To implement this strategy, you could use a feedback mechanism to improve pricing decisions each round based on market reactions to your previous price changes. This strategy should aim at outperforming the competitor's profits while maintaining or increasing the total volume of sales.","```
   - The current market appears somewhat saturated with many competitors, but there are opportunities for premium pricing and discount strategies
   - Close monitoring of competitor moves will be essential in maximizing profitability
   - Identification of target segments (volume buyers or promotions) may provide an advantageous position in the competitive landscape
   ```","From the data, we can see that there seems to be a correlation between higher prices and lower quantity sold, with some exceptions where high prices still led to significant profits due to unusually high demand. Additionally, it appears that both parties have tried adjusting their pricing strategies throughout the game, with each attempting to outmaneuver the other in order to gain more market shares and profits."
282,30.0,30.0,1.7668422014048046,1.7668422014048046,35.336844028096095,35.336844028096095,"- Review our pricing strategy with an emphasis on staying competitive while avoiding the oversaturated 30$ price point. Analyze historical data to find the optimal price range that maximizes profits and generates sales.
   - Investigate the opportunity costs associated with higher and lower pricing tiers, including consumer behavior, production costs, market research, and branding efforts.
   - Collaborate with the marketing team to identify any misalignment between our perceived product value and our current pricing strategy, if applicable, and adjust messaging accordingly.",Maintain a competitive pricing strategy by keeping prices near those chosen by the competitor (30-31$). Analyze and learn from fluctuations in sales and adjust prices appropriately.,"- Consumers demonstrate a preference for prices around 30$, but it seems that the sweet spot may have been slightly underpriced in our current strategy to maintain perceived value.
   - There is an opportunity to target a more budget-conscious segment by introducing lower pricing tiers, which could increase market penetration and overall sales volume.
   - However, high prices (e.g., 65$) appear to have limited effectiveness in driving sales, suggesting that these could be improved or abandoned for better results if the high-end luxury segment is not a core target market.","Lowering the price slightly (0.2-0.3$) leads to more sales, while increasing prices results in fewer sales. Fluctuations in sales can be observed when prices are not competitive with those chosen by the competitor. The price range of 30-31$ has been popular for both my business and the competitor."
283,30.1,30.0,1.6987401958322288,1.7680670983758726,34.1446779362278,35.361341967517454,"Maintain competitive pricing while exploring opportunities to slightly reduce price compared to the competition to increase market share. Additionally, monitor competitors' dynamic pricing and make adjustments to price accordingly.",No plan found.,"-Our main competitor consistently maintains a slight pricing advantage that we must closely monitor.
   -Maintaining a competitive pricing strategy has been essential in retaining market share thus far.
   -Understanding the competition's dynamic pricing approach and making timely adjustments is crucial for success.",No insight found.
284,30.0,30.0,1.7668422014048046,1.7668422014048046,35.336844028096095,35.336844028096095,"- monitor market conditions and adjust prices accordingly to stay competitive
   - analyze customer sensitivity to price changes
   - consider implementing more frequent price adjustments based on competitor actions and market conditions","- Continue maintaining a premium pricing strategy to cultivate a luxury image of our product among consumers.
- Explore marketing campaigns that emphasize the unique selling points and perceived value associated with our higher priced offerings.
- Analyze profit margin data for each pricing round to determine the optimal balance between price reductions for increased sales volume and maintaining the premium image of our product.","- customers are sensitive to small price differences within a certain range (e.g., 30.2 vs. 31.0 could result in a reduced sales volume)
   - the competitor seems to have a dynamic pricing strategy based on market conditions
   - there may be opportunities for pricing optimization, such as reducing prices in rounds where the company priced too high (e.g., Round 197)","- High pricing strategy can create a perception of luxury and value among consumers, encouraging them to pay a premium when purchasing our product.
- Balancing quantity of sales with profit margin is essential to successfully marketing a high-priced item in a competitive market.
- Understanding the relationship between price reductions and sales volume will help refine pricing strategies and improve overall performance in the market."
285,29.5,30.0,2.149616985980732,1.7599575337612274,41.91753122662428,35.19915067522455,"- Develop a more flexible pricing strategy that accounts for competitor pricing movements.
   - Implement regular monitoring of competitor prices to stay competitive.
   - Test various price points to find the optimal balance between profitability and sales volume.","Experiment with pricing strategies that emphasize competitiveness, offering slightly lower prices while trying to maintain profit margins. Consider tracking the average market price over several rounds to adjust accordingly.","- Higher pricing may not always lead to increased profits when faced with a more competitive market.
   - Consistency in pricing can help maintain brand recognition, but flexibility is crucial to stay competitive.
   - Monitoring competitor movements and adjusting your strategy accordingly can result in improved profitability.","Competition plays a significant role in determining prices and sales quantity. Market demand appears to be less predictable than the competitor's pricing, as evidenced by high sales at both extremes of the price spectrum. Adapting to market conditions quickly appears crucial for success in this environment."
286,30.5,30.0,1.451215915641206,1.772519122050104,29.74992627064472,35.45038244100208,"- Maintain dynamic pricing strategy while being mindful of market trends and competitor movements
   - Continuously monitor the competitor's price changes to adapt quickly
   - Be conscious of customer reactions and adjust prices accordingly to ensure a balance between profit and market demand","- Monitor competitors' pricing strategies closely
   - Analyze the impact of pricing on demand and profit margins
   - Experiment with various price ranges starting from $28 to find the sweet spot
   - Implement promotions or discounts to boost sales during slow periods","- Dynamic pricing can be effective in adjusting to market fluctuations and maintaining competitiveness
   - Customers may perceive consistency in pricing as a sign of confidence in the product's value
   - Monitoring competitor prices closely allows prompt adaptation to their strategies while also catering to customer demand","- Lower prices generally lead to higher quantities sold (in general, pricing above $40 leads to fewer sales)
   - Competitors play a significant role in dictating the market price and demand curves
   - Sales data indicates that targeting an average profit of $35 per sale is achievable but subject to price-sensitive customers
   - Adopting agile pricing strategies (i.e., adjusting prices according to competitor actions and demand trends) may be beneficial due to the highly competitive nature of the market"
287,30.0,30.0,1.7668422014048046,1.7668422014048046,35.336844028096095,35.336844028096095,"In order to optimize sales and increase market share, I recommend targeting prices in the $30.0 range. This price seems to strike a balance between being competitive while still providing a profit margin. Additionally, offering periodic promotions or discounts could help move inventory more quickly at these price points. Regularly monitoring competition pricing is essential as well.","To sustain our market position and maintain sustainable profits, we should maintain a pricing strategy that allows us to offer competitive prices while maintaining reasonable profit margins. To achieve this, we can monitor the competition's pricing adjustments and make necessary modifications to our pricing strategy accordingly. Additionally, focusing on creating unique product features or enhancing our customer service could help us differentiate ourselves from the competition.","- Customers may be sensitive to pricing changes and prefer products in the $30.0 range
- A higher price point such as $65.0 appears unappealing to customers, indicating a need to offer competitive pricing or value proposition
- Keeping an eye on competitor pricing is crucial to remain market-competitive","- Maintaining a competitive price is crucial, as seen by the constant adjustments made by the competitors. However, setting prices too low may result in struggling to achieve profitable returns.
- Volume sales can be achieved with a lower price if demand is present; however, it's essential to ensure these sales lead to sustainable profits.
- A premium pricing strategy can potentially yield higher profitability per unit sold, but lower overall sales volume may need to be offset by high-margin accessories or services to achieve net growth."
288,30.0,30.0,1.7668422014048046,1.7668422014048046,35.336844028096095,35.336844028096095,"The primary focus should be determining the optimal selling price based on competition and market conditions, with an emphasis on maximizing overall profits by balancing price, sales volume, and profit per unit. Analyzing historical data can provide valuable insights into customer purchasing behavior.","Experiment with various pricing strategies while keeping an eye on the competitor's prices. In particular, investigate the possibility of raising our price to $30 or a slight increase from it to capitalize on higher profit margins, provided that demand remains viable.","Maintaining a competitive price is crucial in attracting customers, resulting in increased sales volume. However, it is essential to consider the profit margin per unit to ensure overall profits are not sacrificed for marginal increases in sales volume. Regularly monitoring the competition and market trends will enable adjustments in pricing strategy to remain relevant and profitable.","Pricing appears to play a crucial role in the sales of this product. Lowering prices too much can result in not selling the product at all, while setting competitive yet slightly higher prices can lead to higher profits. Close monitoring of competitor's prices and adjusting our own accordingly is essential for success."
289,31.0,29.0,1.1809664637424917,2.6282892002359333,24.800295738592325,49.93749480448273,Research market trends and consumer preferences to adapt our pricing strategy accordingly. Consider introducing a range of product tiers to cater to various budgets and attract a broader customer base.,"Consider analyzing competitor pricing strategies and adjusting our own to maintain a slight profit margin over them. Additionally, investigate the potential impact of lowering prices to increase market share.","Consumers value cost-consciousness, but are also willing to pay more for superior quality or unique selling points. Maintain awareness of market trends and adapt pricing strategy as needed to remain competitive without sacrificing profitability.","Initial pricing experiments suggest that while higher prices lead to higher per-item profits, they do not necessarily translate into increased sales. There may be an opportunity to adjust our pricing strategy to capitalize on the higher profit items while still increasing overall product movement."
290,30.0,30.0,1.7668422014048046,1.7668422014048046,35.336844028096095,35.336844028096095,"In future pricing rounds, consider maintaining prices within the range of 28.0 to 30.5 as they result in sales. Continuously adjust the price based on the number of items sold and the competitor's prices to maximize profit while ensuring that the item remains competitive.","```
Pricing Strategy Goals:
1. Maintain a competitive edge while maximizing profit.
2. Adjust prices strategically to capitalize on market trends and competitor's actions.
3. Flexibility in pricing to respond quickly to changes in demand and supply.
```","* Higher prices (e.g., Round 196, 197) result in significantly fewer sales or no sales at all.
   * Lower prices (e.g., Round 204, 205) can still result in substantial profit when combined with the optimal quantity sold.
   * There appears to be a 'sweet spot' price range of 28.0 - 30.5 for this particular item that maximizes sales and profit while being competitive against the competitor.","```
Insights:
- Lowering the price slightly increases sales volume but it might reduce total profit earned in some cases.
- It is essential to maintain a competitive edge while ensuring profits are maximized.
- Flexible pricing can help capitalize on market trends and competitor's actions quickly.
```"
291,30.0,30.0,1.7668422014048046,1.7668422014048046,35.336844028096095,35.336844028096095,"- Continue monitoring the competitor's pricing strategies to adjust prices accordingly.
- Study customer feedback on both the primary seller and competitors to improve product offerings and features.
- Monitor supply and demand to adjust prices strategically based on market conditions.","Maintain our current pricing strategy of competitive prices, while monitoring sales figures and adjusting according to market trends.","- Competitive pricing can be effective in attracting customers but setting prices too low may not yield maximum profitability.
- Understanding customer preferences is crucial when deciding on product features and improvements.
- Keep an eye on market trends and dynamics to adjust prices effectively.","Our product has a steady demand in the market with our average price set at 30.0 showing good sales figures. However, there is potential for increased quantities sold when lowering the price slightly below 30.0. It may be strategic to monitor competitor's pricing trends and analyze our relative advantage in the market by considering factors such as product quality, brand recognition, and customer loyalty."
292,30.0,30.0,1.7668422014048046,1.7668422014048046,35.336844028096095,35.336844028096095,"- Analyze historical pricing data to identify any existing patterns in sales volume and revenue
   - Consider using a dynamic pricing strategy that adjusts according to market trends and demand
   - Gain insights by analyzing the competition's pricing strategies and their impact on sales volume and revenue
   - Develop contingency plans for potential price increases or decreases","- Continue to monitor pricing and sales data closely to determine optimal price point
   - Consider running tests on various price points to measure the impact on quantity sold
   - Offer promotions or discounts during slower sales periods to stimulate demand","- Dynamic pricing may provide more opportunities for sales growth due to sensitivity of market trends to price changes
   - Monitoring competition's strategies can help us stay competitive and offer attractive prices without sacrificing profit margins.","- Lowering prices can lead to an increase in units sold, but may also have a negative impact on profit margin
   - Some customers appear to be sensitive to price increases while others are not as concerned
   - Offering promotions or discounts can help stimulate demand during slower periods."
293,30.0,30.0,1.7668422014048046,1.7668422014048046,35.336844028096095,35.336844028096095,No plan found.,"* Continue offering competitive and lower prices compared to the competitor.
* Monitor how customers react to different price variations to optimize pricing strategy.",No insight found.,"* Lower prices seem to attract more customers, but higher prices do not necessarily deter them entirely.
* It may be beneficial to periodically adjust prices to test the response of the customer base and optimize revenue.
* Keep an eye on the competitor's pricing strategy and adapt accordingly to remain competitive."
294,30.0,30.0,1.7668422014048046,1.7668422014048046,35.336844028096095,35.336844028096095,Adjust prices dynamically based on competition and sales patterns to optimize profit margins while ensuring enough units are sold each round.,"In light of the competitor's price changes, it may be beneficial to keep our prices slightly lower than the competitor on average while still being competitive with other products in our price range. This could potentially attract more customers and help maintain or grow market share.","The optimum price range is between 28-30, with profit maximization occurring at 30, but some flexibility in the pricing strategy can help increase overall revenue given that some lower price points still yield profit. Moreover, identifying and capitalizing on opportunities to increase the selling price without discouraging customers from buying is crucial for financial success.","The data suggests that a stable pricing strategy with periodic minor fluctuations works relatively well for this product. However, the unsuccessful attempt to increase price during round 199 indicates the need to be cautious when increasing prices significantly, as it may not result in increased sales. The competitor's unpredictable pricing strategies should also be monitored closely to adapt our own pricing accordingly and maintain competitiveness."
295,29.5,30.0,2.149616985980732,1.7599575337612274,41.91753122662428,35.19915067522455,"- Develop an adaptive pricing strategy that adjusts to competitor moves and market conditions
   - Monitor competitor price changes closely and analyze their impact on sales quantities
   - Conduct regular market research to stay informed about prevailing prices and consumer perception
   - Consider offering occasional promotions or discounts to stimulate sales, but keep a watchful eye on competitor reactions","Continue monitoring competitor pricing strategies and adjust our own prices accordingly to maintain profitable levels while staying competitive. Leverage insights from data analysis to identify trends and patterns in the market, and adjust our approach as needed based on these findings.","- Customers are sensitive to price changes and respond accordingly in their purchasing decisions
   - A more flexible pricing strategy may be needed due to the dynamic nature of the market
   - The impact of promotions or discounts needs to be carefully evaluated, taking into account competitor reactions
   - Understanding competition and consumer sentiment is crucial for making informed pricing decisions in this market.","- The user's high price strategy does not seem to consistently result in higher sales. Selling at a discounted rate can help increase market share and maintain profitability (e.g., Round 194).
   - The competitor occasionally matches the user's lower prices, suggesting that there may be opportunities to outmaneuver them using tactics such as limited-time promotions or bundling offers (e.g., Round 202).
   - Market knowledge and adaptability are crucial for long-term success in this competitive environment. The user must remain agile and responsive to changes in the market (e.g., adapting strategies based on competitor behavior)."
296,30.0,30.0,1.7668422014048046,1.7668422014048046,35.336844028096095,35.336844028096095,No plan found.,"```
1. Identify key variables that impact pricing decisions, including cost, competitor prices, market conditions, and profit margins.
2. Establish a methodology for adjusting prices based on these variables and observed consumer response to different price points.
3. Keep track of sales volume and revenue generated at each price point to inform future pricing decisions.
4. Periodically reassess the effectiveness of the chosen pricing strategy, making adjustments as needed and monitoring their impact on sales and profit margins.
5. Consider factors such as seasonal demand and overall market trends when determining appropriate price changes.
```",No insight found.,"```markdown
- Price elasticity is a vital factor to consider in pricing decisions; lowering the price seems to increase sales volume but may not always result in higher revenue.
- Higher profit margins do not necessarily correlate with increased sales; sometimes, increasing profit by a modest amount may even inhibit sales growth.
- There appears to be potential for larger profit margins when the seller adopts a flexible pricing strategy, taking advantage of competitor missteps or changes in market conditions.
- The impact of price changes on consumer perception and long-term brand standing should also be accounted for in pricing decisions.
```"
297,30.0,29.5,1.7599575337612274,2.149616985980732,35.19915067522455,41.91753122662428,"- Review and adjust pricing based on the dynamic market conditions
   - Monitor competitor strategies closely
   - Consider implementing a more flexible pricing model to increase overall customer base and maintain profitability","- Analyze pricing history and find patterns between pricing actions, sales, and customer behavior.
   - Conduct market research to understand customer price sensitivity and perception of value.
   - Consider offering differentiated products or services that justify a premium price.","- Competition is key in this market, with our products often priced similarly
   - The pricing strategy we employ must balance potential customers and profit margins
   - Regularly review data to make informed pricing decisions and stay competitive","- Customers are sensitive to price changes, but not always in the way we predict. Some customers may buy more at lower prices, while others might perceive lower prices as poor quality.
   - The competitive landscape is dynamic and requires constant review and adaptation to remain competitive.
   - There is potential competitive advantage in offering unique or differentiated products that justify a higher price."
298,30.0,28.5,1.7415453119856819,3.1733024547010644,34.830906239713634,58.70609541196969,Maintain a higher selling price within the range of 30.0 to ensure some level of profitability. Monitor and optimize pricing in response to competitor's adjustments to maximize both quantity sold and overall profit.,"Continue monitoring competitor pricing and adjust our own prices slightly lower, but ensuring profitable returns. Implement marketing strategies to increase visibility and attract more clients. Regularly analyze sales data to fine-tune our approach.","Competitive pricing dynamics can significantly influence sales volume, but it is essential to maintain a higher profit margin when possible. Adjusting prices according to market fluctuations may also help increase chances of larger unit sales.",Price adjustments can have a positive impact on sales when done carefully. Maintaining awareness of competitor pricing and staying slightly lower seems crucial. Marketing efforts should be focused on increasing visibility and reaching target demographics. Regular data analysis will help us adapt our approach based on market behavior.
299,30.0,30.0,1.7668422014048046,1.7668422014048046,35.336844028096095,35.336844028096095,"Given the elasticity demonstrated by the market, further experiments could involve price differentiation strategies where we adjust our prices to closely match competitor's prices at lower periods while maintaining a premium pricing strategy at higher intervals or during unique product offerings. Additionally, promoting qualities and value beyond just price may help maintain or improve our position in the competitive landscape.","* Monitor competitor's pricing strategy and adjust accordingly based on demand and profitability
   * Consider implementing dynamic pricing strategies to maximize profits
   * Continuously assess and optimize cost structures to maintain strong profit margins","Observing market dynamics has revealed that customers are responsive to changes in pricing but may also be loyal to specific brands or value other attributes beyond cost. This implies that a multi-pronged approach of price-sensitive promotions, emphasis on unique product qualities, and customer acquisition/loyalty strategies would be most beneficial to our business growth.","- The potential for higher profitability exists when prices are slightly raised above the competition (e.g., Round 215 or Round 216)
   - Lowering the price to match or slightly undercut the competition can lead to increased sales in certain rounds (e.g., Round 201 or Round 213)
   - Profit margins of around 40% or more are crucial for generating substantial revenue from this product line"
300,30.0,30.0,1.7668422014048046,1.7668422014048046,35.336844028096095,35.336844028096095,"- Consider pricing the product competitively at $30 to maintain accessibility and attract a larger customer base while still ensuring profitability through high sales volumes.
   - Conduct further research on customer sensitivity to price changes and potential strategies for retaining customers even when prices are slightly higher than competition.
   - Study industry trends and competitor pricing patterns to adapt our strategy accordingly.","- Consider pricing strategies that target a wider range of customers by offering lower prices from time-to-time to boost sales volume.
  - Maintain some high-priced items to ensure profitability even with moderate sales quantities.","- Customers are highly sensitive to price fluctuations, demonstrated by changes in sales volume due to slight differences in product pricing. This implies that maintaining a competitive price point is crucial for attracting customers and sustaining high-volume sales.
   - Slightly undercutting the competition could lead to increased sales and overall profitability as demonstrated when the product was priced at $28.0, resulting in 3.85 units sold compared to some rounds with lower volumes at higher prices ($29.5, $30.5).","- Lower priced items tend to sell more units, but are less profitable.
  - A consistent customer base exists for higher priced items, despite lower sales volumes."
